,x_1,r,beta_1
2000-01-01,-0.014238250364546312,0.0,0.0
2000-01-02,0.012637284581291104,-1.963274231507444e-05,0.0
2000-01-03,-0.008706617379590857,3.1109766635583585e-05,0.0
2000-01-04,-0.002591732349343976,2.089400701065452e-06,0.0
2000-01-05,-0.0007534330701052097,0.0001005930306132169,0.0
2000-01-06,-0.007408846520856091,6.555573007200661e-05,0.0
2000-01-07,-0.013677927017829435,8.395319901475415e-05,0.0
2000-01-08,0.006488928021930399,-4.187643410289986e-05,0.0
2000-01-09,0.00361058113054895,3.0863273712387776e-05,0.0
2000-01-10,-0.0195286306301219,-8.994760039277883e-06,0.0
2000-01-11,0.023474096543788518,2.6831716513864812e-05,0.0
2000-01-12,0.009684969057519236,1.79401955391777e-05,0.0
2000-01-13,-0.007593871804245066,0.00023006860847908257,0.0
2000-01-14,0.009021982742122518,-0.00012274983580856048,0.0
2000-01-15,-0.004669531733205503,2.707402639485271e-05,0.0
2000-01-16,-0.0006068951873702798,-5.690178858582351e-05,0.0
2000-01-17,0.007888443445192008,3.117562231175227e-05,0.0
2000-01-18,-0.012566681331396766,1.68513725109801e-05,0.0
2000-01-19,0.005758575143959287,0.0001424539516018339,0.0
2000-01-20,0.013989789947237192,-2.207857800869093e-05,0.0
2000-01-21,0.013222980607327857,-7.433911672367633e-05,0.0
2000-01-22,-0.0029969851529910545,2.467982796931038e-05,0.0
2000-01-23,0.009029193414250599,2.025970238903687e-05,0.0
2000-01-24,-0.01621582734182206,-0.00021647966902268735,0.0
2000-01-25,-0.0015818926067687129,0.00017802185828347613,0.0
2000-01-26,0.00449483932106675,-9.570805536921403e-05,0.0
2000-01-27,-0.01343601072486395,0.00014476002582129133,0.0
2000-01-28,-0.0008168759069683368,0.00011506801866318866,0.0
2000-01-29,0.017247399323163305,0.0001298811394961936,0.0
2000-01-30,0.0261815942636784,1.5163690577284847e-05,0.0
2000-01-31,0.007773613438107681,-8.444991366401553e-05,0.0
2000-02-01,0.008286331955673406,-7.795017975693671e-05,0.0
2000-02-02,-0.009589883130180108,0.00011843601793801743,0.0
2000-02-03,-0.012093882869743163,-4.911785306266925e-05,0.0
2000-02-04,-0.014122920134741184,3.6387464525842436e-05,0.0
2000-02-05,0.005415468299050529,-3.8447116806121476e-05,0.0
2000-02-06,0.007519393955576869,-5.85150953609799e-05,0.0
2000-02-07,-0.006587603195674529,9.056277368803843e-05,0.0
2000-02-08,-0.012286749856452768,-9.333664071330208e-05,0.0
2000-02-09,0.002575577684128723,-2.216163252608566e-05,0.0
2000-02-10,0.0031290291843470044,-3.036422874749782e-05,0.0
2000-02-11,-0.001308116902234399,1.2007745317303116e-05,0.0
2000-02-12,0.012699831204679329,-1.2667195915011232e-05,0.0
2000-02-13,-0.0009296245773328372,-0.00010262207973353415,0.0
2000-02-14,-0.0006615088900166237,-4.271059556236892e-05,0.0
2000-02-15,-0.011082144670930707,-3.4287255126329824e-05,0.0
2000-02-16,0.001359568505505236,0.00019037544831303283,0.0
2000-02-17,0.013470777642972677,7.447835280403482e-05,0.0
2000-02-18,0.0006114402097600841,-1.1533182875311958e-05,0.0
2000-02-19,0.0007091460028470935,1.5005349477884106e-05,0.0
2000-02-20,0.004336545370528693,-2.887787805197974e-05,0.0
2000-02-21,0.00277483659870901,0.00016046626499633358,0.0
2000-02-22,0.005302523866401211,-1.935497927451058e-05,0.0
2000-02-23,0.005367209691186955,-9.683386273650489e-05,0.0
2000-02-24,0.006183500148008289,0.0003915028129516823,0.0
2000-02-25,-0.007950174561466702,-7.936522839150358e-05,0.0
2000-02-26,0.003000309462866171,-5.881615004501091e-05,0.0
2000-02-27,-0.016027015921637317,-9.810879305137032e-05,0.0
2000-02-28,0.002667988297433962,3.868258116620408e-05,0.0
2000-02-29,-0.012616237817213792,-6.922653222405907e-05,0.0
2000-03-01,-0.0007127080619178035,-7.859018660567327e-05,0.0
2000-03-02,0.004740497302500454,9.445333023197355e-05,0.0
2000-03-03,-0.004148537610713306,0.00013945525366375994,0.0
2000-03-04,0.0009771650001494637,2.9201856328422296e-05,0.0
2000-03-05,-0.016404178369858732,-0.00010556217355129075,0.0
2000-03-06,-0.008572588238845005,4.7086038291725296e-05,0.0
2000-03-07,0.006882817881370419,-6.29802458392524e-05,0.0
2000-03-08,-0.011545295832450446,2.726328925118371e-05,0.0
2000-03-09,0.006504523890909877,2.752868881959531e-05,0.0
2000-03-10,-0.013883599526797446,-0.00011640650024209476,0.0
2000-03-11,-0.009073824573718444,8.520993288451053e-05,0.0
2000-03-12,-0.010954253073243774,-1.0305068242160318e-06,0.0
2000-03-13,7.145694940042956e-05,-6.457559287079985e-06,0.0
2000-03-14,0.005343599029557071,-0.00010614648266518046,0.0
2000-03-15,-0.010658078466234504,9.089994139872433e-05,0.0
2000-03-16,-0.0018147274021444693,-6.975932082190949e-05,0.0
2000-03-17,0.01621951798510875,8.213024832003974e-06,0.0
2000-03-18,-0.003173919456610792,-0.00010085554207770002,0.0
2000-03-19,-0.008158149668879264,-0.0001233613097009412,0.0
2000-03-20,0.0038657901734760187,-0.00012377894642625497,0.0
2000-03-21,-0.0022363892594857953,-0.00016336353289148428,0.0
2000-03-22,-0.007016908087073603,-4.2113407128055825e-05,0.0
2000-03-23,-0.017957131760562902,0.00012723935889201874,0.0
2000-03-24,0.008183256215203523,0.00010254611204716652,0.0
2000-03-25,-0.005710329017935901,-8.82901597390753e-05,0.0
2000-03-26,7.855250625877609e-06,-8.123939796941408e-05,0.0
2000-03-27,-0.010636427168871747,0.00014767796186489088,0.0
2000-03-28,0.013017145000695741,7.32538207829352e-05,0.0
2000-03-29,0.0074787294214054625,-2.213647438779028e-06,0.0
2000-03-30,0.009808759091945427,-4.0641793634815986e-05,0.0
2000-03-31,-0.001104186881258106,-4.2613266461571205e-05,0.0
2000-04-01,0.004679185306336984,-0.00023382968170077467,0.0
2000-04-02,0.008906071496948114,-6.627087787256188e-05,0.0
2000-04-03,0.010230093656399772,0.0002009350451902262,0.0
2000-04-04,0.0031238338941639767,0.00015169595978816805,0.0
2000-04-05,-0.000619046856642053,-3.1338690750892144e-05,0.0
2000-04-06,-0.0035947964729832037,7.360317560643379e-05,0.0
2000-04-07,-0.0074864398429888125,5.3868031406664846e-05,0.0
2000-04-08,-0.009654789074749039,-6.073313439718602e-05,0.0
2000-04-09,0.0036003465737991375,-9.22926457839349e-05,0.0
2000-04-10,-0.0024455253226153603,-6.170068752517103e-05,0.0
2000-04-11,-0.01995856611082977,1.2843905634645285e-05,0.0
2000-04-12,-0.001552476168361552,0.000124429496523471,0.0
2000-04-13,0.01063830874667232,1.945815930601481e-05,0.0
2000-04-14,-0.002751715673396374,-3.712506799674318e-06,0.0
2000-04-15,-0.018533359301507814,-2.9591919535378415e-05,0.0
2000-04-16,-0.001243419278483314,0.00011879569735820646,0.0
2000-04-17,0.007849745223095677,0.00015753060554366498,0.0
2000-04-18,0.0020199859674703098,1.9931996325649532e-05,0.0
2000-04-19,-0.004280744427981763,-2.6812613379513817e-05,0.0
2000-04-20,0.018482888956341394,2.6689886663170882e-05,0.0
2000-04-21,0.018999528926119894,5.35703749287382e-05,0.0
2000-04-22,-0.0009842503478028094,0.00011239639243173008,0.0
2000-04-23,0.008134454397924209,9.16299250348816e-05,0.0
2000-04-24,0.003924943885517861,-7.989521498746234e-05,0.0
2000-04-25,0.007814429004617205,-1.4255446040456438e-05,0.0
2000-04-26,0.014532715173139612,-4.380125832603256e-05,0.0
2000-04-27,0.008201860453341153,5.919322551799943e-05,0.0
2000-04-28,0.0008770534456370666,-0.00011184803455114907,0.0
2000-04-29,-0.006535056482163788,-0.00017937762786857494,0.0
2000-04-30,-0.008118868792778379,2.7518097168692923e-06,0.0
2000-05-01,-0.00025538172399663744,-5.218347116252502e-05,0.0
2000-05-02,0.011581845431982978,-4.7451352547831176e-05,0.0
2000-05-03,0.003005208697022348,-1.6487175412181098e-05,0.0
2000-05-04,0.0005305664610327219,-9.319085059203183e-05,0.0
2000-05-05,0.0025727152381254336,3.003635935923133e-06,0.0
2000-05-06,0.00035742862402861315,-0.00011553300861402408,0.0
2000-05-07,0.005472366858944854,-0.00011955856783133552,0.0
2000-05-08,-0.011229615793719292,4.6914309446146514e-05,0.0
2000-05-09,-0.019752476678724065,-3.597802297554958e-05,0.0
2000-05-10,-0.004251500496273028,0.00010359157110691422,0.0
2000-05-11,-0.01149073821019038,2.2672234675695285e-05,0.0
2000-05-12,0.016151380541856667,-7.447983208511727e-05,0.0
2000-05-13,-0.001584768602278531,-5.9313792660054625e-05,0.0
2000-05-14,-0.0025287334532492606,-0.00010550089961644978,0.0
2000-05-15,-0.015381540345023311,-6.826982948274037e-06,0.0
2000-05-16,0.0028208603286021404,4.579506520859056e-05,0.0
2000-05-17,-0.006236121342785569,-7.002966668352057e-06,0.0
2000-05-18,0.011218222632388664,1.4616062608910491e-05,0.0
2000-05-19,0.008412210310146858,-9.943506016398454e-05,0.0
2000-05-20,-0.007758961005461539,0.00011436199136174039,0.0
2000-05-21,0.004107164401705206,5.025893952563333e-05,0.0
2000-05-22,-0.027224161043317197,8.981277447587282e-05,0.0
2000-05-23,-0.006733047987738846,-0.00011703961321807284,0.0
2000-05-24,0.01246221529161101,-2.6857517712413904e-05,0.0
2000-05-25,0.007902080282018997,-7.959532115198567e-05,0.0
2000-05-26,0.0017534088846317406,0.00014522299396432903,0.0
2000-05-27,-0.0002929460164534772,-2.535197598854861e-05,0.0
2000-05-28,-0.014195142573515425,0.00021183435683830645,0.0
2000-05-29,-0.013599663240249162,3.6340946739292154e-05,0.0
2000-05-30,0.0022341155858105104,-6.245115346626227e-05,0.0
2000-05-31,0.017617794317958787,0.00011278910333067066,0.0
2000-06-01,-0.0217088984670659,0.00016163599668182833,0.0
2000-06-02,0.006284881710818028,-2.2872842905387253e-05,0.0
2000-06-03,0.006011965260018283,-6.200945772876148e-05,0.0
2000-06-04,0.009507578580526359,-1.143238238180762e-05,0.0
2000-06-05,-0.008692466670412093,-0.00012067340345974025,0.0
2000-06-06,-0.005290070709143675,-0.00010871925527671327,0.0
2000-06-07,0.00045684095556005797,-0.00021517708765995383,0.0
2000-06-08,-0.010275518112682734,-6.28730361461522e-05,0.0
2000-06-09,-0.012292892985419785,-0.00013199072463416912,0.0
2000-06-10,-0.008833584719002474,8.304823731222312e-06,0.0
2000-06-11,-0.000708934636947166,2.0170741456928547e-05,0.0
2000-06-12,0.003740533508588625,9.172821513704372e-05,0.0
2000-06-13,-0.00024593738361064867,1.76438227793328e-05,0.0
2000-06-14,0.0007726065834448787,-2.9339201111471238e-05,0.0
2000-06-15,-0.006839132179822825,0.00011621338943581936,0.0
2000-06-16,-0.007208376678122494,-7.503317121371309e-05,0.0
2000-06-17,0.01120622815042411,-0.0002126784095157233,0.0
2000-06-18,-0.0005481416026812425,-0.00013910240609446594,0.0
2000-06-19,-0.000824137241779902,-4.922467649472716e-05,0.0
2000-06-20,0.009359865007909189,4.5052253720552375e-05,0.0
2000-06-21,0.01238537124961559,8.926043453002253e-05,0.0
2000-06-22,0.012727955254673712,-0.00010479366467240134,0.0
2000-06-23,0.0040589221751361464,9.553234227903121e-05,0.0
2000-06-24,-0.0005032522141475025,2.9355493723631812e-05,0.0
2000-06-25,0.0028931753889400546,5.379444569541793e-05,0.0
2000-06-26,0.0017930567677828916,-0.00010511860717839382,0.0
2000-06-27,0.013974805560965453,-3.0448788485585052e-05,0.0
2000-06-28,0.002920467917406912,-0.00021391684648124396,0.0
2000-06-29,0.006384056743530921,9.749314499449553e-07,0.0
2000-06-30,-0.000278877131482307,-4.43444009564135e-05,0.0
2000-07-01,0.013710518498340016,5.959379982677244e-05,0.0
2000-07-02,-0.020528076291125595,0.00010009399405827815,0.0
2000-07-03,0.003805090783924121,-9.521179989329394e-05,0.0
2000-07-04,0.00755390669317458,8.015455577007472e-05,0.0
2000-07-05,-0.011591258506012597,9.63313317615861e-05,0.0
2000-07-06,0.02150310114960522,-3.360900185830833e-05,0.0
2000-07-07,-0.0015027021861875136,0.00017394160094222789,0.0
2000-07-08,-0.001611642797660652,-8.178089863003928e-05,0.0
2000-07-09,-0.010794424752754796,-0.0001442909410204454,0.0
2000-07-10,0.008779661844638976,-4.203915168698495e-06,0.0
2000-07-11,0.0022446741387056883,0.00016032261485412238,0.0
2000-07-12,-0.005915934535048691,4.547334428214183e-05,0.0
2000-07-13,0.002262628021856614,-0.000172774491253384,0.0
2000-07-14,0.006861825069927677,-5.546068405337919e-05,0.0
2000-07-15,0.012150046080596175,0.00011286933017365458,0.0
2000-07-16,0.002160594414215084,-7.540206930927381e-05,0.0
2000-07-17,-0.009648235572651652,-2.037250236202082e-05,0.0
2000-07-18,-0.005566078046545982,-0.00010416862754959609,0.0
2000-07-19,-0.022983876401844832,0.0001848009386185374,0.0
2000-07-20,-0.007320821261044498,0.0001593732623557522,0.0
2000-07-21,0.007364691004441314,-0.00012874283542911458,0.0
2000-07-22,0.004657167185098039,-0.0001782897541064783,0.0
2000-07-23,-0.001078760487975273,4.987330182525501e-05,0.0
2000-07-24,-0.0034143629420573664,3.8032466169909204e-05,0.0
2000-07-25,0.01584533793470381,-2.7370168649066785e-06,0.0
2000-07-26,0.0028224120617806815,8.284892258281166e-06,0.0
2000-07-27,0.009095463907858575,-3.1156383936402166e-05,0.0
2000-07-28,0.003950715661366316,8.670481749273568e-05,0.0
2000-07-29,-0.006693765192360335,8.189792391866387e-05,0.0
2000-07-30,0.015553689805858289,0.0001233058031462919,0.0
2000-07-31,-0.012381390312603114,8.425037151819303e-05,0.0
2000-08-01,-0.011961734611212999,-5.491176368433728e-05,0.0
2000-08-02,-0.0042914950583530734,-4.265888215938369e-05,0.0
2000-08-03,-0.007296598932433178,-2.739322570303932e-05,0.0
2000-08-04,-0.005574688991187301,9.922715781330714e-06,0.0
2000-08-05,-0.005999530642622719,-6.733349059804294e-05,0.0
2000-08-06,0.009868272043916307,-8.133994399898096e-05,0.0
2000-08-07,0.0005419467513069882,-2.5235778923634334e-05,0.0
2000-08-08,0.0035190744273261654,-4.5000061835308496e-05,0.0
2000-08-09,-0.015879695088078002,-1.4228126676483886e-05,0.0
2000-08-10,-0.008469513493629064,0.00015323370472511262,0.0
2000-08-11,0.010845702624154838,0.000126270120352528,0.0
2000-08-12,-0.012038266452453983,-4.9852538123515416e-05,0.0
2000-08-13,0.011785308940300599,7.4480655010084085e-06,0.0
2000-08-14,-0.010306658539867676,-3.0627192941238056e-05,0.0
2000-08-15,0.0029921832800463124,-8.516876959379468e-05,0.0
2000-08-16,-0.008462399711359871,4.829938711008168e-05,0.0
2000-08-17,0.0019662030046938396,-0.0001938179389428253,0.0
2000-08-18,-0.008996378247378554,1.401531308487549e-05,0.0
2000-08-19,-0.002566054287243074,-3.717487864252795e-05,0.0
2000-08-20,0.01672547765752319,-0.0001285635306618479,0.0
2000-08-21,-0.00375269646202461,3.689608871326979e-05,0.0
2000-08-22,0.020367947804284855,8.308504493464504e-05,0.0
2000-08-23,-0.004587933977474473,1.3283776480308094e-05,0.0
2000-08-24,-0.011757696594945187,3.02252801775811e-05,0.0
2000-08-25,0.0007505249880255461,-9.784614311862033e-05,0.0
2000-08-26,-0.004089902150362683,3.051934572215434e-05,0.0
2000-08-27,0.01756531982972958,0.00013147116410697302,0.0
2000-08-28,0.008609230685889549,-0.00012074319078147531,0.0
2000-08-29,0.01181273982805545,0.00020161815053471719,0.0
2000-08-30,0.006316701712585887,-0.00018416344898652612,0.0
2000-08-31,0.024709971110767018,7.442701278718509e-05,0.0
2000-09-01,0.00794302516647225,-7.066705244820534e-05,0.0
2000-09-02,0.005313528780883513,8.503791291108385e-06,0.0
2000-09-03,-0.008293985972081678,-1.425844991114176e-05,0.0
2000-09-04,-0.009093038342550448,-1.1399142127160393e-05,0.0
2000-09-05,0.0018423593356884393,8.469825033473688e-05,0.0
2000-09-06,0.009977381754488337,-4.036180454532248e-05,0.0
2000-09-07,0.011169590406661697,7.535855335464244e-06,0.0
2000-09-08,-0.009440005414502602,0.0001013680994798117,0.0
2000-09-09,0.005314067039673245,-2.4779239601702527e-05,0.0
2000-09-10,0.0019334599692989033,-0.00021986811354817208,0.0
2000-09-11,-0.011182635832284737,-6.476415506851722e-05,0.0
2000-09-12,0.005118455817801993,-6.763741496057998e-05,0.0
2000-09-13,-0.02270566289057873,-9.877794266820883e-05,0.0
2000-09-14,0.0026316354598898556,4.886756038771354e-05,0.0
2000-09-15,0.02471313493673772,-3.2471232082530267e-06,0.0
2000-09-16,-0.010198852016126244,-8.87014159140069e-05,0.0
2000-09-17,0.0001875261496877628,-6.753997045456964e-05,0.0
2000-09-18,-0.01894264223606269,-0.00015186935068886633,0.0
2000-09-19,-0.007550016557819287,-6.441279351941445e-05,0.0
2000-09-20,0.007561977395834238,0.0001710684471056783,0.0
2000-09-21,-0.01042462005800141,-0.00017836422680922256,0.0
2000-09-22,-0.00034258142958278927,0.00017246101037420472,0.0
2000-09-23,-0.003551682991253563,-1.7177356706183005e-05,0.0
2000-09-24,-0.0037842836792647138,-3.2606231175749976e-05,0.0
2000-09-25,0.001906486884846215,-6.738471369426878e-05,0.0
2000-09-26,0.004843962939114371,-0.00013324368040372778,0.0
2000-09-27,0.012302677544535274,4.799546464163351e-05,0.0
2000-09-28,0.00832970622884614,-4.4276734081833495e-05,0.0
2000-09-29,-0.00564941751848331,-7.790706946236445e-05,0.0
2000-09-30,0.014146960132546783,-1.9356682692871427e-05,0.0
2000-10-01,0.01248281217180286,0.00013689821045823167,0.0
2000-10-02,-0.015589480991668634,-5.886248332983281e-05,0.0
2000-10-03,0.0066523259219652756,-2.9252879932916167e-05,0.0
2000-10-04,0.00825595171805689,0.00011759222181609843,0.0
2000-10-05,0.00966318832646851,-0.000113391368399907,0.0
2000-10-06,0.005471752988886775,6.945565428670502e-05,0.0
2000-10-07,-0.01297183264829064,0.0002239731831232978,0.0
2000-10-08,-0.0026763433320209956,-1.4763763183668933e-05,0.0
2000-10-09,-0.020702065564684097,-0.00017416307522530243,0.0
2000-10-10,-0.0015789255356057582,7.975292657278777e-05,0.0
2000-10-11,0.020289426240766937,-4.388136203816872e-05,0.0
2000-10-12,0.0068157088500368284,0.00011652364058705558,0.0
2000-10-13,0.008362035824966512,3.815343215802279e-05,0.0
2000-10-14,-0.005134880466237681,1.5579924369334946e-05,0.0
2000-10-15,-0.010157366056598205,-9.755253560465087e-05,0.0
2000-10-16,-0.010702709004480074,0.00010309680848008198,0.0
2000-10-17,0.0012391265760081326,3.377301870542612e-05,0.0
2000-10-18,-0.008030158823380328,3.341600556105557e-05,0.0
2000-10-19,-0.006376357468054753,3.567334923639781e-05,0.0
2000-10-20,0.01144495639689349,3.555456023902758e-05,0.0
2000-10-21,-0.01640901914140582,1.2475563789082084e-05,0.0
2000-10-22,-0.013140035805745005,-1.5255564301396196e-05,0.0
2000-10-23,-0.005103525097314976,-0.0001669786199153842,0.0
2000-10-24,-0.0009986088393758403,-6.33194422854223e-05,0.0
2000-10-25,-0.0012950676383170789,-4.147471405754205e-05,0.0
2000-10-26,-0.013967050586171634,0.00010068966808114013,0.0
2000-10-27,0.001938093509258137,9.742373673903763e-05,0.0
2000-10-28,-0.0012929272819807468,-0.010090912713985163,0.0
2000-10-29,0.0035447909430242966,-0.005497373307942658,0.0
2000-10-30,-0.010828726365038423,-0.006530166724021942,0.0
2000-10-31,0.002449392347635474,0.0024906299210364917,0.0
2000-11-01,0.0022082079091256144,0.0022381313782345418,0.0
2000-11-02,-0.006604324844709002,0.005384485939182793,0.0
2000-11-03,-0.002185351507014827,-0.006876469529246864,0.0
2000-11-04,-0.0055599901236799785,-0.0037235584657847477,0.0
2000-11-05,0.013563810116765412,0.019825322540298652,0.0
2000-11-06,-0.031196086260734057,-0.011387877138915467,0.0
2000-11-07,-0.014476716972638982,0.013957134720053284,0.0
2000-11-08,-0.01705785394516336,0.007345529435138427,0.0
2000-11-09,-0.00378119922748151,0.009042680204322324,0.0
2000-11-10,-0.0067849391592547815,0.0011178828104046515,0.0
2000-11-11,-0.004112459344651076,3.4364052965293445e-05,0.0
2000-11-12,0.0071901264368336324,0.0075443379942694245,0.0
2000-11-13,-0.016325194769619005,-0.0014394732068968195,0.0
2000-11-14,-0.008456936310071798,-0.00041745766148642855,0.0
2000-11-15,-0.0022310005847959707,-0.0025683145998728237,0.0
2000-11-16,-0.012022183196632535,0.004051230833238776,0.0
2000-11-17,0.0036998768315100773,-0.0007726622305336114,0.0
2000-11-18,0.003299973578106702,-0.0028729593243392833,0.0
2000-11-19,-0.007104466107613422,0.00592632381003907,0.0
2000-11-20,-0.017711071622729852,0.0020127633219038984,0.0
2000-11-21,0.016008358472529162,-0.012472875395259306,0.0
2000-11-22,0.00471098065321841,-0.00044318666781855375,0.0
2000-11-23,0.004237506251145248,0.013584521426924711,0.0
2000-11-24,0.0007226048142276155,0.004073444305079606,0.0
2000-11-25,-7.3469666242047e-05,0.014974111404830199,0.0
2000-11-26,0.008310756729153776,-0.0162326151335826,0.0
2000-11-27,-0.00015605524912252943,0.0037687499408486326,0.0
2000-11-28,-0.006309063383981877,-0.018835728270135008,0.0
2000-11-29,0.007095013848253144,0.00594648266123957,0.0
2000-11-30,0.0005969517075518206,-0.006315917991818044,0.0
2000-12-01,-0.007724757474113892,-0.0016312495151196008,0.0
2000-12-02,-0.009062390936249864,0.004248310795694771,0.0
2000-12-03,0.011654792821513025,-0.008200937601737712,0.0
2000-12-04,0.00631047402149572,-0.0068833368261340434,0.0
2000-12-05,0.01975518579746038,-0.003890205943730099,0.0
2000-12-06,-0.005266551963772884,0.007026784685475945,0.0
2000-12-07,-0.007435405866028445,0.012949839918740791,0.0
2000-12-08,0.004038905714156576,-0.0076155180312062224,0.0
2000-12-09,0.01379406853359054,-0.009163746854180446,0.0
2000-12-10,0.005967524014409582,0.00023509588975047398,0.0
2000-12-11,0.004331530723532703,-0.011947032479201569,0.0
2000-12-12,0.018869880656607087,-0.013631586070235052,0.0
2000-12-13,-0.007433909389259292,0.0045767140748345075,0.0
2000-12-14,-0.012479490199884662,-0.005413318021110097,0.0
2000-12-15,-0.007446183164877919,0.014618877828430613,0.0
2000-12-16,-0.0031685698868306206,-0.009307474991023074,0.0
2000-12-17,0.00373351314048129,0.014039221572158464,0.0
2000-12-18,0.010219603518880207,0.011444859510717505,0.0
2000-12-19,0.004056097228286869,-0.0034466336289942262,0.0
2000-12-20,0.01523313749785479,0.0016625730684191606,0.0
2000-12-21,-0.00827508128234031,-0.02629638044306308,0.0
2000-12-22,0.019054954610443965,0.0021401481892100666,0.0
2000-12-23,-0.008120216931775611,0.00023194745250005824,0.0
2000-12-24,0.011707362367212242,-0.008190055596085512,0.0
2000-12-25,-0.00937842966657619,0.012807200537849117,0.0
2000-12-26,0.003432670066780496,-0.023382188580336014,0.0
2000-12-27,0.0005089841017177346,0.006457230034803267,0.0
2000-12-28,0.005175596454464413,0.00019596442710410964,0.0
2000-12-29,0.007514247640553599,0.0015904875196397126,0.0
2000-12-30,-0.0021319917119451658,-0.014903689662109174,0.0
2000-12-31,-0.0006682367759197934,0.005797193188638501,0.0
2001-01-01,0.0023911171831947,-0.005456050344205456,0.0
2001-01-02,-0.01305008143963657,0.0011869726123636588,0.0
2001-01-03,-0.007312364397819483,0.008487272088265435,0.0
2001-01-04,-0.01624406841829142,-0.008706975098606084,0.0
2001-01-05,5.250509615052082e-05,-0.0277679205581852,0.0
2001-01-06,0.022221569607036886,0.002912530860772071,0.0
2001-01-07,0.007413092236656039,0.0018964008445987227,0.0
2001-01-08,-0.008654297067274401,-0.0026402140340113503,0.0
2001-01-09,-0.007076846958564911,-0.0065086448279527325,0.0
2001-01-10,0.009758987636783603,-0.009132900179068816,0.0
2001-01-11,-0.0047440938265727465,0.0010277873437254188,0.0
2001-01-12,-0.016084820252726922,0.005581984542723452,0.0
2001-01-13,-0.010229155522954368,-0.0043441086823893665,0.0
2001-01-14,-0.01054256424451253,0.01260510638712124,0.0
2001-01-15,-0.010213987120903925,-0.0020621612536732147,0.0
2001-01-16,0.006759508198308308,0.006572948958476603,0.0
2001-01-17,0.0007070287188072056,-0.0012864193638808697,0.0
2001-01-18,-0.014886394534245301,0.0003822307137478244,0.0
2001-01-19,-0.005397969927344668,0.010058021992037208,0.0
2001-01-20,-0.011383210243958258,0.007135889426047042,0.0
2001-01-21,-0.012084205225110346,0.01235018615636352,0.0
2001-01-22,-0.015066749161361826,0.011758644416173818,0.0
2001-01-23,0.01747162038267697,0.0013897256695788798,0.0
2001-01-24,-0.0030732952073089215,0.00829470370863285,0.0
2001-01-25,0.005762305841893966,0.005965284835673643,0.0
2001-01-26,0.008687436779943528,0.005771133396560287,0.0
2001-01-27,-0.0038427166589499987,0.009002717031489941,0.0
2001-01-28,0.005349195392805313,0.0022025188665952345,0.0
2001-01-29,0.005406158791075291,0.0027724972238739216,0.0
2001-01-30,0.002224565209272203,0.006258004538305554,0.0
2001-01-31,0.021695321291637523,-0.007825765330640415,0.0
2001-02-01,0.00283928101990538,0.009398400413739653,0.0
2001-02-02,-0.0022849051357522465,0.010878592266968919,0.0
2001-02-03,0.006461644796019913,-0.018507237988757256,0.0
2001-02-04,0.017779635398814116,0.008478944887376313,0.0
2001-02-05,0.009943080002594924,-0.005627070844058355,0.0
2001-02-06,-0.004782998920423698,-0.006732255778576001,0.0
2001-02-07,-0.008587645743553396,0.00746563451282476,0.0
2001-02-08,-0.00930850285678499,-0.007710590691660377,0.0
2001-02-09,-0.006618993556275791,0.0032129775242246117,0.0
2001-02-10,0.003865009025841433,-0.005334874024054462,0.0
2001-02-11,0.008459882922589701,-0.010860741678919537,0.0
2001-02-12,-0.022699478735929934,0.018215091399227838,0.0
2001-02-13,-0.00018668165409834036,-0.006600064103379214,0.0
2001-02-14,-0.0110501888267669,-0.01082179543868039,0.0
2001-02-15,0.006828997317257747,-0.002713428730348969,0.0
2001-02-16,0.009145184925445103,0.018236285001549828,0.0
2001-02-17,-0.007783521150680581,-0.014855510821828118,0.0
2001-02-18,-0.004494232039998568,0.011689996920884694,0.0
2001-02-19,-0.009516186302839753,-0.006306259038604806,0.0
2001-02-20,0.00391078534849728,0.0028702901505867394,0.0
2001-02-21,-0.016099618136327005,0.00013860692689752043,0.0
2001-02-22,-0.011255752450313366,0.010821970635912986,0.0
2001-02-23,-0.006846238368902309,-0.006617003933460489,0.0
2001-02-24,0.012265189558898293,0.018993366036698895,0.0
2001-02-25,0.024024728006111728,-0.0029604753786283407,0.0
2001-02-26,0.00019958419002947975,-0.012800226784519626,0.0
2001-02-27,-0.012315712450025362,0.002688735464723375,0.0
2001-02-28,0.0007418646851356007,0.008664312484536424,0.0
2001-03-01,-0.008690495928393145,0.007483040411616714,0.0
2001-03-02,0.00459819567679584,0.010160088561065369,0.0
2001-03-03,-0.01113704507305175,-0.0011200500216659492,0.0
2001-03-04,-0.003694873502152196,0.014984584156817634,0.0
2001-03-05,-0.00014105527874792035,0.009300394171379116,0.0
2001-03-06,0.005199437979599865,-0.007954100044588996,0.0
2001-03-07,-0.0007688849330569253,-0.0028704363197038537,0.0
2001-03-08,0.012658885839184383,-0.006008229025039459,0.0
2001-03-09,0.0012423276155754904,-0.0016527094059442654,0.0
2001-03-10,-0.01813814913588982,0.0032453023736570747,0.0
2001-03-11,0.009240590308341347,-0.0032901525657472903,0.0
2001-03-12,-0.0029111340585456003,-0.0005236277947150858,0.0
2001-03-13,-0.006697622415419981,0.008342489003810228,0.0
2001-03-14,0.015076846819246998,0.009364093265825631,0.0
2001-03-15,-0.00993606188455373,0.015205974016899293,0.0
2001-03-16,0.000726674371093473,-0.029273823728123618,0.0
2001-03-17,-0.007129744839879171,-0.005030571090669922,0.0
2001-03-18,0.013524289333451822,-0.005686731279924618,0.0
2001-03-19,-0.003640172856459016,-0.004069617911907643,0.0
2001-03-20,0.00235699477685451,-0.007523494031429805,0.0
2001-03-21,-0.013922846464652095,-0.007834310692575985,0.0
2001-03-22,0.014347339874790494,0.008197607402936681,0.0
2001-03-23,-0.01069520423557405,0.01367732606047137,0.0
2001-03-24,0.009104593231661252,-0.009356213307376826,0.0
2001-03-25,0.011137055924878967,0.008380034964414248,0.0
2001-03-26,0.012323153785203374,-0.020019807083128446,0.0
2001-03-27,0.01814112807618158,0.006405613583320618,0.0
2001-03-28,-0.011707380197420307,0.017485251276364414,0.0
2001-03-29,0.0040198217810193376,0.010354752636692733,0.0
2001-03-30,0.0013796964947508372,-0.006814846374973861,0.0
2001-03-31,0.004199154929842974,-0.007265445926835691,0.0
2001-04-01,0.01098319538460944,-0.0018226183677153608,0.0
2001-04-02,0.001093617682609666,0.013604942615135845,0.0
2001-04-03,-0.008169192120917695,0.004622831386667136,0.0
2001-04-04,-0.0009725296817057152,0.0031646261075288194,0.0
2001-04-05,0.015392364338211091,0.006110732751916236,0.0
2001-04-06,-0.011789874683559909,-0.00936589717000827,0.0
2001-04-07,0.0007968424617840836,-0.019969576429227597,0.0
2001-04-08,-0.009813006656330116,-0.004684082732676515,0.0
2001-04-09,0.011087794071475176,-0.003819827421145225,0.0
2001-04-10,-0.01648448620562813,0.0038158756829690305,0.0
2001-04-11,-0.003410864686305161,0.0014734064004466203,0.0
2001-04-12,-0.0012419496561606222,0.032242195506704194,0.0
2001-04-13,0.0011691573949774224,-0.003315915182392068,0.0
2001-04-14,0.02361218699843453,-0.004520073669003639,0.0
2001-04-15,0.015551687802012411,0.014714238700777796,0.0
2001-04-16,-0.01029859404941644,0.0015210732488524898,0.0
2001-04-17,0.021594044533560265,0.020115145075903066,0.0
2001-04-18,-0.01192533425867206,0.019799902218040608,0.0
2001-04-19,-0.018708905030281404,0.00948848720006857,0.0
2001-04-20,-0.01498482052139123,0.008713224503046312,0.0
2001-04-21,0.0020345047060584863,-0.0139204717006138,0.0
2001-04-22,0.005348605862410057,0.01419418335479624,0.0
2001-04-23,-0.022110858725710423,0.0033677883682524928,0.0
2001-04-24,0.0043597419107301175,0.007608550429909205,0.0
2001-04-25,-0.0026705216894187694,0.011085895810591844,0.0
2001-04-26,0.007063895322572767,0.0028952793609224193,0.0
2001-04-27,-0.0038460681471127562,-0.007849460900300167,0.0
2001-04-28,0.009000817112320803,-0.003491134080884665,0.0
2001-04-29,0.0056434512968477546,-0.008252190513398509,0.0
2001-04-30,-0.011726449936648314,0.010717258811629214,0.0
2001-05-01,0.014455919954532442,0.001249502522127132,0.0
2001-05-02,0.0021242712837694047,0.0021764203546890994,0.0
2001-05-03,0.0073004882054626494,-0.0031634035304235943,0.0
2001-05-04,0.012617719358489972,0.0002130476451772244,0.0
2001-05-05,-0.009747583323013594,-0.009895519662468369,0.0
2001-05-06,-0.0008473721062979712,0.002551520578110113,0.0
2001-05-07,-0.008216979687446299,-0.009249999149132073,0.0
2001-05-08,-0.009423727322045078,0.0040447650297876555,0.0
2001-05-09,0.002659795461675988,-0.001158228564457332,0.0
2001-05-10,0.003397911075270968,0.005680486753436508,0.0
2001-05-11,0.013314034936167188,0.011933768570813096,0.0
2001-05-12,0.013855406418634504,0.00588963599543356,0.0
2001-05-13,-0.00021358303443520313,0.0028696957577337106,0.0
2001-05-14,-0.008370647257420361,0.009740528883572184,0.0
2001-05-15,0.03200689416281399,-0.003937999502115292,0.0
2001-05-16,0.021478824372684033,0.0009821211663905334,0.0
2001-05-17,-0.001066647719360443,0.005504843757214432,0.0
2001-05-18,-0.009301549437927053,-0.0123624599456041,0.0
2001-05-19,-0.004236743688132561,-0.005088301372667258,0.0
2001-05-20,0.0028096104581297795,0.02175914964584556,0.0
2001-05-21,0.011315512191882607,0.0037317306936288396,0.0
2001-05-22,0.009693832320769645,0.0034191382930043326,0.0
2001-05-23,0.0043541520455856,0.0072632815195361276,0.0
2001-05-24,-0.002471257314529981,-0.0001032911444504802,0.0
2001-05-25,0.0016818520549662153,-0.002578827953555776,0.0
2001-05-26,-0.0031062453517798094,-0.0013181264758177845,0.0
2001-05-27,0.0007093359748531192,0.011800580433328692,0.0
2001-05-28,-0.0010337230330569147,0.01752529478169843,0.0
2001-05-29,0.005253252770235751,-0.00376033604915929,0.0
2001-05-30,-0.01882677049788851,0.0004620636658210157,0.0
2001-05-31,-0.003456780081845538,0.006047666337856508,0.0
2001-06-01,-0.002913091984499482,-0.009442017549657223,0.0
2001-06-02,-0.011306383412932863,0.002385375041370844,0.0
2001-06-03,-0.0017272467537457904,0.012027416091683783,0.0
2001-06-04,-0.01053542333997773,0.012806834949603987,0.0
2001-06-05,-0.006645531422058801,0.02543505497023022,0.0
2001-06-06,-0.0028968199802591327,-0.0012975961788979206,0.0
2001-06-07,-0.0025317176598830156,0.0020001914819049037,0.0
2001-06-08,-0.0057378315780639115,0.010578635701488037,0.0
2001-06-09,0.01103474620302852,0.005074307823203637,0.0
2001-06-10,0.0020116508652147144,0.013183610679723358,0.0
2001-06-11,0.0032235142391169288,0.0022423644725111016,0.0
2001-06-12,0.0023309275778823804,-0.014730318153135077,0.0
2001-06-13,-0.006680652352061412,-0.005961001917712814,0.0
2001-06-14,-0.008832190126414377,-0.014501004686350856,0.0
2001-06-15,0.008396396906319312,0.0034387511654415007,0.0
2001-06-16,-0.0035307789716585974,0.014287057050344568,0.0
2001-06-17,-0.01771137472786312,0.007402140047522617,0.0
2001-06-18,-0.021987871028194456,-0.00283342918621405,0.0
2001-06-19,0.0022176018408396735,-0.01775819857504891,0.0
2001-06-20,-0.007370772074949215,0.0015488625054546831,0.0
2001-06-21,-0.0006758385334901792,-0.004980881613702641,0.0
2001-06-22,-0.005472541597462484,-0.004732160795638781,0.0
2001-06-23,-0.004074146312091259,0.0016482362647654086,0.0
2001-06-24,-0.001727376200711584,0.02452343532325149,0.0
2001-06-25,-0.012474073639911983,-0.002758634198858659,0.0
2001-06-26,-0.00018762419275591128,-0.005843960507393349,0.0
2001-06-27,0.009861235865295895,-0.012799989386143296,0.0
2001-06-28,0.00695674273171553,0.010328292483072135,0.0
2001-06-29,-0.017396246291323858,-0.008081244449663311,0.0
2001-06-30,-0.013416360832729204,-0.017286942881168485,0.0
2001-07-01,-0.013328263835159811,-0.0037333084047488467,0.0
2001-07-02,-0.0024806881758778748,0.0037957303884544225,0.0
2001-07-03,0.008548347926475606,-0.011272609706859688,0.0
2001-07-04,0.003229843400178826,0.0002482117025158375,0.0
2001-07-05,-0.017536428347770534,-0.015440269210202204,0.0
2001-07-06,0.000548855340297183,0.012862866862861944,0.0
2001-07-07,0.008074115910201032,-0.010921030842362092,0.0
2001-07-08,-0.004490139778841965,9.778888418913978e-05,0.0
2001-07-09,0.019041796915195384,-0.00870227745016934,0.0
2001-07-10,-0.006514683046619321,-0.004737617281426586,0.0
2001-07-11,0.011724823121149627,0.003765337370226113,0.0
2001-07-12,0.023512268771727712,-0.005126465120118147,0.0
2001-07-13,-0.012764235960162493,-0.0003431389758260596,0.0
2001-07-14,-0.0032368662088264315,0.012397897676747793,0.0
2001-07-15,0.005746962044923583,0.025961401597323925,0.0
2001-07-16,0.03211417647323274,0.008981662037258979,0.0
2001-07-17,-0.017884655433690572,0.0011753957478140428,0.0
2001-07-18,0.005660502255860187,0.003060228908366689,0.0
2001-07-19,0.0028479634772344852,-0.01144503964366985,0.0
2001-07-20,-0.0042237612560223495,-0.009875283306068837,0.0
2001-07-21,-0.008348524391263467,-0.010058832593854247,0.0
2001-07-22,-0.005259161845258708,0.004939155564618346,0.0
2001-07-23,-0.0030305367430410557,-0.00036483323849788605,0.0
2001-07-24,-0.012698594971739141,-0.0026966829397269405,0.0
2001-07-25,0.015754850979395833,0.024029217907389686,0.0
2001-07-26,-0.011084500969390091,0.000634129132162402,0.0
2001-07-27,-0.00427519356662162,0.00896989647018614,0.0
2001-07-28,-0.0066148108174707435,0.005315707857544385,0.0
2001-07-29,-0.0041325393426328,0.0011898575717612066,0.0
2001-07-30,0.0009297792670737949,0.005670807874117763,0.0
2001-07-31,-0.007575970668912424,-0.014117705278956331,0.0
2001-08-01,-0.002361299115513712,0.00181210095337409,0.0
2001-08-02,0.01724460429279824,0.010839604640052241,0.0
2001-08-03,0.010562003466150676,0.017233035070557838,0.0
2001-08-04,-0.002880289987824475,-0.0013109468007583486,0.0
2001-08-05,0.009071776017526494,0.014689520489943446,0.0
2001-08-06,-0.0076849406817163955,0.008971986103000415,0.0
2001-08-07,0.002259312398008955,-0.0028154904240367483,0.0
2001-08-08,-0.014285424785554479,-0.014840250137214002,0.0
2001-08-09,-0.011441186685244504,0.00387009955349546,0.0
2001-08-10,-0.008665563887413274,-0.0054519747938802455,0.0
2001-08-11,0.012375357325679869,0.012354692273378147,0.0
2001-08-12,0.0023069136551733967,0.004744275615529903,0.0
2001-08-13,0.005477630343751145,-0.01355642337859088,0.0
2001-08-14,0.0015165292744211288,-0.0036272972978843667,0.0
2001-08-15,0.0036690004281340967,0.004649163042610733,0.0
2001-08-16,0.004194789190652277,0.013631626026649277,0.0
2001-08-17,0.007653211887103586,-0.024219451464147976,0.0
2001-08-18,0.0016125667944820224,0.005840571115987646,0.0
2001-08-19,-0.00916034822725084,-0.011970419517466331,0.0
2001-08-20,-0.007909189933201369,-0.0015522034475793781,0.0
2001-08-21,0.0121417311424748,-0.007873379717557112,0.0
2001-08-22,0.014118034351580457,0.009957474033839772,0.0
2001-08-23,0.005593644290312714,0.004108035959726079,0.0
2001-08-24,-0.016448987146227667,0.01820140752994377,0.0
2001-08-25,0.015751705796894576,0.013481681281716897,0.0
2001-08-26,0.0032293560013800953,-0.006375024394458973,0.0
2001-08-27,-0.0007452200371835563,-0.021055840136608012,0.0
2001-08-28,0.00019654884196797714,-0.0016704721874184914,0.0
2001-08-29,-0.003726836449464494,-0.004709320315820915,0.0
2001-08-30,0.017583444171929214,0.0018369729319738404,0.0
2001-08-31,0.016826306681318372,-0.006504315784988859,0.0
2001-09-01,-0.010648178863038099,-0.005672059590424996,0.0
2001-09-02,-0.0018979610932666497,0.008197561896379971,0.0
2001-09-03,0.0030340344278120303,0.0031155116098110646,0.0
2001-09-04,0.012757315165045788,-0.006099144234084444,0.0
2001-09-05,-0.024296016511099847,0.004762844744545773,0.0
2001-09-06,0.009306100153138928,-0.008111772398202403,0.0
2001-09-07,0.016678385960703597,0.000928143195216155,0.0
2001-09-08,-0.0033409003218147445,0.010094403817342992,0.0
2001-09-09,-0.0005151061493941723,-0.00418171214325149,0.0
2001-09-10,0.012432582990670633,-0.012693846128879619,0.0
2001-09-11,0.0036703643000103544,0.0021216707859767828,0.0
2001-09-12,-0.013461866164442728,-0.0032658197972287996,0.0
2001-09-13,-0.011818822516784074,0.018148029419371853,0.0
2001-09-14,-0.010450048091291084,-0.0006156548304441299,0.0
2001-09-15,-0.014323672744194767,-0.005810552162294003,0.0
2001-09-16,-0.00020088622698694923,-0.011303979068923194,0.0
2001-09-17,-0.005341666902402411,-0.021900436650398942,0.0
2001-09-18,0.00026875453285614214,-0.007910428426233074,0.0
2001-09-19,0.0069273232285245265,0.000849006420411852,0.0
2001-09-20,0.017745822418939225,-0.008824121360501917,0.0
2001-09-21,0.002021411125313251,0.005289194587651854,0.0
2001-09-22,-0.018808469534815447,0.00924745465081763,0.0
2001-09-23,0.013787855339791268,0.007149761189762405,0.0
2001-09-24,-0.0013364709336279243,-0.006210377959766087,0.0
2001-09-25,0.011517117290680596,-0.007484636988563128,0.0
2001-09-26,-0.0046642506212411115,0.008622525763463975,0.0
2001-09-27,0.002885643896281901,-0.0061311449554020524,0.0
2001-09-28,-0.0015115692216910454,-0.005847384466993848,0.0
2001-09-29,-0.00042102541179660273,-0.005171691699865082,0.0
2001-09-30,0.01262119145825395,0.013605225474341356,0.0
2001-10-01,-0.006727029694395235,-0.01827137386229813,0.0
2001-10-02,0.0014754746975086026,0.011412392257253955,0.0
2001-10-03,0.0020381642924179695,0.00919837446487013,0.0
2001-10-04,-0.004062188460213515,0.016073998593290752,0.0
2001-10-05,-0.022219723133128703,0.004996759459868005,0.0
2001-10-06,0.003318116563956822,0.02266295950281451,0.0
2001-10-07,-0.0286054756497825,0.007997175756927904,0.0
2001-10-08,-0.015234494373617916,-0.00822769974910411,0.0
2001-10-09,-0.004779703172048615,-0.013755388202217046,0.0
2001-10-10,0.004126572312144416,0.0007446696899536725,0.0
2001-10-11,0.008463928997612329,0.004957399436926821,0.0
2001-10-12,0.008121018951442292,0.0034257846760891463,0.0
2001-10-13,0.005806033275895567,0.010368584423657073,0.0
2001-10-14,-0.003810731197227822,0.011680858679944657,0.0
2001-10-15,0.012009943137239179,-0.02392713228077099,0.0
2001-10-16,-0.002837727791374032,0.00012549387307853494,0.0
2001-10-17,0.0110710474774028,0.00021988193694176178,0.0
2001-10-18,-0.022561009649849435,0.006161197720245877,0.0
2001-10-19,-0.009718549928566751,-0.007646441431797474,0.0
2001-10-20,-0.00592905332102825,0.011865475439455573,0.0
2001-10-21,-0.00018098488780522888,0.000931348568130592,0.0
2001-10-22,-0.024127489124314897,0.013460757963353378,0.0
2001-10-23,0.007992262803133799,-0.00597830368847255,0.0
2001-10-24,0.009761306921467794,-0.000951425167647571,0.0
2001-10-25,0.007730921193145918,-0.012764301259628325,0.0
2001-10-26,-0.00533216690041433,-0.009079291648481294,0.0
2001-10-27,0.014414901451598272,-0.0028268608687399823,0.0
2001-10-28,-0.0056398153293940505,-0.0052012581541541186,0.0
2001-10-29,0.008934708274230185,0.0033762735673059257,0.0
2001-10-30,-0.0007425126800393837,0.004623676898552382,0.0
2001-10-31,-0.0003460698643809272,0.00020462194079607268,0.0
2001-11-01,-0.001708160317246239,0.0003593528949510683,0.0
2001-11-02,-0.0003655170362145605,-0.010830317319346057,0.0
2001-11-03,0.010980656195486388,-0.004056388688146736,0.0
2001-11-04,0.014262948368718978,-0.00207238216585491,0.0
2001-11-05,0.014146798325935506,-0.007069920450525124,0.0
2001-11-06,0.008944382125371441,0.007682683066927999,0.0
2001-11-07,0.006536706999040047,0.00565409129277351,0.0
2001-11-08,0.0043715219994180194,-0.007990253008663363,0.0
2001-11-09,0.017463581323760073,-0.0044755755702150166,0.0
2001-11-10,-0.004570959586063778,-0.0006780649056324742,0.0
2001-11-11,-0.006493088229068055,0.0008538707918863374,0.0
2001-11-12,0.00032963117817324915,0.014673885628727092,0.0
2001-11-13,-0.016850414555567256,-0.0021349440854665684,0.0
2001-11-14,-0.0025259825623226025,-0.006195606132508037,0.0
2001-11-15,-0.0007403130338081095,0.003319465272621645,0.0
2001-11-16,-0.010442294280876842,0.006054393773031428,0.0
2001-11-17,-0.005927768060130401,0.011692874545494175,0.0
2001-11-18,0.0068017067429844615,-0.009959312781740929,0.0
2001-11-19,-0.0024597319300584315,-0.0029326217701295767,0.0
2001-11-20,0.0006056247908076821,0.001702241894248222,0.0
2001-11-21,0.010197235775915709,0.0013060578456361722,0.0
2001-11-22,-0.006300505455805765,-0.015681112537101697,0.0
2001-11-23,-0.011603775843622438,0.003493121337683902,0.0
2001-11-24,-0.0005687478982814488,0.013821637534433193,0.0
2001-11-25,0.004092707221321249,0.005634699974138936,0.0
2001-11-26,-0.018296747010526464,-0.0019189186038754617,0.0
2001-11-27,0.006419541419789003,-0.010747161177667715,0.0
2001-11-28,-0.0032966399622830836,-0.01027606382243765,0.0
2001-11-29,-0.004293240179545183,-0.0008646401841889638,0.0
2001-11-30,-0.008768785532047097,-0.008009724539246268,0.0
2001-12-01,-0.0019960550563234846,-0.007973074361359042,0.0
2001-12-02,0.009502709200325532,-0.016746520004858805,0.0
2001-12-03,0.005138727501395022,0.003770094180401204,0.0
2001-12-04,0.00797806039132024,0.007677734134009198,0.0
2001-12-05,-0.00378129353970047,-0.0013764794967207911,0.0
2001-12-06,0.015822318678667267,0.005310016621147071,0.0
2001-12-07,0.012656574740521597,0.0005079794793033909,0.0
2001-12-08,-0.00029725810375699183,0.015500377450605951,0.0
2001-12-09,-0.026397593850863266,-0.001616659357982999,0.0
2001-12-10,0.000511408937422317,-0.0008763622650951686,0.0
2001-12-11,0.027477694261354903,-0.012513790710882712,0.0
2001-12-12,-0.0006413405964161345,-0.0012428089315805043,0.0
2001-12-13,-0.010302259320306406,-0.00466316655757854,0.0
2001-12-14,0.01699101360854042,-0.005551692221375955,0.0
2001-12-15,-0.006236921471538267,0.014111820804704802,0.0
2001-12-16,0.004874809011332863,0.006871663251014793,0.0
2001-12-17,0.007590036886804123,0.009369624631659239,0.0
2001-12-18,-0.014796722274878387,0.0024080439773797166,0.0
2001-12-19,0.001211950758801265,-0.00972269987571001,0.0
2001-12-20,0.011886296296171191,-0.00027551596815812024,0.0
2001-12-21,-0.0033343943666962078,0.009510429574871871,0.0
2001-12-22,0.006490912379587738,-0.008973455989796658,0.0
2001-12-23,-0.00026832015128917905,-0.0023426184175310166,0.0
2001-12-24,0.010250473799310784,-0.0007798320833974334,0.0
2001-12-25,0.018482250435756666,0.009536109044710575,0.0
2001-12-26,-0.011030284105966971,-0.0006216830532332354,0.0016630263049981497
2001-12-27,-0.002903887884551825,0.0070849322912009014,0.0011243102879907735
2001-12-28,0.003915681005183856,0.0060882763331793375,0.0014327349746495882
2001-12-29,-0.006351794880540611,-0.0033845366502170287,0.0010503594040680853
2001-12-30,-0.00830046050981033,0.0006756731635126048,0.005764871135272603
2001-12-31,-0.0034976636920928,-0.012251608782059518,0.006681543486335477
2002-01-01,-0.002730431020454513,-0.005246769938114555,0.009742442812087776
2002-01-02,-0.006579439655133987,0.004101530730522555,0.010764724136544938
2002-01-03,0.0032687148830437347,0.006183948719396754,0.010278696921971184
2002-01-04,0.008064775064181441,0.00439188270160897,0.00970895266176712
2002-01-05,0.007452732604079831,0.00022094500337719382,0.010023007458213135
2002-01-06,0.006793565437560228,0.007787766364411504,0.008313913535783403
2002-01-07,0.011925059690810065,0.0077892073518316205,0.010268481226736521
2002-01-08,-0.013668279142521264,-0.00591406009696659,0.012644117135360532
2002-01-09,-0.001166101964827752,-0.011998129001787889,0.012365404456871391
2002-01-10,0.0018902023978989767,0.030813979739348633,0.010366009933458077
2002-01-11,0.005257713508898616,0.022543009893715334,0.0002778647126263148
2002-01-12,-0.016161100511110433,-0.008511368995864752,0.001710354250928095
2002-01-13,0.018807220641499728,0.015997208151695187,0.0
2002-01-14,-0.008906097685858731,-0.0020174998620441525,0.0
2002-01-15,0.0026406506750470816,0.01229067915966596,0.0
2002-01-16,0.007373063121228785,-0.007983828066379806,0.0
2002-01-17,0.010868373295004929,0.00026047469637883645,0.0
2002-01-18,-0.006864257626362601,-0.0041224066258033765,0.0
2002-01-19,-0.005418099338392419,0.007824254271324587,0.0
2002-01-20,0.0037119979563350913,0.00946510505942325,0.0
2002-01-21,0.005874591157672819,0.0017053099510225059,0.0
2002-01-22,0.00912199847398921,-0.022076398242277064,0.0
2002-01-23,-0.0005582628340869579,0.0012725201889889426,0.0
2002-01-24,-0.00693849578432683,-0.010048451169669338,0.0
2002-01-25,-0.013346942756616714,0.015931098388786032,0.0
2002-01-26,0.01746438081190281,-0.004476784967229396,0.0
2002-01-27,-0.01373371783495628,-0.020675877225116244,0.0
2002-01-28,0.007012097296469608,-0.0008801322714550378,0.0
2002-01-29,0.002800658388905708,-0.012676428584564962,0.0
2002-01-30,0.007643873699404072,0.0049566406737407325,0.0
2002-01-31,0.009565125354751682,-0.011953763740875414,0.0
2002-02-01,0.013526022782882672,0.004377207632723465,0.0
2002-02-02,-0.0005576756728167199,-0.015884810859344952,0.0
2002-02-03,0.004001283334441603,0.011962794569128014,0.0
2002-02-04,-0.019514182664487307,-0.00015238675972805237,0.0
2002-02-05,0.00048765458296665446,0.007453673373495941,0.0
2002-02-06,-0.009044565380162529,-0.0020002900481881705,0.0
2002-02-07,-0.0015026612590658195,0.020509140103503017,0.0
2002-02-08,0.012414271028448371,-0.0019236271997747593,0.0
2002-02-09,0.001107117361964531,0.006664929750641938,0.0
2002-02-10,0.010951866720397732,-0.0009631845576168608,0.0
2002-02-11,-0.001966995368845079,0.012232967647183806,0.0
2002-02-12,0.004044578798288382,-0.014301215653033437,0.0
2002-02-13,-0.0040899651197685485,-0.015676979780168063,0.0
2002-02-14,-0.025413485864568867,0.005143114515258783,0.0
2002-02-15,-0.007090345507355515,-0.007432222063739258,0.0
2002-02-16,-0.002615844501075883,-0.009999355782300825,0.0
2002-02-17,0.0016263187808642082,0.00445102734567494,0.0
2002-02-18,8.009480807569251e-05,-0.000410205924285615,0.0
2002-02-19,-0.0012070629853172764,-0.02496682127420308,0.0
2002-02-20,0.009542377824586803,0.0007204400969620148,0.0
2002-02-21,0.006315830509400832,-0.00581653548943107,0.0
2002-02-22,-0.003915071406840219,-0.01096354033717023,0.0
2002-02-23,0.008785427222806999,0.0070564062389248585,0.0
2002-02-24,-0.019795564420897464,0.005292757235359073,0.0
2002-02-25,-0.0027577230909850044,0.013358523809900083,0.0
2002-02-26,-0.001402761389817697,-0.005727664045606578,0.0
2002-02-27,0.013107048020496535,-0.009786950195051007,0.0
2002-02-28,-0.005285006508190433,0.025207507140334463,0.0
2002-03-01,-0.014638393843666761,0.008079406503307225,0.0
2002-03-02,0.0018565497299100927,0.006634422906566238,0.0
2002-03-03,0.017025288467392322,-0.009350191630826009,0.0
2002-03-04,-0.0019954437395834812,-0.005023418178623159,0.0
2002-03-05,-0.0008885672248668679,0.00733638887958513,0.0
2002-03-06,-0.0019460858642380157,-0.030471293909502203,0.0
2002-03-07,0.0006272995790622045,-0.013698411248623444,0.0
2002-03-08,0.01314310798257788,0.002137998740993528,0.0
2002-03-09,0.019753322229393088,-0.0197802769549149,0.0
2002-03-10,0.0048325531063894865,0.006209960197525154,0.0
2002-03-11,-0.000918163043884577,-0.0031784038109270198,0.0
2002-03-12,0.01866299645889699,-0.018149412341066463,0.0
2002-03-13,0.0011242688265900626,-0.0012543984593572305,0.0
2002-03-14,0.0007961557546282468,-0.0008544860724630718,0.0
2002-03-15,-0.003437811587798576,-0.0020670200636222517,0.0
2002-03-16,-0.003011863386317267,0.004669606352807122,0.0
2002-03-17,0.002554051055283533,-0.017030418512196194,0.0
2002-03-18,-0.0027267541525567334,-0.006635846467641025,0.0
2002-03-19,0.0043315285560991445,0.0037117842207239626,0.0
2002-03-20,0.0010716797851233984,0.0012917798703831215,0.0
2002-03-21,0.005713014876800374,0.0009604737900820021,0.0
2002-03-22,-0.0036581114317912485,0.02716646035793377,0.0
2002-03-23,-0.0018409698327207593,-0.005470158389277997,0.0
2002-03-24,0.0025963467724817463,-0.0072114783921821335,0.0
2002-03-25,0.0008447396691724101,0.005108487083979822,0.0
2002-03-26,0.001162250414482798,-0.0033138323395320267,0.0
2002-03-27,0.011861832698085738,0.008068061356738794,0.0
2002-03-28,-0.01055888657389102,-0.003048328600407209,0.0
2002-03-29,-0.019253191109569117,0.016478760653749695,0.0
2002-03-30,0.007410639947318538,-0.007779670286595578,0.0
2002-03-31,-0.0022561986704351606,-0.0036292723291715023,0.0
2002-04-01,0.01365571149079905,0.007877552178730481,0.0
2002-04-02,-0.0006916807665323477,-0.00025288215061698867,0.0
2002-04-03,-0.011529960923122503,0.008324120825281613,0.0
2002-04-04,0.022096732592972842,0.006940295226624147,0.0
2002-04-05,0.004164744434431397,0.008135925665828726,0.0
2002-04-06,-0.004363700654188803,-0.013191035188746114,0.0
2002-04-07,-0.007360038856737066,0.00839890666075544,0.0
2002-04-08,0.005774366415458147,0.0001911564775222148,0.0
2002-04-09,-0.006614927628125576,0.002852261982232574,0.0
2002-04-10,0.004047453768306071,-0.008838452744141044,0.0
2002-04-11,0.011789234384616334,0.004850512613725107,0.0
2002-04-12,-0.013746085411924505,0.00816763300473393,0.0
2002-04-13,-0.0034226928544443605,0.003698900700702887,0.0
2002-04-14,0.004931907977510797,0.00521429544488583,0.0
2002-04-15,0.016741942013317575,0.001822027536156286,0.0
2002-04-16,0.009432336905891583,-0.0018190408872414744,0.0
2002-04-17,-0.0044155559899697085,0.005140345667839164,0.0
2002-04-18,0.014748158566184224,-0.0015514573145997143,0.0
2002-04-19,-0.0034574965878330258,-0.00100791266190621,0.0
2002-04-20,-0.0015004012557106503,0.004925168692794528,0.0
2002-04-21,0.003898969376527775,0.01013164119302904,0.0
2002-04-22,-0.01083081931998486,0.01774440931908619,0.0
2002-04-23,0.0308547983966565,0.01172704577780317,0.0
2002-04-24,0.012088433969376897,0.0012965097054868518,0.0
2002-04-25,0.0023018633911821673,-0.007482616654805878,0.0
2002-04-26,-0.0055780214114942404,0.003805612376720191,0.0
2002-04-27,-0.011485147146326482,-0.008256622526073109,-0.004895750769080227
2002-04-28,0.0038197101743593456,-0.011229573776255743,-0.005049743060073858
2002-04-29,0.0070436560151655135,-0.01810415826637526,0.0
2002-04-30,-0.0038889996319689717,0.013055619507010776,-0.0023857312182354873
2002-05-01,-0.0018550689780207988,0.011653213054453021,0.0
2002-05-02,0.005663305608854327,-0.010267459783458957,0.0
2002-05-03,-0.0005143167464466838,0.0016824423332441603,0.0
2002-05-04,-0.018462369016380282,0.0041895506208754945,0.0
2002-05-05,0.006746386034210178,0.015945916087954832,0.0
2002-05-06,0.002520367250226202,0.014775605397070353,-0.0018013678746422665
2002-05-07,0.007380556397040009,-0.008157992230094774,0.0
2002-05-08,-0.007474550351776355,0.0038615481880605526,0.0
2002-05-09,-0.021173363876010178,-0.01507880268353132,0.0
2002-05-10,-0.012406656684570219,-0.0005457724653127444,0.0
2002-05-11,0.00305211001237159,0.0010557115195078085,0.0
2002-05-12,0.020855902739609175,-0.0022823190475742463,0.0
2002-05-13,0.0235953984905098,-0.010771351815867896,0.0
2002-05-14,0.0030950151892177808,-0.002920050567055249,0.0
2002-05-15,-0.014512728188312889,0.021940817958349824,0.0
2002-05-16,-0.00330059784008232,-0.005752973172427321,0.0
2002-05-17,0.004528268840991813,0.0006289053996146262,0.0
2002-05-18,0.004423356875124682,0.010053122849777064,0.0
2002-05-19,0.0010045364403482365,0.008917436789943221,0.0
2002-05-20,0.013445229157436454,-0.0031042672695046542,0.0
2002-05-21,-0.008935858524120396,0.015106295599837097,0.0
2002-05-22,-0.021606791157885392,0.014901745996665477,0.0
2002-05-23,-0.008722095689354012,0.0027845121804544143,0.0
2002-05-24,-0.011567595113166877,0.00378768423260476,0.0
2002-05-25,0.022383393953474714,-0.0002896330234821624,0.0
2002-05-26,-0.0018107834374744569,0.006333494343505417,0.0
2002-05-27,-0.014233084109064717,0.0037296133446558704,0.0
2002-05-28,0.0062179741059700715,0.012229763274032919,0.0
2002-05-29,0.010115021868079279,-0.01600622434229279,0.0
2002-05-30,0.0005808984682690618,0.010187847475150055,0.0
2002-05-31,0.001974130647066961,-0.0003876372400192324,0.0
2002-06-01,0.010283843262953715,0.015296045378017206,0.0
2002-06-02,0.005193402167916959,0.012699052158851901,0.0
2002-06-03,-0.006950400139837197,-0.0006946953787173435,0.0
2002-06-04,0.005937064146608847,0.0006536084136792705,0.0
2002-06-05,0.009332226590758176,-0.003853280825289567,0.0
2002-06-06,0.003464416749926868,-0.009283389055065094,0.0
2002-06-07,0.008773103010205726,-0.0012622882102310707,0.0
2002-06-08,0.005889438539273309,0.008646190461262158,0.0
2002-06-09,-0.0023223774283471113,-0.0016735668103153559,0.0
2002-06-10,-0.001427863689881196,-0.01251623599153884,0.0
2002-06-11,0.006175615415124089,0.0003295431618928526,0.0
2002-06-12,-0.005498571879512027,-0.010177584472969941,0.0
2002-06-13,0.011552773239864644,0.000915439965712445,0.0
2002-06-14,0.01222113135472217,0.0071239798235569465,0.0
2002-06-15,-0.020289232647302438,0.009736656928549081,0.0
2002-06-16,-0.00066798578841203,0.011799319172952849,0.0
2002-06-17,-0.007479574051691099,-0.007867288531160303,0.0
2002-06-18,-0.006313991973962176,-0.025335245270952527,0.0
2002-06-19,0.0014763064702487383,-9.853769894577881e-05,0.0
2002-06-20,-0.0016671602775993528,-0.002116152467402621,0.0
2002-06-21,0.005672833000882012,0.007591557736027832,0.0
2002-06-22,0.0032397067888589575,0.0069519802304873505,0.0
2002-06-23,0.0037278447643627494,-0.002693852262773754,0.0
2002-06-24,-0.007809237745805276,0.0007405714197154091,0.0
2002-06-25,-0.0034631838587238103,0.008725781966761829,0.0
2002-06-26,0.014606273617911896,-0.0066075925745112864,0.0
2002-06-27,-0.02477551330784508,-0.021565859698778445,0.0
2002-06-28,0.01719456075526434,0.003423931151583968,0.0
2002-06-29,-0.0055927350857786695,0.00149077161493222,0.0
2002-06-30,0.011809739807048128,-0.005170026886682696,0.0
2002-07-01,-0.025934681780555958,0.01274938991411045,0.0
2002-07-02,-0.004172422066203781,-0.0013239593601665745,0.0
2002-07-03,0.008498452567032036,-0.00735331538707375,0.0
2002-07-04,0.0015123585154399734,0.002275001506526265,0.0
2002-07-05,0.01017000149065592,0.017414635093129984,0.0
2002-07-06,-0.008736842429394733,-0.010928849834635214,0.0
2002-07-07,-0.0055838238726828885,0.00831796596998293,0.0
2002-07-08,-0.006528102335339975,-0.012853530177435147,0.0
2002-07-09,0.005086835479791903,0.00693099386951506,0.0
2002-07-10,0.004635720644084251,-0.004890526162188418,0.0
2002-07-11,-0.0012148207540324096,-0.004306698868186573,0.0
2002-07-12,-0.00262915619035969,0.0068205115597885025,0.0
2002-07-13,-0.0029078393391910157,0.025000542800502314,0.0
2002-07-14,0.0008816318452985057,-0.01770502035246136,0.0
2002-07-15,-0.009471904865618625,-0.0024256489696338826,0.0
2002-07-16,-0.0005579492396806795,-0.008284419689090388,0.0
2002-07-17,-0.001426280135133216,0.011571557858434476,0.0
2002-07-18,-0.005388036795027642,0.0005575871673333848,0.0
2002-07-19,-0.005688106167300842,-0.008956994898224747,0.0
2002-07-20,0.01478370680841689,0.008362930418549267,0.0
2002-07-21,-0.0061325783954627455,0.00636388679704187,0.0
2002-07-22,0.004131895998936974,-0.001346048966116435,0.0
2002-07-23,0.01369019507220985,0.007942597786781691,0.0
2002-07-24,0.007414494611441541,0.0032510425229393507,0.0
2002-07-25,0.00021222331358729138,0.009263050166818313,0.0
2002-07-26,0.010147993077727848,-0.011086953659676024,0.0
2002-07-27,-0.014245436941455001,0.0061941480267899834,0.0
2002-07-28,-0.012297908409748728,0.009132508849554832,0.0
2002-07-29,-0.003954450145751799,-0.008883468793840856,0.0
2002-07-30,-0.0021922183587968695,0.03520359142474987,0.0
2002-07-31,-0.0009460687030463361,0.015233888921160598,0.0
2002-08-01,0.018807502455567,0.0025311973013657472,0.0
2002-08-02,0.016889960607631017,-0.005650027381915373,0.0
2002-08-03,-0.000371186733874933,-0.002449301353110753,0.0
2002-08-04,0.0025607026547713003,-0.0003016885665405987,0.0
2002-08-05,-0.009063257043632868,0.004556065929209554,0.0
2002-08-06,0.0031981032972820344,-0.013278855667818524,0.0
2002-08-07,-0.013414919304077717,-0.011285707821315431,0.0
2002-08-08,0.014003159547592585,0.0130005667538521,0.0
2002-08-09,-0.005182277237875536,-0.013436465241672793,0.0
2002-08-10,0.00558352650047969,0.019983530061422256,0.0
2002-08-11,-0.013054751180505142,-0.0014701784014129631,0.0
2002-08-12,0.013920414434637256,-0.0145272289607941,0.0
2002-08-13,0.006121085516404557,-0.00893717886861671,0.0
2002-08-14,0.019603221754030765,0.016785516603038075,0.0
2002-08-15,0.0006880821542642751,0.00221266036489314,0.0
2002-08-16,-0.01619274441674586,-0.010379218776051547,0.0
2002-08-17,-0.007836555381336974,0.012694078706242897,0.0
2002-08-18,-0.01254983927920359,0.005043931705359818,0.0
2002-08-19,0.01578901070717172,-0.0064119049790059696,0.0
2002-08-20,-0.006240351398284477,-0.011297622696925073,0.0
2002-08-21,-0.0075208854723064775,-0.014873605105768564,-0.003746587352788884
2002-08-22,0.0059610418968340665,-0.00033291469160801003,0.0
2002-08-23,0.0026692355189900908,0.005075490685822004,0.0
2002-08-24,0.0049331259939127715,0.015099237362727638,0.0
2002-08-25,-0.00501478343944825,0.015573731103496687,0.0
2002-08-26,-0.019977048452873125,0.010126406275909019,0.0
2002-08-27,-0.01358746989701902,-0.01456396780713555,0.0
2002-08-28,-0.02195541071328331,-0.005705126601454296,0.0
2002-08-29,0.01281151287562132,0.005482026070930463,0.0
2002-08-30,0.009107116624453113,-0.002371531335095435,0.0
2002-08-31,-0.003736672254452701,0.0013584480798952212,0.0
2002-09-01,0.006244940207266196,-0.0041894617171714275,0.0
2002-09-02,0.006740171027029321,0.00025717136584724594,0.0
2002-09-03,0.006370160395245991,0.010371709162847704,0.0
2002-09-04,0.005329550714673004,0.005409649511214028,0.0
2002-09-05,0.008849896399117272,-0.014126284452844052,0.0
2002-09-06,0.0008319980739660495,-0.004340159169082168,0.0
2002-09-07,-0.022197544728927696,-0.011328834300300785,0.0
2002-09-08,-0.027671479813783914,-0.016164296722601564,0.0
2002-09-09,0.01266132529484192,0.010014630301852543,0.0
2002-09-10,0.005985092370992923,-3.688260522064205e-05,0.0
2002-09-11,-0.025130910819555232,0.02476818583264738,0.0
2002-09-12,0.0017559738761709401,0.007029491806287477,0.0
2002-09-13,-0.008778885807582137,0.005485908337942602,0.0
2002-09-14,-0.005470703404220943,-0.004792905063402716,0.0
2002-09-15,-0.026035733486253654,-0.006986447106415112,0.0
2002-09-16,0.0077304202714831355,0.008125651504290373,0.0
2002-09-17,-0.0008337651441633963,-0.004704051934816325,0.0
2002-09-18,0.008184472610581525,0.016088875902260318,0.0
2002-09-19,0.010909301982139304,0.01032393641152197,0.0
2002-09-20,0.01291429473463188,0.010302058695342863,0.0
2002-09-21,0.01651471113353675,0.0024917351359653576,0.0
2002-09-22,0.0029388992820308653,-0.008676105386948362,0.0
2002-09-23,0.0021910041070571894,0.01279323822315784,0.0
2002-09-24,-0.00637850132661069,-0.0050901200435318475,0.0
2002-09-25,0.005308942323229342,0.0007052002849959283,0.0
2002-09-26,-0.0023721156134274175,0.008659407545466272,0.0
2002-09-27,-0.011766219633417618,-0.0028283962748490914,0.0
2002-09-28,0.012050094274126717,-0.0036259600148000827,0.0
2002-09-29,0.007178793939051659,-0.012660231140857708,0.0
2002-09-30,-0.026862727933707822,0.011695024177942865,0.0
2002-10-01,-0.018652604478345405,0.018171779228909325,0.0
2002-10-02,-0.002174343308295246,-0.007667812198762712,0.0
2002-10-03,-0.013427803670375727,0.012646127346567978,0.0
2002-10-04,0.012363805706513901,0.02050370857219034,0.0
2002-10-05,0.0018953464857991598,0.018848817189581448,-0.004023267750095115
2002-10-06,0.005801955409606448,0.011958046709043449,0.0
2002-10-07,0.009510851428880996,-0.005337821862503799,0.0
2002-10-08,0.013563027711683825,-0.013244361944172382,0.0
2002-10-09,-0.0026498530983225877,-0.005452469757150558,-0.0005070090170360211
2002-10-10,0.006413771189984932,0.006127773213597365,-0.00292751391572655
2002-10-11,0.002685935639495282,0.01587274844339014,-0.005256807106779594
2002-10-12,0.008188198962436905,0.013394004879473991,-0.009691812222764704
2002-10-13,0.005744880490098342,0.001433784593524167,-0.0071886651042428265
2002-10-14,0.01447744045130255,0.004463557068637968,-0.008259000174468678
2002-10-15,0.005568192965496859,-0.0006986233707413081,-0.008030828568693332
2002-10-16,-0.0046571160979319536,-0.013848706383067913,-0.012940054738155765
2002-10-17,0.0013763726662927888,-0.006600974549952407,-0.015372284663314938
2002-10-18,-0.011254575948948648,0.017770186280885635,-0.018061317711602097
2002-10-19,0.00338876262592261,0.0037879972060869144,-0.018241274137736657
2002-10-20,0.015380631852768787,-0.0021377390407127223,-0.01906652660997979
2002-10-21,-0.005913894886994044,0.01156391706050815,-0.019297139514528334
2002-10-22,-0.0164543720651363,0.02925087169264098,-0.016674100852419535
2002-10-23,-0.0006284857118102541,0.000778194258129165,-0.022013806263021227
2002-10-24,-0.004913705535081746,0.001014013824396664,-0.019824851784729897
2002-10-25,0.00016428369655774832,-0.01445089260471675,-0.019286197105799728
2002-10-26,-0.005778104878096118,-0.002109100272085742,-0.016593203198045615
2002-10-27,0.0009673240370181935,0.003457931946580903,-0.0164885694076159
2002-10-28,-0.010068999691202084,0.001744390640671114,-0.020397637688603733
2002-10-29,0.015812399640963152,-0.005401723124894858,-0.020938008262582464
2002-10-30,-0.0021003289077989756,0.005442602322366815,-0.018783714516561842
2002-10-31,0.005357536315076195,0.026644366785897444,-0.01464528314367651
2002-11-01,0.00783721739267865,-0.0035254350030033185,-0.016876326821220873
2002-11-02,-0.0013521368186165535,0.014691098242017635,-0.01755148318639803
2002-11-03,0.004745251451684236,-0.007898410222080264,-0.015737245068312714
2002-11-04,-0.002298995583657847,0.007455460346242354,-0.01710091985022278
2002-11-05,-0.004311071881345017,0.011237106154842167,-0.013789644484025275
2002-11-06,-0.002060672875200852,0.0035713716677196576,-0.019957457330840006
2002-11-07,0.005109775314030589,-0.01859273788795057,-0.01928824571286783
2002-11-08,-0.012564074335793119,0.02432025392417699,-0.01942555920435471
2002-11-09,-0.008929642179043561,0.005898571953351759,-0.014009059271357434
2002-11-10,-0.007888056334308478,-0.009115746063762961,-0.00812488028809312
2002-11-11,-0.00550076773894361,-0.004250496987149554,-0.004325077904184106
2002-11-12,0.011840857612465084,0.0071169412292954514,0.0
2002-11-13,-0.00011641814373669646,-0.00695465251795599,-0.0002719581678249025
2002-11-14,-0.0028777951377730094,0.007603042309483438,-0.0029971254140482018
2002-11-15,0.0016539077650230467,-0.012136112390746552,-0.0015825036170418888
2002-11-16,0.010871130056036718,0.002066366814984054,0.0
2002-11-17,-0.007321181445502125,0.008963217548289942,0.0
2002-11-18,0.010507213918958465,-0.0035504346507351076,0.0
2002-11-19,-0.023199417174809053,0.002105989093993024,0.0
2002-11-20,-0.008684541745668503,0.004575000525599221,0.0
2002-11-21,0.01507183386245399,0.015384561289365599,0.0
2002-11-22,0.015896632067970155,0.012920911002990719,0.0
2002-11-23,0.002225049716443769,0.002954767923113218,0.0
2002-11-24,-0.003973201925766836,0.0034376315191690095,0.0
2002-11-25,0.008606379806386183,-0.0031596119580688154,0.0
2002-11-26,-0.003788486987024848,-0.0034377718167610608,0.0
2002-11-27,0.01589354471865613,-0.004228021303896526,0.0
2002-11-28,0.0122437870803664,-0.005345217558420105,0.0
2002-11-29,0.008096656445194764,0.008907696509896475,0.0
2002-11-30,-0.008090340096798885,-0.002467062861298591,0.0
2002-12-01,0.010170713886224448,-0.00860445925513271,0.0
2002-12-02,-0.0020900614111773346,-0.008424703980024411,0.0
2002-12-03,-0.0019196841796662882,-0.001192763159371854,0.0
2002-12-04,-0.0037999948119885087,0.004446759365410589,0.0
2002-12-05,-0.0007390086549318708,-0.006066105044039047,0.0
2002-12-06,0.005484032630625068,-0.010517947173319862,0.0
2002-12-07,0.008982379930588586,0.0016342292174928179,0.0
2002-12-08,0.009009650508619939,0.009370067542425194,0.0
2002-12-09,0.03461975812198339,-0.010636973692625791,0.0
2002-12-10,-0.0028949683254759656,-0.004757533372012331,0.0
2002-12-11,0.01220687090556914,-0.019576561195902845,0.0
2002-12-12,-0.0060747446438264305,0.024090813969217,0.0
2002-12-13,-0.0013559356955212985,-0.011023991510958717,0.0
2002-12-14,-0.011070897477778405,-0.012677563855214203,0.0
2002-12-15,0.01278364847315136,0.001976235979277926,0.0
2002-12-16,0.003253010288438291,-0.004007057297008299,0.0
2002-12-17,0.0019673271238819403,0.007263001301818708,0.0
2002-12-18,-0.0005076907672205926,-0.009043757742783919,0.0
2002-12-19,0.009954398986697779,0.0005801223053962287,0.0
2002-12-20,-0.004308931800945763,0.001640696440949831,0.0
2002-12-21,0.004726231310838236,0.0048905019298710155,0.0
2002-12-22,0.02601780263858176,0.018379251011236348,0.0
2002-12-23,-0.0006975677974879145,-0.00083519561969081,0.0
2002-12-24,-0.005530276906476624,-0.008911600555026955,0.0
2002-12-25,-0.009412485251608664,0.004069613660595667,0.0
2002-12-26,0.008936075702461114,-0.007661074615275049,0.0
2002-12-27,0.0014561069753388973,0.008961057255233704,0.0
2002-12-28,-0.0067772593946383575,0.0024041987706958667,0.0
2002-12-29,-0.007575229019692799,0.0008513532214512029,0.0
2002-12-30,0.0010953267409266505,-0.016195903478345538,0.0
2002-12-31,-0.009263281322345933,-0.015874037106684,0.0
2003-01-01,0.021879983507674387,-0.006469080980881042,0.0
2003-01-02,-0.0011289455823449174,-0.0009758678505614782,0.0
2003-01-03,-0.0009870238492222085,-0.02136876077487558,0.0
2003-01-04,-0.00011596324174187732,-0.005446434778948053,0.0
2003-01-05,-0.017397468283883843,0.0016868451737410129,0.0
2003-01-06,-0.013761153493808772,-0.00672528515116573,0.0
2003-01-07,-0.0028289792085396774,0.008860732436737828,0.0
2003-01-08,0.0005640479473521872,0.0020115159756047643,0.0
2003-01-09,-0.01162771532138111,0.015253831220670531,0.0
2003-01-10,0.01785566746099955,-0.0075289640513192145,0.0
2003-01-11,0.005405978718441588,0.004111095084463116,0.0
2003-01-12,0.013808759316769984,-0.028209128603063252,0.0
2003-01-13,0.012594969286543772,-0.00870829354735008,0.0
2003-01-14,-0.0014288908512003378,0.00906636906390948,0.0
2003-01-15,0.025305994250190117,-0.004659702760761651,0.0
2003-01-16,0.002068256193456146,-0.005736614563958061,0.0
2003-01-17,-0.018114998792111023,-0.012869248404131083,0.0
2003-01-18,-0.022635769966387213,0.016453491069784033,0.0
2003-01-19,0.0008621683356840104,0.012319208977046452,0.0
2003-01-20,0.009589614018672386,-0.0008317243411496614,0.0
2003-01-21,0.0015468180670130441,0.0028909517120434785,0.0
2003-01-22,0.018261101788286802,-0.00063538360890479,0.0
2003-01-23,-0.0021695712755914406,-0.014646072693940023,0.0
2003-01-24,0.006511130126669618,0.0027490826478138003,0.0
2003-01-25,0.008222477996941747,-0.006095591919750173,0.0
2003-01-26,-0.009502242926358668,-0.008602327037108204,0.0
2003-01-27,0.0039230830321939905,0.010394015199157208,0.0
2003-01-28,0.004502520267572104,-0.00028446240399078904,0.0
2003-01-29,0.011824887933921653,-0.010975073762636733,0.0
2003-01-30,0.012986473535673034,0.004923194770081318,0.0
2003-01-31,0.010718253580890848,-0.0009974560992109395,0.0
2003-02-01,-0.006805582591656546,0.002848710807200632,0.0
2003-02-02,0.008191123618819598,-0.0017997034149438965,0.0
2003-02-03,0.011575692991584959,0.002590949498034652,0.0
2003-02-04,0.0011704687544443716,0.0022801531326675033,0.0
2003-02-05,0.008338952802693204,-0.009654513897450888,0.0
2003-02-06,0.008522428089798105,0.020834491573820408,0.0
2003-02-07,0.012664036243052035,0.0020352859431887658,0.0
2003-02-08,0.0015629106475225786,-0.025535000480514596,0.0
2003-02-09,0.005567901421089589,0.00953591172844935,0.0
2003-02-10,0.002756987163565689,-0.015476111005720446,0.0
2003-02-11,0.0014380394912694415,0.003376671073153677,0.0
2003-02-12,-0.005393582047464877,0.015188187075226551,0.0
2003-02-13,-0.002591005475477326,-0.0035338311240553258,0.0
2003-02-14,-0.010482252326742807,-0.001646922651044874,0.0
2003-02-15,-0.0012300427045226746,0.011286878193728145,0.0
2003-02-16,0.007626716869170078,0.0057579800936757505,0.0
2003-02-17,0.006926979172916624,0.00496168068884896,0.0
2003-02-18,0.008212602692460533,-0.0022114736509658973,0.0
2003-02-19,-0.00040290322471550627,-1.0350126451699318e-06,0.0
2003-02-20,0.01463332332327928,-0.019709039924123067,0.0
2003-02-21,-0.0038661969696038552,-0.004777015040940608,0.0
2003-02-22,0.008377954816343642,-0.0018870774561166976,0.0
2003-02-23,0.004878598349266892,0.005738756927523507,0.0
2003-02-24,-0.0067627154296448985,0.004400619833905238,0.0
2003-02-25,-0.006349690721309848,-0.013785743074667544,0.0
2003-02-26,0.00817240615256051,-0.008468753105472423,0.0
2003-02-27,0.001080099704789079,-0.023235964715714794,0.0
2003-02-28,0.0034199801557471066,-0.0024333463509688762,0.0
2003-03-01,0.031454514346691165,0.014216519771728425,0.0
2003-03-02,0.006376298081207286,0.0007537687181616544,0.0
2003-03-03,0.0019269091598674364,-0.008836940745969035,0.0
2003-03-04,0.008082307025282823,0.00015720816972216847,0.0
2003-03-05,-0.0052703635866683295,-0.002939872361372755,0.0
2003-03-06,-0.0010175089104319046,-0.013674433257908349,0.0
2003-03-07,0.005183646411347615,-0.010365162581552132,0.0
2003-03-08,-0.007422105582512388,-0.0033791402753418844,0.0
2003-03-09,0.0004370957033242056,0.006906440383013182,0.0
2003-03-10,-0.0011002669822977806,-0.007363976737159561,0.0
2003-03-11,0.001836902527602934,-0.008302498411193696,0.0
2003-03-12,-0.016897195891420733,-0.015541248117467111,0.0
2003-03-13,0.018469718886727614,-0.0019680861197201357,0.0
2003-03-14,-0.00011042965662956753,-0.012515140830578926,0.0
2003-03-15,0.006251773931261065,0.016602359588338042,0.0
2003-03-16,-0.009586174038857389,-0.0006698024361586124,0.0
2003-03-17,-0.012286593455313648,-0.03270854824375641,0.0
2003-03-18,0.0010296606456455153,0.01242605255684435,0.0
2003-03-19,-0.0024541803211208953,0.0012150259563392112,0.0
2003-03-20,0.007267584266520736,-0.00225415108908028,0.0
2003-03-21,-0.008454171742400454,-1.6098228024695e-05,0.0
2003-03-22,-0.009064820791087511,-0.007978900290712387,0.0
2003-03-23,0.004104394296004554,-0.010990025860329006,0.0
2003-03-24,0.007762632235897638,-0.009351480757607708,0.0
2003-03-25,0.009990701037017225,-0.0034496561796933597,0.0
2003-03-26,0.0004712416100799362,0.002124543455147164,0.0
2003-03-27,0.003399589739665193,0.01775372666643257,0.0
2003-03-28,-0.007172947680910375,0.002107214059086385,0.0
2003-03-29,0.013934685322296426,0.00662462035640622,0.0
2003-03-30,0.012167714358547544,0.008256755324816656,0.0
2003-03-31,0.01184485116119209,-0.009514669266456064,0.0
2003-04-01,-0.015264774681157169,-0.011421563106080574,0.0
2003-04-02,0.009551760633013568,-0.010255710359302925,0.0
2003-04-03,-0.006543939976564392,0.01400995504171535,0.0
2003-04-04,0.005665847949490916,-0.01540024110135224,0.0
2003-04-05,0.005031830483476138,0.004329552003804363,0.0
2003-04-06,0.01292276287495068,-0.009770401446712719,0.0
2003-04-07,-0.001171510192787231,0.024549624597824154,0.0
2003-04-08,-0.0026968311509501255,-0.015003189763365548,0.0
2003-04-09,-0.009355536720989021,-0.013812364328198925,0.0
2003-04-10,-0.011131108739504752,-0.006361839327598627,0.0
2003-04-11,0.006494670650529431,-0.012670917806054956,0.0
2003-04-12,-0.008379332215975342,0.006330514858809404,0.0
2003-04-13,0.007377603298550471,0.008092539592877614,0.0
2003-04-14,-0.003136910564070351,0.008532993696991169,0.0
2003-04-15,-0.005008197119862878,0.01995505238263309,0.0
2003-04-16,0.010231952717211168,-0.010499422677319863,0.0
2003-04-17,0.009223532319924099,0.0005904225653380313,0.0
2003-04-18,-0.009249629169229348,-0.004910963544845779,0.0
2003-04-19,-0.0010676532683440718,-0.008371466125851688,0.0
2003-04-20,0.0005238313345425344,0.0025881146682506214,0.0
2003-04-21,0.007250098159023995,0.02112979334081514,0.0
2003-04-22,-0.006740159543695365,-0.010023763657002636,0.0
2003-04-23,-0.0035753886570844286,0.021396859200189487,0.0
2003-04-24,-0.0005530719002482698,0.0024664956581821745,0.0
2003-04-25,0.007487698382074467,-0.005369525233719092,0.0
2003-04-26,0.009487173912672994,-0.012527385154078571,0.0
2003-04-27,-0.0048278022329013,0.008047793709225816,0.0
2003-04-28,0.018079182754210197,0.0009414194601820733,0.0
2003-04-29,0.004798207521156762,-0.002137118252055536,0.0
2003-04-30,-0.007389900770597665,-0.006786073215804956,0.0
2003-05-01,-0.014927970275727653,-0.002088830967815681,0.0
2003-05-02,-0.00442468506775601,-0.004322528822636376,0.0
2003-05-03,-0.023194566653640142,0.0007806825229495622,0.0
2003-05-04,0.0023605211572413306,-0.019285948178485706,0.0
2003-05-05,0.0060945599252899335,0.001901911589520161,0.0
2003-05-06,0.013207669550859953,0.00940604965988762,0.0
2003-05-07,0.005494728582996543,0.00754443848083885,0.0
2003-05-08,-0.01655145187986146,-0.014235248390291633,0.0
2003-05-09,-0.0023097193032433194,0.0004802832437435791,0.0
2003-05-10,0.007475098329091059,0.002331075738801821,0.0
2003-05-11,-0.021160521047867985,0.011024302086612437,0.0
2003-05-12,-0.00770068864925742,0.008409852381205514,0.0
2003-05-13,0.006731864125195379,0.009898948316597322,0.0
2003-05-14,0.0010445548364997027,-0.001985286045659071,0.0
2003-05-15,-0.01956001571101176,0.006421810912218423,0.0
2003-05-16,-0.0045487438573090224,-0.0016843376386801643,0.0
2003-05-17,0.000699218550232026,-0.003530065752882152,0.0
2003-05-18,0.021238126076023135,-0.016234054279769154,0.0
2003-05-19,-0.003893766243574423,0.002810823353257046,0.0
2003-05-20,-0.008562384642203116,-0.002555612665854638,0.0
2003-05-21,0.002943591212258871,-0.01628860848195049,0.0
2003-05-22,0.003836160003252621,0.012829600453727875,0.0
2003-05-23,0.0061788060230207695,-0.0044581102235329816,0.0
2003-05-24,0.014891741722062812,0.003412233976410253,0.0
2003-05-25,-0.00015094940227364354,0.0029501223730404973,0.0
2003-05-26,-0.013191175226023338,-0.0024276312231547824,0.0
2003-05-27,0.0009264278656023406,0.0015722809129959784,0.0
2003-05-28,0.0006890743261961611,0.00869490008914576,0.0
2003-05-29,0.01018456059042816,-0.00837373605363096,0.0
2003-05-30,0.008915730763711384,-0.013973248992214733,0.0
2003-05-31,-0.006808673035867276,0.009973390600614302,0.0
2003-06-01,0.008211900058320188,0.004844613127428375,0.0
2003-06-02,0.010518643349406288,-0.007963459861164516,0.0
2003-06-03,-0.001337406424333576,0.010263216493020413,0.0
2003-06-04,0.009993563914195926,-0.012479861224212137,0.0
2003-06-05,0.002204869777546014,0.0007799337370513035,0.0
2003-06-06,0.0023231848602730783,0.0031903000083676903,0.0
2003-06-07,-0.0009245859346425732,-9.611087174191773e-05,0.0
2003-06-08,0.008569644037237005,0.004420382114589636,0.0
2003-06-09,0.02924312705774475,-0.005167491374136102,0.0
2003-06-10,0.0028192446461882082,-0.016601804418051515,0.0
2003-06-11,-0.011054295066685638,-0.006186491923133434,0.0
2003-06-12,-0.0017532470016056244,0.00561989065746815,0.0
2003-06-13,-0.005251319109645468,0.0003232527011857258,0.0
2003-06-14,0.003785272756527488,-0.0005707689109297489,0.0
2003-06-15,-0.0008363781396014451,-0.0034019176182911886,0.0
2003-06-16,0.025882174703058647,0.010938256344903278,0.0
2003-06-17,0.008003114655574042,-0.005317340930839253,0.0
2003-06-18,0.019123836113864392,0.002670108264426187,0.0
2003-06-19,-0.006496438925102328,0.002808251237747678,0.0
2003-06-20,-0.0015487206841441395,-0.009469744990517998,0.0
2003-06-21,0.021100904579460837,0.008016923653734069,0.0
2003-06-22,-0.016182475564569473,0.004420942603758568,0.0
2003-06-23,0.0019722232017595964,0.005880033186389239,0.0
2003-06-24,-0.014914143429608442,-0.013716808648768584,0.0
2003-06-25,0.015902358367542363,0.011797341983051761,0.0
2003-06-26,-0.013583532212786615,-0.004018839160154599,0.0
2003-06-27,-0.0024897045047344614,-0.0005137243628922129,0.0
2003-06-28,-0.0012403287189826336,0.003910833340006312,0.0
2003-06-29,-0.016318071542476286,0.008777250213013416,0.0
2003-06-30,0.025201662653425147,-0.005656171870122529,0.0
2003-07-01,-0.0011530408605876774,0.0030249161866710574,0.0
2003-07-02,0.016974281632043803,1.9857183759346528e-05,0.0
2003-07-03,-0.006418100450660127,-0.0005764273018419011,0.0
2003-07-04,-0.01412804858179056,-0.0004644317746559602,0.0
2003-07-05,0.0026662922480712777,-0.009925202919520435,0.0
2003-07-06,0.002393089842892845,-0.0008545266007240224,0.0
2003-07-07,0.029681470229938837,0.011630833524374164,0.0
2003-07-08,-0.010056681199883314,-0.010328602865093729,0.0
2003-07-09,-0.015128730579158048,-0.016582409425023408,0.0
2003-07-10,-0.006575276493912444,0.01375227738269293,0.0
2003-07-11,0.0035047641580652194,-0.014140067473443024,0.0
2003-07-12,0.006110871491070892,-0.003783715729825334,0.0
2003-07-13,-0.006999587907738647,-0.0067145791650365366,0.0
2003-07-14,-0.003024739271453548,0.0017758978413811833,0.0
2003-07-15,0.00591054753593289,-0.004258567134905866,0.0
2003-07-16,0.0113320549081366,0.004056141101665135,0.0
2003-07-17,-0.00551243163315133,-0.005358570739651811,0.0
2003-07-18,0.0017320941099369439,-0.011686131529542985,0.0
2003-07-19,-0.027204961862670893,0.023346680643563166,0.0
2003-07-20,-0.009278190222137469,0.0005414592063438755,0.0
2003-07-21,0.004688212020802104,0.004492478778548,0.0
2003-07-22,0.00027507301995173734,-0.013032045631845792,0.0
2003-07-23,-0.001452794700697182,-0.007621479958614389,0.0
2003-07-24,0.016506299747332774,-0.005333441873891734,0.0
2003-07-25,-0.002497419231774863,0.009334884665001736,0.0
2003-07-26,-0.01055432686937639,-0.008626307469128671,0.0
2003-07-27,0.002488909512583341,0.004481370611485038,0.0
2003-07-28,0.0024604477952494784,-0.0035032713882205413,0.0
2003-07-29,-0.011061306337389611,-0.007058184054328345,0.0
2003-07-30,0.01040767757532437,0.006944850421885252,0.0
2003-07-31,0.017434411203715784,0.002720887764939783,0.0
2003-08-01,-0.005513928405148191,-0.010564594452743808,0.0
2003-08-02,-0.008346754615381436,0.006314765758538016,0.0
2003-08-03,-0.0004450682975182431,-0.013043144083335532,0.0
2003-08-04,0.01284952787586268,0.004833879170506237,0.0
2003-08-05,-0.005253913911110046,-0.0011074422635456113,0.0
2003-08-06,-0.006917136060715104,0.0222223416283598,0.0
2003-08-07,-0.005525239886632135,0.005022082210649737,0.0
2003-08-08,0.0027952145846740586,0.021136853909747594,0.0
2003-08-09,0.00253242064874768,0.005732075226810332,0.0
2003-08-10,-0.0013130284525013176,-0.003989332285998844,0.0
2003-08-11,0.012427358581554627,0.007133976274539849,0.0
2003-08-12,0.022906592551654704,-0.014819106335894661,0.0
2003-08-13,-0.005385398227591375,-0.012267210236681017,0.0
2003-08-14,0.010808729351909104,-0.0012001266499941613,0.0
2003-08-15,0.0031182728742639686,0.015124272714036227,0.0
2003-08-16,0.030416528908867622,0.009114335754061618,0.0
2003-08-17,-0.008393802113627903,-0.013711755573461897,0.0
2003-08-18,-0.0030346932882336078,-0.020671525573379458,0.0
2003-08-19,0.0014657423653550768,0.002671559206741915,0.0
2003-08-20,-0.013857345759174996,-0.01590089873129768,0.0
2003-08-21,-0.0016950759533689783,-0.011545268718427091,0.0
2003-08-22,0.007544266286401694,-0.00677497928198989,0.0
2003-08-23,-0.014063633360402717,-0.010248809777482184,0.0
2003-08-24,0.0016896585872116976,-0.008929999089265781,0.0
2003-08-25,0.01828461800920297,-0.002742076700001066,0.0
2003-08-26,-0.005581639918486088,0.009125579241028333,0.0
2003-08-27,-0.008585903815166754,-0.007003228772834179,0.0
2003-08-28,-0.02495088459447163,-0.00010533455015062974,0.0
2003-08-29,-0.000692407742106872,0.003913445726330897,0.0
2003-08-30,-0.01589273837721493,0.004454444660395724,0.0
2003-08-31,0.005974473483032843,-0.001473110340365853,0.0
2003-09-01,0.016857013174328635,-0.008006632408676932,0.0
2003-09-02,0.005977972588970244,-0.0012876798399421828,0.0
2003-09-03,-0.007537179422429544,-0.015221409460591652,0.0
2003-09-04,0.006933796896219982,-0.0013895540552808841,0.0
2003-09-05,-0.0043235698116972,0.011942921533951196,0.0
2003-09-06,-0.010918796202533611,0.005330349289777505,0.0
2003-09-07,-0.004621101448783374,-0.030496632298415826,0.0
2003-09-08,0.002774891390006297,0.004936434920534791,0.0
2003-09-09,-0.0032748826173049856,0.005039370184357739,0.0
2003-09-10,0.005651926737859668,-0.003967131213824515,0.0
2003-09-11,0.021844400613477952,0.006345783122516501,0.0
2003-09-12,0.006509824958861681,0.006057645899293976,0.0
2003-09-13,0.007930816398621546,-0.002010242650305493,0.0
2003-09-14,-0.006302903886983895,-0.0030665508499988186,0.0
2003-09-15,0.013683459385755933,-0.012168418359157081,0.0
2003-09-16,0.0038917068464957667,0.009700964515710262,0.0
2003-09-17,0.010463654814253175,-0.022667208954791046,0.0
2003-09-18,-0.007439660591236756,0.0031115762326581076,0.0
2003-09-19,0.0026815200916292803,-0.004235265611840537,0.0
2003-09-20,-0.02320814675455889,7.213876456250029e-05,0.0
2003-09-21,-0.0032530239625516793,-0.004711685211455785,0.0
2003-09-22,-0.008129117055298767,-0.001231055376069264,0.0
2003-09-23,-0.009757221911177248,-0.009294354302923552,0.0
2003-09-24,0.017658821076882224,-0.009824191040684674,0.0
2003-09-25,-0.015063774210613556,0.01602752861697963,0.0
2003-09-26,-0.00120958935799281,-0.0038999750833613525,0.0
2003-09-27,-0.0011403053615192105,0.012973317487118663,0.0
2003-09-28,0.0055918117922700425,0.007151528083773676,0.0
2003-09-29,0.01037373154689386,0.001499291978944832,0.0
2003-09-30,-0.015792637252591092,0.0025819047579799556,0.0
2003-10-01,-0.005165042442119306,-0.0008820520636442567,0.0
2003-10-02,-0.006795931018962609,0.009045240582594316,0.0
2003-10-03,0.007221181659589256,-0.0014939660727793704,0.0
2003-10-04,0.00961016580411293,-0.004252393054166241,0.0
2003-10-05,-0.0038797811308209735,0.006194416012629876,0.0
2003-10-06,-0.005209312321447439,-0.0005537048919572308,0.0
2003-10-07,-0.009924703913030294,0.00478738465831262,0.0
2003-10-08,0.0038637836418029597,-0.006703841274550496,0.0
2003-10-09,0.016884004208932914,-0.0009908403156124316,0.0
2003-10-10,0.003970990597601219,0.008997503458480795,0.0
2003-10-11,-0.006850919687306203,0.008950004794444952,0.0
2003-10-12,-0.008159699995269528,-0.011259312103807283,0.0
2003-10-13,-0.006963136860222627,-0.0015837523429296943,0.0
2003-10-14,-0.016331929752036994,-0.011096023620795053,0.0
2003-10-15,0.01750785808232638,0.007244244883633675,0.0
2003-10-16,0.0008817481049362418,-0.009885357540685235,0.0
2003-10-17,-0.0031678265661691987,-0.018335930424329794,0.0
2003-10-18,0.022513710346570872,-0.01202553163319946,0.0
2003-10-19,0.0023568618232031185,-0.012387258481830803,0.0
2003-10-20,0.014982722037924865,0.022857029584086308,0.0
2003-10-21,0.002851225208491048,-0.00645137422770649,0.0
2003-10-22,0.01115370889155816,0.006730017579849296,0.0
2003-10-23,0.0008509953357303763,-0.007975874518040738,0.0
2003-10-24,-0.003551694151209681,0.0031981768077877365,0.0
2003-10-25,0.004231960553746656,0.011597569610107637,0.0
2003-10-26,0.007293983287647577,0.00850739250428011,0.0
2003-10-27,0.011021636198168277,0.012669509882482251,0.0
2003-10-28,0.0021289308753455654,0.00872614722622519,0.0
2003-10-29,-0.0023814441335468567,-0.002772828273008659,0.0
2003-10-30,-0.003598721087509817,0.004321026623895378,0.0
2003-10-31,0.0032024035738802965,0.0008465327553773851,0.0
2003-11-01,-0.004762122381989285,-0.005444937290278768,0.0
2003-11-02,-0.003164500241062997,0.020524344057458607,0.0
2003-11-03,0.005529150649932448,-0.010122448062849367,0.0
2003-11-04,0.005978791739886128,-0.013120643922569484,0.0
2003-11-05,0.005156982437545914,-0.005734607772602211,0.0
2003-11-06,-0.007364657054481769,0.010342418338432097,0.0
2003-11-07,-0.014321598493888641,-0.004403503240711349,0.0
2003-11-08,0.0028554703102445763,0.0020451368848068354,0.0
2003-11-09,0.0012535759124448185,-0.00755221097973773,0.0
2003-11-10,-0.003689200343660231,0.011534544779693554,0.0
2003-11-11,0.0021758961163857605,0.0028328958333672283,0.0
2003-11-12,0.00860118333557673,0.0004433766016909127,0.0
2003-11-13,-0.0019171274039626483,0.013646188149901702,0.0
2003-11-14,0.004092752675661314,-0.008575242655421166,0.0
2003-11-15,-0.009680013937594415,0.014075026015248866,0.0
2003-11-16,-0.002101233354002612,0.008085371543767397,0.0
2003-11-17,-0.008215203078454433,-0.012157286129763365,0.0
2003-11-18,-0.014381419607512382,-0.001959815289214728,0.0
2003-11-19,0.004440089653262384,0.0045975694688313,0.0
2003-11-20,-0.02830703899631337,-0.010756577623016362,0.0
2003-11-21,-0.0005453928719000367,-0.008560704749008555,0.0
2003-11-22,0.007859252680187367,0.013717616212187145,0.0
2003-11-23,0.004068672600334822,0.026800413782374848,0.0
2003-11-24,-0.015424811353588684,0.015822198520381768,0.0
2003-11-25,0.002477330812592026,0.005751884420605564,0.0
2003-11-26,-0.018245181428217808,0.00105362800739594,0.0
2003-11-27,-0.008798421622532233,-0.009810272308787811,0.0
2003-11-28,0.01437523013832607,0.00754469597789284,0.0
2003-11-29,0.0016410520560153638,-0.005091830064160018,0.0
2003-11-30,0.011820058508519329,0.0004106390564106374,0.0
2003-12-01,-0.010927160526693885,0.0013223571104013204,0.0
2003-12-02,-0.02076001848494101,0.008360406958274459,0.0
2003-12-03,-0.007465617991984796,0.005517869035308543,0.0
2003-12-04,0.012860113910978542,-0.021429246294592637,0.0
2003-12-05,0.009264899254458437,-0.0058542220862980564,0.0
2003-12-06,0.010744608085574654,0.009621641196519922,0.0
2003-12-07,-0.0014314916810318065,0.012766427256805542,0.0
2003-12-08,-0.0008538893580709522,0.007727114103014021,0.0
2003-12-09,-0.001971021521308982,0.010001317236567737,0.0
2003-12-10,0.029063368151498344,-0.010685883680093414,0.0
2003-12-11,0.0009386562546279977,-0.0004524397030807481,0.0
2003-12-12,0.01773645407601483,0.0010689780763931535,0.0
2003-12-13,-0.0016954357794430048,0.009304695618964035,0.0
2003-12-14,0.013878634907481195,0.00171174809443702,0.001514768634271614
2003-12-15,-0.010752220972698573,-0.005472686388885011,0.0002695515411927016
2003-12-16,-0.004935896320684097,0.009650937763912923,0.0
2003-12-17,0.0036635674637615586,0.0007563690586428601,0.0
2003-12-18,-0.005609828178490466,0.006252034108574911,0.0
2003-12-19,-0.003975674189120893,-0.015910703364374026,0.0
2003-12-20,-0.0014792486462901855,0.0013303172467557026,0.00022949453373385942
2003-12-21,-0.005279666081396183,0.00564863264341331,0.0
2003-12-22,0.01567196253348169,0.014461983139942205,0.0
2003-12-23,0.011480911234900096,0.0011458593321481462,0.0
2003-12-24,-0.013857153098241244,-0.015438313674769197,0.0
2003-12-25,0.017314181594258515,-0.0123897819079563,0.0
2003-12-26,-0.00021725392005062026,0.011155113297305983,0.0
2003-12-27,-0.00013128611692990634,0.010124549406362251,0.0015114646923190256
2003-12-28,-0.0014805794022389898,-0.0018440008948360802,0.0007568288028404549
2003-12-29,0.008932963676511517,-0.0076699683881739835,0.002509169926507855
2003-12-30,0.0073164948121615895,0.01070459204539952,0.0028513884547942125
2003-12-31,-0.005044104516672955,-0.006228412483888617,0.006543497885059452
2004-01-01,0.0007180640860393114,0.0003331646328888589,0.0029017937105483074
2004-01-02,-0.012893556948136792,-0.015270457877758492,0.0025219221682805243
2004-01-03,0.018791342256365,-0.023841708437951813,0.002726498124971284
2004-01-04,-0.008312579930212555,-0.001727456655034002,0.013766982666182481
2004-01-05,-0.008664083628499554,0.01804295561917795,0.012727686997037253
2004-01-06,-0.006946285614250501,-0.00178686728390886,0.007861991436977599
2004-01-07,0.0016330767270986287,-0.010688255253056372,0.009181076895761524
2004-01-08,0.007755130194711018,0.014568924359201135,0.010500595457233461
2004-01-09,-0.0033001605019446884,-0.013132847974798492,0.018484910171703194
2004-01-10,0.0005215473772523504,-0.019352034330847437,0.015367209582500478
2004-01-11,-0.0031359007469214527,-0.006653718361368814,0.017480465747089738
2004-01-12,0.013181796249949904,0.006446315865310286,0.007720012095683085
2004-01-13,0.002570407300400396,-0.010073736109860003,0.011870720002997194
2004-01-14,-0.016699812742720328,-0.003906218847394816,0.007663565870317114
2004-01-15,0.01506801661445554,0.005268250628148006,0.007182018806433585
2004-01-16,0.003660766736289574,-0.0018082445296601537,0.004434892165430658
2004-01-17,0.01960219740361039,0.014906006304623631,0.00152037022990794
2004-01-18,-0.005824735758778972,0.0008839500866109943,0.00014409076461075615
2004-01-19,-0.004650971860164408,0.005121962061430302,0.001829204459555478
2004-01-20,-0.0014356504409676312,0.01309597653094574,0.0017380738171581533
2004-01-21,-0.01375534898847948,-0.003327852735613468,0.0
2004-01-22,-0.003378192930013127,0.008529469587022227,0.0
2004-01-23,0.012912580342439329,-0.005953511498851042,0.0
2004-01-24,0.007356809750104265,0.0004390975563693905,0.0
2004-01-25,-0.023757908033626443,-0.0009037416302472858,0.0
2004-01-26,0.01323614510503628,0.00969751901446153,0.0
2004-01-27,0.003948781273325357,0.008708861354570063,0.0
2004-01-28,0.008562632230286115,-0.006961651062758292,0.0
2004-01-29,0.0007695029104755433,-0.00984799895236817,0.0
2004-01-30,0.0022665481925044895,-0.011213866800044063,0.0
2004-01-31,0.0009311670448029249,-0.00962172653688295,0.0
2004-02-01,0.0008777135836810322,-0.006562010026925461,0.0
2004-02-02,-0.010015934829125233,-0.0007004057677907781,0.0
2004-02-03,0.01079877931265266,-0.008494887981065973,0.0
2004-02-04,0.0025372250773920556,0.01791768958962625,0.0
2004-02-05,0.004224166113040462,0.012081339279835953,0.0
2004-02-06,0.0038286752916689626,0.020483351418948588,0.0
2004-02-07,-0.0026864026182726636,0.004844594951157311,0.0
2004-02-08,-0.000229281170613429,0.006873706909414388,0.0
2004-02-09,-0.013027539511329069,-0.0019176384976313796,0.0
2004-02-10,0.002990961392155312,0.011878997600933116,0.0
2004-02-11,0.003146112714040722,0.005725279724835938,0.0
2004-02-12,-0.0020482852142329113,-0.0006301339727291527,0.0
2004-02-13,-0.01683403922540734,0.0042344927323414066,0.0
2004-02-14,0.013743919829149806,0.018751638420386317,0.0
2004-02-15,-0.0013659019959294388,0.016480157892658404,0.0
2004-02-16,0.00016696814620233692,0.0006463033343252945,0.0
2004-02-17,-0.0027534506949677207,-0.018758494774520847,0.0
2004-02-18,-0.005603936903918129,-0.027932000711239177,0.0
2004-02-19,-0.0036922580555850755,-0.0002615751547261472,0.0
2004-02-20,-0.010773962799236378,-0.0003096227518865901,0.0
2004-02-21,-0.005482514755356916,-0.00020046218320993027,0.0
2004-02-22,0.021011689828676197,0.0041328509991799154,0.0
2004-02-23,0.012195479844922159,0.005557429790127699,0.0
2004-02-24,0.02040795641229003,-0.007460198707733268,0.0
2004-02-25,-0.005838701903914138,-0.005520528778495407,0.0
2004-02-26,-0.018556161982743506,0.016116594121037307,0.0
2004-02-27,-0.013277078590744411,0.02243321044206049,0.0
2004-02-28,-0.02602024512964704,0.0022798088735691362,0.0
2004-02-29,0.011227485019087866,0.002285576293860051,0.0
2004-03-01,0.012652662145247684,0.009288676989520949,0.0
2004-03-02,0.001452760707270976,0.004485816567868879,0.0
2004-03-03,0.004150546737583023,0.0016521957298210798,0.0
2004-03-04,0.004063472641425812,0.0009411887920024909,0.0
2004-03-05,-0.000780829047037628,0.015493378919002465,0.0
2004-03-06,0.0076827639046033935,-0.005870461949405135,0.0
2004-03-07,-0.009783467028727668,0.00637588817440522,0.0
2004-03-08,-0.004046009108409653,-0.010179114083305863,0.0
2004-03-09,-0.0011009680361805023,0.006609249595612839,0.0
2004-03-10,-0.016663904872214468,0.004335276250060887,0.0
2004-03-11,-0.00971405067100677,0.00026538568074803453,0.0
2004-03-12,0.004739901721975283,0.00473743074085315,0.0
2004-03-13,0.0038365037709048094,-0.015753285468826532,0.0
2004-03-14,-0.02433465851398323,-0.006570167032487406,0.0
2004-03-15,0.00953226399686122,-0.0031494554000451582,0.0
2004-03-16,0.0038882579955744952,0.0020848069606392476,0.0
2004-03-17,0.008073452818170228,0.000812240785619123,0.0
2004-03-18,-0.00028416882214721116,-0.005812112561049786,0.0
2004-03-19,0.006247614941327825,0.0018047837819498886,0.0
2004-03-20,-0.012581266602731001,0.004709018385538389,0.0
2004-03-21,-0.0017841333641043608,0.025830310821170047,0.0
2004-03-22,-0.010294323045446188,0.0029872601826346486,0.0
2004-03-23,-0.004821751796541446,0.00457086626953267,0.0
2004-03-24,0.012102846873291544,0.004265253205451413,0.0
2004-03-25,0.016653885499757964,-0.0017720442756699204,0.0
2004-03-26,0.0007088342738807207,-0.0029370608095671135,0.0
2004-03-27,-0.004063533535493082,0.008851081867388174,0.0
2004-03-28,0.008172843073624595,-0.0012652409472012167,0.0
2004-03-29,0.004957839634555069,-0.0034964043096078045,0.0
2004-03-30,0.019557629024208212,0.0011270787294787557,0.0
2004-03-31,0.006672779966124582,0.017002492950620732,0.0
2004-04-01,-0.02306238525143226,-0.01002977955333733,0.0
2004-04-02,0.0009623181007707399,-0.0023540231863051616,0.0
2004-04-03,-0.002865747402587487,0.004224220151698409,0.0
2004-04-04,-0.0076771680370958046,0.007208465466718388,0.0
2004-04-05,0.0017214908779347052,0.017752068083066574,0.0
2004-04-06,0.0009404870717942586,0.021063663571817985,0.0
2004-04-07,-0.00317153428662688,-0.004570586481481388,0.0
2004-04-08,0.015428446118256525,0.009007560409523049,0.0
2004-04-09,0.0041021724488942415,0.020510783286457453,0.0
2004-04-10,0.004420454717766862,0.013014407710547286,0.0
2004-04-11,0.0019507505478863283,-0.006592103676416865,0.0
2004-04-12,0.012551883151107073,-0.004118592556349677,0.0
2004-04-13,-0.010765378043533256,0.0026244929435501364,0.0
2004-04-14,0.012453685142291162,0.01000892820071397,0.0
2004-04-15,-0.0020063179949414292,-0.008235976868086317,0.0
2004-04-16,0.015232629843978381,0.010037946127519227,0.0
2004-04-17,0.014584748995046,-0.0045388159337636895,0.0
2004-04-18,0.005348804705956372,0.007952729933212704,0.0
2004-04-19,-0.004168521842122763,0.008887289528472748,0.0
2004-04-20,0.0031851963495931504,0.006311326642523216,0.0
2004-04-21,0.003911875754121814,0.011784465539948679,0.0
2004-04-22,-0.014214334084252177,0.0016615433817764914,0.0
2004-04-23,-0.0028723681930482897,0.0036916281560933867,0.0
2004-04-24,-0.006612463008882303,0.014509081285318833,0.0
2004-04-25,0.014083493989471953,-0.003878742615230071,0.0
2004-04-26,0.017364655460637902,-0.004338989645154089,0.0
2004-04-27,-0.006883440493391511,-0.01206742209391273,0.0
2004-04-28,-0.004892285547001264,0.018370144153168195,0.0
2004-04-29,-0.01280464548715588,-0.005813672045219095,0.0
2004-04-30,0.0029799026300427185,0.010750777613897628,0.0
2004-05-01,0.008464439388434044,0.0024897753410400222,0.0
2004-05-02,0.01826875740394152,0.006001024209164797,0.0
2004-05-03,-0.01245905313902301,-0.0022981851172324077,0.0
2004-05-04,0.009643450532666362,0.0002036875058539489,0.0
2004-05-05,-0.0011220434639764162,0.011081077358891231,0.0
2004-05-06,-0.006823992456910014,0.00251761181871058,0.0
2004-05-07,-0.0031160106449778296,-0.008503713527447184,0.0
2004-05-08,-0.007271010203111637,-0.0002721651182591086,0.0
2004-05-09,0.004794954594727964,-0.012214397348300121,0.0
2004-05-10,0.0003361605158201864,0.0062705707047653785,0.0
2004-05-11,0.01216321504706116,0.009719523708264585,0.0
2004-05-12,-0.004946708268345614,0.0032462852885474587,0.0
2004-05-13,-0.018331297216885103,0.015882161503368252,0.0
2004-05-14,-0.009568362819825036,0.016222807287791813,0.0
2004-05-15,0.0037162723842252055,-0.0006891955931262819,0.0
2004-05-16,-0.014406117545045227,0.011353258996828049,0.0
2004-05-17,-0.007188311600310487,-0.0016475350977058854,0.0
2004-05-18,0.005633794778002414,0.002522657646358319,0.0
2004-05-19,-0.013382722319317013,-0.001445027453527023,0.0
2004-05-20,0.008692324913324053,0.0017548229896242101,0.0
2004-05-21,0.0036618408139091293,-0.010901682857007293,0.0
2004-05-22,-0.005542007510989468,-0.0008958616384899044,0.0
2004-05-23,-0.00016065515223067576,-0.011553314323645427,0.0
2004-05-24,-0.004704218449028641,0.01610400983853677,0.0
2004-05-25,-0.0036843712240375126,-0.004105026970601558,0.0
2004-05-26,-0.002996423214705203,0.00020389344979114467,0.0
2004-05-27,0.00044146113790136674,-0.014294587225684875,0.0
2004-05-28,-0.0006412789255229367,-0.00598988293403755,0.0
2004-05-29,-0.007168327462907881,0.006049580739414431,0.0
2004-05-30,-0.009520825464108866,-0.019442964904901272,0.0
2004-05-31,0.02087753875867464,0.004120151815621613,0.0
2004-06-01,-0.010727753189852463,-0.003712377042011462,0.0
2004-06-02,-0.0012778010858428158,0.021958852877284635,0.0
2004-06-03,0.012195672279294682,0.007844828066118309,0.0
2004-06-04,0.010115385984222859,0.010095331449880831,0.0
2004-06-05,-0.007003565651821633,0.004432522323923177,0.0
2004-06-06,0.020223502148120562,0.011531315569055615,0.0
2004-06-07,0.017835390879821795,-0.009868818809052155,0.0
2004-06-08,-0.002896630350106966,0.0180723225857134,0.0
2004-06-09,-0.012085091319752234,0.009265503597495324,0.0
2004-06-10,0.0065266037500022215,-0.013957404861391994,0.0
2004-06-11,-0.001578188628345013,0.005371620945658536,0.0
2004-06-12,-0.0026774985963637743,0.0019980096291610347,0.0
2004-06-13,-0.00781534687967474,0.016381846119528923,0.0
2004-06-14,-0.005723501524115596,-0.0008558994583157303,0.0
2004-06-15,0.0018649149963282474,0.00236879333173749,0.0
2004-06-16,0.009199051066686862,0.006277858936363419,0.0
2004-06-17,-0.02040430805225032,0.00010955530896547479,0.0
2004-06-18,-0.023454028516860185,0.01862902776796413,0.0
2004-06-19,0.009848927323284443,0.006578197837243069,0.0
2004-06-20,-0.008190122097755926,-0.0044090969751322505,0.0
2004-06-21,0.007115487254484017,0.004154870897139394,0.0
2004-06-22,0.0013097288850904118,-4.4061116931382305e-05,0.0
2004-06-23,0.012665814601431718,0.01849356338913829,0.0
2004-06-24,0.009297816581456788,-0.008654986228563958,0.0
2004-06-25,-0.002528108437446846,-0.01574304892214302,0.0
2004-06-26,-0.0013710494628660158,0.022895427782224403,0.0
2004-06-27,0.0034232713097316126,0.0020739555232405305,0.0
2004-06-28,0.007649546719368623,0.013615277855237778,0.0
2004-06-29,-0.006015833108724789,0.0025200717120688397,0.0
2004-06-30,-0.01489312014918724,-0.0023518833789970676,0.0
2004-07-01,0.0012568645503942533,0.007723275616988526,0.0
2004-07-02,-0.00020370047372635433,0.0032355555713166383,0.0
2004-07-03,-0.0013244713981613702,-0.0038047408622401066,0.0
2004-07-04,-0.009722811929163262,-0.016341406628585884,0.0
2004-07-05,0.00627345187409498,0.005466272297826544,0.0
2004-07-06,-0.016980327283144886,0.015926911658865145,0.0
2004-07-07,-0.004587262098089097,0.013861732684936913,0.0
2004-07-08,0.013135668504086227,-0.011144344230467933,0.0
2004-07-09,-0.010828626728944371,0.016188879701747073,0.0
2004-07-10,0.004395027503927801,-0.011152735484077296,0.0
2004-07-11,0.004752532093074283,-0.002396431049482973,0.0
2004-07-12,0.0045141576383748196,0.00324457273513998,0.0
2004-07-13,-0.016443590790092943,0.003095034328610466,0.0
2004-07-14,0.010332932006498466,-0.0055263468477781295,0.0
2004-07-15,0.0016961374493791113,-0.0005575710744203072,0.0
2004-07-16,0.0051883981036153284,0.003769877779785315,0.0
2004-07-17,0.0033260862554320377,0.003736788078539658,0.0
2004-07-18,0.0008805260040717657,0.009487323230930383,0.0
2004-07-19,0.01245211534269243,0.011751256988510393,0.0
2004-07-20,0.014626244972340122,0.0039879100892752355,0.0
2004-07-21,-0.018260319053505565,-0.004328850574114065,0.0
2004-07-22,-0.0074727957959546286,0.01001682362672644,0.0
2004-07-23,-0.0013747788188608638,0.002540544644546862,0.0
2004-07-24,-0.021349489759881674,-0.005087062507222137,0.0
2004-07-25,0.014908056144766915,-0.020936027061078076,0.0
2004-07-26,-0.0074233867361454455,0.004350214997780911,0.0
2004-07-27,0.0059254352231678485,0.00914144571320528,0.0
2004-07-28,0.002484962914318327,0.012943932642601318,0.0
2004-07-29,-0.0018491128339013319,-0.007106982760038731,0.0
2004-07-30,-0.00973419908594225,0.0017201379303340995,0.0
2004-07-31,-0.0032849582421930774,-0.014774492072891991,0.0
2004-08-01,0.0012325821458226646,0.004024312985683593,0.0
2004-08-02,0.008160168639532195,0.0048477763975608434,0.0
2004-08-03,-0.0017032344961718704,-0.006034005852816804,0.0
2004-08-04,-0.0036099123581384614,0.007358992940684829,0.0
2004-08-05,-0.0021331875272008584,0.01208560535560234,0.0
2004-08-06,0.01333297624984438,0.012525542108260568,0.0
2004-08-07,0.003239600545696803,-0.006541534759404328,0.0
2004-08-08,-0.006375155242862944,0.0027318410569155648,0.0
2004-08-09,-0.012224130054919641,0.012729901979498233,0.0
2004-08-10,-0.003744490918422948,0.0007049951353723866,0.0
2004-08-11,-0.008745028806357661,-0.0012373395544528266,0.0
2004-08-12,-0.0038391354723615522,-1.7004298641763945e-05,0.0
2004-08-13,0.013894873168661928,0.011271650163273434,0.0
2004-08-14,0.007248196930391316,0.0002731747869926192,0.0
2004-08-15,0.0026248080397470058,-0.015960832142443232,0.0
2004-08-16,0.004380203179414897,0.009146017976081564,0.0
2004-08-17,0.01753565624955557,0.030616969136452763,0.0
2004-08-18,-0.010993874220053672,0.007174858204878402,0.0
2004-08-19,0.004789070344598355,0.016266236357863253,0.0
2004-08-20,-0.001692147729168499,0.005971931263462999,0.0
2004-08-21,0.0017513732730786377,0.000557226084231721,0.0
2004-08-22,0.0010701899761756564,-0.007253129156258537,0.0
2004-08-23,-0.0028141920770491935,0.007806507568559309,0.0
2004-08-24,0.0057497018654374624,0.002747855155969919,0.0
2004-08-25,-0.02119790507650318,0.011791664775425958,0.0
2004-08-26,0.0032254719792222126,0.0043343868320604335,0.0
2004-08-27,0.007111698368608672,0.009327544320513139,0.0
2004-08-28,-0.009166031800473332,-0.017293480314383904,0.0
2004-08-29,-0.009385664961265165,0.006089241627936921,0.0
2004-08-30,0.019366375320563498,0.008864643141644724,0.0
2004-08-31,-0.008584299327122947,0.005890770284362278,0.0
2004-09-01,-0.0034133822406300137,0.01602132164788874,0.0
2004-09-02,-0.00734253836089589,0.001909343904958036,0.0
2004-09-03,-0.005740308319496319,0.009203614930579597,0.0
2004-09-04,-0.006331817584743819,-0.01669130421679091,0.0
2004-09-05,-0.020670348122876523,0.010124138843244953,0.0
2004-09-06,0.02405097588154018,0.009853804641881127,0.0
2004-09-07,-0.006887619273973839,-0.006242096749310692,0.0
2004-09-08,0.004119628599938326,-0.019304538655468387,0.0
2004-09-09,-0.0004600236785741136,-0.007476675158658569,0.0
2004-09-10,0.013749968372686203,0.0016416102428575736,0.0
2004-09-11,0.007223091118664441,0.017985383356002287,-0.00012529992824134029
2004-09-12,0.011571411553271635,-0.009690833750839626,0.0
2004-09-13,0.011936256458103518,0.006248321020379675,0.0
2004-09-14,0.008674761273783879,0.00790020593930116,0.0
2004-09-15,0.0006544309512099006,0.007195347504864814,0.0
2004-09-16,0.009368561814001246,-0.004917013143243775,0.0
2004-09-17,-0.01552085484124511,0.008238622756730494,0.0
2004-09-18,0.009147557384012094,-0.01184459027795965,0.0
2004-09-19,0.00727536159716028,-0.017535900637257455,0.0
2004-09-20,0.0033299466855872895,0.0007379834060540839,0.0
2004-09-21,-0.012924716266203186,-0.007078151258191829,0.0
2004-09-22,0.01357299472132524,-0.020893001772742722,0.0
2004-09-23,-0.006387223765297686,0.014559366575625864,0.0
2004-09-24,0.006534904776800906,0.009215418957542692,0.0
2004-09-25,-0.01806876379125029,0.0074724469718102475,0.0
2004-09-26,-0.001472771588943086,-0.007675127675635111,0.0
2004-09-27,-0.006129661394650884,-0.005388498483654531,0.0
2004-09-28,-0.007435029010353226,-0.014153893445935086,0.0
2004-09-29,-0.006314846899692819,0.0013175681600057316,0.0
2004-09-30,0.017958617308090008,-0.0011865838784590125,0.0
2004-10-01,-4.9525180691776216e-05,0.0011360001121671088,0.0
2004-10-02,0.0036744737677282114,0.015998946146511223,0.0
2004-10-03,0.021514477970578857,-0.003557202515199008,0.0
2004-10-04,-0.013947851024538074,-0.0002715827492592759,0.0
2004-10-05,0.01549329980963519,-0.013234072635065347,0.0
2004-10-06,-0.003399490760371879,0.017035600199527677,0.0
2004-10-07,-0.005966189247335122,0.013750773616360684,0.0
2004-10-08,-0.0038006009061068427,-0.02133446464068233,0.0
2004-10-09,-0.017722158533886798,-0.020496171664044337,0.0
2004-10-10,-0.014971345881727847,0.018364087408332796,0.0
2004-10-11,-0.011007281154573244,0.02100142364075678,0.0
2004-10-12,-0.005315875737876626,0.008779645118661066,0.0
2004-10-13,0.007365210485526173,0.01599332123892066,0.0
2004-10-14,0.011056665493905075,-0.011320756892604903,0.0
2004-10-15,-0.003406446281404132,0.0025265794695073234,0.0
2004-10-16,0.003950282451984472,0.010282478513084219,0.0
2004-10-17,0.004580692859979911,2.3713387165933182e-05,0.0
2004-10-18,-0.0020274846267498933,-0.007848062287772848,0.0
2004-10-19,0.0025132742613234514,0.00018434547387112331,0.0
2004-10-20,-0.005621521128268992,-0.006945169149178477,0.0
2004-10-21,0.005761902882925583,0.020954479327998318,0.0
2004-10-22,-0.0019985577249957993,-0.0020317801494706147,0.0
2004-10-23,0.000624745775367521,-0.005221723551756319,0.0
2004-10-24,0.0027668934665213392,-0.01732974000762499,0.0
2004-10-25,0.0016800650944161148,0.016457944866418585,0.0
2004-10-26,-0.0068946271922981014,-6.53047215387435e-05,-0.00023324598288848586
2004-10-27,-0.013184426561799143,0.0073314543062799765,0.0
2004-10-28,-0.00044863063747036533,0.0005552082293805287,-0.00035044062973230844
2004-10-29,-0.00541786408134903,0.004473559265366024,-0.000223958284676605
2004-10-30,-0.005063372435312636,0.0031570598365128905,-0.01084591449058852
2004-10-31,-0.0008314085458694683,-0.00551789198390775,-0.0104347528368096
2004-11-01,-0.006857412063363755,0.0068957365862398244,-0.004265281260075464
2004-11-02,0.00466358678904512,-0.007743964658022393,-0.005015751150195175
2004-11-03,0.004175652374677893,0.004447478444036438,-0.005752809383397284
2004-11-04,-0.008746118879961597,0.007108043827817458,-0.0058552572504771
2004-11-05,0.0038691905882039185,0.008456399747111876,-0.0012757743522284828
2004-11-06,-0.009352766842463802,-0.006009450617638725,-0.006069782651999665
2004-11-07,0.007376176584305428,0.022879458840374022,-0.006754807825891891
2004-11-08,0.0063474567712962105,0.0028804554109827093,-0.013459082812882689
2004-11-09,6.988899152642212e-05,-0.008357209361166237,-0.008148858328792634
2004-11-10,0.00903769233544611,-0.01730279804532759,-0.00963576990804707
2004-11-11,0.010353876612481924,0.0026412366105644765,-0.006681352891592253
2004-11-12,0.004589212381579702,0.0014803531123598638,-0.004910313130832622
2004-11-13,-0.0180776071897451,0.010803196087934695,-0.006275386752168363
2004-11-14,0.0014763281445712697,-0.01730198018642368,-0.00520669199661674
2004-11-15,0.0021550250905222274,0.0007718380292280454,0.0
2004-11-16,0.008173626918353102,0.0054633604187045515,0.0
2004-11-17,-0.009641633257222112,0.010871667074282701,0.0
2004-11-18,0.007153271480225029,-0.016657865871105237,0.0
2004-11-19,0.0036482447970834393,-0.00528188066013172,0.0
2004-11-20,0.0041822063008878215,-0.007094595351833703,0.0
2004-11-21,-0.012199311958245466,-0.0003862764733991768,0.0
2004-11-22,-0.00847202325130192,-0.002155540763145244,0.0
2004-11-23,0.011386497813249326,0.0017429755773604723,0.0
2004-11-24,0.008353176482311597,-0.008491735856171348,0.0
2004-11-25,-0.0007112697148552633,0.004971243468530185,0.0
2004-11-26,0.01091432565341326,-0.014908046032945446,0.0
2004-11-27,0.002734398835344748,0.00012679452690139993,0.0
2004-11-28,-0.004036382374618537,0.02214536945296161,0.0
2004-11-29,-0.0155990903224764,-0.009746718904799717,0.0
2004-11-30,0.010174050656380659,0.018708793974594632,0.0
2004-12-01,-0.0013068638018893042,0.013974258082603537,0.0
2004-12-02,0.0024145361509250694,-0.004210322738854602,0.0
2004-12-03,-0.01778228561645408,0.005515170309617368,0.0
2004-12-04,-0.005320558656868444,0.0066725657969516055,0.0
2004-12-05,0.0030081185131472844,-0.00930685117504879,0.0
2004-12-06,-0.0023950350483493855,-0.020744735874216342,0.0
2004-12-07,-0.007262336507604662,-0.002245621509215948,0.0
2004-12-08,-0.011002828260139279,-0.012905213382199517,0.0
2004-12-09,0.0021060544081378174,0.006181957742426442,0.0
2004-12-10,-0.003624707912344227,-0.016856668132844435,0.0
2004-12-11,-0.0033408858067177382,0.02168585501982186,0.0
2004-12-12,-0.0028751405099810673,0.0248176182514411,0.0
2004-12-13,-0.0064199507787266906,-0.007180871828292597,0.0
2004-12-14,-0.0032754730776665152,-0.020247609404877825,0.0
2004-12-15,-0.006102404013279387,0.0037997193297834783,0.0
2004-12-16,0.0002781617555785939,-0.004929097234359196,0.0
2004-12-17,-0.01364017113770176,-0.0006789661103915189,0.0
2004-12-18,-0.01090623893289562,-0.01580160178917521,0.0
2004-12-19,0.00024866844668355127,-0.014498074936580885,0.0
2004-12-20,-0.001671601332292385,0.005740160987490226,0.0
2004-12-21,0.0015141748813104787,-0.013235535398647259,0.0
2004-12-22,0.01989934602328594,-0.020262655089982175,0.0
2004-12-23,0.007371590282922947,0.005504372990675525,0.0
2004-12-24,0.011161536048482728,0.006340324371731852,0.0
2004-12-25,0.0040951020069038705,-0.0030411814570278253,0.0
2004-12-26,-0.0012150008735603486,-0.010547516762675737,0.0
2004-12-27,-0.007933587060381145,0.016964339572228652,0.0
2004-12-28,-0.0184692398220563,-0.003460603832455958,0.0
2004-12-29,-0.014066289694351072,0.007068434671601871,0.0
2004-12-30,-0.023208037805778497,-0.013494934263253709,0.0
2004-12-31,-0.011153662335615558,-0.01387812901767662,0.0
2005-01-01,-0.015792269510088892,0.002432967595780928,0.0
2005-01-02,-0.00963342485797835,0.01592241188065477,0.0
2005-01-03,-0.0002506264019953788,-0.010287718207826445,0.0
2005-01-04,-0.004102575981192661,-0.005700609812358493,0.0
2005-01-05,0.008714352888857715,-0.003810559758569004,0.0
2005-01-06,0.00888030148885151,0.014571610486833936,0.0
2005-01-07,0.010080769420876368,2.418623946278406e-05,0.0
2005-01-08,0.008463221158539612,0.004384766086208316,0.0
2005-01-09,0.002596823149404317,0.00969130132525604,0.0
2005-01-10,-0.005126843743173118,0.007746112522008173,0.0
2005-01-11,0.004434776645398712,0.01733924699310035,0.0
2005-01-12,-0.002502252249357307,-0.012986287489238,0.0
2005-01-13,-0.0020325032964115283,0.003464468565384818,0.0
2005-01-14,0.004009436315027009,0.00422582830317705,0.0
2005-01-15,-0.010856291654687749,-0.012083419527748445,0.0
2005-01-16,-0.016164617040035474,0.0018349980275546222,0.0
2005-01-17,0.00317749405445116,0.0031141077672146807,0.0
2005-01-18,0.017565485176788846,-0.003355373383808692,0.0
2005-01-19,0.011062713059949854,-0.00635017756421824,0.0
2005-01-20,0.03721097811380685,0.013401879673235096,0.0
2005-01-21,-0.013917730373107316,0.0032700956404922627,0.0
2005-01-22,-0.006426116903876023,-0.00018502214744865118,0.0
2005-01-23,-0.02281784271987957,0.003301739601356282,0.0
2005-01-24,-0.008554409901798817,-0.004440341565581517,0.0
2005-01-25,0.01872746434047187,0.0030264009305317158,0.0
2005-01-26,0.01596493703858389,0.005629029450535526,0.0
2005-01-27,-0.01008951491355901,-0.008127099413753601,0.0
2005-01-28,-0.003212399577595351,-0.00025172237865291443,0.0
2005-01-29,-0.008171106298039157,-9.914159430832306e-05,0.0
2005-01-30,-0.013343618164749813,0.002257441509740652,0.0
2005-01-31,-0.002432392698538121,-0.003510966097944139,0.0
2005-02-01,-0.0032708458806344153,0.000515293054971241,0.0
2005-02-02,0.0009139844558115499,-0.004226070269381853,0.0
2005-02-03,0.002579644191687715,-0.008473978044929812,0.0
2005-02-04,0.006897966857447684,-0.004815646422445505,0.0
2005-02-05,0.013594322112226854,-0.01580055326508581,0.0
2005-02-06,-0.0007935952091763389,0.006695194670840003,0.0
2005-02-07,-0.002084037815359794,0.004113664282661937,0.0
2005-02-08,6.965568525691162e-05,-0.008516137372325963,0.0
2005-02-09,0.004390505828162734,-0.009131271660690969,0.0
2005-02-10,-0.0013100214414918376,-0.00853776193578946,0.0
2005-02-11,-0.009801228598355164,-0.011815698290617722,0.0
2005-02-12,-0.005159010943005079,-0.011154083346879897,0.0
2005-02-13,0.007311403760029484,0.0057300608985417735,0.0
2005-02-14,-0.01019156716878795,-0.002723160330421853,0.0
2005-02-15,0.008037222971138788,0.009529575529786012,0.0
2005-02-16,-0.01380550733229083,0.005554454684736016,0.0
2005-02-17,0.0060298549566307836,0.00471287115291751,0.0
2005-02-18,0.005829349333038587,-0.012938827812895931,0.0
2005-02-19,-0.0021004651636231785,0.01846734743279545,0.0
2005-02-20,-0.0002424338466039668,-0.0013849096235586196,0.0
2005-02-21,-0.0023028187311117543,-0.02306944720188529,0.0
2005-02-22,0.016630987952457883,-0.0021718802337354765,0.0
2005-02-23,-0.004348217419595033,-0.0033173686751454615,0.0
2005-02-24,-0.007230134981217854,0.006168298056961752,0.0
2005-02-25,0.003726367106453983,-0.010168573881674532,0.0
2005-02-26,0.01096823014016017,0.0017996360816346225,0.0
2005-02-27,0.0033123241960339735,-0.0034403805106912313,0.0
2005-02-28,-0.00146096178344399,0.012708003527391336,0.0
2005-03-01,0.010125242619604288,-0.0027011011980623057,0.0
2005-03-02,-0.007518882843246373,0.005430619380099272,0.0
2005-03-03,-0.0077216845405904035,0.01061168985851851,0.0
2005-03-04,-0.012252443909749652,-0.007979303668838936,0.0
2005-03-05,0.011960657831630113,0.0035368143148411697,0.0
2005-03-06,-0.02187852657766147,0.000555590018165559,0.0
2005-03-07,-0.012752668946815893,0.016849804591483438,0.0
2005-03-08,0.0024375307467773637,0.00665159273169597,0.0
2005-03-09,0.004031616358852762,-0.0069922383710633645,0.0
2005-03-10,0.017183655744011202,0.019531430884746438,0.0
2005-03-11,0.004199901864892795,-0.004999742211218744,0.0
2005-03-12,-0.004894577998866854,7.191397419532291e-05,0.0
2005-03-13,0.013670057950036387,0.0017891525646810437,0.0
2005-03-14,0.010535009438454224,0.006547099690716269,0.0
2005-03-15,0.01145033107086187,-0.006320271523986405,0.0
2005-03-16,0.010542953850497937,-0.0018202011304746055,0.0
2005-03-17,0.005037599586170157,-0.0032680320386053426,0.0
2005-03-18,-0.014372809791780246,0.002596530846344256,0.0
2005-03-19,-0.010433088177596654,-0.007738346199434129,0.0
2005-03-20,0.019463538626429407,-0.003815211320806769,0.0
2005-03-21,0.0004176937623689147,-0.01377309637238797,0.0
2005-03-22,-0.018188664367563997,0.018289911945529484,0.0
2005-03-23,0.0005255356054961718,0.005924013434773513,0.0
2005-03-24,0.009495039470361809,0.013413755129634115,0.0
2005-03-25,0.0038801402052702667,-0.006755812904327201,0.0
2005-03-26,0.00011512946932771627,-0.01750351597178411,0.0
2005-03-27,-0.022953143593914187,-0.016124224249546317,0.0
2005-03-28,0.0005687454418509804,-0.012341635483740345,0.0
2005-03-29,-0.001379397035813651,0.005854439747381876,0.0
2005-03-30,0.016526965108334964,-0.003464393561292932,0.0
2005-03-31,5.627994501379302e-06,-0.005035323778575664,0.0
2005-04-01,-0.0005532465023537547,-0.01240433020184023,0.0
2005-04-02,-0.004398244267111571,0.01764823631007882,0.0
2005-04-03,-0.0012579810191854566,-0.01347379307052493,0.0
2005-04-04,0.002643384462507961,-0.0018011853918825456,0.0
2005-04-05,-0.005103313749665789,-0.002401277873768047,0.0
2005-04-06,-0.008777519548212952,-0.000942503502947193,0.0
2005-04-07,-0.012289722464136163,-0.0011257175408215378,0.0
2005-04-08,0.0011020765991733915,0.0043020657508897695,0.0
2005-04-09,-0.0035692135308640228,0.02778564476550176,0.0
2005-04-10,-0.0032201270626966557,0.012198974087710852,0.0
2005-04-11,-0.015083813580650727,0.0038697464063839615,0.0
2005-04-12,-0.008080499749532068,-0.010138265993389524,0.0
2005-04-13,-0.0187874848217394,0.016253302396537432,0.0
2005-04-14,0.009336089545187321,0.016914654307931275,0.0
2005-04-15,0.011557017894340825,-0.005104240476048372,0.0
2005-04-16,0.003936027405927205,0.0064599435476251025,0.0
2005-04-17,-0.0012278577722525665,-0.023180599974536874,0.0
2005-04-18,0.004494095585574532,-0.009718757801508035,0.0
2005-04-19,-0.014792469842918734,0.012335009918326811,0.0
2005-04-20,-0.013216929056673321,-0.016937115333681058,0.0
2005-04-21,0.01150372712291408,0.0076186391030260816,0.0
2005-04-22,-0.010387726774384378,0.012425763459689139,0.0
2005-04-23,-0.0006408835489212501,-0.013881594488288454,0.0
2005-04-24,-0.00676663546527807,-0.0003239212365600219,0.0
2005-04-25,-0.024264526789435612,0.016458888333196527,0.0
2005-04-26,-0.006803906637218392,0.02590080323333262,0.0
2005-04-27,0.007997701659766702,0.0019131679649537767,0.0
2005-04-28,0.012821167897093172,0.016846116040304844,0.0
2005-04-29,-0.025093537338424385,-0.007273184741431933,0.0
2005-04-30,-0.015669504215481075,-0.005595187792531969,0.0
2005-05-01,-0.005873624481332215,0.0059581892496911515,0.0
2005-05-02,0.009692061968335193,0.009241832214872708,0.0
2005-05-03,0.011948764793655258,0.0034787558650931022,0.0
2005-05-04,0.015575198718846557,0.013489975454144357,0.0
2005-05-05,0.016534797864527277,0.01047942870132943,0.0
2005-05-06,-0.00433303967093086,0.01581727478616228,0.0
2005-05-07,-0.00992095978922043,0.01024874345670755,0.0
2005-05-08,0.009009453539847145,0.0029805547059010918,0.0
2005-05-09,-0.002655160356454266,0.004132331462449602,0.0
2005-05-10,0.00017160230083748733,0.0017304020721875901,0.0
2005-05-11,-0.003668178328567601,0.004394397086451506,0.0
2005-05-12,-0.0040062285299363055,0.014354570251061993,0.0
2005-05-13,0.008920881951697794,0.013436315065623147,0.0
2005-05-14,-0.010131001558665488,0.017050449786563702,0.0
2005-05-15,-0.017440261669026045,0.012648744818980292,0.0
2005-05-16,-0.007076848436096619,0.012399797372051508,0.0
2005-05-17,0.0008498714739662272,-0.005357722838092874,0.0
2005-05-18,-0.0031955322301346362,-0.0006088584275056173,0.0
2005-05-19,-0.0015722794124950201,-0.0017704529406833806,0.0
2005-05-20,-0.01990887658168721,-0.004778582289656533,0.0
2005-05-21,-0.008895741686143311,-0.02256872501263992,0.0
2005-05-22,0.010453012606897,0.009884451774008582,0.0
2005-05-23,-0.0019214770179052623,-0.008470238787916322,0.0
2005-05-24,-0.006980041591550117,-0.0053763311575765384,0.0
2005-05-25,0.010907629943589927,-0.0052284509033913105,0.0
2005-05-26,-0.005851081781233174,0.01844245809111118,0.0
2005-05-27,0.0071711766163031435,0.00663266119838335,0.0
2005-05-28,0.0018247342977536802,0.017620731202228436,0.0
2005-05-29,0.0037060012153319554,0.0019527583019691042,0.0
2005-05-30,0.009954688711601397,0.010337912932361542,0.0
2005-05-31,0.02199964463563342,0.010462965449025178,0.0
2005-06-01,0.012307540878167152,0.0006661570168732153,0.0
2005-06-02,-0.008761035283628208,0.0037066761237861618,0.0
2005-06-03,-0.011382018541215415,-0.01554261753384156,0.0
2005-06-04,-0.0036050164655066076,-0.008940625403447361,0.0
2005-06-05,-0.002105737425903419,0.0029058645269637337,0.0
2005-06-06,0.006536415936205593,-0.02205517666668433,0.0
2005-06-07,-8.729164780311249e-05,0.004216617647132856,0.0
2005-06-08,0.0015802931009178157,0.0034636041038783156,0.0
2005-06-09,-0.017311260684558363,-0.005288592411575786,0.0
2005-06-10,-0.0009096566945878966,0.009598879735074109,0.0
2005-06-11,0.004843158779181006,0.006560104720338903,0.0
2005-06-12,0.016499254988010265,0.013244700894449403,0.0
2005-06-13,0.007395238483829911,0.003635499505451984,0.0
2005-06-14,0.0005037630634470826,0.007890116065205842,0.0
2005-06-15,-0.012180442865812253,0.0047736954643030505,0.0
2005-06-16,-0.0005099318823065309,-0.012421298405402688,0.0
2005-06-17,-0.0003957071484799388,0.0012174827841570834,0.0
2005-06-18,-0.0018533126771083167,-7.610016926307658e-05,0.0
2005-06-19,0.0010960134309299955,0.0023328327207202105,0.0
2005-06-20,0.004568577724657115,0.0016416644722206137,0.0
2005-06-21,0.00397129238141256,0.00960583785354833,0.0
2005-06-22,0.02171250054464443,0.0006128978306027248,0.0
2005-06-23,-0.01020326884601558,-0.006535335691654352,0.001249269684249009
2005-06-24,-0.016090527223093863,0.007187428589118185,0.0
2005-06-25,0.003403288930184794,-0.02028274007967254,0.0
2005-06-26,-0.012719593302729853,-0.016480521485104687,0.00985840644800716
2005-06-27,-0.0025752758940527287,0.01559443624499014,0.01078713362063443
2005-06-28,-0.0013173311696783475,-0.013438045133530793,0.0003771016604212918
2005-06-29,-0.008577513596309556,0.002532510408091517,0.0061689694101020875
2005-06-30,0.007370824409558107,-0.007881373528993547,0.00627808323124994
2005-07-01,0.005878422201677553,0.007996916335188592,0.01082013156561406
2005-07-02,0.0008523249372509785,0.0031255593266410952,0.009573310273541767
2005-07-03,0.005493062117965254,0.01269426051547413,0.012347383626964768
2005-07-04,0.008105516166732652,0.008620116549288539,0.01984181759573808
2005-07-05,-0.0036271971860036213,0.007025982972507989,0.027082543647963593
2005-07-06,0.005364580664639406,-0.0032537360254087343,0.024425486735436527
2005-07-07,0.0008172191119124392,0.013887755951796782,0.025908494295655865
2005-07-08,-0.0005952264360658257,-0.004520375373039742,0.028494196721502434
2005-07-09,-0.005199758322145849,0.007315097878582278,0.019915072437878344
2005-07-10,0.016769006474857382,0.010020186296190722,0.02224812804955894
2005-07-11,0.0026700693986706353,0.00501669103252652,0.017962238413538154
2005-07-12,-0.014728916122594343,-0.0016325983925847788,0.017519542015632182
2005-07-13,0.004325005183935729,0.010629136640471572,0.0152217818646821
2005-07-14,-0.02600728582224411,-6.063306150668867e-05,0.009775348793867392
2005-07-15,0.002075679056508127,0.006894334443301799,0.007099449622127385
2005-07-16,0.0070212120262811584,0.0008419840754851924,0.0
2005-07-17,0.013504129940000758,0.015669904128898945,9.293643966200305e-05
2005-07-18,0.001450861872314718,0.007160033041712092,0.003696398983445766
2005-07-19,-0.007618572477354733,0.0008162096123897258,0.007791298727956857
2005-07-20,0.01869599511155881,-0.001396025412346813,0.0
2005-07-21,0.009683559999760031,0.013458983644861349,0.0
2005-07-22,0.012246618133506127,-0.00604465174785666,0.002814510095301981
2005-07-23,-0.0031433121405150576,-0.00025731650572347314,0.0
2005-07-24,0.005676454990471115,-0.010571737717386709,0.0
2005-07-25,-0.01817848791486093,-0.004967106687632952,0.0
2005-07-26,0.0041018645649003906,-0.0004331233642076077,0.0
2005-07-27,-0.021600820409186313,0.004771652821042824,0.0
2005-07-28,-0.010883040394686244,0.000628737029769713,0.0
2005-07-29,-0.01527071332779922,0.010746899450822595,0.0
2005-07-30,0.01072519788747007,-0.017351107191797936,0.0
2005-07-31,0.008516701917624913,0.0223649306547577,0.0
2005-08-01,-0.006511425280256043,0.006382536988464325,0.004975859737805656
2005-08-02,0.011652418989367298,0.007165819021912656,0.0005628543956333679
2005-08-03,0.00011449848508367677,-0.007232196592294446,0.0
2005-08-04,-0.02043376950093551,0.011233378318136613,0.0
2005-08-05,-0.004545287446854318,-0.006232804571758136,0.0
2005-08-06,-0.01787677102075731,0.0008799460621465964,0.0
2005-08-07,3.7617135436093326e-05,0.0035192478781947713,0.0
2005-08-08,0.002906476464483127,0.0073852750010517144,0.005593359676939878
2005-08-09,-0.008055385852183102,0.004659868771062854,0.008918863041731999
2005-08-10,0.007377667773506638,-0.003502866765021556,0.01228560237498521
2005-08-11,0.009799229743760594,-0.00974463785907382,0.016084918299702565
2005-08-12,-0.009601236629170114,0.008710965634063357,0.012711658112293064
2005-08-13,0.004984868315239192,0.014269140909523246,0.01677618632934534
2005-08-14,-0.0016645321727535361,0.005181048779367881,0.012074445634753628
2005-08-15,-0.0034872242116596535,0.005596996507599106,0.014171566004767155
2005-08-16,0.016121986835585383,0.013302736204309377,0.013868393041713972
2005-08-17,-0.007703942516454185,-0.024350779544478077,0.012882809403498209
2005-08-18,-0.004226179399671071,0.004197571591379011,0.0035216956391664264
2005-08-19,-0.0013227588144577394,0.012004898068767849,0.002823820069484652
2005-08-20,0.005040562687922419,0.0032832981066652283,0.0007634563368890887
2005-08-21,0.007066092448278061,0.009658786046229434,0.0009816557514462573
2005-08-22,-0.010034778542790121,0.006082484636556211,0.001086976373730529
2005-08-23,0.013022751137645455,-0.0010592113174237193,0.002532437082989697
2005-08-24,0.017641422401468525,-0.004310936829890275,0.004578923766253878
2005-08-25,0.019456469338626714,0.0005902133623972004,0.0029426023202339807
2005-08-26,0.0010542849126889832,0.011423379324122903,0.003324357000185192
2005-08-27,-0.005677454097870347,-0.0151422434103305,0.011138451236354936
2005-08-28,-0.01128645480464812,0.010402679634384673,0.009706034261052654
2005-08-29,0.0028720630998002694,-0.013769192181528497,0.007947014829237847
2005-08-30,-0.0013339731910092525,0.02136415464168766,0.01127248762244381
2005-08-31,-0.0011742576411089606,0.0007379968347926723,0.012606697469299807
2005-09-01,-0.0067928693775728,0.0025112271528039947,0.01160912300429625
2005-09-02,-0.022678730672897045,-0.00762984549239939,0.0139685416683865
2005-09-03,-0.003463236559212159,0.01796623801240728,0.01641607753650586
2005-09-04,-0.0023050626741669077,-0.0039307023421395314,0.009933498679794303
2005-09-05,-0.004246161040955396,0.015969175189857996,0.009699952054682034
2005-09-06,-0.014729765739814982,0.02182371170987041,0.010237318117075872
2005-09-07,-0.0033137196692243588,0.005762706934328491,0.007268228075695528
2005-09-08,-0.0020559935732005616,-0.005407935602376838,0.003728397264774516
2005-09-09,-0.011834224105042385,0.009747459914225477,0.0038239090316930097
2005-09-10,0.005881738407491607,-0.00335763009637618,0.0015720550546874726
2005-09-11,-0.0009020741825556651,-0.0007712918419748439,0.0
2005-09-12,0.0008074666250219143,0.004798765618086826,0.0
2005-09-13,0.003411470916428484,0.013377392156914716,0.0
2005-09-14,-0.003047847966090236,-0.008328195134854315,0.0
2005-09-15,-0.0013011311581489985,0.009716433083588761,0.0
2005-09-16,0.004792305460464853,0.007802967188343567,0.0
2005-09-17,0.0070864857876298225,0.0016030100327265294,0.0
2005-09-18,0.008416201416609826,0.00958706888383069,0.0
2005-09-19,-0.0023552402512080376,0.0035694539315609558,0.0
2005-09-20,0.007187636562023083,-0.0010201435934752787,0.0
2005-09-21,0.010927118373316587,-0.01721184044229622,0.0
2005-09-22,-0.014506286160697946,-0.021917549825753054,0.0
2005-09-23,-0.004551782532732767,0.0030546797381666014,0.0
2005-09-24,-0.0007230389264738258,0.009401478566183855,0.0
2005-09-25,-0.00044327379487277296,-0.007621529662783347,0.0
2005-09-26,0.017489368320261996,-0.0006287576666413241,0.0
2005-09-27,0.011389758663041814,0.01808257909214102,0.0
2005-09-28,-0.0017890850195149597,0.01080590417773113,0.0
2005-09-29,-0.0015718446320404453,-0.015138482366495502,0.0
2005-09-30,-0.014383042465085191,0.008837793526367545,0.0
2005-10-01,-0.010256271220930232,-0.0006405704280231383,0.0
2005-10-02,0.013014347855351018,0.007268386355681796,0.0
2005-10-03,-0.01762169640524679,0.0028770913772562484,0.0
2005-10-04,0.005882939245441633,-0.007537207072448295,0.0
2005-10-05,-0.007426599708912553,0.022369895525282676,0.0
2005-10-06,-0.0034542871418493538,-0.024062268238871854,0.0009008135306697168
2005-10-07,-0.0013776192952845738,-0.00920755937348756,0.007824448497917781
2005-10-08,0.01792906580155556,0.017894241391909628,0.011394444439290635
2005-10-09,0.0030435837023860108,-0.0036924525824597204,0.013282076682948896
2005-10-10,0.004742210037386242,0.004214025389404849,0.010368319527206606
2005-10-11,0.009833608035532395,-0.008704879076210625,0.006623949422581314
2005-10-12,-0.022480762173328825,0.0041681148077889005,0.005697677304435621
2005-10-13,0.018389690705134774,-0.0014802257053504577,0.006035650071290491
2005-10-14,-0.01701887776841662,-0.016832483160962267,0.006992763656723182
2005-10-15,-0.00746402457356482,-0.008956972651058033,0.0
2005-10-16,0.00662565627828064,0.011313912022539561,0.0
2005-10-17,-0.012548168736138857,-0.0006788313754907499,0.0
2005-10-18,-0.01770599449456115,0.007137718036435111,0.0
2005-10-19,0.011420152667186665,0.003863223863503182,0.0
2005-10-20,-0.0033605021208232533,-0.0018594887978744272,0.0
2005-10-21,0.009188613857658354,-0.01190784613121084,0.0
2005-10-22,0.004677901287104877,0.00292290576267045,0.0
2005-10-23,-0.0021138481304029642,0.006298443402445739,0.0
2005-10-24,0.016786535782564335,-0.011516834754852042,0.0
2005-10-25,-0.0027284660048261405,-0.006098431680719428,0.0
2005-10-26,0.020043781787418394,-0.008779075054945322,0.0
2005-10-27,-0.009061166515359924,-0.02092086775582207,0.0
2005-10-28,-0.010106425605475733,0.0029877011649385656,0.0
2005-10-29,-0.006970386393108353,0.00586703534654977,0.0
2005-10-30,0.002247066051033451,-0.0008707555492297917,0.0
2005-10-31,-0.01144989252531506,0.0024065595169792476,0.0
2005-11-01,-0.007086229480293736,0.0017418089826524432,0.0
2005-11-02,0.014333924033468708,0.012166668727631539,0.0
2005-11-03,0.0017830917702532404,0.008303042546004415,0.0
2005-11-04,0.011516552519185328,0.009549664988441836,0.0
2005-11-05,0.0036630940469524744,-0.0075974479019823935,0.0
2005-11-06,-0.005872850376915254,0.004986415197541685,0.0
2005-11-07,-0.007674522447423555,-0.0001356700047967549,0.0
2005-11-08,0.001864844363255965,-0.010900009761015482,0.0
2005-11-09,0.0007228017078145704,0.0046811026016394695,0.0
2005-11-10,-0.005187658919856354,-0.016639701059235904,0.0
2005-11-11,-0.005554960522842964,-0.011186885585231716,0.0
2005-11-12,0.014512591948224367,0.010797562347443281,0.0
2005-11-13,0.010448404143879264,0.006791050215687695,0.0
2005-11-14,0.0030545843218140072,-0.018647001223315335,0.0
2005-11-15,-0.0033358035984435153,0.0038609024138246645,0.0
2005-11-16,-0.004133913915510473,0.001279640777911198,0.0
2005-11-17,0.02006991745912743,-0.0027060839039676128,0.0
2005-11-18,-0.005902427129806437,-0.011397181399109906,0.0
2005-11-19,0.023121371743237046,-0.003014171053567339,0.0
2005-11-20,-0.0065162196985886515,0.007313999226258555,0.0
2005-11-21,-0.014797444365583768,0.01824062506829313,0.0
2005-11-22,0.020215722169207525,0.008747185172520149,0.0
2005-11-23,-0.0010748774666865,-0.008623844031321918,0.0
2005-11-24,0.01528278645316216,0.0071147867700454325,0.0
2005-11-25,0.004442189173136032,0.02115714341296652,0.0
2005-11-26,-0.0023524841199501064,-0.0017630350957077694,0.0
2005-11-27,0.009451404406925485,-0.012495787837744588,0.0
2005-11-28,-0.0028749291401822187,0.011028915254096286,0.0
2005-11-29,0.00438046231108725,-0.0058840371425874964,0.0
2005-11-30,-0.0013694707347366697,0.0007601053377703261,0.0
2005-12-01,-0.017545666601717972,0.0036570829056610135,0.0
2005-12-02,0.003969534378676168,-0.0016779194702613587,0.0
2005-12-03,-0.005283533248109876,0.0001484290716401787,0.0
2005-12-04,-0.0014230940508967594,0.006807614749672956,0.0
2005-12-05,0.004111812237136637,0.007704423668269631,0.0
2005-12-06,-0.014139626621383346,0.0034862210124644013,0.0
2005-12-07,0.005382030517892472,0.00808401313914146,0.0
2005-12-08,0.005771910943816928,0.003620000079381465,0.0
2005-12-09,0.01916769330870356,-0.006141041926404931,0.0
2005-12-10,0.008178623189102728,0.018363013831491866,0.0
2005-12-11,0.0033796211733295896,0.0038570501975895206,0.0
2005-12-12,-0.006482470098366773,0.005698285080143526,0.0
2005-12-13,-0.0002653403365141247,0.011155788830811808,0.0
2005-12-14,-0.01409359794490595,-0.0006478525175320564,0.0
2005-12-15,0.003982835566618546,-0.013138344849344088,0.0
2005-12-16,-0.002057837406692713,-0.016624416455547346,0.0
2005-12-17,-0.003719784056283648,-0.003584232962498875,0.0
2005-12-18,5.175245703026503e-05,0.010873159656961775,0.0
2005-12-19,0.0044007470312140955,0.00431263530321528,0.0
2005-12-20,0.0024740103226026143,0.0062757747954036575,0.0
2005-12-21,-0.011891829551617222,-0.0044223421814037055,0.0
2005-12-22,0.013046151195915165,-0.01404919069698074,0.0
2005-12-23,0.0001580809150948836,-0.002372998541870315,0.0
2005-12-24,0.0031535937616880543,-0.01828288465153937,0.0
2005-12-25,-0.00011761511349635238,-0.00875795607008002,0.0
2005-12-26,-0.009516404776459392,0.004961400380904852,0.0
2005-12-27,0.0024325424375646887,-0.006903398849890298,0.0
2005-12-28,-0.004099151232134559,-0.014832079501015663,0.0
2005-12-29,-0.00865323302104393,0.004437977195560472,0.0
2005-12-30,0.0010145544728193086,0.004045765004404691,0.0
2005-12-31,0.0072795810841322145,0.0006605868893729645,0.0
2006-01-01,0.005822469997375765,-0.019110655323506833,0.0
2006-01-02,0.0016735152953911581,0.006095561062402153,0.0
2006-01-03,-0.0063166934709724945,-0.0037944659312318992,0.0
2006-01-04,-0.003478697095619194,0.00427183619984225,0.0
2006-01-05,-0.00157415514053694,0.009747796759417775,0.0
2006-01-06,-0.014380207016280809,0.0036103143578460075,0.0
2006-01-07,0.007756152188080389,0.011935682096347407,0.0
2006-01-08,0.0006485380639691728,0.006253185492101781,0.0
2006-01-09,-0.012903461884596639,-0.0052957931063545936,0.0
2006-01-10,0.01457420001273105,-0.00641125288862824,0.0
2006-01-11,0.018888946004899012,0.018667489276244415,0.0
2006-01-12,-0.013046854248791644,0.021611028202855084,0.0
2006-01-13,-0.002002850770226208,-0.002963745090731581,0.0
2006-01-14,-0.008536300104395315,0.0029382761421270502,0.0
2006-01-15,0.007346252236751533,0.004725310029956929,0.0
2006-01-16,-0.013864179923728872,0.00824569937757235,0.0
2006-01-17,0.0045982295201965956,-0.014965387428341198,0.0
2006-01-18,0.0035296082268971973,0.009448327371096448,0.009985122586912025
2006-01-19,0.010697577441110386,0.0045807081329168825,0.011218019405322736
2006-01-20,-0.019041492378862775,-0.005667835659681477,0.013991333472618946
2006-01-21,-0.007878307273562429,0.0010122937681942526,0.014191972866416075
2006-01-22,-0.0023342581308288903,0.01732703816082711,0.013433140240514868
2006-01-23,0.00916962384388009,-0.001214731330260192,0.0
2006-01-24,0.0005873691882663098,0.0196373851696154,0.0
2006-01-25,0.007106019781546738,0.018345638787274705,0.005261031152834668
2006-01-26,0.004194696680517722,-0.0034717287485053405,0.008541991562037242
2006-01-27,-0.00917534027565502,0.009104327671516513,0.00768286845928387
2006-01-28,-0.0014568558032741715,0.013242627966394457,0.009323175493398062
2006-01-29,-0.004247588351901516,-0.0009663902689025261,0.0031157579715049635
2006-01-30,-0.0034320642146476693,-0.019826010703922838,0.0030863371161776107
2006-01-31,-0.009394609907807473,-0.001877712431322912,0.00618335876772802
2006-02-01,0.007147249073087815,0.007937255758243342,0.0062423249143168935
2006-02-02,0.0026639836799852816,0.024124551568062272,0.0033505325142835288
2006-02-03,-0.019200631063981448,0.01033941217786952,0.011096949285792024
2006-02-04,0.006936410660574008,0.01872078711176993,0.010989059067771083
2006-02-05,-0.005942270054737911,0.0035031465920356405,0.00014355711628583762
2006-02-06,-0.015020599558226244,0.011355517275291008,0.0013883640765509214
2006-02-07,0.011619358309051671,-0.005540133320937537,0.0
2006-02-08,-0.0005835998855553344,-0.005803092105340731,0.0011915130896747242
2006-02-09,0.00311932252933605,-0.010060639655546834,0.009751727668349953
2006-02-10,-0.0017353972101517658,-0.010303090219227607,0.011614414305226708
2006-02-11,-0.0007554935091954724,0.001087055327541115,0.007989638912183655
2006-02-12,-0.018276733561069677,0.01789703450787916,0.011068522932769685
2006-02-13,0.007088378215552189,-0.005540477024856487,0.010192735399040191
2006-02-14,-0.0076832390920905606,0.001381891508234835,0.011644327026985264
2006-02-15,-0.00024676624262970565,0.004529128627662539,0.003466236443027418
2006-02-16,-0.0012317438112095824,-0.016630162802751335,0.005745888701867888
2006-02-17,-0.00998258415902089,0.0003538248976888823,0.000976331151249156
2006-02-18,-0.012812325858197261,-0.019294319897352096,0.0
2006-02-19,-0.0019130850225026945,0.012936273628916655,0.0026269108339814287
2006-02-20,0.012215776060146809,0.010718221158687433,0.0007452501555988214
2006-02-21,-0.0069102750396063265,-0.009732400100095514,0.022110575826215353
2006-02-22,-0.006364452157734349,-0.0016397552086750426,0.01832641845270057
2006-02-23,0.0005353928932823221,-0.0008639980370388788,0.014016556982236576
2006-02-24,-0.006139545201692538,-0.007886822501433473,0.01754994360470099
2006-02-25,0.012618563870912527,0.015052992579993204,0.012746574450899266
2006-02-26,0.0041928373939749955,-0.01245418638097465,0.012876732282514437
2006-02-27,0.02449135917688454,0.0016008182367656396,0.0091086006363751
2006-02-28,0.0018116307367498975,-0.015570364186243165,0.008157109143315362
2006-03-01,0.02170608322838339,0.012474340567536735,0.0
2006-03-02,-0.006141125371983357,0.002674635592171341,0.0
2006-03-03,0.0019829662493612617,0.011855978998646965,0.0
2006-03-04,-0.0107792592503307,-0.007192644651293024,0.0
2006-03-05,-0.004073344162002189,-0.025134769342735785,0.0
2006-03-06,-0.0033306375481992347,0.006822382421528065,0.0
2006-03-07,0.005874515505833649,0.004506504136165943,0.0
2006-03-08,0.013341990867951436,0.00973522138430207,0.0
2006-03-09,-0.0027269009038898223,0.0004821357712105511,0.0
2006-03-10,-0.014477807953888755,0.007523026283830936,0.0
2006-03-11,-0.00012011753433064603,0.009507850623393349,0.0
2006-03-12,-0.0017884003099146936,-0.00471823542960362,0.0
2006-03-13,-0.00492235799918273,-0.021273317382595306,0.0
2006-03-14,0.008477522764719228,0.007181965218688606,0.0
2006-03-15,0.011229075653097083,0.0023242851922612596,0.0
2006-03-16,-0.006910142025268387,-0.003952355009010752,0.0
2006-03-17,-0.007005205658583449,-0.012039653942367022,0.0
2006-03-18,-0.025717959509891072,0.017744123505265445,0.0
2006-03-19,-0.006178139605987609,0.002034072866177012,0.0
2006-03-20,0.008410892367315992,0.0017085366218831761,0.0
2006-03-21,-0.009031595795506785,-0.008733624207957223,0.0
2006-03-22,0.009153078154489477,-0.007118273929037792,0.0
2006-03-23,0.006855654145246874,0.0025955219655464713,0.0
2006-03-24,0.006320098969511705,-0.01264682352687048,0.0
2006-03-25,0.006514258286542486,0.012559966483258586,0.0
2006-03-26,-0.000556383603327896,-0.004243395911607792,0.0
2006-03-27,0.01043002316427438,0.013196208567564004,0.0
2006-03-28,0.010830880382835646,0.0017469356263872405,0.0
2006-03-29,0.003795682989991764,-0.0076338128422186406,0.0
2006-03-30,-3.095807892041456e-05,0.020555833353112583,0.0
2006-03-31,0.013288999177108145,-0.00022174804057573005,0.0
2006-04-01,0.015287033808295812,-0.004832313188140225,0.0
2006-04-02,-0.005908061763782615,0.009715062286119383,0.0
2006-04-03,0.008727151832286775,0.004295559808923814,0.0
2006-04-04,0.0009904674009803803,0.0005511522184800366,0.0
2006-04-05,0.023720073139397283,-0.01961641475640253,0.0
2006-04-06,-0.0027765167802287862,-0.016990275071945452,0.0
2006-04-07,-0.005741567444983014,0.009411255568393308,0.0
2006-04-08,-0.008678731518807143,-0.0050323064135673595,0.0
2006-04-09,0.009545191581001615,0.005132806798222038,0.0
2006-04-10,-0.010048835672139116,-0.008644029518193397,0.0
2006-04-11,0.006874179232275332,0.002870706835665256,0.0
2006-04-12,-0.0046504489419982925,-0.017667516868418706,0.0
2006-04-13,0.013844683331444993,-0.002163158483952599,0.0
2006-04-14,0.016117361845077782,0.014631789467970184,0.0
2006-04-15,0.011843598678936846,0.0023547380391947363,0.0
2006-04-16,-0.018938857830310667,-0.0036285625112351533,0.0
2006-04-17,-0.014030707300553431,-0.0009725405312071421,0.0
2006-04-18,-0.026402870441984028,6.2049972279335e-05,0.0
2006-04-19,0.026716250014416,0.018984239222327604,0.0
2006-04-20,-0.005456294437554742,0.0017672154001372384,0.0
2006-04-21,-0.003633233573476321,0.004584065853028323,0.0
2006-04-22,0.0009254170994578146,-0.004789621456867016,0.0
2006-04-23,0.006486595551952649,0.005708699011486867,0.0
2006-04-24,-0.002848651292441511,0.0047061081363391445,0.0
2006-04-25,0.0011131595792847546,-0.007057925809120562,0.0
2006-04-26,0.00036825452295975654,-0.016708662951045165,0.0
2006-04-27,-0.01252548148114953,-0.0023258073623807166,0.0
2006-04-28,0.018525848073391502,0.011752643489653953,0.0
2006-04-29,0.0177608651367926,-0.005917226144424319,0.0
2006-04-30,0.0007710871329001613,-0.0037146323248744163,0.0
2006-05-01,-0.000821975783319371,0.011689696572420152,-0.0008911587507143826
2006-05-02,0.019255208912681804,-0.002350197742674646,-0.0024659157124192546
2006-05-03,0.024891808238738378,-0.01971334457623417,-0.002790916642715746
2006-05-04,0.0010575777199301345,0.017669848100000943,-0.017500015051956502
2006-05-05,0.006563023337903069,0.0007189078299648715,-0.003041546988518884
2006-05-06,-0.0035526485486095894,-0.004614546071171045,-0.0028787272261996052
2006-05-07,0.003886824263807003,-0.003044270433647052,-0.0021833722913072798
2006-05-08,-0.02493358019008365,0.007909706815062131,-0.0045538581196363295
2006-05-09,-0.021848489458527146,-0.006060618281074095,-0.003426931651414937
2006-05-10,0.0050882294694471145,0.016120110834195487,0.0
2006-05-11,-0.001297468074406013,0.004631695299217518,-0.004716080088861152
2006-05-12,0.004569901183353296,0.006171947630839677,0.0
2006-05-13,0.0014022602030677412,0.0030188702615495944,0.0
2006-05-14,0.006669076072697142,-0.005810734756429216,-0.0017293183589271732
2006-05-15,0.003209817162712311,0.0018361663400512799,-0.0051013685729804845
2006-05-16,-0.0010581913851953073,0.018273076750162195,-0.004740202896926983
2006-05-17,0.004878411348610537,-0.00523155794690885,-0.0032073267873766395
2006-05-18,-0.005935753062034197,0.0005287020536195919,-0.011226078640436898
2006-05-19,0.014811742739069203,-0.000979139207475931,-0.009264789864070977
2006-05-20,-0.009012449417613828,-0.0025017167742539164,-0.009006990788873126
2006-05-21,-0.00324457159304477,0.0077445180731283685,-0.011223830004649014
2006-05-22,0.009776742714675286,-0.015871721033215703,-0.012552235790989186
2006-05-23,-0.002903010848668815,0.007610167971565954,-0.011257148048269057
2006-05-24,0.010371337999425405,-0.012954036086287486,-0.009440007463923969
2006-05-25,0.015387826276217216,-0.0036116318216836917,-0.007888471649581279
2006-05-26,0.008669367948901737,-0.0013145400980359295,-0.005258171787750857
2006-05-27,-0.003564359304248545,0.028694311333024056,-0.014702159695518364
2006-05-28,0.019902626039319728,-0.0134089955142346,-0.01442669430821418
2006-05-29,0.005448811826805866,0.01491213112806272,-0.014673461309504948
2006-05-30,-0.00876403071590878,0.006648301477963224,-0.003223946794561089
2006-05-31,0.021041935443951262,-0.007946516312884533,0.0
2006-06-01,0.002753230193183589,0.009147406849720074,0.0
2006-06-02,0.007109987764185697,-0.00031533962382401527,0.0
2006-06-03,0.009943133960241681,-0.016061705740413778,0.0
2006-06-04,-0.004202317740814584,-0.01740716375722578,0.0
2006-06-05,0.00995169700688394,0.0010009243379026731,-0.0021712763248737665
2006-06-06,-0.011465249077954208,0.002918374310480365,-0.002756963287643563
2006-06-07,-0.00885763486926313,-0.016012827481077664,-0.002726607357508133
2006-06-08,-0.002957755084686898,6.596817948060195e-05,0.0
2006-06-09,0.02281141481469554,-0.0032852548782345637,0.0
2006-06-10,0.007004929492710106,0.00466389038199756,0.0
2006-06-11,0.012651415577692022,-0.007258406113815733,0.0
2006-06-12,-0.003320023402502046,0.0004638438118677221,0.0
2006-06-13,0.006382116901550937,-0.0015437093974439528,0.0
2006-06-14,-0.020096547313780414,0.005364780256460765,0.0
2006-06-15,-0.0014952186347525287,0.010177286905271287,0.0
2006-06-16,0.005428114249754951,0.020011984732093507,0.0
2006-06-17,-0.004599622983097778,-0.015302773211408629,0.0
2006-06-18,-0.018753626975414245,0.0021754093344612062,0.0
2006-06-19,-0.01530327153485143,-0.009478982555337518,0.0
2006-06-20,0.007448730696338084,-0.011903960761502293,0.0
2006-06-21,0.014546913213859406,-0.018216300237251033,0.0
2006-06-22,-0.0026880946211199483,-0.006424904379714984,0.0
2006-06-23,0.01703993493798727,-0.0004890261214002794,0.0
2006-06-24,-0.01198612277788008,-0.003495816080895003,0.0
2006-06-25,0.007242661488521972,0.0011603564981417646,0.0
2006-06-26,0.004018992194071009,0.0007956001962400445,0.0
2006-06-27,0.01152791990881781,0.003412946098856686,0.0
2006-06-28,-0.014078632001211901,-0.0007011494384666149,0.0
2006-06-29,0.010975469290575779,0.0018531529125743879,0.0
2006-06-30,0.0020698210410634472,0.0004646302294346665,0.0
2006-07-01,-0.007741128759654841,-0.005981266678988948,0.0
2006-07-02,-0.0036860155545057555,-0.014633396496795292,0.0
2006-07-03,-0.0013299782265539437,-0.016127195742964937,0.0
2006-07-04,0.0036746649873030546,0.0026773248527614,0.0
2006-07-05,-0.0077335380594338934,-0.011613835600348578,0.0
2006-07-06,-0.007881767824850432,0.0054056894299528545,0.0
2006-07-07,0.00162934167635093,-0.006712186256570979,0.0
2006-07-08,0.0003457842409264831,-0.00969089284771076,0.0
2006-07-09,0.005694536815941399,-0.0045514137276054505,0.0
2006-07-10,0.009750995404381423,-0.0006749040396295966,0.0
2006-07-11,-0.017984270269365173,0.01490098226829724,0.0
2006-07-12,-0.00034013465762180306,-0.006322125662930832,0.0
2006-07-13,0.0028962035703166116,-0.0072536560229009405,0.0
2006-07-14,0.000987594590055635,0.0014902752579974991,0.0
2006-07-15,-0.010292229213592826,0.0076232758613437295,0.0
2006-07-16,0.007599426922384153,-0.003117824848746759,0.0
2006-07-17,0.017627022807996624,-0.007198682439228343,0.0
2006-07-18,-0.0013499156810895907,0.0032524681459704316,0.0
2006-07-19,-0.007585815841095566,0.0011838865533053224,0.0
2006-07-20,0.008113417860915871,0.0026548432214642324,0.0
2006-07-21,0.0005060669449718306,-0.015068900892082704,0.0
2006-07-22,0.0014838596429209369,0.004763203260766921,0.0
2006-07-23,0.0025403021908725655,-0.0007352922083657875,0.0
2006-07-24,-0.004313062475178985,0.009128144296169618,0.0
2006-07-25,0.00011298148152680402,-0.0037470538463076986,0.0
2006-07-26,-0.007022162958379591,0.002774679652779071,0.0
2006-07-27,-0.019522212766788796,-0.0038022964142112605,0.0
2006-07-28,0.010658501206878912,0.019603311903520444,0.0
2006-07-29,0.0030972462483681963,-0.01590126689886427,0.0
2006-07-30,-0.0005153714932428636,-0.01096241336078052,0.0
2006-07-31,0.013729450554987881,-0.009307368511511135,0.0
2006-08-01,-0.0013729869037432693,-0.0309330426418508,0.0
2006-08-02,0.011454659420009169,-0.009257050122796305,-0.009330337763370444
2006-08-03,0.008469681532220477,0.014014499704176326,-0.014719021498821476
2006-08-04,-0.0027543688503140497,0.009267006501901414,-0.010511998736636122
2006-08-05,-0.012465129972097404,0.010437245777887502,-0.007170379097836063
2006-08-06,0.0049370289153360695,-0.005440299968273665,-0.006026329863672429
2006-08-07,0.002422572427694584,-0.007244329211222537,-0.004219284127215325
2006-08-08,0.010325982364491374,-0.003714780672275966,-0.004040661352824278
2006-08-09,-0.015433256169045069,-0.011188876029277385,-0.005674029810157313
2006-08-10,-0.0011063441709888817,-0.02013865410020039,-0.010638790090489118
2006-08-11,0.0024867782423183935,0.00919605042349903,0.0
2006-08-12,0.0035926754308686303,-0.001577269912190491,0.0
2006-08-13,0.0013242293098907735,0.012204970992181145,0.0
2006-08-14,0.0032433861974332616,-0.01493792980569753,0.0
2006-08-15,-0.023270869097793755,-0.0004171324233406941,0.0
2006-08-16,-0.0030310868496774817,-0.01607093150524072,0.0
2006-08-17,-0.006622250932098163,0.014102123929566019,0.0
2006-08-18,-0.015448012882929239,-0.0003448513794088166,0.0
2006-08-19,0.001251384419360231,-0.011382103523586387,0.0
2006-08-20,-0.0038400529219965174,-0.011109690937516133,0.0
2006-08-21,-0.011569550225582577,0.011194955796661106,0.0
2006-08-22,-0.013961870192869284,-0.011869396802143732,0.0
2006-08-23,0.003332032327430517,-0.00355522884619547,0.0
2006-08-24,-0.02549057471734376,-0.0013101038792169548,0.0
2006-08-25,-0.0008609248603530897,-0.011267677731945995,0.0
2006-08-26,-0.01120632378962581,0.013480149193680015,0.0
2006-08-27,0.0014315877159568145,0.01675204150198044,0.0
2006-08-28,0.01940847315976809,-0.006599543558713559,0.0
2006-08-29,0.01037541551948866,0.0006466767711851787,0.0
2006-08-30,-0.0005111700468919926,0.005957854490398503,0.0
2006-08-31,0.015277069157691694,0.004965838571404558,0.0
2006-09-01,0.019091378944607044,0.006021745501423203,0.0
2006-09-02,0.010131640150613616,-0.012313686643284957,0.0
2006-09-03,0.018820195282837075,-0.0006875334959627306,0.0
2006-09-04,0.002343243687370887,-0.014813457848201286,0.0
2006-09-05,0.006594092603971674,-0.0021094836083543726,0.0
2006-09-06,-0.0006502703444235578,0.003993010558919695,0.0
2006-09-07,-0.003639489233066052,0.00725628527202725,0.0
2006-09-08,0.00045822583326187805,-0.021557520871528093,0.0
2006-09-09,-0.007636554335307747,0.0015411825911085448,0.0
2006-09-10,-0.0007627854495761266,-0.014686815951136347,0.0
2006-09-11,0.022536946475970085,0.0038680750347944728,0.0
2006-09-12,0.007436828918287306,0.0031120822228142796,0.0
2006-09-13,-0.0016949718561680889,0.0010647249744563361,0.0
2006-09-14,0.017645536484425576,0.008693234423358231,0.0
2006-09-15,0.014846075476028049,0.0019130814942460586,0.0
2006-09-16,-0.010532301576556737,-0.008341548786312297,0.0
2006-09-17,-0.006793648292256331,-0.004020828333311093,0.0
2006-09-18,0.01774905867753131,0.002763130355876644,0.0
2006-09-19,0.0012415962380467804,-0.016839953863833402,0.0
2006-09-20,0.002120393877238318,-0.003062800425435312,0.0
2006-09-21,-0.005058500447166038,0.0028869288609017552,0.0
2006-09-22,-0.010916425823716663,-0.011073817169983059,0.0
2006-09-23,0.01188312932001657,0.011254917052447218,0.0
2006-09-24,-0.007910885645433775,0.010135441166142121,0.0
2006-09-25,0.0057384626044062,0.004532145822629996,0.0
2006-09-26,0.019058928819112256,-0.0016277072290647714,0.0
2006-09-27,0.005701746318459508,-0.0040196735430184415,0.0
2006-09-28,-0.0018667194259924902,0.005127105858335522,0.0
2006-09-29,0.006660078740551607,0.003915183391184176,0.0
2006-09-30,0.0059340919512162185,0.008706897089460985,0.0
2006-10-01,-0.004348809830600168,-0.007456376882388089,0.0
2006-10-02,0.0029580585248537208,0.005324029005067298,0.0
2006-10-03,-0.011982765670100343,0.010216067997810432,0.0
2006-10-04,-0.017481072264790506,-0.010013101756181886,0.0
2006-10-05,-0.005317999236045918,0.0006226464271365497,0.0
2006-10-06,-0.017541589061379117,-0.0003758642290593102,0.0
2006-10-07,-0.006186195093687598,-0.0025903666913564354,0.0
2006-10-08,-0.0010461504781324382,0.008645860583448175,0.0
2006-10-09,0.0020314502332528244,-0.002410363025005582,0.0
2006-10-10,0.019021319399618798,0.006234386587629188,0.0
2006-10-11,-0.00921393651346512,0.0033150299827555685,0.0
2006-10-12,-0.004502247729797439,0.006628863781838749,0.0
2006-10-13,-0.00457579654854854,-0.0030910786312325737,0.0
2006-10-14,-0.010128090569659933,-0.007096290230208633,0.0
2006-10-15,0.020631217565152953,0.005540953120599552,0.0
2006-10-16,-0.007815357485335813,-0.00029400814157594455,0.0
2006-10-17,-0.00235195143287975,0.007252913352311012,0.0
2006-10-18,-0.0017597579529695325,-0.0054688817834848405,0.0
2006-10-19,0.024755736299051114,-0.0061463353193966855,0.0
2006-10-20,-0.0031123661848429713,0.0060399362891727995,0.0
2006-10-21,-0.007786526204351929,0.0006767631523481601,0.0
2006-10-22,0.012554961850383434,-0.0019836937954021074,0.0
2006-10-23,-0.006722530239810177,0.005798571681058938,0.0
2006-10-24,-0.02143568330263582,-0.002418143576153067,0.0
2006-10-25,0.011481619054585111,0.00108161689407734,0.0
2006-10-26,0.009448650248439478,0.004358878832737741,0.0
2006-10-27,-0.014589352710279571,-0.011118417125228094,0.0
2006-10-28,-0.012678870578700943,0.008728210043140065,0.0
2006-10-29,-0.0004613154546485988,-0.0006085352954796189,0.0
2006-10-30,-0.009975784634050034,-0.0031823102261797852,0.0
2006-10-31,-0.015623527375736794,-0.0010896038217971112,0.0
2006-11-01,-0.012360726113474536,-0.006576103205931097,0.0
2006-11-02,0.018015779298081954,-0.018010081540359667,0.0
2006-11-03,0.010767821342163945,5.708543747250558e-05,0.0
2006-11-04,-0.011110591071817945,-0.004691517082052069,0.0
2006-11-05,-0.0018303334425072745,0.015133512653923487,0.0
2006-11-06,0.0007945629665519528,0.013713937697667227,0.0
2006-11-07,-0.003761700602706675,-0.005059922689014813,0.0
2006-11-08,-0.0006967437288093528,0.0028145443905057644,0.0
2006-11-09,0.017529566747747513,0.010109259335141261,0.0
2006-11-10,-0.006870005962888733,0.0033219609052640145,0.0
2006-11-11,-0.008263813832300366,-0.001661213908495235,0.0
2006-11-12,-0.0008842574394776398,-0.003338153507792628,0.0
2006-11-13,-0.007323206996458849,-0.009823154701078014,0.0
2006-11-14,-0.004980579052157041,0.008017997740045978,0.0
2006-11-15,-0.004976299809585633,0.005638834414995317,0.0
2006-11-16,-0.0106709607843902,0.0013729379293832642,0.0
2006-11-17,0.011880771731591055,-0.0001936753523417207,0.0
2006-11-18,-0.0073067747526798996,0.016236448755298775,0.0
2006-11-19,0.013018175840174189,0.004102227679113939,0.0
2006-11-20,-0.009238019959532209,0.01267414694575115,0.0
2006-11-21,-0.009913659885891588,-0.011586585240630142,0.0
2006-11-22,0.0019989190967870532,-0.008320443938887421,0.0
2006-11-23,-0.003257720811212926,-0.00785605772275903,0.0
2006-11-24,0.008102751868555804,0.006743444091562908,0.0
2006-11-25,0.006354692095592116,-0.0034835856828190387,0.0
2006-11-26,0.02319846384538702,0.01240923099536751,0.0
2006-11-27,-0.03082128228842259,0.0010181275074073646,0.0
2006-11-28,-0.01127604314589461,0.00931847753819521,0.0
2006-11-29,-0.001029882994387834,-0.0031947752123927652,0.0
2006-11-30,-0.0027757729431381723,0.00845158915429461,0.0
2006-12-01,-0.001139231574017004,-0.0028467561485506243,0.0
2006-12-02,0.025991421506703333,-0.0005441152924417416,0.0
2006-12-03,-0.023811880342581953,-0.00928797586823631,0.0
2006-12-04,0.006395253761017763,-0.016839944274152474,0.0
2006-12-05,-0.0029501241673141588,-0.010809245541940557,0.0
2006-12-06,-0.0005081303973009727,0.0027872188955531496,0.0
2006-12-07,0.010562080335695506,0.0026873398143071998,0.0
2006-12-08,-0.0012014948655419586,-0.01513444722753682,0.0
2006-12-09,0.007548915578383747,-0.011066468958191888,0.0
2006-12-10,0.012731538033492118,-0.013087598832388577,0.0
2006-12-11,0.01172034932387891,0.005407561039117905,0.0
2006-12-12,-0.01982437187651272,-0.008286188649187173,0.0
2006-12-13,-0.007320448363942764,-0.009619430754459516,0.0
2006-12-14,-0.014039951001939268,0.004370215562147982,0.0
2006-12-15,-0.008718453456176478,-0.005677425269226173,0.0
2006-12-16,-0.0026351140129495334,0.00482801035143551,0.0
2006-12-17,0.020776478241883677,0.007098328121443199,0.0
2006-12-18,-0.007297149919733546,-0.005413865887146829,0.0
2006-12-19,-0.003764611505985173,-0.016086177503061787,0.0
2006-12-20,-0.002450606879782937,-0.0026862629990488276,0.0
2006-12-21,0.0147483375318429,0.020348656168935643,0.0
2006-12-22,-0.006485666017842049,-0.010262752202211374,0.0
2006-12-23,0.003946695150668708,0.012558124748643172,0.0
2006-12-24,0.0077491735113452975,-0.006179197846911239,0.0
2006-12-25,0.005161701799638826,-0.009209998149298796,0.0
2006-12-26,-0.0216670178795578,0.013729226167250566,0.0
2006-12-27,-0.014273670888212136,-0.004149871755422187,0.0
2006-12-28,0.006136400450740687,-0.02035886507577014,0.0
2006-12-29,-0.01916681928251702,-0.012862461275248522,0.0
2006-12-30,-0.0033146119836419954,-0.008174917237785718,0.0
2006-12-31,-0.01655669121452936,-0.005646303067495595,0.0
2007-01-01,0.0030498191968908656,0.011719615292152168,0.0
2007-01-02,-0.0015716390794102478,0.008778433648473841,0.0
2007-01-03,-0.01715803006523902,-0.00020900199956452777,0.0
2007-01-04,-0.0037458531221476023,0.004019368267402166,0.0
2007-01-05,-0.012154694537669557,-0.004670635640374108,0.0
2007-01-06,-0.006955314569417143,-0.015964079471547498,0.0
2007-01-07,0.01168589008123826,2.5222340692387862e-05,0.0
2007-01-08,0.0016672103965323932,-0.0022865339746905343,0.0
2007-01-09,0.002244369657558131,0.008549060135056585,0.0
2007-01-10,0.014576401254154062,0.0028739724841339393,0.0
2007-01-11,-0.00014773932776580666,0.010727506905067501,0.0
2007-01-12,0.012257556608739312,-0.003983184644271927,0.0
2007-01-13,0.00284059357126225,-0.003572120456811031,0.0
2007-01-14,0.0015363584778243441,-0.004451829805361777,0.0
2007-01-15,-0.004969695204252429,-0.008146045270413948,0.0
2007-01-16,-0.00978744394050479,0.010072819108050938,0.0
2007-01-17,-0.011837136343060977,0.0013924794526833531,0.0
2007-01-18,-0.010789255938798719,-0.011496345367526306,0.0
2007-01-19,0.004131005780689531,-0.005958850658756745,0.0
2007-01-20,0.0029727710056832186,0.017744465529544808,0.0
2007-01-21,-0.009817111022431164,0.021921536316278925,0.0
2007-01-22,0.01137926330333779,0.013082692923424047,0.0
2007-01-23,-0.007740330385440796,0.0010914973029090174,0.0
2007-01-24,-0.005208227386005652,0.014976275197028986,0.0
2007-01-25,-0.015284979161866568,-0.0006173019688673662,0.0
2007-01-26,-0.009773051713173822,-0.01123156284099239,0.0
2007-01-27,0.007742154371565856,0.0005792813413734551,0.0
2007-01-28,0.0033230026015878145,-0.01044288258927868,0.0
2007-01-29,-0.007646494888023824,-0.0021768882948430064,0.0
2007-01-30,0.011457006090779796,0.02131483482875272,0.0
2007-01-31,-0.0018276311841770709,0.004908146128742743,0.0
2007-02-01,-0.0003621026487551104,0.0019183479908449284,0.0
2007-02-02,0.00963476937789711,0.007565749729071241,0.0
2007-02-03,0.003560256691434026,-0.004329757295332996,0.0
2007-02-04,-0.0045299402530878784,0.0023190494232139735,0.0
2007-02-05,-0.011925532734194704,-0.009490330089629899,0.0
2007-02-06,0.012009245596806922,-0.013086222183707577,0.0
2007-02-07,-0.025180289097114134,-0.004782693503889646,0.0
2007-02-08,-0.007473776362808166,-0.011627384723607654,0.0
2007-02-09,-0.01898096288747189,-0.021541253751710943,0.0
2007-02-10,-0.007131637316825739,-0.00521987591109669,0.0
2007-02-11,0.007502427632899188,-0.010298520091738884,0.0
2007-02-12,-0.004554839521021163,-0.009050619287969991,0.0
2007-02-13,-0.0054908406285365365,0.013308829159501184,0.0
2007-02-14,-0.0016503004019173598,0.005247604830527896,0.0074742648441283935
2007-02-15,0.018857115259872572,0.01150957776368784,0.005391067124987353
2007-02-16,0.012871147216272917,-0.003083477008942199,0.005572265161916716
2007-02-17,0.0011964559303560625,-0.011823192234301364,0.0033179108019662992
2007-02-18,-0.007660504935445236,-0.009109539021639168,0.0
2007-02-19,-0.005162662774362898,0.016547735180222237,0.0
2007-02-20,0.0023635085514178106,-0.027169736576815727,0.0
2007-02-21,-0.0035272989330973853,-0.005309375864691605,0.0
2007-02-22,-0.0023306981829970138,0.0014907440507997566,0.0
2007-02-23,-0.011698309147022,-0.015189693541426257,0.0016666607326361813
2007-02-24,-0.014930880951598958,0.007854562287565167,0.005938407977884447
2007-02-25,-0.012241345888134471,-0.007703353270229344,0.00520544738890176
2007-02-26,0.0013485397512813225,0.0011526483034687241,0.008277864964599188
2007-02-27,-0.010433401297936105,0.012337468551917082,0.007773796062969789
2007-02-28,0.024750130451652017,0.020889921654288865,0.01954450075443101
2007-03-01,0.004698197019928715,-0.01355565549134905,0.00014602196194520023
2007-03-02,0.005726712919049038,-0.0014294836253395718,0.0
2007-03-03,0.009262164048927664,0.01373446015841608,0.0
2007-03-04,-0.011448562472890127,0.017875288037430197,0.0
2007-03-05,-0.0127229086144075,0.004752671252902202,0.0
2007-03-06,-0.003099025100309922,-0.017800998089665215,0.0
2007-03-07,0.005300945309331065,-0.003656278673013589,0.008055218939651602
2007-03-08,0.004948512380804011,0.009898922002761979,0.007691196489502727
2007-03-09,0.016111103390246122,-0.004433103001967221,0.00950244720931271
2007-03-10,0.013666266909175452,-0.0037014849503044186,0.008427819638787942
2007-03-11,0.0102176644411623,-0.01035262675367447,0.006828058803655709
2007-03-12,0.011164075767970422,-0.004995773613684159,0.002235335128231944
2007-03-13,0.002475231993662076,0.008894533649088219,0.0
2007-03-14,0.008535176701718515,0.007021699213339644,0.0017509388759923694
2007-03-15,-0.0028885696448177653,-0.010657770869368617,0.002188676729782839
2007-03-16,-0.004237827063337609,0.012426508119743397,0.0
2007-03-17,0.009607080313127106,-0.013528244987439177,0.0
2007-03-18,-0.016586718505428005,0.008186285957617839,0.0031405541145021545
2007-03-19,0.014371404634289443,0.011272295493945341,0.003937879326356246
2007-03-20,0.019080706942604577,-0.013471758247723934,0.0
2007-03-21,-0.0045605133843236315,-0.017408722849426073,0.0
2007-03-22,0.008035743719348452,0.010028524475134321,0.0
2007-03-23,0.0022151130471263327,0.0066849209889113135,0.0
2007-03-24,-0.00935552610326796,0.0025604882881890448,0.0
2007-03-25,0.004340203869067037,-0.0069952155296789656,0.0
2007-03-26,0.0060211560219627005,0.0041503468515001135,0.0
2007-03-27,0.010937138837424676,-0.01381154378281932,0.0
2007-03-28,-0.0026092996600413543,0.007930102127172833,0.0
2007-03-29,0.002170802929373111,0.02250962001951809,0.0
2007-03-30,-0.0054015067594028725,-0.0014174086657913415,0.0
2007-03-31,0.01095379979666021,0.010411757329907446,0.0
2007-04-01,-0.0002202481916376501,-0.007809253862709799,0.0
2007-04-02,0.009510801579194381,0.0035020675573088993,0.0
2007-04-03,-0.006028025193044159,-0.0014532133396743115,0.0
2007-04-04,0.0020184980960802866,0.004710654992021322,0.0
2007-04-05,-0.008285089957047352,-0.002432427677638587,0.0
2007-04-06,-0.006700959064966073,-0.016004459460001792,0.0
2007-04-07,0.012024153457550786,0.010530082931894717,0.0
2007-04-08,-0.0010569310759627525,-0.0107240642419395,0.0
2007-04-09,-6.620825361334613e-05,0.010938856051142523,0.0
2007-04-10,0.0081926816423792,-0.011256176761842577,0.0
2007-04-11,-0.007382640642417436,0.007914994844880195,0.0
2007-04-12,0.020409881109881588,0.003917234895485145,0.0
2007-04-13,-0.0070249111390328035,-0.004643479034471824,0.0
2007-04-14,-0.0031675040606183296,0.009604978410474183,0.0
2007-04-15,0.022791172877535217,0.0027307646431362436,0.0
2007-04-16,-0.016550366246706208,0.015561340244810795,0.0
2007-04-17,0.01860976863476912,0.006733989003543821,0.0
2007-04-18,0.004713371488854693,0.01205577881627258,0.0
2007-04-19,0.005977265769025638,-0.01934518441610492,0.0
2007-04-20,-0.00983101348272543,0.013507563845016649,0.0
2007-04-21,0.002496389387988758,-0.0020304076511875203,0.0
2007-04-22,-0.012026553457174745,-0.0019744289294980383,0.0
2007-04-23,0.010815379304932394,-0.012278862497049958,0.0
2007-04-24,-0.0017795314486332686,-0.006787633621069992,0.0
2007-04-25,-0.00589599570899516,-0.0026176256189434635,0.0
2007-04-26,-0.004252552395218779,0.0008844278159614026,0.0
2007-04-27,-0.0009272814868185791,0.0007863698007394018,0.0
2007-04-28,0.010458999603834965,-0.0035332790239813667,0.0
2007-04-29,0.00429382908512133,0.001654126714305067,0.0
2007-04-30,-0.007144282246387918,0.008409345659070207,0.0
2007-05-01,-0.008243495913970677,-0.004629867609435634,0.0
2007-05-02,-0.009860839300159274,-0.006225793996449558,0.0
2007-05-03,0.008527042417626477,0.010382718814420407,0.0
2007-05-04,0.005344383214961664,0.004280992892764652,0.0
2007-05-05,-0.01072182484746722,-0.009008621214176091,0.0
2007-05-06,-0.015928831143417154,0.0066041337529044565,0.0
2007-05-07,-0.00016608580392607223,0.0042748382443136435,0.0
2007-05-08,-0.005406407304180917,0.021142072364445822,0.0
2007-05-09,0.005684224127552285,0.008737031587854122,0.0
2007-05-10,-0.0008536550658263324,0.007924159337360955,0.0
2007-05-11,0.004101733346498022,-0.0005753882679499779,0.0
2007-05-12,0.008451035628355131,-0.00891379991117348,0.0
2007-05-13,0.010823104577770859,-0.0006991528156594451,0.0
2007-05-14,-0.0018815385480000205,-0.002302748579642449,0.0
2007-05-15,0.007474090085448346,-0.0025933142420869783,0.0
2007-05-16,-0.00549796788471375,0.011125097878366798,0.0
2007-05-17,-0.01189577296831772,-0.00978542004155427,0.0
2007-05-18,0.0024928976444060376,0.01667984020444823,0.0
2007-05-19,0.012289837367066028,-0.009439738829545402,0.0
2007-05-20,0.014476039629382653,-0.013453262778578019,0.0
2007-05-21,-0.0004597460941976628,0.009223594456794292,0.0
2007-05-22,-0.01715987636181045,-0.0022003759649226423,0.0
2007-05-23,0.0033946836849900763,-0.006714878142687242,0.0
2007-05-24,-0.0020187628272480503,0.004042129077022407,0.0
2007-05-25,0.0063769521128921244,-0.004625087429933252,0.0
2007-05-26,0.010891716149754083,0.0012244819009650518,0.0
2007-05-27,-0.004301686216666419,-0.0035482775606886993,0.0
2007-05-28,-0.007076905312408739,0.001443272441797413,0.0
2007-05-29,-0.0038626179076637892,-0.007991126708188457,0.0
2007-05-30,-0.006814035516308411,0.0065597177765341986,0.0
2007-05-31,-0.009967344727754594,-0.00416663435818518,0.0
2007-06-01,0.002165324377362803,0.0007764287947949899,0.0
2007-06-02,-0.007389185523148711,-0.021097357746205626,0.0
2007-06-03,-0.002866217257598004,0.0044011366062212945,0.0
2007-06-04,-0.0033808287706439395,-0.005910521535119086,0.0
2007-06-05,-0.006187594854592608,-0.002446909956430491,0.0
2007-06-06,0.005981045292660329,-0.0037822513279590435,0.0
2007-06-07,-0.0047327658326549215,-0.00603518824917651,0.0
2007-06-08,-0.0009488881762573596,-0.010135285449049807,0.0
2007-06-09,0.007860884898434277,0.0082634716026666,0.0
2007-06-10,-0.0015950009122412893,-0.005334679241596633,0.0
2007-06-11,-0.014727574447585825,-0.0027672984200858082,0.0
2007-06-12,-0.004910375476399497,-0.004084111438571012,0.0
2007-06-13,-0.00492726540095126,-0.007888141696597305,0.0
2007-06-14,0.006109348743344593,0.009587886149123138,0.0
2007-06-15,0.016404413979972082,-0.007499695376242542,0.0
2007-06-16,0.0017761550733694715,0.0023148399248544426,0.0
2007-06-17,-0.001551060075325104,-0.008785222330769822,0.0
2007-06-18,0.014376377101852347,-0.015112245837278562,0.0
2007-06-19,-0.007187585147423905,-0.015403721899280114,0.0
2007-06-20,0.002751161889010155,0.0035050670612152106,0.0
2007-06-21,0.004513622019678253,-0.02019070441436897,0.0
2007-06-22,-0.0007636706586274929,-0.017747710368390953,0.0
2007-06-23,-0.0021170920837062165,-0.007485676617194165,0.0
2007-06-24,0.0015108998659555273,0.00410329780188029,0.0
2007-06-25,0.014860829065131363,-0.008500782923476566,0.0
2007-06-26,0.005428762983753056,0.008756860753636093,0.0
2007-06-27,-0.006197894504464206,-0.0032277159819552176,0.0
2007-06-28,0.0026025974535731885,-0.0037804492709621112,0.0
2007-06-29,0.009327318304072007,0.013158282176121694,0.0
2007-06-30,0.017482403511757564,0.0032380652701846486,0.0
2007-07-01,0.00775976301586646,-0.0056854095818256135,0.0
2007-07-02,0.0016624837762007699,-0.006816631366716603,0.0
2007-07-03,0.013507521968313972,0.006270268411222552,0.0
2007-07-04,0.008562421071978252,0.011680705023451084,0.0
2007-07-05,0.0011740098446690462,-0.004211100909745628,0.0
2007-07-06,-0.0068826766996971265,-0.0030086512382128073,0.0
2007-07-07,0.000573962169276851,0.00883591473512196,0.0
2007-07-08,0.00917353161978535,-0.008129593776117126,0.0
2007-07-09,-0.010931987170589796,0.0026736419727636873,0.0
2007-07-10,-0.016198842486131272,0.0010782699793230029,0.0
2007-07-11,0.004805873708606708,-0.0028445552732384105,0.0
2007-07-12,-0.015572502199466659,-0.01014313774205717,0.0
2007-07-13,-0.013256458697457688,-0.023916411356970122,0.0
2007-07-14,-0.002381544435115675,-0.0031342011036199027,0.0
2007-07-15,-0.002726743326889664,-0.013279378200538363,0.0
2007-07-16,0.00018051599283413214,0.0010101264460674886,0.0
2007-07-17,0.0012493658458322785,-0.00673039116945965,0.0
2007-07-18,0.004843278074674167,-0.005557381268252296,0.0
2007-07-19,-0.001445983534877176,0.01224279058804088,0.0
2007-07-20,-0.008674667953036954,0.0050801985855286206,0.0
2007-07-21,-0.028586438374139007,-0.010603996752520013,0.0
2007-07-22,0.01186561168185898,0.006661390808444895,0.0
2007-07-23,0.007310693239943271,-0.004994692024313491,0.0
2007-07-24,0.005672897340278576,-0.013911845289428218,0.0
2007-07-25,-0.0007865892493651815,-0.00013920813348637613,0.0
2007-07-26,-0.00934345027596723,-0.0013603588379596878,0.0
2007-07-27,0.004172069671545744,0.0078355911510098,0.0
2007-07-28,-0.0013186412200943299,0.008323639864285444,0.0
2007-07-29,-0.014142003750699697,0.009057235474390664,0.0
2007-07-30,0.009566516360499685,-0.00795239058727134,0.0
2007-07-31,-0.01479669917462771,-0.0020030969683075325,0.0
2007-08-01,-0.00496379943156815,-0.018301174763498167,0.0
2007-08-02,0.0168341949380427,0.0016092515824107168,0.0
2007-08-03,-0.008733127585885172,-0.0034067735610167084,0.0
2007-08-04,0.0010794707298561674,-0.021968009627411095,0.0
2007-08-05,0.009808792019044464,0.004541470705396124,0.0
2007-08-06,-0.0006774172266513734,0.0029039025876580354,0.0
2007-08-07,-0.014756865652112004,-0.01657425055231491,0.0
2007-08-08,-0.00566390096688557,-0.022738360937554623,0.0
2007-08-09,-0.0012717891046485036,-0.0048868545570974,0.0
2007-08-10,-0.015713847112744796,0.0006557368525008159,0.0
2007-08-11,0.01343946246551401,-0.002620388038272148,0.0
2007-08-12,0.0023476400340452105,0.011947126649083989,0.0
2007-08-13,0.006232659239548024,0.020696928564837135,0.0
2007-08-14,0.0018017628669752996,-0.0005894530533767134,0.0
2007-08-15,0.0029063653268668424,-0.003597272000201657,0.0
2007-08-16,-0.004448506736334578,-0.0058569720373810585,0.0
2007-08-17,-0.015546696178936828,0.018253924605334863,0.0
2007-08-18,0.005777358999604096,-0.0012060399402623264,0.0
2007-08-19,-0.0005728813233120687,0.005155573330113166,0.0
2007-08-20,0.014671671289896701,0.007103691581616132,0.0
2007-08-21,-0.012497732621221702,0.008491412942580372,0.0
2007-08-22,0.0006686486524578266,0.0027549040770756456,0.0
2007-08-23,0.020711587866705142,0.016710559521345286,0.0
2007-08-24,-0.014308809532900537,0.004236501818859248,0.0
2007-08-25,-0.01280129925567404,0.0006376930339699941,0.0
2007-08-26,0.0012645403512822361,-0.01148123013465177,0.0
2007-08-27,0.01588343538511708,-0.004513351249475313,0.0
2007-08-28,-0.012851843539065148,-0.0016344273772201992,0.0
2007-08-29,-0.000422502811323673,0.00892619007819023,0.0
2007-08-30,-0.002864441931529019,-0.006559187524254693,0.0
2007-08-31,-0.006609423465189663,0.0011163915360752016,0.0
2007-09-01,-0.0035793491938831495,-0.0030273997889801374,0.0
2007-09-02,0.011096219630251845,-0.0270525247925808,0.0
2007-09-03,0.0002824551202389021,0.0013631377452915235,0.0
2007-09-04,-0.014215385628358185,0.01529142718880146,0.0
2007-09-05,-0.007266926226852884,-0.015092467748806298,0.0
2007-09-06,-0.00018302677350216963,0.009878459710920818,0.0016350694139428065
2007-09-07,-0.015120508664771824,-0.012967650958087136,0.0
2007-09-08,-0.008064153221066288,-0.005287948182888588,0.0
2007-09-09,-0.005210667347449084,-0.002150500307156141,0.0
2007-09-10,-0.02214912483968639,0.007923769230380975,0.0
2007-09-11,0.017282705009793217,-0.0011837435921733157,0.0
2007-09-12,-0.017324679600229213,-0.001067742775218498,0.00140462116644937
2007-09-13,-0.000601939655011611,0.00843433992443514,0.001006745351326964
2007-09-14,-0.002963937174400063,0.008537790479435219,0.0
2007-09-15,-0.0072622117972795455,-0.0022232105161469995,0.0
2007-09-16,0.010851722556316735,0.003959844295060733,0.0
2007-09-17,-0.0006227676735420418,0.012611666196741596,0.0
2007-09-18,-0.009575830348875108,0.004095614285292191,0.0
2007-09-19,0.010438839165512567,-0.010369338797064125,0.0
2007-09-20,0.004255581099734625,-1.5209548186029068e-05,0.0
2007-09-21,-0.011589537639776618,-0.015484164312521594,0.0
2007-09-22,-0.01648071936108844,0.020634801574413213,0.0
2007-09-23,0.007574552473373127,0.0012386483089719123,0.0
2007-09-24,-0.0026223686205326807,-0.01674276701911548,0.0
2007-09-25,-0.01584652515740782,-0.005099290788316132,0.0
2007-09-26,0.004237316952755594,0.003430552102543848,0.0
2007-09-27,-0.01560610200660323,0.006182432217623835,0.0
2007-09-28,-0.008156208480087489,-0.002192578295985991,0.0
2007-09-29,-0.009440188596942093,-0.004778060370047066,0.0
2007-09-30,-0.021038427269577782,-0.009962163633653183,0.0
2007-10-01,0.005621510846578746,0.007910478736014848,0.0
2007-10-02,0.03378876079937645,0.011457609425616046,0.0
2007-10-03,0.0051909438354573465,0.0024446651240079766,0.0
2007-10-04,0.0028547219246397282,0.0011855610548016072,0.0
2007-10-05,-0.003776543071771457,0.0006914446993452987,0.0
2007-10-06,-0.0018843052362981269,-0.006081500255689995,0.0
2007-10-07,0.0015841751964947542,-0.004454775790583083,0.0
2007-10-08,0.0050588371981958105,0.0046420935582002715,0.0
2007-10-09,-0.006185334847788746,0.0017460622893004365,0.0
2007-10-10,-0.0007157243624561676,0.0033997371644691027,0.0
2007-10-11,-0.003225760619352308,-0.008092831543539873,0.0
2007-10-12,0.0045272132565822585,0.006697509655066015,0.0
2007-10-13,0.008391657245811562,-0.010881220260347355,0.0
2007-10-14,0.010025229355078172,0.011332084517054112,0.0
2007-10-15,-0.005377716967383921,-0.0026291299454007946,0.0
2007-10-16,-0.0057080363154640495,0.002130521381817177,0.0
2007-10-17,0.006062004422262447,-0.00762826428669147,0.0
2007-10-18,-0.0033944934355235597,-0.0017393905176541586,0.0
2007-10-19,-0.0028910845943439845,-0.0083001389826259,0.0
2007-10-20,0.003915231032379486,0.000573356289471956,0.0
2007-10-21,0.003132153696228169,-0.018423348854649118,0.0
2007-10-22,0.01265286949855222,0.010270797047266775,0.0
2007-10-23,-0.01276099584949663,0.0010193719903123111,0.0
2007-10-24,0.010686117846058017,0.005940765382793808,0.0
2007-10-25,-0.005210159029917105,-0.002108581238742392,0.0
2007-10-26,0.006261790566476755,0.004071763881278169,0.0
2007-10-27,-0.013446987448872785,-0.0077578803570098635,0.0
2007-10-28,-0.0017625829313841458,-0.009631753871992083,0.0
2007-10-29,-0.006654315916314414,-0.004983535419616133,0.0
2007-10-30,0.017310745751284135,-0.015324755421320098,0.0
2007-10-31,-0.009903469048668942,0.006806939851272438,0.0
2007-11-01,0.011032518157917212,-0.004379663863432572,0.0
2007-11-02,-0.008451624346074983,-0.003059704563809157,0.0
2007-11-03,-0.011568188504602674,-0.009227642864104386,0.0
2007-11-04,0.0027442197149116854,0.0042689499639034754,0.0
2007-11-05,0.01026702020542661,0.00944615172512831,0.0
2007-11-06,-0.0009107129548038548,-0.00413955899983803,0.0
2007-11-07,0.005698629273200897,0.009749120963959915,0.0
2007-11-08,0.0020817087127862855,0.002345276298166185,0.0
2007-11-09,-0.0008496121518547289,0.001241491864753714,0.0
2007-11-10,0.013619322056024317,-0.017360895124688035,0.0
2007-11-11,-0.00019411918450075853,-0.00961022953460768,0.0
2007-11-12,0.008492225011597378,0.01086839517982875,0.0
2007-11-13,-0.011793715012122856,0.009611338019584031,0.0
2007-11-14,-0.002081475818255125,0.02081395681817606,0.0
2007-11-15,0.009264670227141671,-0.006638440184000901,0.0
2007-11-16,-0.004761304774493378,0.007218244261376386,0.0
2007-11-17,-0.02159999186673854,-0.015229276076014635,0.0
2007-11-18,0.007398595571611828,-0.008769357786080392,0.0
2007-11-19,0.005694469062587073,-0.011074124582960993,0.0
2007-11-20,-0.002963577103930303,-0.00862120048243202,0.0
2007-11-21,0.0010316178445393966,0.0027063631092115064,0.0
2007-11-22,-0.003411347984579603,0.013750031825741846,0.0
2007-11-23,0.0038253896530109494,0.0016921119871979601,0.0
2007-11-24,0.011025646086105114,-0.012324824629995037,0.0
2007-11-25,0.003106095777193448,0.012975082977002892,0.0
2007-11-26,-0.0008885683196020608,0.0034296276279949045,0.0
2007-11-27,-0.004840121743966519,-0.015278827770962192,0.0
2007-11-28,-0.0015733253161611777,0.013541258661182156,0.0
2007-11-29,-0.005010592949311923,0.0004680418677428868,0.0
2007-11-30,0.00974209740261169,0.007584100186329025,0.0
2007-12-01,-0.01054117925672714,-0.00606086259778655,0.0
2007-12-02,-0.005782940893112705,-0.0050474862740859305,0.0
2007-12-03,0.00356941879917596,0.004115568110321925,0.0
2007-12-04,0.003430017910428526,-0.015790938175883618,0.0
2007-12-05,0.002607248336364118,0.0006098118420926098,0.0
2007-12-06,-0.004123759520532924,0.00876434606511514,0.0
2007-12-07,0.002124298529177417,0.004410099546011037,0.0
2007-12-08,-0.01418159767452118,-0.0007279213093571096,0.0
2007-12-09,-0.015134596648060352,-0.004031307738822844,0.0
2007-12-10,-0.012721192871962326,-0.004050070503695989,0.0
2007-12-11,0.0039432920953276366,0.014643578407321327,0.0
2007-12-12,0.013847841245876838,0.0028349546427969517,0.0
2007-12-13,-0.004137851853974561,0.001831323772390908,0.0
2007-12-14,-0.005405455611141889,-0.009017480385719099,0.0
2007-12-15,-0.0027192661342704356,0.003985403951312306,0.0
2007-12-16,0.018372876562083078,0.007513135607206784,0.0
2007-12-17,0.002424058093580113,-0.022453404252670842,0.0
2007-12-18,0.0013047128134928438,0.01649223421940186,0.0
2007-12-19,-0.005323315394980828,0.008147116186999408,0.0
2007-12-20,0.005323878904088598,-0.0018721719627197372,0.0
2007-12-21,0.013388118061852486,-0.0178958138688247,0.0
2007-12-22,0.0023024101447258853,0.024162129669790318,0.0
2007-12-23,-0.0076801584397526695,0.006828924679252217,0.0
2007-12-24,0.013542402570590164,-0.004950707665960666,0.0
2007-12-25,0.00019413904929781417,-0.014404480032914122,0.0
2007-12-26,0.01823331528880299,0.010278864045633433,0.0
2007-12-27,-0.010117364031170605,-0.01830287521508493,0.0
2007-12-28,-0.0010470528421259889,-0.00028454058226196044,0.0
2007-12-29,0.0030901444401747954,-0.003246423528427367,0.0
2007-12-30,-0.017096361090470684,-0.012262337854494341,0.0
2007-12-31,0.001376453648229869,-0.007511919145887442,0.0
2008-01-01,0.0065455203685776606,-0.007294395182763067,0.0
2008-01-02,-0.0008580129762714601,0.008643880996287396,0.0
2008-01-03,0.004803265183327429,0.003808070287241403,0.0
2008-01-04,0.0021709801204234836,0.011229778374257163,0.0
2008-01-05,-0.008068807369231778,-0.010274880979152634,0.0
2008-01-06,0.007587794301187948,0.01266739394228139,0.0
2008-01-07,-0.007164872624817511,0.0032971368094433,0.0
2008-01-08,-0.002697982160142002,0.012262080239634904,0.0
2008-01-09,-0.007066425268342766,-0.0032349822713351436,0.0
2008-01-10,0.006689370824702763,0.004658072090959382,0.0
2008-01-11,-0.004421065343870363,-0.009692820515066794,0.0
2008-01-12,-0.0044731287441822885,0.011298186312229105,0.0
2008-01-13,-0.021136237805018606,0.0008322285859215758,0.0
2008-01-14,-0.0025377704012721704,-0.006303633339781908,0.0
2008-01-15,0.01017913468621704,-0.0017127346653559752,0.0
2008-01-16,-0.020604444989091746,0.0003023360415795536,0.0
2008-01-17,0.003886429179112404,-0.01899295777605724,0.0
2008-01-18,-0.00021123768190128942,0.000315930898820346,0.0
2008-01-19,-0.017138304282184286,-0.011576139350253102,0.0
2008-01-20,-0.003983307260250082,-0.0020088854250081183,0.0
2008-01-21,0.009650009022127494,0.0008082434162454601,0.0
2008-01-22,8.249238137008132e-05,0.022576592201277848,0.0
2008-01-23,0.0036643773258660767,0.0032262597200865602,0.0
2008-01-24,0.011218066140314642,-0.014218786331476121,0.0
2008-01-25,-0.003044670593244653,0.004585230195552808,0.0
2008-01-26,0.008809142629849902,-0.012449624405209954,0.0
2008-01-27,-0.012238637762856221,-0.012007054933418377,0.002894912467715928
2008-01-28,-0.008406199868714588,-0.007611205260535244,0.0
2008-01-29,0.014621045175450027,0.00934102347211677,0.0029553016728775666
2008-01-30,0.013696416116887456,0.015212154190527662,0.001032232502421071
2008-01-31,0.009540417452337462,0.007801782653921389,0.009658325707077954
2008-02-01,-0.014707462664351528,-0.019014901222552207,0.008641558283135398
2008-02-02,-0.00200304615476515,0.003349320262613378,0.0044425198293625776
2008-02-03,-0.008583448524757556,0.006003294275165382,0.0074302343521791825
2008-02-04,0.01934776084120626,-0.02150599184992436,0.00741198801448411
2008-02-05,-0.013116212042153574,-0.012166739145060963,0.01429233153852584
2008-02-06,-0.012376411693366549,0.027961528073045385,0.002988179029373983
2008-02-07,-0.0056152223825269125,-0.014003305126079614,0.0
2008-02-08,0.003590582974909372,-0.011090313052073008,0.0004022675047385682
2008-02-09,-0.005442027727104896,-0.013278439878770532,0.005246566028862233
2008-02-10,-0.0026436976735958596,0.013725422460449412,0.003789105994819089
2008-02-11,0.003307405662552185,0.009047464705189861,0.0
2008-02-12,0.0006668721299062056,0.00706728585499231,0.0
2008-02-13,-0.018269930750417163,0.011384993480855502,0.0
2008-02-14,-0.01207801905452747,-0.007040705294208646,0.0
2008-02-15,0.01663116622227128,-0.01952193916508711,0.0
2008-02-16,0.0008816632019772986,0.005127636679184332,0.0
2008-02-17,0.018491237540249585,-0.016690968202620244,0.00043356659919806945
2008-02-18,0.014931554328103011,0.005927008139475544,0.0
2008-02-19,0.011469448494291061,0.00536152805345369,0.0012141071685857555
2008-02-20,0.0011480793951798556,0.0013033152267821436,0.004039347911818279
2008-02-21,0.01576973098090138,0.014586318092528201,0.004780159958359974
2008-02-22,-0.003962963762803924,0.0017828433649420012,0.005536379323306848
2008-02-23,0.02276533262763964,-0.00847450999096426,0.0064080745659223365
2008-02-24,0.0064766315077883765,-0.010166593114006084,0.007037442700268598
2008-02-25,0.006576652862654633,0.005867223112146431,0.0
2008-02-26,-0.0031324820763327004,-0.006372875209417978,0.0
2008-02-27,-0.004876212363791831,0.006462937145409416,0.0
2008-02-28,-0.001640470391148468,-0.0026004424240258913,0.0
2008-02-29,-0.004268066092661784,0.0029361883450420606,0.0
2008-03-01,-0.00772232975971401,-0.009337883823218256,0.0
2008-03-02,-0.009755683622369532,-0.001738130603784066,0.0016731638222637138
2008-03-03,0.002909888315757084,-0.015422283424259504,0.004722369954927419
2008-03-04,0.012819099145616571,-0.004144055757573407,0.010421899298464696
2008-03-05,0.020469146300607872,0.008164410389685527,0.011736948513772084
2008-03-06,0.008660232971182666,-0.009097046561166017,0.013883941411670174
2008-03-07,6.211061742392081e-05,-0.012211492985097688,0.006874649500989045
2008-03-08,0.007247861752729808,0.009639377913161681,0.004346110304485791
2008-03-09,0.018089693910221496,0.009093253321755571,0.004594464817714153
2008-03-10,0.0025495475261823135,-0.012952002998632283,0.007921860277442572
2008-03-11,0.011225098431850886,0.0020804539321323413,0.0
2008-03-12,0.005112339048489784,0.005135023185322773,0.0
2008-03-13,0.002613561208161492,-0.008744800338027494,0.0
2008-03-14,-0.004294815922963032,-0.007688541358073338,0.0020796697105356365
2008-03-15,0.008402072497910695,-0.0009161886238857608,0.0022039929007581435
2008-03-16,-0.006872359905290127,0.013403852914934232,0.008367892147841123
2008-03-17,-0.00859210107334778,-0.00044622606537449887,0.007646744593033626
2008-03-18,0.00473878069663753,0.0019001243967732974,0.0077085838102128115
2008-03-19,0.010978323644129274,-0.02658395622395099,0.002934074289991588
2008-03-20,0.010509344330836914,0.0029332671331768656,0.0
2008-03-21,0.00969326890127518,0.009702102065935641,0.0
2008-03-22,-0.001688192614144063,-0.011132983800361538,0.002085126615908789
2008-03-23,2.8513685103710504e-05,0.007854864635886017,0.0
2008-03-24,0.012441503902085793,0.003696390137547444,0.0
2008-03-25,0.021747210696642462,0.008052798830285014,0.0
2008-03-26,-0.025303966657542545,-0.001085022834832308,0.00181753060597159
2008-03-27,0.013304945589611553,0.001452243632641083,0.0
2008-03-28,0.0034925354274616795,0.025041532631661596,0.0
2008-03-29,0.0007496878853095482,0.018697961639847792,0.01216591531942883
2008-03-30,-0.00603721259366678,-0.011517388007628445,0.015611497729409847
2008-03-31,-0.005015412382288274,-0.01606843434125806,0.01471935175813896
2008-04-01,-0.010687868222685956,0.001306425549464937,0.017813649349233886
2008-04-02,0.0038529083041194787,0.010423484308067537,0.016772442447664807
2008-04-03,-0.00845934538473781,-0.0029258754420262256,0.014095487600575295
2008-04-04,-0.0006714501115050085,0.001283832842470646,0.012029002443496077
2008-04-05,-0.013746400873632308,0.011025130326558165,0.01189412292047072
2008-04-06,0.012921568490055855,-0.022464269960509972,0.013125971818544267
2008-04-07,0.007828694760127949,-0.00948358049384819,0.023605793257515342
2008-04-08,-0.010471273485951683,-0.0020833277173134684,0.01729489137086318
2008-04-09,0.00561339134897065,0.01103384263344344,0.015361267269000438
2008-04-10,-0.0028519875777035337,0.002000282130272103,0.01295139264842194
2008-04-11,-0.007582070621157025,-0.00933417990818565,0.014929397379543428
2008-04-12,0.0017221320203048523,0.020097983208191807,0.014668841218909823
2008-04-13,0.009354192762270263,0.011234420883305476,0.009870508080547923
2008-04-14,0.01596004233182282,0.009839076031664604,0.009727570582972647
2008-04-15,0.0036657557941450138,0.002603318154321052,0.02074716093389367
2008-04-16,0.01260462786143896,-0.009712713234383332,0.022921604585871426
2008-04-17,0.007733418901214506,-0.008526367963241611,0.02361031816413648
2008-04-18,0.007704733134417901,-0.01340009075682121,0.022550298019376996
2008-04-19,0.010701036286316863,-1.0045574335420127e-06,0.018728448446216954
2008-04-20,-0.012498762810985203,-0.02579014680558363,0.0189921578981901
2008-04-21,-0.0029687932095577227,0.003421046775391852,0.009884857292939468
2008-04-22,0.01579730027630258,-0.005658996187490661,0.00395781711573491
2008-04-23,-0.012334677734836435,-0.004522344144615291,0.005142477655359537
2008-04-24,-0.0074132321277453695,-0.022433376056572918,0.0018622092466083484
2008-04-25,0.01962406854307941,-0.00770840468737048,0.010100511750512471
2008-04-26,-0.00925038223933956,-0.007499141730961455,0.01102897131564079
2008-04-27,0.0020971488798621762,0.008007350670071035,0.009376931107370728
2008-04-28,0.0035111009314561553,-0.014210927899272138,0.008650341820751382
2008-04-29,-0.0020751365900275607,0.003525520188940469,0.0072849843089767205
2008-04-30,0.010050054087453117,0.024434366324541358,0.002365296874731332
2008-05-01,0.009368165785839041,-0.0035856766200594047,0.0018698322886675084
2008-05-02,-0.00616562158463268,-0.010182648484224295,0.0007553838782026964
2008-05-03,0.018077058692050424,-0.020445707072689525,0.0
2008-05-04,-0.007427963435490404,-0.01908780875960235,0.004022484239447996
2008-05-05,-0.0037659222500185455,-0.006987669341882485,0.0
2008-05-06,-0.0007890484927188866,-0.00513518048607978,0.0
2008-05-07,0.0025945146130780064,0.0035000840913897296,0.0
2008-05-08,-0.010421038156284321,0.016032050279452703,0.0
2008-05-09,0.00290459303437615,-0.010715020549927566,0.0
2008-05-10,-0.02140696003955197,0.0008212708118611531,0.0
2008-05-11,-0.004564091894084669,0.013302020487367987,0.0
2008-05-12,-0.008651200356115525,0.004464305236247552,0.0
2008-05-13,-0.006782290263158252,0.0010563372974576636,0.0
2008-05-14,-0.0006933254362351839,0.0006907651126147399,0.0
2008-05-15,0.002458754524710308,-0.014028610873366217,0.0
2008-05-16,-0.007378989216264575,-0.014852805827685191,0.0
2008-05-17,0.00021481671110960574,0.006757035104059909,0.0
2008-05-18,-0.014980074331157342,0.012924727090237727,0.0
2008-05-19,-0.003856606348330528,0.010031684268907553,0.0
2008-05-20,0.009058302913781026,0.009791901811132419,0.0
2008-05-21,-0.007000527729187525,0.015856698712763614,0.0
2008-05-22,-0.0032954232080834064,0.014293458537134093,0.0
2008-05-23,-0.00047277554035684937,-0.0040120257240247965,0.0
2008-05-24,0.007721049208985398,0.002281516696575627,0.0
2008-05-25,0.0033662433808153563,-0.022939517653801502,0.0
2008-05-26,-0.001943852420893328,0.010114636259393617,0.0
2008-05-27,-0.010188214943393059,0.001364082245981578,0.0
2008-05-28,0.002039209420691183,0.0007883850191563706,0.0
2008-05-29,-0.028741334812779958,0.009701059093816475,0.0
2008-05-30,0.0037807395251813914,-0.01339894872650927,0.0
2008-05-31,-0.0077683298972595315,0.0012944816836873664,0.0
2008-06-01,0.005941845223050792,-0.008830583232472902,0.0
2008-06-02,-0.0010242666682288132,0.015338464140702944,0.0
2008-06-03,0.012860271322761739,-0.012896758341394744,0.0
2008-06-04,-0.006725751923019095,-0.006113863354219896,0.0
2008-06-05,-0.01992453932159755,0.004064511459124682,0.0
2008-06-06,-0.00020663250713866735,0.016427095822141115,0.0
2008-06-07,-0.005275375911831918,-0.0005982340405267066,0.0
2008-06-08,-0.0014167041935908616,-0.014434040744761513,0.0
2008-06-09,0.011207609549887976,-0.007494954681727897,0.0
2008-06-10,-0.00935979875577239,0.0029178896063819927,0.0
2008-06-11,0.006147421115111255,0.005079446759947581,0.0
2008-06-12,0.008234683306917831,-0.012686259250428806,0.0
2008-06-13,0.010041717530769365,0.011070138097219642,0.0
2008-06-14,-0.020115281406532882,-0.009169172892052737,0.0
2008-06-15,0.0009818436371951068,-0.009732639956317127,0.0
2008-06-16,-0.007291114039372938,-0.0023959308496028153,0.0
2008-06-17,-0.002778047183095798,-0.012454883990079614,0.0
2008-06-18,-0.008498050621835913,-0.012546678906304082,0.0
2008-06-19,-0.0037026856987748148,-0.0026845790298826266,0.0
2008-06-20,0.008752910139402395,-0.024497379502090952,0.0
2008-06-21,0.016382062712496724,-0.004341907215771081,0.0
2008-06-22,0.006376341569420613,-0.012671557161835819,0.0
2008-06-23,-0.012557089196680105,0.002315738762040588,0.0
2008-06-24,0.011786234525420916,-0.010089501669395063,0.0
2008-06-25,-0.012610516352945434,0.00823449579262636,0.0
2008-06-26,-0.004165237112721425,0.002740526454050082,0.0
2008-06-27,0.010628007590579348,0.004291950722620617,0.0
2008-06-28,-0.006237091689269751,0.0015301607086685859,0.0
2008-06-29,0.006583772720595272,-0.009191546767134793,0.0
2008-06-30,-0.003074233234342014,0.0031149875775353343,0.0
2008-07-01,-0.011794890930558539,0.005435646849306482,0.0
2008-07-02,0.0016349645683289456,0.0004978158225278236,0.0
2008-07-03,-0.005721745163567835,0.0026134341987652,0.0
2008-07-04,0.01684150686297672,0.0027829583403232,0.0
2008-07-05,0.017621734315297063,-0.0029793632977970076,0.0
2008-07-06,0.014979720658462327,-0.005828291488838847,0.0
2008-07-07,-0.010430075689186372,0.0005992548633603084,0.0
2008-07-08,0.018232030079032603,0.0009561929692312616,0.0
2008-07-09,0.0026617223610253937,0.005697149986237561,0.0
2008-07-10,0.00458869862973457,0.011458945955461874,0.0
2008-07-11,0.0015405450290196508,-0.0035534351756202477,0.0
2008-07-12,-0.00575552902642602,-0.004958147198525268,0.0
2008-07-13,0.0009052944853457525,0.019081149365034054,0.0
2008-07-14,0.008306122362310186,-0.0009429239401297977,0.0
2008-07-15,0.014882211688133855,-0.0007362131385955353,0.0
2008-07-16,0.005250542723834152,-0.008566896668638697,0.0
2008-07-17,-0.00020117250677967395,0.003455978423515811,0.0
2008-07-18,-0.005046848756279744,-0.022132650220552882,0.0
2008-07-19,-0.003456645091347997,-0.007821258992067837,0.0
2008-07-20,0.015647220838548415,-0.002886961919943415,0.0
2008-07-21,0.006432077998276703,-0.0075302504507685575,0.0
2008-07-22,0.001933303913637186,0.0017294452134526516,0.0
2008-07-23,-0.01653796172491781,0.010725902825230383,0.0
2008-07-24,-0.01774575315662666,0.0030248264707297416,0.0
2008-07-25,0.006317113378499468,-0.004296531467083783,0.0
2008-07-26,0.005869670102722172,-0.024413739086409873,0.0
2008-07-27,0.010659574972018583,-0.008596865742526947,0.0
2008-07-28,0.0016119050821420376,0.011396153995550396,0.0
2008-07-29,-0.006801300450534349,0.01412494920029416,0.0
2008-07-30,-0.01723017863435071,0.004953230286434713,0.0
2008-07-31,-0.009421041748722537,0.007588040116067578,0.0
2008-08-01,-0.023217068582456032,0.007023189965757637,0.0
2008-08-02,0.0025730195915435257,-0.015431827040489114,0.0
2008-08-03,0.004311329410044228,-0.005086247038096275,0.0
2008-08-04,0.013227957947707416,-0.006311212823698482,0.0
2008-08-05,-0.018409224086492305,0.0048817271797984155,0.0
2008-08-06,-0.014348399025886154,0.009759042803497993,0.0
2008-08-07,0.005681080039677269,-0.000635588799066695,0.0
2008-08-08,0.0028495192770328147,0.017412578732461076,0.0
2008-08-09,-0.020241833752297524,-0.0025151263135356726,0.0
2008-08-10,-0.007429966212901115,-0.006422217491661827,0.0
2008-08-11,0.0005214900829838655,-0.006712269944484709,0.0
2008-08-12,-0.004282232485778541,-0.021389141228718486,0.0
2008-08-13,0.003245763113091657,0.005738316511634073,0.0
2008-08-14,-0.00013664415042468177,-0.0064500661939866704,0.0
2008-08-15,-0.006015736560482714,0.005160961761862847,0.0
2008-08-16,0.003308793841307691,0.003070522490527038,0.0
2008-08-17,-0.0012562757177197114,0.004107918278637138,0.0
2008-08-18,0.01101933465893602,-0.017503886097780964,0.0
2008-08-19,-0.014836950364240232,-0.004997381768227947,0.0
2008-08-20,-0.0028026397725710813,-0.00398706564598501,0.0
2008-08-21,-0.007235840164890474,0.0018513035490936717,0.0
2008-08-22,-0.002931412332757847,-0.011339675166875838,0.0
2008-08-23,0.0035038565952731178,-0.011739762432293552,0.0
2008-08-24,0.005892862858860982,0.010021761163178993,0.0
2008-08-25,-0.021748098931406036,-0.01546799755596303,0.0
2008-08-26,0.010988641025143839,0.0007953272508213312,0.0
2008-08-27,0.0048405172018461074,-0.012347709031572908,0.0
2008-08-28,0.004691047039421822,0.0063561796962238295,0.0
2008-08-29,0.00018502772434106718,-0.006214323500365801,0.0
2008-08-30,0.008902906421029495,-0.00519271679180379,0.0
2008-08-31,0.0035889874425996072,-0.010686292081027933,0.0
2008-09-01,-0.018356556025400705,-0.020973774145018713,0.0
2008-09-02,-0.007124889416074375,0.015911572374894788,0.0
2008-09-03,-0.0030364293933367254,-0.0020620732233384734,0.0
2008-09-04,-0.004136736575828628,0.013152001888376485,0.0
2008-09-05,-0.004986327508653168,0.005233032532452128,0.0
2008-09-06,0.00552927165770406,-0.010970630737082526,0.0
2008-09-07,-0.01163831760343768,-0.006514390664823015,0.0
2008-09-08,-0.007982230510679103,0.004280628796183139,0.0
2008-09-09,-0.010405366754270362,-0.0005431830899313781,0.0
2008-09-10,-0.0008293971786000746,-0.007978542877333093,0.0
2008-09-11,0.0038397096163445455,0.00256289315853394,0.0
2008-09-12,-0.009547413371015322,0.007289925297530638,0.0
2008-09-13,0.0033301039253135056,0.0107861626032581,0.0
2008-09-14,-0.005976765207550868,0.01554412358959296,0.0
2008-09-15,0.013471114898789842,-0.00013060444124328915,0.0
2008-09-16,-0.022834828380783462,-0.0044630180685923,0.0
2008-09-17,-0.0007046810275194396,-0.004380333080037706,0.0
2008-09-18,0.010867213466658148,-0.026214542657326853,0.0
2008-09-19,-0.00420599289205259,0.012500412225339565,0.0
2008-09-20,-0.01156736461365984,0.015339751404564733,0.0
2008-09-21,-0.009200164198941046,-0.038218873739859334,0.0
2008-09-22,0.004984120324866313,0.0005116699748224567,0.0
2008-09-23,-0.005964739927253473,-0.006355787921329224,0.0
2008-09-24,0.010034047359025085,-0.0034976509303479733,0.0
2008-09-25,8.632778876002532e-06,-0.0187408908363844,0.0
2008-09-26,-0.0060118106390415725,-0.002561052415822172,0.0
2008-09-27,-0.004838898969511797,-0.022023513203036305,0.0
2008-09-28,0.004279251763177014,0.004851863319851228,0.0
2008-09-29,0.009698256073528895,0.008020667083811227,0.0
2008-09-30,-0.008464797877366807,0.010961276384462442,0.0
2008-10-01,-0.012214631441900135,-0.018191322261011986,0.0
2008-10-02,-0.012077294486065076,-0.013393039520878867,0.0
2008-10-03,0.0043462368379865255,-0.0077559670929055035,0.0
2008-10-04,0.01781331805666672,0.012052982397117504,0.0
2008-10-05,-0.005556746559722805,-0.003762064610429208,0.0
2008-10-06,0.00638930274326745,0.014001893077058656,0.0
2008-10-07,-0.004284631151763359,0.00030806624424320104,0.0
2008-10-08,0.008949756074102129,0.005008483824013488,0.0
2008-10-09,-0.015107107833153579,-0.016104880929994153,0.0
2008-10-10,0.0056582950208483775,-0.01836505534578775,0.0
2008-10-11,-0.013322358690274963,-0.009584405569525046,0.0
2008-10-12,-0.008755307787877482,-0.013743548950527287,0.0
2008-10-13,0.003046929288394732,-0.01659673967845935,0.0
2008-10-14,-0.0026576062810396944,0.0038761513633648642,0.0
2008-10-15,-0.000950769301219818,0.01413936182275044,0.0
2008-10-16,0.004992121244603333,-0.009116480120151888,0.0
2008-10-17,0.0017226645646890742,-0.0026348916224151835,0.0
2008-10-18,0.014648310901747227,0.011974769240888472,0.0
2008-10-19,0.007310271487342791,-0.0006572624603194907,0.0
2008-10-20,-0.008771872726767785,0.0062947263424606775,0.0
2008-10-21,-0.0009501278329501338,0.005945007031649834,0.0
2008-10-22,-0.005738209687959766,0.010850926773883532,0.0
2008-10-23,-0.004282954831918276,0.010297424059218107,0.0
2008-10-24,0.01760150427984445,0.0018678925226300888,0.0
2008-10-25,-0.008022886262637063,-0.010871092296688638,0.0
2008-10-26,0.012534451564467594,0.009969936964922422,0.0
2008-10-27,0.01486337948711665,-0.011954498952156356,0.0
2008-10-28,0.027141837406261037,0.0006001267895888574,0.0
2008-10-29,-7.781800197296498e-05,0.0038801196183167325,0.0
2008-10-30,0.0024323197145299873,0.02848069086090906,0.0
2008-10-31,0.002846149583879544,0.006728073443647791,0.0
2008-11-01,-0.003792215755441344,0.004142928719352212,0.0
2008-11-02,0.01763163262714252,-0.003915803902135494,0.0
2008-11-03,0.019505753725752507,-0.0019205220882778234,0.0
2008-11-04,-0.023116556257214784,-0.015696636739542344,0.0
2008-11-05,-0.0033341729824182538,-0.022798810481988743,0.0
2008-11-06,0.011810046530385705,-0.002015820821781591,0.0
2008-11-07,-0.010493861121074793,0.0011716783527470766,0.0
2008-11-08,-0.007107525991148401,-0.005181882631373074,0.0
2008-11-09,0.0001460358061324819,-0.003195289064275236,0.0
2008-11-10,-0.00031666897016476107,-0.0031934316855915875,0.0
2008-11-11,-0.0020312969096577672,0.017339728320632627,0.0
2008-11-12,-0.0016019658804801607,-0.006942310303196751,0.0
2008-11-13,0.017983001608671917,0.01884137384439325,0.0
2008-11-14,-0.023497354453096374,-0.0075598218784027026,0.0
2008-11-15,-0.005332176582273837,-0.0026580098516921593,0.0
2008-11-16,-0.011717709674171246,-0.0009230462335842514,0.0
2008-11-17,0.0021463563515574293,0.005609783171326548,0.0
2008-11-18,-0.0047184124789195125,0.014286146206156255,0.0
2008-11-19,0.004589780414575725,0.009926430821767876,0.0
2008-11-20,-0.00015213229686800945,0.011103956721876584,0.0
2008-11-21,0.022943547777238366,0.003043283943199736,0.0
2008-11-22,-0.013484817258821872,3.021069599581145e-05,0.0
2008-11-23,-0.0051101585306576125,-0.0011041425541034099,0.0
2008-11-24,0.008570175254784684,-0.011589153014229749,0.0
2008-11-25,-0.004087252279230687,0.02212421198947079,0.0
2008-11-26,0.001271277479078366,-0.0007609727852156124,0.0
2008-11-27,-0.015693845231018265,-0.007261467803337286,0.0
2008-11-28,0.0069100453364928024,-0.012016784738771285,0.0
2008-11-29,-0.0015619094152921778,-0.0030646886852754,0.0
2008-11-30,0.005390380507347437,-0.010960728142166613,0.0
2008-12-01,-0.009567066555816397,0.0101893041727697,0.0
2008-12-02,-0.005863624063753596,0.01158804246905886,0.0
2008-12-03,-0.009025733128800648,-0.006937973657946207,0.0
2008-12-04,0.01637893138630983,0.012721673563352763,0.0
2008-12-05,-0.018069805211335735,0.00809872863857203,0.0
2008-12-06,0.003933839179935901,0.0033952409250557277,0.0
2008-12-07,0.0022046469878339307,0.0027662572162120247,0.0
2008-12-08,0.012426789133531364,-0.0028388907360880223,0.0
2008-12-09,0.002424370649424215,0.009277238502033444,0.0
2008-12-10,-0.010823650275797226,-0.017111358139264576,0.0
2008-12-11,0.004752971989131285,0.007422396392216527,0.0
2008-12-12,-0.017895453647868712,-0.0007493411263061592,0.0
2008-12-13,0.010231176182973548,-0.023321199039319184,0.0
2008-12-14,-0.001542616223685189,-0.0034685617262118474,0.0
2008-12-15,-0.007974816634564084,0.0013801608314622114,0.0
2008-12-16,-0.00550702260534495,0.006136790493911886,0.0
2008-12-17,0.005443563764440931,0.0007957592087932527,0.0
2008-12-18,-0.01739516933502177,-0.009781447009569807,0.0
2008-12-19,0.016795054931350813,0.002180786813936099,0.0
2008-12-20,-0.007627481774886813,0.0009319432240295141,0.0
2008-12-21,0.014909382575699594,-0.03329506831960631,0.0
2008-12-22,0.0012408981624688236,-0.011825452564044187,0.0
2008-12-23,0.01895651156225626,-0.004215104459356604,0.0
2008-12-24,-0.012792334100231156,-0.00717787505830229,0.0
2008-12-25,0.008421092915304209,0.001188674795039513,0.0
2008-12-26,-0.0010948791174038134,0.020130506947398295,0.0
2008-12-27,-0.00690637035959096,-0.00042126214053864885,0.0
2008-12-28,0.008035594513672839,-0.005482650098588746,0.0
2008-12-29,-0.0028811523544763126,-0.0015328449394962163,0.0
2008-12-30,-0.007951268676443291,-0.010226607193355428,0.0
2008-12-31,-0.0027068985628019068,-0.006793334045042956,0.0
2009-01-01,-0.008406460248394207,-0.008293967115012842,0.0
2009-01-02,-0.002777990662528635,0.004909852845592226,0.0
2009-01-03,-0.0009639150303119543,-0.006256805287731402,0.0
2009-01-04,0.010441069938243319,0.00024320164533382296,0.0
2009-01-05,-0.0014760538194000371,0.0026746796563403823,0.0
2009-01-06,-0.008374703499729203,-0.01127683779878894,0.0
2009-01-07,0.007139599526074546,0.005069883288323658,0.0
2009-01-08,-0.0042676771463973865,0.015422748681367953,0.0
2009-01-09,-0.01041117787960467,-0.0032664068502448844,0.0
2009-01-10,-0.012830024431249119,0.0019442398884327637,0.0
2009-01-11,0.017294999267254176,0.010578974660060405,0.0
2009-01-12,-0.0016922193548240183,0.012655298922383613,0.0
2009-01-13,0.015796974537197386,0.002231496466629589,0.0
2009-01-14,-0.010557783476749315,-0.002822209086779926,0.0
2009-01-15,-0.011369709772450979,0.004735280326764305,0.0
2009-01-16,0.016850331096813952,-0.011582295317205105,0.0
2009-01-17,-0.003208552051756724,-0.00878316039210114,0.0
2009-01-18,-0.0025560229820325575,-0.0062289448158461885,0.0
2009-01-19,-0.0029241153728744706,0.0036900847867945216,0.0
2009-01-20,-0.011095827874628842,-0.01203483269265626,0.0
2009-01-21,0.009733599813884877,0.0019092258938196384,0.0
2009-01-22,-0.012956572843104648,-0.01752634256548284,0.0
2009-01-23,0.007106389915860036,-0.010681557246715894,0.0
2009-01-24,-0.011555991792358727,-0.00958426945616682,0.0
2009-01-25,0.025960094353562297,0.0049325808502269,0.0
2009-01-26,0.006693137053103739,0.01736873132424719,0.0
2009-01-27,0.01063342267142049,-0.016665146291891718,0.0
2009-01-28,-0.017877211996123365,0.0018234964929688977,0.0
2009-01-29,0.002926072409690952,-0.002023010447255635,0.0
2009-01-30,-0.007084704037313262,0.0035034581916016643,0.0
2009-01-31,-0.009500245797031707,-0.006468202898220883,0.0
2009-02-01,-0.009211350577323097,0.00776378142060316,0.0
2009-02-02,0.007760067585152177,-0.02194404923613378,0.0
2009-02-03,-0.00023347116049863073,0.008925832749630115,0.0
2009-02-04,-0.005718439118375582,0.013831022269973408,0.0
2009-02-05,-0.006794960443981707,-0.009125724817015787,0.0
2009-02-06,-0.007192347842222221,0.0008817592840430923,0.0
2009-02-07,-0.006142147077683076,-0.012070581105365413,0.0
2009-02-08,-0.0034990541250845804,-0.004053680955673286,0.0
2009-02-09,-0.012331211868069106,-0.0035221257910814352,0.0
2009-02-10,-0.0099039310660474,-0.028020947002314722,0.0
2009-02-11,-0.02325342572050842,0.006439017253792869,0.0028200848846418186
2009-02-12,-0.0010249406432364316,0.007348313730879117,0.0042694410799339055
2009-02-13,0.0051561942078309254,0.018248986321873297,0.0020158845926551983
2009-02-14,-0.005692151386557725,-0.001961006430978603,0.0014105585182885363
2009-02-15,0.013412638164164247,0.0038272304850794766,0.010101936137897845
2009-02-16,-0.008441686952708952,0.0060547104231229755,0.010831073059377826
2009-02-17,-0.0003233731166958002,-0.01723771855936226,0.012871951003698215
2009-02-18,0.011104917053948568,0.01001018410458892,0.02006680779565423
2009-02-19,0.001836672825706812,-0.008826728293886022,0.0109347900361954
2009-02-20,-0.008698121005346176,0.017130835010627135,0.005804365312741741
2009-02-21,0.003007557915432432,-0.0002839021904281285,0.011830878124597016
2009-02-22,-0.004690580063690627,0.0074143695477514,0.0143863058457908
2009-02-23,0.010705663796945654,0.0006093521149117976,0.01612064297323486
2009-02-24,0.0071776120544106425,-0.034774120372120736,0.015607766461894067
2009-02-25,-0.0028581743832263662,0.010911639697921463,0.004875072577219003
2009-02-26,0.004731657990079228,0.011672439264670629,0.008685681430160144
2009-02-27,0.01700559162208542,0.013264972193410772,0.010776870508687385
2009-02-28,0.010878938010603493,-0.005449794564605107,0.00867109532584004
2009-03-01,0.008168624230759303,0.012919407538088568,0.01711122704365544
2009-03-02,-0.002422091337037382,-0.01435518513562355,0.02002969341982931
2009-03-03,-0.0065011257052652455,-0.009480594551157129,0.015449810039418782
2009-03-04,-0.008179492444360845,0.008758106488318441,0.016302853025200383
2009-03-05,0.009869700287560026,0.013918405111026743,0.013009741800698624
2009-03-06,-0.011481494241248303,0.014216384404212357,0.005524676747539911
2009-03-07,0.0035687262998214727,-0.005086233898614955,0.01008392259350277
2009-03-08,0.015657565939079215,0.011646077549275448,0.02170270268693418
2009-03-09,-0.016638856089174744,-0.01130187342686779,0.023786356001574874
2009-03-10,0.0030460207708982025,0.021491156252099797,0.018053434491346873
2009-03-11,-0.010588814077944797,-0.013683893406701246,0.00623410277450849
2009-03-12,-0.001824732651100325,0.0023772974403891926,0.0045311438219701045
2009-03-13,0.004737381078109197,-0.003394788127251424,0.004889454258170986
2009-03-14,-0.010528101269956904,0.0033758286155068885,0.0067492569013389014
2009-03-15,-0.013885440280560725,0.029429789784976658,0.007180488306473054
2009-03-16,-0.00461962098308429,0.009729774620186912,0.0019209986445759275
2009-03-17,0.0016036358356514352,0.016622040490941785,0.0
2009-03-18,-0.004511519881874066,0.006719773658431297,0.0
2009-03-19,-0.010202516688000977,-0.003101865427245017,0.0
2009-03-20,0.00640484226025024,0.003388163872000897,0.0
2009-03-21,-0.011901777907166457,0.0004766175906932308,0.0
2009-03-22,-0.01512085543939331,-0.0007507660213781227,0.0
2009-03-23,0.0005234360462988927,0.009032627141216668,0.0
2009-03-24,0.0212529278123271,0.006285681114485836,0.0
2009-03-25,-0.005638605431401152,-0.008021910522176073,0.0
2009-03-26,-0.0014292727750018844,-0.020813535322793005,0.0
2009-03-27,-0.010879930238896003,-0.004986375487163693,0.0
2009-03-28,-0.00669542113327996,0.004732312476369195,0.0
2009-03-29,-0.01197821370904501,0.014669077331985315,0.0
2009-03-30,0.0022559930410219094,0.002457235088788204,0.0
2009-03-31,-0.007401141936370624,0.006020061058860913,0.0
2009-04-01,-0.008527507039035346,0.011087349408620216,0.0
2009-04-02,0.008898622466713614,0.012418965043061326,0.0
2009-04-03,-0.015260127284065544,-0.006763816068678013,0.0
2009-04-04,0.008865463249371944,-0.0013846829589975293,0.0
2009-04-05,-0.002384441491935923,0.0074954018357265674,0.0
2009-04-06,-0.009797746265622125,-0.0047335170338426045,0.0
2009-04-07,-0.0008041275313533816,-0.008230740641961682,0.0
2009-04-08,-0.003307757348778225,-0.0019539640027539263,0.0
2009-04-09,0.0026849520606526634,0.0010226466853838177,0.0
2009-04-10,-0.0027076527471210587,0.011715322948398615,0.0
2009-04-11,0.01855397217299726,-0.004051815298312229,0.0
2009-04-12,0.010169514974796866,-0.0074246537790918525,0.0
2009-04-13,0.010846034609663987,-0.002878635531957427,0.0
2009-04-14,-0.012688084359172059,0.009703432935288345,0.0
2009-04-15,-0.0039790852797373525,-0.01686347907828299,0.0
2009-04-16,0.011560583732977022,0.0045063896094494765,0.0
2009-04-17,0.005597978676667427,0.011565262085935316,0.0
2009-04-18,-0.00022673842545637695,-0.0026201725984075215,0.0
2009-04-19,-0.0012814927056104385,-0.00449943524001014,0.0
2009-04-20,0.01017168158331629,-0.010428508534966177,0.0
2009-04-21,-0.019698549066379276,-0.00782145101300792,0.0
2009-04-22,-0.009152176582630156,-0.00011316913941704928,0.0
2009-04-23,-0.014393454100537481,0.01406380361162701,0.0
2009-04-24,0.011274404710458725,0.006983117044901411,0.0
2009-04-25,-0.014348631543753071,-0.002659640862826463,0.0
2009-04-26,-0.003098116170314622,-0.013312963051271599,0.0
2009-04-27,0.013329619850459716,-0.010729651423302953,0.0
2009-04-28,-0.0034019925179140102,0.012249978847229535,0.0
2009-04-29,0.002558313707332497,-0.012979647265550403,0.0
2009-04-30,-1.3674094658869803e-05,0.011243448069128177,0.0
2009-05-01,0.006578742020295838,0.0027465590233384913,0.0
2009-05-02,0.02197431529318542,0.011422049393948206,0.0
2009-05-03,-0.012170099323365269,0.004988326549067869,0.0
2009-05-04,-0.0008187588627788678,-0.004444135457388216,0.0
2009-05-05,0.01647394326973608,0.0009401173147431115,0.0
2009-05-06,0.02376383011862559,-0.003027950608855224,0.0
2009-05-07,-0.0024663428380145786,-0.011478226308528412,0.0
2009-05-08,0.013769768484475857,-0.0013020403823966224,0.0
2009-05-09,0.006542560380794281,7.47446523199546e-05,0.0
2009-05-10,0.0061410761221308875,-0.010386565284634879,0.0
2009-05-11,-0.014625669055467258,-0.0020037019160922907,0.0
2009-05-12,-0.016729275560384133,0.008077724413994855,0.0
2009-05-13,0.0011557481567263082,0.0006764310731976351,0.0
2009-05-14,-0.0014931322839580288,-0.010584829748732537,0.0
2009-05-15,-0.0012406711548844577,0.016202247661322725,0.0
2009-05-16,-0.012200792679010464,-0.006394031475603307,0.0
2009-05-17,0.01439990430662154,0.012343203182195901,0.0
2009-05-18,-0.0020900955732693024,0.004262337594593857,0.0
2009-05-19,0.027268792790112992,0.011981580135160808,0.0
2009-05-20,-0.0025718778892038475,0.0034587812948371015,0.0
2009-05-21,0.0035627202268293935,-0.010332219122862996,0.0
2009-05-22,0.007441808139870807,0.013180163645394294,0.0
2009-05-23,-0.0037071315778389145,-0.006337769154195007,0.0
2009-05-24,-0.010367742507643612,-0.013709500489542682,0.0
2009-05-25,-0.005916122860690246,-0.014058483414205908,0.0
2009-05-26,-3.0709479405503204e-05,0.00498320960898149,0.0
2009-05-27,-0.005271073064852226,-0.004306008129417285,0.0
2009-05-28,0.01998731331091436,-0.003908466750600118,0.0
2009-05-29,-0.005422026720611144,-0.014047763611090752,0.0
2009-05-30,0.00769138472311034,0.0199833833677358,0.0
2009-05-31,0.008089807329669612,0.00802791636395684,0.0
2009-06-01,0.001772459618746071,0.011431791455480234,0.0
2009-06-02,-0.010964273978964177,0.003128555864768565,0.0
2009-06-03,0.0050786943635861715,0.013059847388369735,0.0
2009-06-04,0.00948444543429344,-0.003681947852044648,0.0
2009-06-05,0.0016564072693570266,0.014957621605293627,0.0
2009-06-06,0.00015756542921102704,0.0008999815481857291,0.0
2009-06-07,-0.02198051967929585,-0.0031730578182151445,0.0
2009-06-08,-0.011128692177846912,0.009287315397421851,0.0
2009-06-09,-0.0019497013469824019,0.005841485773299353,0.0
2009-06-10,0.0018436537630764733,0.005239642544314751,0.0
2009-06-11,0.007527866423405948,-0.014325308803302038,0.0
2009-06-12,-0.0031545090201926308,-0.00799981731326888,0.0
2009-06-13,0.0017010975712399778,-0.011478942821970801,0.0
2009-06-14,-0.010467547046605803,-0.006370745908417946,0.0
2009-06-15,0.00627858905816201,0.0025759630890489394,0.0
2009-06-16,0.007242971521725154,-0.00849097556394352,0.0
2009-06-17,-0.0012162025063159319,0.0015467451769217567,0.0
2009-06-18,0.009723315069176234,-0.009155596597785766,0.0
2009-06-19,-0.0031001825148959257,-0.0018695365538887773,0.0
2009-06-20,-0.005032993006520823,0.007102435614316917,0.0
2009-06-21,-0.0030294452029409496,0.013010462199491741,0.0
2009-06-22,0.02009068206259244,0.020458249797472235,0.0
2009-06-23,-0.016421013147673778,0.00385178741316083,0.0
2009-06-24,0.0019270249106425692,0.004735554172200221,0.0
2009-06-25,-0.0036071614250797945,0.016746196084256287,0.0
2009-06-26,0.0010597113463318476,-0.014185188284240632,0.0
2009-06-27,-0.014964982355099353,-0.00889081388106109,0.0
2009-06-28,0.007377154123482791,0.011076972315413453,0.0
2009-06-29,0.00662355547225822,0.012367643481310349,0.0
2009-06-30,-0.002699805281196903,0.020976603522513498,0.0
2009-07-01,-0.004357368524757287,0.01961597733679715,0.0
2009-07-02,0.0006367171853482598,0.0181773661858657,0.0
2009-07-03,0.0096535077129147,0.010465512277404365,0.0
2009-07-04,-0.015431392183713042,0.00276491465808864,0.0
2009-07-05,0.014191267411851406,0.014272794809869998,0.0
2009-07-06,-0.003123726664647103,-0.016244161231595278,0.0
2009-07-07,0.008501144361375765,0.00034988699869464244,0.0
2009-07-08,-0.008302144374456075,-0.013133648664797848,0.0
2009-07-09,0.019887361277414476,-0.00038749921708722257,0.0
2009-07-10,0.0028282430610158844,-0.026654120108192583,0.0
2009-07-11,0.018056341034938,0.006162904465800414,0.0
2009-07-12,-0.005992408548436516,0.001068238582234056,0.0
2009-07-13,-0.0062808403068180295,0.012619209554967188,0.0
2009-07-14,0.011665802213313592,-0.014453504600685476,0.0
2009-07-15,0.007437980466746678,-0.0020695148863849183,0.0
2009-07-16,0.003780900173935846,0.010315016943143079,0.0
2009-07-17,0.012831262347536015,-0.016130440241145204,0.0
2009-07-18,0.004660458944738389,-0.0006543371101535787,0.0
2009-07-19,-0.0030447633717252064,-0.020798850602644494,0.0
2009-07-20,-0.018724495887667152,0.02008011867364223,0.0
2009-07-21,-0.02272184897276437,-0.008549812678008292,0.0
2009-07-22,0.006935794647170011,0.0013123799720121312,0.0
2009-07-23,0.006149681455374471,0.004017415862669071,0.0
2009-07-24,-0.008691907572424036,-0.017557122011178594,0.0
2009-07-25,0.005886884310632257,-0.005382728316964036,0.0
2009-07-26,-0.0016437221171367498,-0.016166993950431714,0.0
2009-07-27,0.0008345647327988402,0.005983839947762905,0.0
2009-07-28,0.010228411223051246,0.015018418259905552,0.0
2009-07-29,-0.015447133952592035,-0.022732170095825927,0.0
2009-07-30,0.0040589636029487,-0.0006961016847791641,-0.004968236450498507
2009-07-31,0.005767636471607377,-0.01472966774675899,-0.0075967822656529335
2009-08-01,-0.0014207818647166384,0.005432392630358704,-0.011173423980498406
2009-08-02,0.0021697759390954478,0.005243174093706775,-0.00811157493132448
2009-08-03,-0.011013828026402219,0.011423410861467817,-0.005853575175962612
2009-08-04,0.002047899669955474,0.00492317984639701,-0.005124769516659841
2009-08-05,0.006894160805050154,-0.016877730681338896,-0.00616057936028689
2009-08-06,0.008370289487038569,-0.012520803852004053,-0.0026462908141227023
2009-08-07,-0.006492032659668435,0.0020531271915166854,-0.014447439287565894
2009-08-08,0.008646869603621958,0.0024177473454168284,-0.012118655420426457
2009-08-09,0.003589902714245515,-0.00701145504742604,-0.01863305846157578
2009-08-10,0.0072569572188306624,-0.006591973334951888,-0.025327904088372065
2009-08-11,0.00012515101133272696,0.008950909151517262,-0.026477867932954847
2009-08-12,0.006888634151705247,-0.0019701047448890466,-0.023111298946637694
2009-08-13,0.0025129644532310906,0.013420075944845837,-0.023401256248552202
2009-08-14,0.02503009955361037,-0.02085943775409492,-0.019959663487591255
2009-08-15,-0.0025619482383964355,0.01810753322954517,-0.022326099345018925
2009-08-16,0.011940454780496592,-0.001803178068744457,-0.007221145201037733
2009-08-17,0.00025007402004468843,0.0033496649475454393,-0.008558591955919667
2009-08-18,-0.014613881662899276,0.0006609998842871149,-0.005593922136207186
2009-08-19,0.00523273069243573,-0.007502828275988689,-0.0052590823274424395
2009-08-20,0.012785484417971227,0.014625937871963222,0.0
2009-08-21,0.008063617774806783,-0.0058032966705393344,0.0
2009-08-22,0.008336282890905903,0.00451759361336553,0.0
2009-08-23,-0.0077620661681242166,0.0015383061088727879,0.0
2009-08-24,0.003505204667083195,-0.006212487875722767,0.0
2009-08-25,-0.013522097393621518,0.003332265308394565,0.0
2009-08-26,0.018372725875566376,0.0037833750986772567,0.0
2009-08-27,0.01606737654604986,0.01645232704283684,0.0
2009-08-28,-0.010062959179609738,-0.007172149986856158,0.0
2009-08-29,-0.003526408390553758,0.006689754289829073,0.0
2009-08-30,-0.012032095993762367,0.006127274478740472,0.0
2009-08-31,-0.0071481656321384646,0.01016400880512277,0.0
2009-09-01,-0.004060054453832056,-0.006164222336889075,0.0
2009-09-02,-0.011448927266380643,0.0035890503073864356,0.0
2009-09-03,-0.004272432304226144,-0.011850527083474964,0.0
2009-09-04,0.006837639666164788,0.00392812881880161,0.0
2009-09-05,-0.0024975963964140166,0.011964597110734285,0.0
2009-09-06,0.0076501483995449196,0.01580472401861297,0.0
2009-09-07,-0.0013247405406652494,-0.021418496769311256,0.0
2009-09-08,0.001397038411675622,-0.00334398509921289,0.0
2009-09-09,-0.012417806354585954,0.0045537084769424,0.0
2009-09-10,0.009741887728442521,-0.017246442663400058,0.0
2009-09-11,-0.011137266040553904,0.025832275182237362,0.0
2009-09-12,-0.0033056754194907122,0.0040290279916025,0.0
2009-09-13,-0.012645799377556156,-0.016433099709521712,0.0
2009-09-14,0.005439617910973317,0.032273078046208624,0.0
2009-09-15,-0.010258736545088867,0.005479141339649264,0.0
2009-09-16,0.006112119517882481,-0.018658873949585722,0.0
2009-09-17,0.01987611879798456,-0.008166691945854197,0.0
2009-09-18,0.003820490183795811,-0.006494591274255408,0.0
2009-09-19,-0.022398793499279056,-0.0001228222472565618,0.0
2009-09-20,0.010388481323585693,0.017660145015936466,0.0
2009-09-21,0.0021560727593096757,-0.006125192020784458,-0.005739604822722705
2009-09-22,0.006600529311119497,-0.006175753298306255,-0.014180943402179395
2009-09-23,0.00459486119926652,0.00175639800461173,-0.014734820852721549
2009-09-24,0.012179394518329962,0.00429497785986911,-0.01402021913560255
2009-09-25,0.01073371039975705,0.0029320980811452665,-0.01979606724978932
2009-09-26,-0.00012532293779638873,-0.007494223711457155,-0.017825652330987943
2009-09-27,-0.01209852563433711,0.015498617719670314,-0.02101123456244678
2009-09-28,-0.0003667525379885521,-0.013390355465957154,-0.0229293282578968
2009-09-29,0.00827908382509013,-0.010039513455358806,-0.013798046518768925
2009-09-30,-0.01836654535482726,0.03464381486475876,-0.015047696857171604
2009-10-01,0.0020371158161796733,-0.023270698242228053,-0.001654176494320675
2009-10-02,-0.017727763685109706,0.0005586259108290614,0.0
2009-10-03,0.011858574386581108,-0.009627214569160386,0.0
2009-10-04,0.019316117491063264,0.008049483395423655,0.0
2009-10-05,0.009449456075206515,0.005016193543129782,0.0
2009-10-06,-0.003700096792322933,-0.00836273442987217,0.0
2009-10-07,0.008580986996996257,-0.003691131114747136,0.0
2009-10-08,0.01412183352401853,-0.004277671992832288,0.0
2009-10-09,0.017576956901756906,0.006151954196053631,0.0
2009-10-10,0.015016087402565121,-0.01637823255176883,0.0
2009-10-11,0.011710098786740246,0.00431293970200038,-0.0002878983531074339
2009-10-12,-0.009335021355106674,0.003865484033235775,0.0
2009-10-13,-0.0003727158550078263,0.0010336208115792672,0.0
2009-10-14,0.005431411051437784,-0.003412092269600895,0.0
2009-10-15,0.0011165234649957434,0.008037079424203196,0.0
2009-10-16,-0.019144945777716655,0.006909264393320478,0.0
2009-10-17,-0.0010914389247328826,0.0033426472377106886,0.0
2009-10-18,-0.006560567693406134,0.0020390167469549513,-0.0013979885664823846
2009-10-19,0.0027354124254947384,0.007799474434830018,0.0
2009-10-20,0.0041056842117694545,0.007822012050159647,0.0
2009-10-21,-0.013952828081014043,-0.010068165173790198,0.0
2009-10-22,-0.007080703138558621,-0.011328860351815738,0.0
2009-10-23,0.0021988270853667757,-0.0030643064763882324,0.0
2009-10-24,-0.010036087723574501,-0.006334504914085519,0.0
2009-10-25,0.00020880850215346684,-0.004799549394131096,0.0
2009-10-26,-0.007982595089490676,-0.00098229389581799,0.0
2009-10-27,-0.006648833999403747,0.014986343844933914,0.0
2009-10-28,0.009407273184938737,0.0018302837234425598,0.0
2009-10-29,-0.0008413989458786697,0.0030681882052114133,-9.0066927751771e-05
2009-10-30,-0.005119579458097074,0.009521662562839296,0.0
2009-10-31,0.015996006719457938,-0.005423078307504262,0.0
2009-11-01,-0.0027396890030556304,-0.00213135937214561,0.0
2009-11-02,0.0001372583533901234,-0.01764458186198737,0.0
2009-11-03,0.0006266693464306631,-0.007770196438123833,0.0
2009-11-04,0.031100384905946715,0.0071853381005117355,0.0
2009-11-05,0.006852630310571209,-0.003148484579998503,-0.0008128482236565635
2009-11-06,0.009174795758262414,-0.003292873352488114,-0.004384858358893906
2009-11-07,-0.0032801297123363693,0.017847775334277227,-0.004468381546715944
2009-11-08,0.009011736400952004,0.017825799771315782,0.0
2009-11-09,0.01186967464205167,0.001614381945886644,-0.0038004167703901415
2009-11-10,-0.011397245766422594,-0.005656615287702943,-0.0031947655673993172
2009-11-11,0.004869462665271485,-0.013022684456259807,-0.003942407070316033
2009-11-12,0.017151288666664127,0.0011817501390126843,0.0
2009-11-13,0.018930943876271738,-0.010999577998053192,-0.0015811576489191195
2009-11-14,0.0030039695558825887,0.0007379484697005163,-0.002910963687004206
2009-11-15,0.02388957047423365,-0.006035586409114452,-0.0030728059919140627
2009-11-16,-0.006354627198017406,0.0012365395035098367,-0.003353957244644698
2009-11-17,0.011182711944083337,-0.004570449742296265,-0.0034735887896458
2009-11-18,0.00603096397971916,0.013296260222877339,-0.0018827224739680903
2009-11-19,-0.01003504958550023,-0.0008970168825600175,0.0
2009-11-20,0.010842878959937945,0.01695276132109721,0.0
2009-11-21,-0.012277456626934767,-0.0036287857933919743,0.0
2009-11-22,-0.0059738827336053716,0.01674285832002092,0.0
2009-11-23,-0.00029945986699880084,-0.009132408816426275,-0.020272699025260833
2009-11-24,-0.011520225954500887,0.007094811919560154,-0.014884640225783542
2009-11-25,0.012540753470498269,-0.011268694211195652,-0.015640716920818226
2009-11-26,-0.0038977415969715374,-0.004397274121709056,-0.012665299337459773
2009-11-27,-0.011893231296717877,0.024110504671943467,-0.014738069315694678
2009-11-28,0.0032902376479097316,-0.0034466477329389246,-0.01932261963554456
2009-11-29,0.0005812264040318537,-0.00782822807668231,-0.015547439927386678
2009-11-30,-0.010343346515466598,-0.009338342516039965,-0.02303643356287921
2009-12-01,-0.0048385108882906544,0.0034475236581960446,-0.02552864892743057
2009-12-02,0.00973375305380948,-0.001442720978016736,-0.026498259454515546
2009-12-03,0.009041590525273648,0.001802182141061538,-0.02798252159471338
2009-12-04,-0.015318778628500245,0.009180675864772348,-0.027170893406335703
2009-12-05,0.010549255524241545,-0.020744688099285844,-0.027268359422471418
2009-12-06,0.010622926665850178,-0.010293174055158961,-0.01761518241602404
2009-12-07,0.01239711838652502,-0.007346250985615905,-0.02145968524074407
2009-12-08,-0.004064352528167727,0.005532852896883449,-0.03516945468856665
2009-12-09,-0.007008064479274992,0.00815573216148635,-0.030838352082807642
2009-12-10,-0.00018484620912961845,0.002969481056433021,-0.026851247991866174
2009-12-11,-0.0058000897945661625,-0.007729117134580259,-0.026877958736630486
2009-12-12,-0.0017738957301089262,-0.02288163186925424,-0.026523110602973056
2009-12-13,-0.005273284275615904,0.019482529921306852,-0.02145827539800582
2009-12-14,-0.002077673036848056,-0.0007097450867089353,-0.02539976410251609
2009-12-15,-0.004188345520711001,-0.006410486187481459,-0.030116579860391984
2009-12-16,0.001176927129992479,-0.0018466644250613399,-0.029565903939576442
2009-12-17,0.0024692529689853103,-0.009436119137587561,-0.026166450090688548
2009-12-18,-0.0018002044818294894,-0.0028923014831811833,-0.027578347098847142
2009-12-19,-0.0047187168409828254,-0.023703733108620582,-0.02796116414267038
2009-12-20,0.01703119845026087,-0.018698428514941266,-0.02728999833263309
2009-12-21,0.01024827753536675,0.019976610930544002,-0.02426471402863873
2009-12-22,0.005762952682888623,0.012590366887550636,-0.0005995430604280871
2009-12-23,-0.008075787728639741,-0.003586754366528251,0.0
2009-12-24,0.007172568503516429,-0.00035628453952873604,0.0
2009-12-25,-0.0008210677429927979,0.005716569935562436,-0.00048160552724694355
2009-12-26,0.006833787729071965,0.009348228151201567,0.0
2009-12-27,0.003141428144123347,-0.009373447809579995,-0.0009712856250400775
2009-12-28,0.026303350021797036,-0.0037044774605980674,0.0
2009-12-29,0.0009687518655692489,0.0006313279462740435,-0.00035238875562637606
2009-12-30,-0.009447353944662423,0.007689634576588249,0.0
2009-12-31,0.01172024622515621,-0.004637577243092122,0.0
2010-01-01,0.01240771416669263,0.003631945366679148,0.0
2010-01-02,0.014306180189584461,0.006838972767527206,0.0
2010-01-03,-0.025703654616251806,-0.0005789004722845083,0.0
2010-01-04,-0.008796003447160724,0.004245971543212116,0.0
2010-01-05,-0.007606836569966428,0.011186803804751904,0.0
2010-01-06,-0.015982456589091067,-0.012867176394741893,0.0
2010-01-07,0.0018708408484031408,0.001103636106633376,0.0
2010-01-08,0.007210995368970594,0.002443510666123936,0.0
2010-01-09,0.011450507693589334,0.020751439165344127,0.0
2010-01-10,0.009739707076019765,-0.01980969367227003,0.0
2010-01-11,0.0007204460854220777,-0.008324841143377643,0.0
2010-01-12,0.01617941354773754,-0.01539322145676721,0.0
2010-01-13,0.002969244477603785,-0.010936636078885538,0.0
2010-01-14,-0.028073958067320392,0.002315428994410536,0.0
2010-01-15,-0.0029063529138469465,-0.010692503858411327,0.0
2010-01-16,-0.007369599211124408,-0.002095676881737886,0.0
2010-01-17,0.003661918872650438,-0.0007604293127859388,0.0
2010-01-18,-0.004110719695399799,-0.003047741503635692,0.0
2010-01-19,-0.003151355905306057,0.007660614564668086,0.0
2010-01-20,0.01406280066446694,0.002831599214870292,0.0
2010-01-21,-0.00763018101003282,-0.008815226204219054,0.0
2010-01-22,-0.013901635633529134,-0.004998520862614549,0.0
2010-01-23,0.0024742883791434634,0.002313583592152086,0.0
2010-01-24,0.006516563576147825,-0.006413022962879571,0.0
2010-01-25,-0.0012369853772964384,0.004081729585834238,0.0
2010-01-26,-0.00016419265486173126,-0.0008292778457392198,0.0
2010-01-27,-0.006114282973523897,-0.005728438013166963,0.0
2010-01-28,-0.01359141513778629,-0.003747397034657506,0.0
2010-01-29,-0.007897727662497446,-0.011469544375951045,0.0
2010-01-30,-0.011024987417442376,0.002501742281901486,0.0
2010-01-31,0.012254780042415795,-0.006203978629312387,0.0
2010-02-01,-0.0028400794220455484,-0.00762030026903408,0.0
2010-02-02,0.014067596392091705,-0.0034001514302416875,0.0
2010-02-03,-0.0016533221311533107,0.02120215631682531,0.0
2010-02-04,-0.009565685984260509,0.011019751386860028,0.0
2010-02-05,0.0016212101009370236,-0.0067689053543155886,0.0
2010-02-06,0.0017506720663481247,-0.010536025872814912,0.0
2010-02-07,0.013204677885650678,0.006611631218597963,0.0
2010-02-08,-0.020909261004871876,-0.010329965420500985,0.0
2010-02-09,-0.004613560503107221,0.011213159776522775,0.0
2010-02-10,0.0038005609731808793,-0.0071427730271971706,0.0
2010-02-11,-0.007966710867099235,0.010601885487508542,0.0
2010-02-12,0.0008975120665284513,0.02031129332916875,0.0
2010-02-13,-0.003276546585738693,-0.0032513093243135577,0.0
2010-02-14,0.014238782129801222,0.006680337138639141,0.0
2010-02-15,0.012506267479266813,0.007729777910886565,0.0
2010-02-16,-0.0212278478914173,0.023930211262179014,0.0
2010-02-17,-0.015971915154801928,0.024688704409984923,0.0
2010-02-18,-0.008365962952565602,-0.007964595976899684,0.0
2010-02-19,-0.0009902456418608339,0.013423883365380185,0.0
2010-02-20,-0.0018807068384785479,0.011178249420722633,0.0
2010-02-21,-0.005492427432244247,0.003692484275862239,0.0
2010-02-22,0.005884076218439467,0.005934133222399713,0.0
2010-02-23,0.008606555299504791,-0.009875679943258012,0.0
2010-02-24,0.000766761257262,-0.007925883122380618,0.0
2010-02-25,-0.003239889874840168,-8.430967227034351e-05,0.0
2010-02-26,0.00017007286113155388,-0.012343940826945935,0.0
2010-02-27,-0.008650356691116022,0.004577749761341068,0.0
2010-02-28,0.008176923766876341,0.0028844871107597436,0.0
2010-03-01,0.00827486743205971,0.01637839148764603,0.0
2010-03-02,-0.009607137322442082,-0.009699864855225396,0.0
2010-03-03,0.014617927312469237,0.014791435206125388,0.0
2010-03-04,-0.0006747158861753184,0.0051693105521036465,0.0
2010-03-05,0.008211488447430774,0.004476147658132634,0.0
2010-03-06,-0.00018696839630879186,0.0014786208853140828,0.0
2010-03-07,-0.0019972158861554148,0.0018132961311069559,0.0
2010-03-08,0.007082685542261833,-0.005220409344059567,0.0
2010-03-09,-0.010070934308400805,-0.007687434850044584,0.0
2010-03-10,-0.002650532321516756,0.014352831308572163,0.0
2010-03-11,-0.012264729264734634,-0.020984844554344125,0.0
2010-03-12,0.00486774210922315,0.011660524683297088,0.0
2010-03-13,-0.002478465729797733,0.005688926420735386,0.0
2010-03-14,-0.0033960312793793897,0.0043617833662088195,0.0
2010-03-15,-0.005503794179261462,0.012547192960398301,0.0
2010-03-16,0.006411755046331617,0.0023252678742354134,0.0
2010-03-17,0.002566890403794593,0.004634605310514055,0.0
2010-03-18,-0.0023689721443386313,0.008808419052290717,0.0
2010-03-19,-0.004839394854016948,0.0010419231374612565,0.0
2010-03-20,0.018002627704401437,0.011938340690023298,0.0
2010-03-21,0.015114653048911799,0.011047653706814327,0.0
2010-03-22,-0.0115113854690677,0.00112073824068443,0.0
2010-03-23,0.012151733954420466,0.0064301270176492864,0.0
2010-03-24,0.005253912452470248,-0.006968905315722075,0.0
2010-03-25,0.003035037175439811,0.004869710257372912,0.0
2010-03-26,0.00424873138866564,0.003363457837300382,0.0
2010-03-27,-0.013940331748186556,-0.012439836180207456,0.0
2010-03-28,0.024976417359281328,0.0019196726029639824,0.0
2010-03-29,0.020771580124730266,0.007264806634882146,0.0
2010-03-30,0.0003820081187403274,-0.007698599445268085,0.0
2010-03-31,8.319377467626877e-05,-0.011182048944708525,0.0
2010-04-01,0.001505106316645194,0.001377241608687895,0.0
2010-04-02,-0.0068196750229335724,-0.0041004425919755495,0.0
2010-04-03,0.0054460025336918825,-0.007982177917900943,0.0
2010-04-04,-0.000430514157859459,0.0022292138430913726,0.0
2010-04-05,-0.010997077780554478,-0.007827817623098126,0.0
2010-04-06,-0.005113348675275949,0.002802820618544552,0.0
2010-04-07,-0.00674325864686556,0.012260561679464559,0.0
2010-04-08,-0.006337024213433885,0.004837352075115696,0.0
2010-04-09,-0.0036513883465832085,0.0034384733736110497,0.0
2010-04-10,0.006105604748230942,-0.008501581500390716,0.0
2010-04-11,-0.004524546747143977,0.014583829647088584,0.0
2010-04-12,-0.016734549480029247,-0.0009440616158697812,0.0
2010-04-13,0.014284491278701588,0.018791538376979545,0.0
2010-04-14,-0.006266745331535005,-0.0037673624786732102,0.0
2010-04-15,0.014306344865844582,0.0020723550056674558,0.0
2010-04-16,0.002146185381333653,-0.01123693788285612,0.0
2010-04-17,0.005215512171104208,0.004822960412112327,0.0
2010-04-18,-0.008875346133234438,-0.012238458663204171,0.0
2010-04-19,0.0006395063541495718,0.0021178540594209857,0.0
2010-04-20,-0.004201171133827495,0.01827439614835403,0.0
2010-04-21,-0.0009312164975685633,0.008675692424356495,0.0
2010-04-22,0.004455563854157588,-0.011508702986693523,0.0
2010-04-23,-0.004273332797200348,0.010545621064775895,0.0
2010-04-24,0.008079902057416231,-0.0105833054294423,0.0
2010-04-25,-0.014671131854400754,-0.001870657751325346,0.0
2010-04-26,-0.011232428066869124,-0.004268548022382849,0.0
2010-04-27,0.004056622884523,-0.002729819220873066,0.0
2010-04-28,0.004987892786253338,0.0005731873056010416,0.0
2010-04-29,0.010526745395697713,-0.022939758396025908,0.0
2010-04-30,0.01607373228297976,0.011340500237866615,0.0
2010-05-01,0.0042753106277592795,-0.00024402982406656771,0.0
2010-05-02,0.007405335124820955,-0.009594984387785964,0.0
2010-05-03,0.002355027264038001,0.003773311377198321,0.0
2010-05-04,0.001359963400349306,0.015161342403631536,0.0
2010-05-05,-0.001143484784253258,-0.009530203045498481,0.0
2010-05-06,0.0010224048176721698,0.0073322502079484035,0.0
2010-05-07,-0.005772162185660995,-0.00013707841268580605,0.0
2010-05-08,-0.001660721815441817,0.0016004861347306565,0.0
2010-05-09,0.007957741556084044,-0.004791838352834816,0.0
2010-05-10,0.0049416484950787435,0.0011916290869598523,0.0
2010-05-11,0.01150308909878501,0.006822552234338126,0.0
2010-05-12,-0.004845785230631386,-0.01480653950114015,0.0
2010-05-13,-0.003702037355880933,-0.007193716005762784,0.0
2010-05-14,0.004250515512659737,-0.004677500119255741,0.0
2010-05-15,-0.008738328743015118,-0.005351134049377617,0.0
2010-05-16,-0.00915915573478894,-0.016605590450469884,0.0
2010-05-17,0.006122330022607971,-0.005560981482430404,0.0
2010-05-18,-0.003208782136549671,-0.01142519518812078,0.0
2010-05-19,0.008512696207507844,0.0039006174246070738,0.0
2010-05-20,0.0006849476695280375,-3.38920645993487e-05,0.0
2010-05-21,-0.004635343500176952,0.0017004017319218407,0.0
2010-05-22,-0.010799309666583682,0.0038496263578574005,0.0
2010-05-23,0.011777493622926547,-0.004736852914010921,0.0
2010-05-24,-0.0011301984024822598,-0.009957817795948861,0.0
2010-05-25,-0.009317136884337336,0.007072096281372072,0.0
2010-05-26,-0.01552212649633712,-0.004104907756774169,0.0
2010-05-27,-0.012996261532744581,-0.006100262927349776,0.0
2010-05-28,-0.004552535555449264,0.016297827781830906,0.0
2010-05-29,0.011963264471236976,-0.014565975687081232,0.0
2010-05-30,-0.009767358903394655,0.008548093827629223,0.0
2010-05-31,0.0023694122181910026,0.013631490609493587,0.0
2010-06-01,0.0016287570662658572,-0.003209820548503865,0.0
2010-06-02,-0.03414645826013927,-0.005829590581323037,0.0
2010-06-03,-0.013551965225705561,0.0039015043926134145,0.0
2010-06-04,0.0074319742833350915,-0.007938189190528733,0.0
2010-06-05,-0.021492040701037878,-0.019630020306003495,0.0
2010-06-06,0.010532029555441793,0.01125636679825885,0.0
2010-06-07,-0.0007531783131387848,0.01622359806995048,0.0
2010-06-08,-0.0178672846009841,-0.013044688504797819,0.0
2010-06-09,0.017898454850341316,0.00729442415080027,0.0
2010-06-10,-0.002219349923457309,0.002234918519041398,0.0
2010-06-11,0.015004053447287058,4.380208975085681e-05,0.0
2010-06-12,0.0011425778122255506,0.00762452566379165,0.0
2010-06-13,-0.008580365584312246,-0.003926889641417258,0.0
2010-06-14,0.01035677948782435,-0.002611355837641226,0.0
2010-06-15,0.01713865612344278,0.0018400037662134664,0.0
2010-06-16,0.011915417012517342,0.003619061205954022,0.0
2010-06-17,-0.01301191249133006,-0.02381107074063117,0.0
2010-06-18,0.005298283859615003,0.01242468450849276,0.0
2010-06-19,-0.012901135570483533,0.006420337579862827,0.0
2010-06-20,-0.0070666899006106435,0.011466479997596282,0.0
2010-06-21,0.012623203521091959,-0.0010042364150318597,0.0
2010-06-22,-0.015484253713378325,-0.009785741509014527,0.0
2010-06-23,0.024224128516592232,0.006088657936198811,0.0
2010-06-24,-0.016694019183343338,0.005934068852997231,0.0
2010-06-25,-0.014242507052169204,0.010401822142597274,0.0
2010-06-26,0.00656259492656189,0.007562681386019738,0.0
2010-06-27,-0.0031681401600010552,-0.008034318270505532,0.0
2010-06-28,-0.0025613919978050965,-0.010497023207525833,0.0
2010-06-29,-0.010540806062360497,-0.0015381313025481483,0.0
2010-06-30,0.006342868244783167,0.004543292524268084,0.0
2010-07-01,0.001170480527869083,-0.0002632155453194514,0.0
2010-07-02,-0.001963802426810034,-0.004751273497652571,0.0
2010-07-03,-0.00935936212829254,0.0020813659618929164,0.0
2010-07-04,-0.016342441040023116,-0.017922704280426846,0.0
2010-07-05,-0.001235738787620185,-0.0005995915617708861,0.0
2010-07-06,-0.02329636690165326,-0.02153144494857311,0.0
2010-07-07,-0.007787770748884341,0.01739688503033775,0.0
2010-07-08,0.005249397483945597,-0.01769152539220836,0.0
2010-07-09,0.005855248863348393,0.018548754852903825,-0.0011536181982384
2010-07-10,-0.0053077129341456124,0.009665924063376382,0.0
2010-07-11,-0.027365086303106162,0.011247383997528062,0.0
2010-07-12,0.0044695510214886715,0.008921032428640705,0.0
2010-07-13,0.00786622935794463,-0.003117999468030747,0.0
2010-07-14,-0.0005472638209318852,0.0014527941604725759,-0.0007144969033427567
2010-07-15,0.011917417558245956,0.016716724285233648,0.0
2010-07-16,0.009370557311564012,-0.010063285579915463,0.0
2010-07-17,-0.01813873333803797,-0.0015573813964575014,0.0
2010-07-18,-0.003393790992980217,0.010245291370893691,0.0
2010-07-19,-0.006062179893442638,-0.005989160518420954,0.0
2010-07-20,0.01489540121886196,0.018116355515371923,0.0
2010-07-21,0.00988420945848476,-0.011076343949486865,0.0
2010-07-22,9.20351750012828e-05,-0.006765836962173088,0.0
2010-07-23,0.004741042106889838,0.001202050097990905,-0.002427068077256865
2010-07-24,0.007943731480568735,-0.006668145672681486,0.0
2010-07-25,-0.008242272593559072,-0.0018090380699465054,-0.0008364475723972656
2010-07-26,-0.002881798229363801,0.0008325340254305952,-0.0063915209699877615
2010-07-27,-0.002022442874749358,-0.0012727643834196819,-0.006709161717956526
2010-07-28,-0.005328242908155909,0.005602669752072447,-0.015634363482576977
2010-07-29,-0.004372716649751429,0.005516592731064551,-0.02975607107037285
2010-07-30,0.0013231120380234644,9.816151511627801e-05,-0.0307036015077905
2010-07-31,-0.014250379151561018,0.01568355079767852,-0.03648426839401894
2010-08-01,-0.012784527407689147,0.0009874842649828606,-0.039055275782021885
2010-08-02,0.0069093652069724875,-0.014044266193505102,-0.042866594641349565
2010-08-03,0.014477711104296598,8.149567610413362e-05,-0.03440424564824041
2010-08-04,0.017995705194606634,0.005996325300707064,-0.03478929063064011
2010-08-05,-0.019000945073356333,0.04506103204932366,-0.030665666663264937
2010-08-06,0.0027345086173275047,-0.019226228441461313,-0.007356556779287794
2010-08-07,-0.009635181438490932,0.019457558505106828,0.0
2010-08-08,-0.006608591118406559,0.00984942817208025,0.0
2010-08-09,-0.003394509638637901,0.011259627001751968,0.0
2010-08-10,0.00293459986524081,-0.003940057062311292,0.0
2010-08-11,0.004601359553016422,0.004004947589056987,0.0
2010-08-12,-0.025825582366348365,0.004578588030627637,0.0
2010-08-13,-0.007290987263052273,-0.0013576265321353284,0.0
2010-08-14,0.009883086323875322,0.008499539823835734,0.0
2010-08-15,0.00012027490766396273,-0.010415832344455738,0.0
2010-08-16,-0.01764470791542569,-0.007306487479608461,0.0
2010-08-17,-0.01121181831848684,0.009499636060802686,0.0
2010-08-18,-0.009387835800082742,0.005198978198708637,0.0
2010-08-19,0.009068798229839215,-0.016350880753956,-0.005594296582876079
2010-08-20,0.016663891597735167,0.0058546882197346075,-0.0014226319364691042
2010-08-21,-0.012417821896331645,0.0028479251590174974,0.0
2010-08-22,0.0039475810645593105,0.009276356050634389,0.0
2010-08-23,-0.004188658674976799,0.0002669843983069336,-0.002923021331443558
2010-08-24,0.004570622188675847,0.0001885867322052446,0.0
2010-08-25,-0.0036577931169007915,-0.009725934477717092,0.0
2010-08-26,-0.012741279062011038,-0.0007237834133941403,-0.0010951595738740855
2010-08-27,-0.0079410535843938,-0.004158074606652913,-0.0007608424661797453
2010-08-28,-0.008016288044194667,0.00520180647211897,0.0
2010-08-29,0.013497730579626005,-0.02038753817429614,-0.00019733659302634265
2010-08-30,-0.009041324237512843,-0.00032782364852022253,0.0
2010-08-31,0.004307791870858558,0.010838799698364172,0.0
2010-09-01,-0.00995728017802448,-0.027722197653252515,0.0
2010-09-02,-0.008207924782653588,0.00656840727334847,-0.0005940478239496935
2010-09-03,0.0009124134453979297,0.0038262487187912895,-0.0019620785242294714
2010-09-04,-0.007223141418595085,0.002323291034550789,-0.008203186028837996
2010-09-05,0.018594374142779195,-0.0010039372449790105,-0.006267797872121374
2010-09-06,0.012008669443760627,-0.006507652184026923,-0.006507229603227742
2010-09-07,-0.012941291410449769,0.012315797524141999,-0.008178018412543418
2010-09-08,0.003827084382363153,-0.0009959772229790145,-0.008191032595839143
2010-09-09,0.01394402779464926,-0.020270941450779973,-0.007927972423131015
2010-09-10,-0.013708852679829865,0.009962437546711205,-0.004452060990569898
2010-09-11,-0.005553971399168994,-0.013446813448569071,-0.0004650264214869429
2010-09-12,0.013669856100287545,-0.010752619757355924,0.0
2010-09-13,-0.00983531764425175,0.0030083261204723274,0.0
2010-09-14,0.005014072317581331,-0.004958576041927378,0.0
2010-09-15,-0.0022191879731246916,0.0007934189534615279,0.0
2010-09-16,0.00039709689131700343,0.0017252083968824273,0.0
2010-09-17,-0.011989466747137485,-0.0021376794468129477,0.0
2010-09-18,-0.0021409822923661804,0.0031406245279371244,0.0
2010-09-19,-0.005858341426302732,-0.01641470665730446,0.0
2010-09-20,0.016493373242730786,0.016039098916658563,0.0
2010-09-21,0.005102573897113974,0.007809505608125295,0.0
2010-09-22,-0.00029730306013576,-0.007326727856333196,0.0
2010-09-23,-0.0016242119927387048,-0.0028905143210664094,0.0
2010-09-24,0.005568358239039759,0.013829881540030673,0.0
2010-09-25,-0.01776017970681815,-0.009751759256323853,0.0
2010-09-26,-0.01169560069818606,-0.0173029741232426,0.0
2010-09-27,-0.010837019987015695,0.020030171852670406,0.0
2010-09-28,-0.009638827331820731,0.012644129903554879,0.0
2010-09-29,-0.018253946590721416,0.00325926336217576,0.0
2010-09-30,0.0037676741874290132,0.016300710390808607,0.0
2010-10-01,-0.006310019128904383,0.004404437685218378,-0.0012371120943696357
2010-10-02,0.011271085028565457,0.0037674213613561255,-0.010953383605206042
2010-10-03,-0.0027275059644745144,0.008899751458897945,-0.008238797987456324
2010-10-04,-0.005290205941554022,0.007029510379079985,-0.00247611930562186
2010-10-05,0.00297026899839749,-0.010515622837614421,-0.0053352433780892924
2010-10-06,0.0029060830205252016,0.0005653747147243233,-0.002454086090198593
2010-10-07,-0.004437551615564411,0.003630116500892226,-0.0017269745638815379
2010-10-08,0.004365700828214838,-0.011120890244346796,-0.0014303999012188137
2010-10-09,0.011283592053121546,-0.013846584963302011,-0.004138740642398379
2010-10-10,-0.006112497007815886,0.0008321916813519303,-0.004977066996035541
2010-10-11,0.011642819402895237,0.013770982338466853,-0.004778299790108784
2010-10-12,-0.003504363511439086,0.0004828633262330365,-0.00792456288033147
2010-10-13,0.00729022063868363,0.008553719855994069,-0.00796247543960469
2010-10-14,-0.001976577930590082,0.014054325410654179,-0.008567091210663819
2010-10-15,-0.00543656894874626,0.013528971169129543,-0.005031462017779854
2010-10-16,0.0015237424178631631,0.005444901054412896,-0.007262291232399486
2010-10-17,-0.012915085530379901,-0.013876265200149746,-0.011046918470431176
2010-10-18,-0.017800196209079463,-0.015409794145072563,-0.022870144673228357
2010-10-19,-0.001940962323116044,-0.01966154806130451,-0.020559026484801277
2010-10-20,-0.004010400782118004,-0.003093180996335204,-0.008484056506213242
2010-10-21,-0.012925935487796983,0.0004450331690119664,-0.008400336966224352
2010-10-22,0.020006185585651808,-0.011844651356084205,-0.009786495083392743
2010-10-23,0.002631773804829405,0.0006389136850601966,-0.004589166595065364
2010-10-24,-0.008888003427842427,0.006625558758217305,-0.0021063665709962903
2010-10-25,0.0037086372210214315,-0.012653431847859347,-0.0011864549604581193
2010-10-26,0.003982000547386102,0.005964804305966016,0.0
2010-10-27,-0.005486187426608362,0.00548229874782019,0.0
2010-10-28,-0.003970893631141685,-0.017673706689600083,0.0
2010-10-29,-0.020406867477287313,0.0014204984204817335,0.0
2010-10-30,0.0007657796639152811,-0.0003963704101951614,0.0
2010-10-31,0.0176260750454556,0.005069233409432483,0.0
2010-11-01,0.010120992261135966,0.0044927789169262305,0.0
2010-11-02,0.00906216604048098,-0.022065402452666846,0.0
2010-11-03,-0.007460340598317638,0.018981713229235246,0.0
2010-11-04,-0.012465649858585202,0.0010554536361448116,0.0
2010-11-05,0.007452869934452394,0.009569985047762086,0.0
2010-11-06,0.001506182606825608,0.008783211445641943,-0.002984265307689013
2010-11-07,-0.0035324984484192395,-0.009976207874262658,0.0
2010-11-08,-0.004715707296692949,-0.0007003033115403252,0.0
2010-11-09,0.008043546461870929,-0.0021471919794008114,0.0
2010-11-10,0.004860977908383176,0.021792059107920418,0.0
2010-11-11,-0.00627147055044584,-0.013542132713414343,0.0
2010-11-12,-0.0026803939758301,0.01537639342948165,0.0
2010-11-13,-0.018446318732247266,0.008887284480598273,0.0
2010-11-14,-0.013464359777476884,-0.0010449841191906165,0.0
2010-11-15,0.0042406300407532805,-0.010497513878219556,0.0
2010-11-16,-0.006186957482919046,-0.001999358161001266,0.0
2010-11-17,-0.010304320559567058,0.006743412739216579,0.0
2010-11-18,0.0012337808774428767,-0.009466860521103333,0.0
2010-11-19,0.011280569224607073,0.002150961835995619,0.0
2010-11-20,-0.010049780123366941,0.0062009163172097575,0.0
2010-11-21,-0.00480698774384979,0.006954591261504518,0.0
2010-11-22,-0.0041304443110007525,-0.003512833139585839,0.0
2010-11-23,0.023230345552598994,0.006458736416948147,0.0
2010-11-24,0.008824240828426632,0.007412510590093531,0.0
2010-11-25,0.0011798631622002452,-0.020294567484685843,0.0
2010-11-26,-0.015945907677639776,-0.011920448802052643,0.0
2010-11-27,0.006178574587335247,-0.014320659160979776,0.0
2010-11-28,0.004265789752158142,-0.007647695591119278,0.0
2010-11-29,-0.0034959285926324723,0.007546489396812557,0.0
2010-11-30,-0.009123000662755136,0.0048993965071098735,0.0
2010-12-01,-0.006077793901297594,0.0036996191636833203,0.0
2010-12-02,-0.018243965362403525,-0.00546471044122285,0.0
2010-12-03,-0.005451480980057416,0.01001853586830566,0.0
2010-12-04,-0.006181737882771784,-0.016149543058847915,0.0
2010-12-05,-0.01071963986120032,-0.014365260052720824,0.0
2010-12-06,-0.004798737828960555,0.006806535771943072,0.0
2010-12-07,-0.01752196353998646,-0.0029981531685168996,0.0
2010-12-08,0.009894735041446327,0.01048157811312233,0.0
2010-12-09,-0.0031740309412809833,0.008423150476100405,0.0
2010-12-10,-0.01351867275191479,0.009354914710983308,0.0
2010-12-11,0.006209308994897584,-0.00821637866037318,0.0
2010-12-12,0.004058505161263539,-0.005799172734363223,0.0
2010-12-13,-0.0066297941663020984,-0.01697134711656621,0.0
2010-12-14,-0.014919217090464502,-0.00018801624191425712,0.0
2010-12-15,-0.002252605345562072,-0.00041261317717791377,0.0
2010-12-16,0.003109206746993077,-0.006047767375248204,0.0
2010-12-17,0.004876158904298164,-0.0029772382507433186,0.0
2010-12-18,0.007708925181832887,0.0016526699255021164,0.0
2010-12-19,0.007010857830116937,0.008901457107776874,0.0
2010-12-20,-0.016516472425792187,-0.006100045701332355,0.0
2010-12-21,-0.0004092005207704282,-0.006501199406247643,0.0
2010-12-22,-0.020517958283868553,-0.0013143345986703794,0.0
2010-12-23,0.008153400019841552,0.005368439547799451,0.0
2010-12-24,0.002471176889787195,0.018492832399404097,0.0
2010-12-25,0.007977290110676846,0.009316082225150155,0.0
2010-12-26,-0.0012515601428803363,-0.024599356784532775,0.0
2010-12-27,-0.0016831794754261673,-0.017485344878519545,0.0
2010-12-28,-0.0071396862948837495,-0.008365069629452587,0.0
2010-12-29,-0.029688093605058793,-0.026182204488190784,0.0
2010-12-30,-0.003668204427586851,0.0066309541414716015,0.0
2010-12-31,0.024332628265144058,-0.009574851576655094,0.0
2011-01-01,0.011314590329056785,-0.013687597160048548,0.0
2011-01-02,-0.003858165828843835,-0.002515426611522839,0.0
2011-01-03,0.00168715332492252,0.0024465000644607036,0.0
2011-01-04,0.0029114718192676326,-0.004350940892556158,0.0
2011-01-05,-0.0074526592592969775,-0.0009124915619224638,0.0
2011-01-06,-0.0016025026980547009,0.008695737588243496,0.0
2011-01-07,0.0018803015250998803,-0.011362557810105868,0.0
2011-01-08,-0.006589329760166132,-0.000826856967127492,0.0
2011-01-09,0.003070287382699742,-0.019738581663278406,0.0
2011-01-10,0.010878717870514306,-0.013110010857720279,0.0
2011-01-11,0.006862035230300665,0.009537916911028546,0.0
2011-01-12,0.001257930971299073,-0.008363860829910143,0.0
2011-01-13,-0.003210685239439407,-0.010945442106263668,0.0
2011-01-14,0.00583270039289314,0.007359354620413652,0.0
2011-01-15,-0.006850318297332696,-0.005586001979640027,0.0
2011-01-16,-0.007855758725988886,0.008520594689050972,0.0
2011-01-17,0.011379928769446325,0.0185672892789876,0.0
2011-01-18,-0.0051546661662220826,0.021585670980613605,0.0
2011-01-19,-0.015053501676028556,-0.0030013222528068764,0.0
2011-01-20,0.0071464674504030405,0.002633636697404565,0.0
2011-01-21,0.0058392428826846325,-0.006591824036582166,0.0
2011-01-22,0.00992505760267865,0.01663071812866026,0.0
2011-01-23,-0.0023784492699681302,0.004939541870597235,0.0
2011-01-24,0.010173312723285166,0.027640596395963113,0.0
2011-01-25,-0.002656256324193551,-0.005489492480773157,0.0
2011-01-26,-0.011485769070113032,-0.0012607463097340133,0.0
2011-01-27,-0.003116117547417174,-0.02978544732736833,0.0
2011-01-28,0.0012370287716024573,-0.007919612859814578,0.0
2011-01-29,-0.012221855948059458,-0.007239379518642439,0.0
2011-01-30,-0.003107090452599278,0.003993798791445157,0.0
2011-01-31,0.0012500143973197314,0.009066187436311919,0.0
2011-02-01,-0.005501419522927462,-0.00884731181467492,0.0
2011-02-02,-0.00041763190259034433,-0.002100864496433395,0.0
2011-02-03,-0.0015009246591263226,0.005190652788755027,0.0
2011-02-04,-0.009291440432267997,-0.0016088931319082848,0.0
2011-02-05,0.0021875345009548654,0.0058912400610687,0.0
2011-02-06,0.004616471087275782,0.01492959328749927,0.0
2011-02-07,-0.021286590648284805,-0.0070969961215069976,0.0
2011-02-08,-0.007924274815249958,0.0022563569612329996,0.0
2011-02-09,0.007097823911430559,0.010860487889590702,0.0
2011-02-10,0.0034291075279474616,0.00010789466871500418,0.0
2011-02-11,-0.02005236068018613,0.014911403898949311,0.0
2011-02-12,0.0013149797843717106,-0.003945886017631058,0.0
2011-02-13,0.013013594134357946,0.010562043236793769,0.0
2011-02-14,0.007790344404158932,0.001914316543235489,0.0
2011-02-15,0.006747800543628071,0.0054478024430920655,0.0
2011-02-16,-0.0020138868159496745,-0.007260699293039768,0.0
2011-02-17,-8.908524789648126e-05,0.010393785704097595,0.0
2011-02-18,-0.012357627904979325,-0.012016849284107936,0.0
2011-02-19,-0.000674177602206368,0.010201845436657028,0.0
2011-02-20,0.022257724020178907,-0.00026835307013605504,0.0
2011-02-21,-0.0010290344058044088,0.002239086381736509,0.0
2011-02-22,-0.010007897479949592,0.012795793289125827,0.0
2011-02-23,0.004483849486355812,-0.01421236989315152,0.0
2011-02-24,-0.021148159457211754,0.0074543243639785895,0.0
2011-02-25,0.022041507648407142,0.0034001271259896486,0.0
2011-02-26,0.005492017364541725,-0.0053505908273863345,0.0
2011-02-27,-0.0033595287560119302,0.007944249639371046,0.0
2011-02-28,-0.004355865396296762,-0.00039055710375883793,0.0
2011-03-01,-0.009769514986110528,0.018661946977371266,0.0
2011-03-02,0.0005127647973176958,-0.0050851366788127695,0.0
2011-03-03,-0.00026151216728238286,0.015632598809948012,0.0
2011-03-04,-0.01617985753997681,0.013961471833109324,0.0
2011-03-05,0.009368593089405311,0.0036357859162484104,0.0
2011-03-06,-0.004184385514685504,-0.006784748241825145,0.0
2011-03-07,-0.011508501616164386,-0.0002782761790253266,0.0
2011-03-08,0.008815543290605792,-0.013014437288130834,0.0
2011-03-09,0.0069229534045096505,-0.007053999768086564,0.0
2011-03-10,-0.006274699085923666,-0.006137882675613072,0.0
2011-03-11,-0.0070678739013151195,0.003494300244352336,0.0
2011-03-12,0.010435733391590941,-0.014166395871378577,0.0
2011-03-13,-0.004491629631298952,0.004351118348131202,0.0
2011-03-14,0.0015373564209541597,-0.004659900981535596,0.0
2011-03-15,0.013239642013632789,0.00946841161362277,0.0
2011-03-16,-0.01260005041775142,0.0058286974003796685,0.0
2011-03-17,-0.015516958455419783,-0.006186380403146015,0.0
2011-03-18,-0.008915788993749315,0.0023279957023520873,0.0
2011-03-19,-0.006205511318242619,0.002056395211325155,0.0
2011-03-20,-0.00010914126987619807,-0.005412713530591132,0.0
2011-03-21,0.009418634450713052,-0.002770217532495995,0.0
2011-03-22,-0.004633469457360278,-0.0015560541034894985,0.0
2011-03-23,0.016616766865925232,-0.010162816474933872,0.0
2011-03-24,0.0018618262491577268,-0.012461996826271748,0.0
2011-03-25,-0.020125758908671975,0.00182965914614645,0.0
2011-03-26,-0.0006379774593608138,-0.01795411295053926,0.0
2011-03-27,0.006901059445826041,0.004513444564026038,0.0
2011-03-28,0.010781048776067404,0.00798736345258207,0.0
2011-03-29,-0.007367100307540527,-0.004456316900283239,0.0
2011-03-30,-0.0012434374059621812,0.004102011198761737,0.0
2011-03-31,0.022123680123568565,-0.00787454052081773,0.0
2011-04-01,0.001315048859938821,0.00628801232011768,0.0
2011-04-02,-0.009394159546337625,0.030625018772500644,0.0
2011-04-03,-0.015382550887736967,0.004707272642273557,0.0
2011-04-04,-0.004537168611934578,-0.0007772803016956071,0.0
2011-04-05,0.0035514668861246395,-0.0005694999205741633,0.0
2011-04-06,-0.011192110058196038,-0.014159773242851484,0.0
2011-04-07,0.013469333826967717,-0.007526894086814415,0.0
2011-04-08,-0.007628070150439954,-0.0031567229094491144,0.0
2011-04-09,-0.019182180846830123,-0.0064511341834312865,0.0
2011-04-10,0.006406980075530401,0.0005256990185285959,0.0
2011-04-11,0.00028773251373201474,0.012058897472288475,0.0
2011-04-12,-0.002379326318026029,-0.01436185767778452,0.0
2011-04-13,0.012733743724252287,-0.006880747342286294,0.0
2011-04-14,-0.006045892388632407,0.0008736124836744945,0.0
2011-04-15,0.007025095502630782,-0.01228019622934073,0.0
2011-04-16,-0.005341449458040631,-0.009764457012879186,0.0
2011-04-17,0.016382850777292273,0.004212742765129056,0.0
2011-04-18,5.796815129736893e-05,0.0050839278608461255,0.0
2011-04-19,0.0002742533452764353,0.002518485045345743,0.0
2011-04-20,0.005963291717905518,-0.010388219199801086,0.002553380817857269
2011-04-21,-0.0007688568907541265,0.004284396302809247,0.0
2011-04-22,0.004592803846212067,0.007909386987225403,0.004413618755154718
2011-04-23,-0.0023046201423978104,-0.0061573222770608775,0.00792310338187497
2011-04-24,0.006283666910273235,0.0014514183124935754,0.00876653349131224
2011-04-25,0.0007065286676563244,-0.0046819148999240985,0.007513911168975151
2011-04-26,-0.005332126934403155,-0.004114119494530683,0.006363758018563169
2011-04-27,0.005780032711263478,-0.004164754932052601,0.00793329004138895
2011-04-28,0.0048138883359818046,0.0032201674864949814,0.00875709324780806
2011-04-29,-0.01052753292639544,-0.012005420622113244,0.009577354520998324
2011-04-30,-0.002893677938572235,0.018038803757455084,0.007728520774833693
2011-05-01,-0.01664970061097343,0.006187712053033745,0.0
2011-05-02,0.0011708485438885446,-0.003186867222920126,0.0
2011-05-03,0.008469530845546108,0.02132779908857731,0.0
2011-05-04,0.02433045475384641,0.006657971591579951,0.010354567315011436
2011-05-05,0.002990508485305757,-0.02837911668235886,0.0075106251347535
2011-05-06,0.01059197246422823,0.009793579128262753,0.0
2011-05-07,0.014852982143226905,0.006330369213666618,0.0
2011-05-08,0.007414549086979689,-0.000920045812687743,0.0
2011-05-09,-0.01846200397917642,0.00013598792974308467,0.0
2011-05-10,-0.004493227533290769,-0.006429170389131357,0.0
2011-05-11,0.0035495915199424107,-0.012264169978633548,0.0
2011-05-12,0.0031208562149286035,-0.011308341107692743,0.0
2011-05-13,0.0013690004182433286,0.024222328549004284,0.0008132188369700741
2011-05-14,-0.008828001532952988,-0.007536793683486804,0.003938325278792336
2011-05-15,-0.018498743225237084,-0.0025820825764074897,0.010130713219550412
2011-05-16,0.0038820322518268884,0.02251543099180943,0.010193463364142515
2011-05-17,0.011706066312601396,-0.008380646099460511,0.0
2011-05-18,-0.004612583042526818,-0.001767232449356983,0.004091395515256113
2011-05-19,0.005681629621320527,-0.003802832302644686,0.00569194858158769
2011-05-20,-0.00514696294871901,-0.016686325359886574,0.0062934217726768465
2011-05-21,-0.001263046390576213,0.005092875037238884,0.0040961976005136486
2011-05-22,-0.005593892035237249,0.005185674498737637,0.0036895237518506374
2011-05-23,0.008392160343946133,-0.001586273206277195,0.0037089412157750856
2011-05-24,-0.008999243208096567,-0.004089548363710324,0.0038873013472966456
2011-05-25,0.0016084404995014682,0.006620169007219405,0.0030793914636071326
2011-05-26,0.009213909968006558,0.006731549665216373,0.002026733619756853
2011-05-27,-2.720418227242765e-05,0.01848502992922041,0.002418609521750076
2011-05-28,-0.012053947759248694,0.0045083740983312,0.007588208311005984
2011-05-29,0.0040371946009872305,0.01042878736135829,0.008128123493449914
2011-05-30,-0.0016421506831301497,-0.007400171521543199,0.0
2011-05-31,-0.012660832629216532,-0.013716859852814203,0.0
2011-06-01,-0.0016559889440814215,0.012388250210946155,0.0
2011-06-02,-0.0027703508366930273,-0.00847338533717994,0.0
2011-06-03,0.006242397939947845,0.006469420866867746,0.0
2011-06-04,-0.004663374900620008,0.0006694474529465589,0.0
2011-06-05,0.0011159733000233188,-0.008278543366571888,0.0
2011-06-06,0.006160500100865159,0.002267043793600805,0.0
2011-06-07,-0.018793650552873988,0.016835419958022353,0.0
2011-06-08,0.00989056813623349,0.013389984697429747,0.0
2011-06-09,0.00028845641645006717,-0.004722731739540019,0.0
2011-06-10,-0.009803592616997918,-0.0027384087112550665,0.0
2011-06-11,0.0014424320249278447,-0.02022923682963299,0.0
2011-06-12,0.010395645524153847,-0.012074466773692491,0.0
2011-06-13,-0.006721552814038843,-0.005668541653359516,0.0
2011-06-14,-0.005381523486031924,-0.00017367841922144123,0.0
2011-06-15,0.013682387823056709,0.004195742332113763,0.0
2011-06-16,0.015670866195451903,-0.004463425471275436,0.0
2011-06-17,0.019838433207642673,0.011982559004806291,0.0
2011-06-18,0.0005326676133762594,-0.008934537646589462,0.0
2011-06-19,-0.009284792225453987,0.006900744448006314,0.0
2011-06-20,-0.009375489386379538,-0.009874678843568508,0.0
2011-06-21,-0.0031116610962834326,-0.003411299463810351,0.0
2011-06-22,-0.00975430112681696,0.0019045132999702605,0.0
2011-06-23,0.0044427493083955836,0.007730939120333767,0.0
2011-06-24,0.01268128019624805,-0.006820090182786113,0.0
2011-06-25,-0.010459226317033575,-0.0038408555269526623,0.0
2011-06-26,0.01479890143889483,-0.0021487987404495484,0.0
2011-06-27,-0.008849049042642308,0.002785229404596529,0.0
2011-06-28,-0.006773522783564382,0.014384582329871077,0.0
2011-06-29,-0.01355705805643191,0.007040265570849622,0.0
2011-06-30,0.007364707960210567,-0.0029077871647575915,0.0
2011-07-01,-0.0007123354559562385,-0.0027125760603768723,0.0
2011-07-02,0.00038224485612729813,0.01250541402697789,0.0
2011-07-03,-0.028640217578139473,0.013622681644696502,0.0
2011-07-04,-0.005779627641198987,0.010442233342299344,0.0
2011-07-05,0.003128123034934038,0.0003141197321049101,0.0
2011-07-06,-0.027238546739587335,-0.008538969636404343,0.0
2011-07-07,0.019574756283420366,-0.007104315513208968,0.0
2011-07-08,0.003302125614713323,0.0014632924688321816,0.0
2011-07-09,0.01100089185951079,-0.010053990181611143,0.0
2011-07-10,-0.0028597203752225428,-0.0014146664082520558,0.0
2011-07-11,0.0092569824697936,0.021404415729769196,0.0
2011-07-12,0.012959296926796522,0.003850053366079196,0.0
2011-07-13,0.025745377795349463,0.008603631177542058,0.0
2011-07-14,-0.010024910862860193,-0.00930437302886869,0.0
2011-07-15,0.02106892238057716,0.01421208610947174,0.0
2011-07-16,-0.010294666524784491,-0.003165570927074678,0.0
2011-07-17,0.0020496952212966948,0.001243272700530943,0.0
2011-07-18,-0.0033719472117668993,0.002504071328069701,0.0
2011-07-19,-0.0011651875600705423,0.0011687175555708989,0.0
2011-07-20,-0.01866167053525283,-0.004627086388016659,0.0
2011-07-21,-0.002280186346915388,0.006659959245133431,0.0
2011-07-22,-0.011304105839305299,0.02080301871847932,0.0
2011-07-23,-0.0013451009399257955,-0.002713429729070493,0.0
2011-07-24,0.0032782115942972673,0.008896739967893773,0.0
2011-07-25,0.0013178568580484698,-0.009986787114217301,0.0
2011-07-26,-0.0003045755722732523,0.0038189517369447254,0.0
2011-07-27,0.014593381519867618,-0.005401613108778647,0.0
2011-07-28,0.004079904921949521,0.01465950468069774,0.0
2011-07-29,0.006752545934965531,-0.0034190807307127205,0.0
2011-07-30,0.014158868363147479,0.007041419945914713,0.0
2011-07-31,0.0001812089745768554,0.001705544554836356,0.0
2011-08-01,0.0018790602737231066,-0.010860509945110286,0.0
2011-08-02,0.007509456117993605,0.0013470090597789914,0.0
2011-08-03,-0.0018242099309049953,0.0008042924102167773,0.0
2011-08-04,0.013306191233546845,0.0086373112161495,0.0
2011-08-05,-0.005444169396279497,-0.0009300367847062406,0.0
2011-08-06,-0.0012698535820604828,-0.016599290832496283,0.0
2011-08-07,-0.0005610861594150929,-0.00905177037901805,0.0
2011-08-08,-0.002341457079980126,-0.004249956130363193,0.0
2011-08-09,0.0006743436947597679,0.007446393057625808,0.0
2011-08-10,-0.003945415392734497,-0.0028241688488672453,0.0
2011-08-11,-0.022913968722632024,0.009671413813115209,0.0
2011-08-12,0.012235922850539066,-0.0019954911035678,0.0
2011-08-13,-0.003569408433722585,0.004472991738702504,0.0
2011-08-14,0.008038611830829052,0.010448399103443513,0.0
2011-08-15,-0.010002470752106965,0.0022629803554179953,0.0
2011-08-16,0.006495845093658238,-0.015790390939220116,0.0
2011-08-17,-0.012210716544779518,0.011815358173510634,0.0
2011-08-18,0.015121973709002017,-0.00145437994697589,0.0
2011-08-19,-0.0007255016922934313,0.00851411542213094,0.0
2011-08-20,-0.003841469334991649,-0.026453644342851003,0.0
2011-08-21,-0.027945682779132813,0.00039245255887012303,0.0
2011-08-22,-0.022110542670662696,2.111131102903281e-05,0.0
2011-08-23,-0.00456771512009277,-0.003992836293107189,0.0
2011-08-24,-0.005955717786475974,-0.0007403443332423016,0.0
2011-08-25,-0.005919340469684888,-0.009444662785409905,0.0
2011-08-26,-0.004875312186794119,-0.00867624741020778,0.0
2011-08-27,0.009786279216732889,0.00494579336829369,0.0
2011-08-28,-0.003837455012159824,-0.0018703522343542322,0.0
2011-08-29,-0.0038514092023904495,0.0075044858528527615,0.0
2011-08-30,-0.007340746585647663,0.004117282812527406,0.0
2011-08-31,-0.010566410565347344,-0.006623738800728838,0.0
2011-09-01,0.003776973782850844,0.0004854919826924773,0.0
2011-09-02,-0.004157035248396959,-0.0028808663740838175,0.0
2011-09-03,-0.003678962625308792,0.005430015821385248,0.0
2011-09-04,0.0029885218293490253,0.016622409425229544,0.0
2011-09-05,0.0006582086781707053,0.0008157849666457786,0.0
2011-09-06,0.007910782915316194,-0.0045130335535260345,0.0
2011-09-07,0.007474132189800412,0.02136398494195762,0.0
2011-09-08,-0.012759535369825865,-0.002308589544188618,0.0
2011-09-09,-0.007763194055445832,-0.006696955291080536,0.0
2011-09-10,0.009692421691227963,-0.003300445535960584,0.0
2011-09-11,-0.0036994536233206543,-0.020684472530555137,0.0
2011-09-12,0.006386438745275602,0.015199417265547497,0.0
2011-09-13,-0.00866149629865082,0.01113405362150787,0.0
2011-09-14,-0.0241206439600695,0.010939045178533736,0.0
2011-09-15,-0.02176585421893726,0.005738415030206862,0.0
2011-09-16,-0.006785082036089695,-0.0014594584907248619,0.0
2011-09-17,-0.004147450440521916,-0.004792848775842173,0.0
2011-09-18,0.0235759545562902,-0.007228574667486364,0.0
2011-09-19,0.007670030110168964,0.007530939605698756,0.0
2011-09-20,0.007212369279455394,0.009372367536381708,0.0
2011-09-21,0.009423291243689088,0.00792304441213055,0.0
2011-09-22,-0.015680559434995096,-0.009840892267704628,0.0
2011-09-23,0.000904437595440053,0.01912150699613403,0.0
2011-09-24,-0.0007141310726694584,-0.007218027234879873,0.0
2011-09-25,0.019980686333051084,0.0004149456391148433,0.0
2011-09-26,-0.006588143341989558,-0.00012566167984028894,0.0
2011-09-27,-0.01415975197950981,-0.004410410717919748,0.0
2011-09-28,0.0011677414798387166,-0.021905837472290263,0.0
2011-09-29,-0.001437018905727847,-0.011815826950760184,0.0
2011-09-30,0.0014453522727223057,-0.00539038349093307,0.0
2011-10-01,0.0028404679547749164,0.00995868607742247,0.0
2011-10-02,0.0021022638175921555,-0.003989042305449533,0.0
2011-10-03,-0.0057780611810428414,0.003398574994909094,0.0
2011-10-04,-0.0038244094864416257,-0.011768636547184326,0.0
2011-10-05,0.023667382158170103,-0.0035491691533554087,0.0
2011-10-06,-0.005581896473787037,0.011927111750069084,0.0
2011-10-07,0.005695897519788963,0.01801939713297633,0.0
2011-10-08,-0.009315081048122205,0.0036709578453205157,0.0
2011-10-09,-0.01642798047410799,0.005691588812720936,0.0
2011-10-10,0.009718174473283157,0.0014793710676743947,0.0
2011-10-11,0.0027846364166880717,-0.0012292050848893062,0.0
2011-10-12,0.014117804964549202,0.0009466334682779902,0.0
2011-10-13,0.011541743209615684,0.009836157842840556,0.0
2011-10-14,0.0036050268357540006,-0.006670526219497298,0.0
2011-10-15,-0.006289845805718449,-0.010946833624316648,0.0
2011-10-16,0.02052835192691994,0.005753075131098914,0.0
2011-10-17,0.0020566175143029238,-0.005903165299718267,0.0
2011-10-18,0.0228582675773485,0.003799298940436374,0.0
2011-10-19,0.00863198434324781,-0.010435648403553191,0.0
2011-10-20,0.01083882175409553,0.0023643013658885786,0.0
2011-10-21,0.008006081536036123,-0.004337766703083533,0.0
2011-10-22,0.0065403393711078355,-0.005491067794894195,0.0
2011-10-23,-2.6407914308431178e-05,0.0065689687880432016,0.0
2011-10-24,0.02537569654577392,-0.006303488756760281,0.0
2011-10-25,-0.00671722499737188,-0.023780069814439087,0.0
2011-10-26,-0.012911546737859119,-0.010992399905659271,-0.0045172575821493186
2011-10-27,0.005158421054620693,-0.003951352447234914,0.0
2011-10-28,-0.0042954757565004794,0.015811720800878046,0.0
2011-10-29,0.011955624979093747,-0.003915657559659466,0.0
2011-10-30,0.0004469654179096983,-0.011829092443190537,0.0
2011-10-31,0.013986570966883638,-0.005792229774620845,0.0
2011-11-01,0.003203348834841543,0.010040532978519399,0.0
2011-11-02,-0.005517489609672692,0.003416218159599281,0.0
2011-11-03,-0.001014709458724144,0.004652588985651229,0.0
2011-11-04,0.009145929351126961,0.005304362833572306,0.0
2011-11-05,-0.003937982576288703,0.01478514696622549,0.0
2011-11-06,-0.00611765235583401,-0.01257365927891995,0.0
2011-11-07,0.0003295224426284408,0.013002741122928216,0.0
2011-11-08,0.005233888643275451,0.006031942782098212,0.0
2011-11-09,0.014333986539991787,-0.009138579105059283,0.0
2011-11-10,0.006334452530301869,0.007218514894632514,0.0
2011-11-11,0.010623760686098051,0.013735675126933817,0.0
2011-11-12,0.00019610669788250814,-0.002003451225405432,0.0
2011-11-13,0.020396829629362095,0.01030685750817536,0.0
2011-11-14,0.02377652628339306,-0.020454536770450487,0.0
2011-11-15,-0.004421023407822445,-0.014268993581994991,0.0
2011-11-16,0.004453476331029665,0.005203303505199865,-8.54686749468328e-05
2011-11-17,0.0008105671555649342,0.0012002827495263548,0.0
2011-11-18,0.00521204030762964,0.0069843295556580925,0.0
2011-11-19,-0.0010303350371589468,0.005437715928110619,-0.0007949395081752741
2011-11-20,-0.0049368463910194746,0.009108636660878765,-0.0014539945924457592
2011-11-21,-0.010875829275530447,-0.013831386058617945,0.0
2011-11-22,-0.0030405380550674313,-0.013577945540310615,0.0
2011-11-23,0.0021294898338598623,0.011902590469894182,0.0
2011-11-24,0.012233201688346407,0.00319585619866753,-0.0031632816701892136
2011-11-25,0.007573315093183167,0.0015283968749471217,-0.0037335578315795814
2011-11-26,-0.002168700376599728,-1.0293460356412473e-05,-0.00283864464787352
2011-11-27,-0.0045980481060647165,0.016805631874725658,-0.0012961926236767993
2011-11-28,-0.012999878288497786,-0.0056505808931908855,-0.0015598197257700938
2011-11-29,0.00869112418393972,0.004374442110193393,-0.00038071066455372393
2011-11-30,0.0028107803989153297,0.01520392334322891,-0.002545827900857389
2011-12-01,0.007872296531579873,-0.004387732949827774,0.0
2011-12-02,0.009337101789022481,-0.004604201836011739,0.0
2011-12-03,0.007255690182524769,-0.002030804735615211,0.0
2011-12-04,0.0008197882527437963,-0.018406685916642632,0.0
2011-12-05,-0.001088834230081948,0.012142183985767656,-0.0029844372171107386
2011-12-06,-0.008149341405354537,0.010898600192157649,-0.0011748684871174184
2011-12-07,-0.0045854605834909495,0.01898595465557559,0.0
2011-12-08,0.005924143496691174,0.0006397035912405252,-0.0037778846736661875
2011-12-09,0.02406007863726405,0.003228937009960059,-0.005506295774844398
2011-12-10,-0.0023711203789687006,0.01174025840936827,-0.007513718348513276
2011-12-11,0.003950315134721544,0.017526972050945843,0.0
2011-12-12,0.03331232588047588,0.004350670690644824,-0.000958688564498357
2011-12-13,0.002541575188143772,0.007206221972794823,-0.0017678826173969237
2011-12-14,-0.0018248748503975423,-0.004585310222666483,0.0
2011-12-15,0.0016326107418331538,0.005270726957439776,0.0
2011-12-16,-0.0009742509177743777,0.0018817359091670503,0.0
2011-12-17,-0.01777308015399333,0.01216599944434874,0.0
2011-12-18,0.009603418991244147,0.009183586902992421,0.0
2011-12-19,-0.01638666244769474,-0.009219723447799864,0.0
2011-12-20,-0.004426674025920585,-0.008606857813712721,0.0
2011-12-21,-0.0031919258786579268,0.005297987248035244,0.0
2011-12-22,0.005429416525281033,-0.00221201885916743,0.0
2011-12-23,-0.0012510585422109014,0.0047013682937770765,0.0
2011-12-24,-0.003912870714730445,0.012835949700555472,0.0
2011-12-25,-0.007852145684163534,-0.010544851454806244,0.0
2011-12-26,0.0029944504125203513,0.00556541553964635,0.0
2011-12-27,-0.0028267396512855303,-0.007812065530843938,0.0
2011-12-28,-0.006691499593919384,0.0011948830059074203,0.0
2011-12-29,-0.012915892137903175,0.0002786884149234077,0.0
2011-12-30,-0.00829577102480336,-0.009154276771488824,0.0
2011-12-31,0.0016746197546023758,-0.02134084783844111,0.0
2012-01-01,-0.015401945212365797,-0.0026565589948935034,0.0
2012-01-02,0.0014470932961996499,-0.010723109581580752,0.0
2012-01-03,0.0009269215803500329,0.002639072685672687,0.0
2012-01-04,0.0114291456804732,0.0019244131741241342,0.0
2012-01-05,-0.006851160883993425,0.009991541512425029,0.0
2012-01-06,-0.009796261883086336,0.006114037555430716,0.0
2012-01-07,-0.0011579340639864058,-0.017927152939774333,0.0
2012-01-08,-0.004063183389766886,-0.01616586631476548,0.0
2012-01-09,-0.026170287020733058,-0.008009255645088934,0.0
2012-01-10,0.01152126373757337,-0.0005721082934232488,0.0
2012-01-11,0.002035669485838958,0.0030706778781896694,0.0
2012-01-12,0.0010204347709728474,-0.005965908080808225,0.0
2012-01-13,-0.008412799951176688,0.003912662855602111,0.0
2012-01-14,0.0032225215456736073,-0.008411185031687408,0.0
2012-01-15,-0.0032302410360296506,0.011310043985164228,0.0
2012-01-16,0.015381728507171611,-0.0035871124775437723,0.0
2012-01-17,0.006530915903540878,-0.004265646952780634,0.0
2012-01-18,0.013756368604938115,-0.0038899395106961653,0.0
2012-01-19,-0.012561732830862165,0.0010939758410618294,0.0
2012-01-20,-0.009086412403398487,0.015346591968630767,0.0
2012-01-21,-0.00452651016511043,0.002975396016537613,0.0
2012-01-22,-0.006508552436224474,0.010459625550726251,0.0
2012-01-23,0.01555733035095138,-0.006042268338635413,0.0
2012-01-24,0.0032394650016093793,0.007595189711065913,0.0
2012-01-25,-0.011015863465618718,0.008695159233946313,0.0
2012-01-26,-0.0030231598223677747,0.01109286666568856,0.0
2012-01-27,0.017807660244399788,-0.007871197439558743,0.0
2012-01-28,-0.00339457602998483,-0.00732257488433923,0.0
2012-01-29,0.005732259717668509,0.0017762981836746859,0.0
2012-01-30,-0.017407959974383408,0.007151006797744899,0.0
2012-01-31,-0.00591871671426616,-0.006762388343788164,0.0
2012-02-01,-0.0019168045038469202,0.0031922077477097403,0.0
2012-02-02,-0.0029047560606953594,0.016714564039451273,0.0
2012-02-03,-0.0003714358806780642,-0.017722570555871325,0.0
2012-02-04,0.0031080758280938457,-0.010994362943588628,0.0
2012-02-05,0.011022214071908369,-0.00068463022921225,0.0
2012-02-06,-0.01770366176376365,0.00591419990661881,0.0
2012-02-07,0.0002200874938225858,0.001054789422406242,0.0
2012-02-08,0.006632548770211405,0.006413003958582646,0.0
2012-02-09,0.0019302102874476567,0.01518196207998017,0.0
2012-02-10,0.010986059837786893,-0.003149539482443092,0.0
2012-02-11,-0.0016558170844191004,-0.0067072577971965894,0.0
2012-02-12,-0.004658297116447848,0.015108888234122661,0.0
2012-02-13,-0.008562904813597888,-0.014826266953401593,0.0
2012-02-14,0.008655260395245192,0.010006910788264668,0.0
2012-02-15,-0.013141484636239294,0.014479553208876292,0.0
2012-02-16,-0.0046791343206120245,0.004544123302050855,0.0
2012-02-17,-0.0008325571734126811,-0.00374823495338418,0.0
2012-02-18,0.005684094828095272,0.0033401890518896292,0.0
2012-02-19,-0.0033384012075184507,-0.003673664738414485,0.0
2012-02-20,-0.009799043989070041,0.02110958356665923,0.0
2012-02-21,0.005309169204800354,0.007771485267388256,0.0
2012-02-22,-0.011852831924613998,0.002389600791493302,0.0
2012-02-23,-0.007771641716936643,0.005924226426351389,0.0
2012-02-24,-0.020486636408027094,0.006788175123380248,0.0
2012-02-25,0.001123694875242717,0.011925462975023993,0.0
2012-02-26,0.0007173895816417924,0.004913974815181388,-0.0009491681525166107
2012-02-27,-0.018003964084082783,-0.004814012429004013,-0.0024733068937616634
2012-02-28,-0.0030080454291158075,-0.001739894566903045,-0.003379746690697079
2012-02-29,0.004760608790270171,-0.009430770070597463,-0.004145607573824053
2012-03-01,-0.007452714486532532,-0.011370555584995452,0.0
2012-03-02,-0.017409963180674864,0.004162023255301763,0.0
2012-03-03,-0.0018339126253273867,-0.003654495538257051,0.0
2012-03-04,0.005159962034669252,7.264456918065414e-05,0.0
2012-03-05,-0.019359640311300157,0.00795202386671303,0.0
2012-03-06,0.007540477296925914,0.010723661904564547,0.0
2012-03-07,-0.0015901066090561096,0.002801306931830661,0.0
2012-03-08,0.008194174676977792,-0.0034728235699704457,0.0
2012-03-09,-0.011233663777057357,0.008256344492569529,0.0
2012-03-10,0.008325768162368524,-0.006059243297495483,0.0
2012-03-11,0.002219925474863761,0.01658775363161977,0.0
2012-03-12,0.006832127521418092,-0.002584641472448886,0.0
2012-03-13,-0.00020329147699686044,0.012954786167014756,0.0
2012-03-14,0.008836126358803409,-0.008203375642684143,0.0
2012-03-15,-0.0025831766601416483,0.009777353591298207,0.0
2012-03-16,-0.005217271157299838,0.006153724495653001,0.0
2012-03-17,-0.01113903100715677,0.0004315418255290586,0.0
2012-03-18,-0.016383547908854955,0.012139545571300108,0.0
2012-03-19,-0.00019750283622199785,0.006961715777561891,0.0
2012-03-20,-0.004256368096818339,0.002792039947334167,0.0
2012-03-21,-0.0019312558568616617,0.0009424580376890185,0.0
2012-03-22,-0.0037081700793812817,0.006583957760977233,0.0
2012-03-23,0.0025138949210688137,0.0033005107870447714,0.0
2012-03-24,-0.00044234386330979685,-0.005825636437168948,0.0
2012-03-25,-0.006768036066092024,-0.005030880081562701,0.0
2012-03-26,0.006586551321829931,0.0002222178094942902,0.0
2012-03-27,0.02005182204443856,-0.009746425485299595,0.0
2012-03-28,-0.009566566385521448,-0.01728600798377789,0.0
2012-03-29,-0.0051881088312936054,0.009830280056592668,0.0
2012-03-30,0.004647178597105574,-0.0038498525763650568,0.0
2012-03-31,-0.007998569681887844,0.023831517325827258,0.0
2012-04-01,0.009356552525055078,0.003732798739200902,0.0
2012-04-02,-0.007501795594737837,0.009526392533030873,0.0
2012-04-03,-0.012624764129601607,0.009147174300816891,0.0
2012-04-04,-0.010063640547288775,0.0021147543061308476,0.0
2012-04-05,0.009796588238395753,-0.0018517492587233144,0.0
2012-04-06,-0.020685255217932817,-0.013889901434792157,0.0
2012-04-07,0.0006494047483167841,-0.009068055599162152,0.0
2012-04-08,-0.02184521093403946,-0.01161798323622285,0.0
2012-04-09,0.006803329484738408,-0.012549168370161942,0.0
2012-04-10,0.003514690942365166,-0.013455403160958019,0.0
2012-04-11,0.0061928335850053385,0.003396327676986984,0.0
2012-04-12,0.020960599435701936,-0.017870267659746992,0.0
2012-04-13,-0.0008170866277360934,0.016967542830978573,0.0
2012-04-14,0.011490481459145474,-0.006676863654335481,0.0
2012-04-15,0.006007153850126378,0.005308617663906263,0.0
2012-04-16,0.010605268817355136,0.004214483602517812,0.0
2012-04-17,-0.007141975267355997,0.0054654378378973766,0.0
2012-04-18,0.011537000203627532,0.0003881351978420012,0.0
2012-04-19,-0.0026099575739956206,-0.0005837795678898942,0.0
2012-04-20,0.015325528902362162,0.0024965424758302936,0.0
2012-04-21,0.01011065066122387,0.009857799976287307,0.0
2012-04-22,0.0015154783703176175,0.008158478775639973,0.0
2012-04-23,0.006856618408226394,0.00313424355551711,0.0
2012-04-24,0.006390177946963329,-0.013024571439153572,0.0
2012-04-25,0.0034037514558501805,-0.007290745721622539,0.0
2012-04-26,0.027810923036769315,0.002081187709740411,0.0
2012-04-27,-0.007009166412227668,0.012752362468244538,0.0
2012-04-28,-0.012268633475294888,0.01545952923598758,0.0
2012-04-29,-0.011845148662906044,-0.004445771707461684,0.0
2012-04-30,-0.0010816762440440124,0.004532161796049531,0.0
2012-05-01,0.0009498245257600753,-0.004282221860690599,0.0
2012-05-02,0.00824578619107429,-0.007982998804039123,0.0
2012-05-03,0.01130704545840321,0.0019874903341335994,0.0
2012-05-04,0.004003145531018913,0.0067706022992708136,0.0
2012-05-05,0.003062989199414804,0.0034999953801375275,0.0
2012-05-06,-0.007691208724137223,-0.021741014187562135,0.0
2012-05-07,0.011632951412293866,0.012385517398614036,0.0
2012-05-08,0.015386017141315078,-0.019411856552255836,0.0
2012-05-09,0.0005438703636852093,0.011430525901094236,0.0
2012-05-10,0.00888765401522734,0.014943712666660003,0.0
2012-05-11,-0.004544075786382825,0.03187105842604185,0.0
2012-05-12,0.0015568241219023255,-0.013155556341491115,0.0
2012-05-13,0.0027996190144784555,-0.003964593298377866,0.0
2012-05-14,0.010384614503791433,0.0022826214080260373,0.0
2012-05-15,-0.012690776709393033,0.005476651727081858,0.0
2012-05-16,0.0024219432839830543,-0.003489302580491735,0.0
2012-05-17,0.010684959032140586,0.01205606603518077,0.0
2012-05-18,0.005180860924137842,-0.003020651404554516,0.0
2012-05-19,0.008361328139448359,0.001386916870736362,0.0
2012-05-20,-0.023162005077381892,0.0008189336712155298,0.0
2012-05-21,-0.006974583480548977,0.008476012529347847,0.0
2012-05-22,-0.002669729656228139,0.005958579564731855,0.0
2012-05-23,-0.006100862862827562,-0.014319547570208984,0.0
2012-05-24,-0.021951560842193504,0.009138386714561391,0.0
2012-05-25,0.011964796029430591,-0.008755180024787992,0.0
2012-05-26,0.0037632576363317363,-0.007950522552083112,0.0
2012-05-27,-0.018161466048071503,-0.005952966316404054,0.0
2012-05-28,-0.0037113973040776354,-0.0010577170938932139,0.0
2012-05-29,0.00145676372731179,0.007171022950587524,0.0
2012-05-30,0.010624922761771093,0.007102655017988457,0.0
2012-05-31,0.007674378983360213,-0.013307619202863774,0.0
2012-06-01,-0.009160202040720872,0.00040768336750156574,0.0
2012-06-02,-0.005613648526466535,0.011679888501229476,0.0
2012-06-03,0.0031591255361207776,0.010336683705670945,0.0
2012-06-04,0.010717516543423247,0.0031507229548357004,0.0
2012-06-05,-0.003608291041674197,-0.0058669881676355244,0.0
2012-06-06,-0.005502620744433852,0.007182397917771222,0.0
2012-06-07,0.006564799538883558,-0.0011415297682734618,0.0
2012-06-08,0.002148103613083853,-0.012236271875659859,0.0
2012-06-09,0.014420141612647446,-0.023292051727094996,0.0
2012-06-10,0.005547534824171613,0.0061661853866938334,0.0
2012-06-11,0.01068969854666033,0.01297610991019978,0.0
2012-06-12,-0.018995333055766808,0.020582249545474142,0.0
2012-06-13,-0.012956174375957861,0.014291427344385176,0.0
2012-06-14,-0.014720086680803792,0.005798800599495715,0.0
2012-06-15,-0.006338365878150706,0.00014412537219774408,0.0
2012-06-16,0.003987004755757374,0.0031894773276925567,0.0
2012-06-17,-0.0023257205437189872,0.007815226823538631,0.0
2012-06-18,0.005473933039851059,-0.01026215763006406,0.0
2012-06-19,-0.007230995607878455,0.002527253612935342,0.0
2012-06-20,0.01011797875336645,-0.002484190756793063,0.0
2012-06-21,0.008833154478411633,0.007945566301454408,0.0
2012-06-22,-0.01709006517120641,0.007192117818347221,0.0
2012-06-23,-0.01050257875387142,-0.01994678979370486,0.0
2012-06-24,-0.006033698699162069,-0.014618914418161164,0.0
2012-06-25,0.008372243754126034,0.0006748819539777834,0.0
2012-06-26,0.007952707697276856,0.006068788048619912,0.0
2012-06-27,0.018123889286185003,-0.007481825721746859,0.0
2012-06-28,-0.015078661368628756,0.0018545733276519396,0.0
2012-06-29,0.002220161831470696,0.0005075066275703778,0.0
2012-06-30,-0.00016887856528113068,-0.00458618431106736,0.0
2012-07-01,-0.0028482384290756425,-0.005468695784178595,0.0
2012-07-02,-0.001456370676815394,0.003998639635592693,0.0
2012-07-03,-0.020952953382750664,0.012048786262563985,0.0
2012-07-04,0.00280928872326958,-0.005220029227999028,0.0
2012-07-05,-0.004405187348075386,0.006001242200787694,0.0
2012-07-06,-0.012841632809204513,0.002788324794589924,0.0
2012-07-07,0.014022503803126325,-0.0047846253657903215,0.0
2012-07-08,-0.00720138078293026,-0.0049583975172565594,0.0
2012-07-09,0.002108681435176074,-0.008724487617705898,0.0
2012-07-10,-0.007227140790389997,0.0020237808302287948,0.0
2012-07-11,-0.015912728963222315,0.0062252544017131275,0.0
2012-07-12,-0.004923961972101479,-0.002394606912669355,0.0
2012-07-13,0.0028958020589522284,-0.017119608313326446,0.0
2012-07-14,-0.010435277633486567,0.001104923598517204,0.0
2012-07-15,0.00480384892959093,-0.0009832877358811264,0.0
2012-07-16,0.016954952166828807,-0.0036686178696903465,0.0
2012-07-17,0.01179385498540923,0.011127830629694517,0.0
2012-07-18,-0.003328962743911597,-0.007853687241951303,0.0
2012-07-19,-0.008162195995199868,-0.002925250507365055,0.0
2012-07-20,0.009149229112202627,0.001564446292705888,0.0
2012-07-21,-0.01417664017959507,0.014643919551209153,0.0
2012-07-22,-0.010568867171153837,-0.010359000014287833,0.0
2012-07-23,0.01744955926653239,0.0022009465408057106,0.0
2012-07-24,0.003930452096652301,-0.017888849966199296,0.0
2012-07-25,0.005113246458868153,-0.0065685519512301786,0.0
2012-07-26,-0.002719282927332791,-0.002740112947419879,0.0
2012-07-27,0.029003773262788583,-0.012786489578073558,0.0
2012-07-28,0.03208947188397947,0.005375888328879599,0.0
2012-07-29,-0.0010429173822167279,0.0024365739619544554,0.0
2012-07-30,0.008955483667674166,-0.00758579548808493,0.0
2012-07-31,-0.0022788870864330697,0.0010751660430210765,0.0
2012-08-01,0.005343842339845608,-0.007056717959147615,0.0
2012-08-02,0.014291709993422268,-0.0028212751851707674,0.0
2012-08-03,0.013800318024838595,-0.00231939590718617,0.0
2012-08-04,-0.0015979230027658848,0.013327141691492548,0.0
2012-08-05,0.004976920749753163,-0.008822799079978707,0.0
2012-08-06,0.029732363618155695,0.005415819970861945,0.0
2012-08-07,0.010783446124565998,0.011271654118432346,0.0
2012-08-08,0.015626192761862688,0.0009755248316865671,0.0
2012-08-09,0.006908627222425322,0.006142845726202432,0.0
2012-08-10,5.8442169118654316e-05,0.020036664215111865,0.0
2012-08-11,-0.01004759773523179,-0.010360794996880543,0.0
2012-08-12,-0.008858865973504555,-0.010880420703626454,0.0007972886163338522
2012-08-13,-0.01587849782701442,0.003332288501796841,0.008096820741351325
2012-08-14,-0.01002916540263775,0.0020810401217424544,0.0068996441705528044
2012-08-15,-0.007899565408289119,0.01437972401734988,0.013500006795386169
2012-08-16,0.008477761220092316,-0.0009876094200554917,0.008253125565249209
2012-08-17,-0.015914419000606396,-0.003940986924909789,0.010014079152042575
2012-08-18,0.005286221874634734,0.011663964228193893,0.01034767132157096
2012-08-19,-0.019033919480873903,-0.022860005103479016,0.003046340820682676
2012-08-20,0.02758127357185126,0.015791020638170446,0.0
2012-08-21,-0.0048797364837919,0.00022465973205106093,0.008871542962253592
2012-08-22,0.002553598508777335,-0.0067395805755026995,0.006564242580986722
2012-08-23,0.018926817903045696,-0.003062428226131884,0.006025710888182219
2012-08-24,-0.000975003390527186,-0.006965184338868848,0.0032279491330897553
2012-08-25,0.002025899893782988,0.013829803650557557,0.0
2012-08-26,0.002492215430817793,-0.0077712878042522845,0.002562999851895273
2012-08-27,0.006710707746137934,0.01382152457346919,0.002152963245943225
2012-08-28,-0.004104354315693291,-0.0053419939341379,0.0
2012-08-29,0.018914390263722783,0.005046990093170804,0.0
2012-08-30,0.012710716574364922,-0.0029277965705316105,0.0
2012-08-31,0.0024824355277997846,0.0003834588117001228,0.0
2012-09-01,0.013535084769718393,0.01017171070226673,0.0
2012-09-02,-7.0839077809361695e-06,-0.00018392210420246002,0.0
2012-09-03,-0.004356838866562261,-0.005135729515745576,0.0
2012-09-04,-3.6294789340333684e-05,0.010252757224756484,0.0
2012-09-05,0.005815484363430661,0.0205038028702574,0.0
2012-09-06,-0.014759312992867056,-0.001222040371336328,0.0
2012-09-07,-0.0022983595885375722,-0.0018104056380509976,0.0
2012-09-08,0.005612890191889256,-0.004635653318036676,0.0
2012-09-09,-0.010268906561897318,-0.012540176982762597,0.0
2012-09-10,0.004352197223608237,-0.0066077212290605305,2.781578515527461e-06
2012-09-11,-0.010342786275731921,0.0011718762688572503,0.012904742666142964
2012-09-12,0.0029790593085791462,-0.0015456479998375,0.013795644886018706
2012-09-13,0.0001695083262724094,0.0027384582724626163,0.014093945890461583
2012-09-14,0.004431212781712377,0.0036833339822125465,0.01416917346945406
2012-09-15,-0.006605385526986433,0.0031363553747273737,0.013304834397456021
2012-09-16,-0.019343784404321454,0.010913706978017187,0.014032860731618746
2012-09-17,-0.02575614628247458,0.00032305586626142597,0.009590644746312826
2012-09-18,0.039020151170289695,-0.003176919070441698,0.0046911379598743586
2012-09-19,-0.014270546804101067,-0.00432591156341239,0.00822030108154511
2012-09-20,-0.00818768383740341,0.008018033137860082,0.0027028560597500417
2012-09-21,-0.016280612866745543,0.018199818512427725,0.0
2012-09-22,0.014933664846463442,0.000790389648655974,0.0
2012-09-23,0.008082053099328676,-0.00630282235881055,0.0
2012-09-24,0.009461171834772937,-0.008663186057184502,0.0
2012-09-25,-0.011009480200667872,0.005974701519054797,0.0
2012-09-26,0.011141485585418278,-0.0020463941097346792,0.0
2012-09-27,-0.007153279122734685,0.009993271633049477,0.0
2012-09-28,0.0133992140532475,0.013247891680676444,0.0
2012-09-29,-0.00023589945083232714,0.00031838285013264676,0.0
2012-09-30,-0.02303487639300525,0.005879875077141384,0.0
2012-10-01,-0.0005051490862938044,0.0006618598028881645,0.0
2012-10-02,-0.008446693660451041,0.006131756305322778,0.0
2012-10-03,0.025465995681739236,-0.012990796500022566,0.00017478994700299844
2012-10-04,-0.01311902578238414,-0.009347234235547012,0.0033657430853594253
2012-10-05,-0.002575057235472475,0.01700443747744774,0.0
2012-10-06,-0.002431099386827349,-0.014428646012206694,0.0
2012-10-07,-0.008224547641310156,-0.010055257499418416,0.0
2012-10-08,-0.007116178742514196,0.005531257498058403,0.0
2012-10-09,-0.0001701669375097475,-0.009300516371473045,0.0
2012-10-10,0.003961869879326138,-0.004201307852148752,0.0
2012-10-11,-0.004047465522893688,-0.008759021748187766,0.0
2012-10-12,-0.0024479852963067757,0.014514298989694661,0.0
2012-10-13,0.00031638433786495293,-0.001096319343237079,0.0
2012-10-14,-0.009511855383011233,0.015793931648962298,0.0
2012-10-15,-0.0021775452732940106,0.0023135010020116325,0.0
2012-10-16,0.000602279647090127,-0.015779823063091024,0.0
2012-10-17,0.01083755460084144,0.0014200030729116353,0.0
2012-10-18,0.007247430044236771,-0.017865901606039746,0.0
2012-10-19,0.00535251581728463,0.009370744911591001,0.0
2012-10-20,0.009671187151604001,-0.021480823257080162,0.0
2012-10-21,-0.00779394210749411,0.010338491864197979,0.0
2012-10-22,0.011849387857460496,0.005384934819039898,0.0
2012-10-23,-0.0036327491706908063,0.014618436997867726,0.0
2012-10-24,-0.0013186909372135463,0.004420838488946704,0.0
2012-10-25,-0.004065041419659415,0.0027816236331731498,0.0
2012-10-26,0.006907939940294359,-0.0036076282631975903,0.0
2012-10-27,-0.0064716626336579494,-0.0060592338259809995,0.0
2012-10-28,0.006094566044907636,-0.007119252561149444,0.0
2012-10-29,-0.003509709002225445,-0.0032073954841577612,0.0
2012-10-30,-0.0051099046242844785,-0.0021963348391393204,0.0
2012-10-31,0.0040858539793541745,0.022998727278308786,0.0
2012-11-01,-0.008773241675991993,0.004171706692846117,0.0
2012-11-02,0.012217039133034414,-0.008766102997447343,0.0
2012-11-03,-0.007375856956634278,0.013193062762238805,0.0
2012-11-04,-0.004975455415600153,0.0009468466095756996,0.0
2012-11-05,0.012172979909511819,-0.006902188906058839,0.0
2012-11-06,-0.01526279772364819,0.0011126923083203098,0.0
2012-11-07,0.009079581400284293,-0.006590741037884308,0.0
2012-11-08,0.0005249316306874375,0.005220359043358972,0.0
2012-11-09,0.0007543297013472824,-0.0031555870315940664,0.0
2012-11-10,0.0018196453016703319,0.01031676535113883,0.0
2012-11-11,-0.009517493108400665,-0.012112214626768505,0.0
2012-11-12,0.016625417408580895,0.002124442676906424,0.0
2012-11-13,0.005279464247493528,-0.012958525712028416,0.0
2012-11-14,0.006439936604264775,0.017942795400360013,0.0
2012-11-15,0.00803016364042529,-0.01155384155501995,0.0
2012-11-16,0.009632915585795085,0.019330576404750544,0.0
2012-11-17,0.0028994779827425372,-0.0025040462496873635,0.0
2012-11-18,-0.009899922972698337,0.010089381441595865,0.0
2012-11-19,-0.013461583934057228,-0.00808841140499352,0.0
2012-11-20,-0.01421282003147116,-0.003122584517353137,0.0
2012-11-21,-0.004999296594011589,0.013713467217773277,0.0
2012-11-22,0.009794907426009166,-0.013146659844058066,0.0
2012-11-23,-0.013713857925114202,0.005739520323037845,0.0
2012-11-24,-0.0040032324729005345,-0.015863672154298798,0.0
2012-11-25,0.005611153734974738,0.020621534796291426,0.0
2012-11-26,-0.003970380822383377,0.010456042790483781,0.0
2012-11-27,-0.0032183870650606566,-0.01813552006412252,0.0
2012-11-28,-0.011469724129602055,-0.003619811986799469,0.0
2012-11-29,0.0011059035745946096,0.010467437298636835,0.0
2012-11-30,-0.006568908459888335,0.02233295475156388,0.0
2012-12-01,-0.007774048695197064,-0.0007503849553234167,0.0
2012-12-02,-0.0047658265791802245,-0.018437643981874578,0.0
2012-12-03,0.003081897787646264,0.01234623761343083,0.0
2012-12-04,0.009194308337056202,-0.007935244392206423,0.0
2012-12-05,-0.012443427123263627,-0.0002901960229188272,0.0
2012-12-06,0.004289219869194687,-0.005002501536408379,0.0
2012-12-07,-0.01195559142760063,-0.014353524792187782,0.0
2012-12-08,-0.01968651702743945,-0.02279458746930148,0.0
2012-12-09,-0.007513901367396233,0.014963324217513188,0.0
2012-12-10,-0.0001564583746518456,0.0008175462445470956,0.0
2012-12-11,-0.001298937211725064,-0.00036374209469544546,0.0
2012-12-12,0.0030689946702107994,-0.0066091817421796255,0.0
2012-12-13,-0.021291295877494593,0.0029613073611214264,0.0
2012-12-14,0.013429668203394512,-0.011589208655122793,0.0
2012-12-15,0.007655737564805708,-0.012378585360911569,0.0
2012-12-16,0.006058211532745879,-0.01482624765844896,0.0
2012-12-17,-0.016914239200179173,-0.01551280443092128,0.0
2012-12-18,0.003953781845212336,0.0017207358054978875,0.0
2012-12-19,-0.005783237492968526,-0.016280754595260453,0.0
2012-12-20,-0.0055940218778362414,0.017487840367367946,0.0
2012-12-21,-0.0005053938567067073,-0.0024680629044736987,0.0
2012-12-22,-0.016846001995515083,-0.005961936019436072,0.0
2012-12-23,0.010371523153412584,-0.00384117472298723,0.0
2012-12-24,0.009757625638846214,0.014280660324771611,0.0
2012-12-25,0.007562465681520037,-0.024443128720928364,0.0
2012-12-26,0.013674726729680233,-0.001156413416995812,0.0
2012-12-27,-0.017725217448925034,0.016351867816530367,0.0
2012-12-28,-0.0035302797918928177,0.009526255412542288,0.0
2012-12-29,-0.003953277205886079,0.0020003985220224826,0.0
2012-12-30,-0.013094110402346783,-0.00519681183461849,0.0
2012-12-31,0.007772571072183411,0.02210629906821517,0.0
2013-01-01,0.025426816865486868,-0.005594909857631682,0.0
2013-01-02,-0.01107450694883615,0.017979199629059174,0.0
2013-01-03,0.005437528417114379,-0.01070778235075537,0.0
2013-01-04,0.000414703628359393,-0.01684250164337106,0.0
2013-01-05,0.0012100496819855342,-0.001053855888856932,0.0
2013-01-06,0.0007267853958946391,-0.005574971345323412,0.0
2013-01-07,0.006630961544938554,-0.025588695177069028,0.0
2013-01-08,-0.006630328706566041,-0.0015709960588072087,0.0
2013-01-09,-0.004342114906392396,0.023413701867569862,0.0
2013-01-10,0.016458258740359905,-0.002721647692287195,0.0
2013-01-11,-0.00014576968992511296,0.003138766945321464,0.0
2013-01-12,-0.0003379076067833845,-0.001458634135396259,0.0
2013-01-13,-0.01797373177846048,-0.0014079300641545844,0.0
2013-01-14,0.004477283125268535,0.001232902549092528,0.0
2013-01-15,0.0059188828854412935,0.0003565060335419303,0.0
2013-01-16,0.0024664027961997727,-0.0011054979863998429,0.0
2013-01-17,0.015577041731866985,0.0025026869351553794,0.0
2013-01-18,-0.020320715974849596,0.0031120535360093897,0.0
2013-01-19,0.008658471287713276,0.00043249099965329124,0.0
2013-01-20,-0.016784171716085615,-0.016269589340806294,0.0
2013-01-21,-0.011001616324218649,-0.009844493869526405,0.0
2013-01-22,-0.020515599603189657,-0.012955643298834021,0.0
2013-01-23,0.007787722333969135,-0.003839296669730205,0.0
2013-01-24,-0.0018416501904388778,0.014034731338460033,0.0016631337203806135
2013-01-25,-0.005035580863424781,0.001109799592024422,0.004182577966745357
2013-01-26,-0.00030210096327577335,-0.005081237092342638,0.000999724318140903
2013-01-27,-0.02188244537768272,0.017728147509987396,0.0025681288784553044
2013-01-28,-0.006960564084084655,0.008282997451448875,0.0
2013-01-29,0.0011962039387761246,-0.007926039799452228,0.0
2013-01-30,-0.006845733520493367,0.003707370998009118,0.0
2013-01-31,-0.0015224509502746973,0.009257492714748792,0.0
2013-02-01,-0.016838246397263164,0.00841181946409445,0.000679623345886865
2013-02-02,0.0007594598824720523,-0.006685256708861819,0.0
2013-02-03,-0.0040284584253618035,0.0014507022124191154,0.0
2013-02-04,0.001198429439656498,-0.007506098003803006,0.0
2013-02-05,0.014720653862213726,-0.014326601623973938,0.0
2013-02-06,-0.00026606239512772477,0.0043706154695485906,0.0
2013-02-07,-0.007129668076778203,-0.02065421540073651,0.0
2013-02-08,0.0028257758817611025,-0.002430455473410941,0.0
2013-02-09,-0.012325059330032327,0.009417923754709722,0.0
2013-02-10,0.015376925536885782,0.005378795510421912,0.0
2013-02-11,-0.0011021314066711157,-0.0011378673446423152,0.0
2013-02-12,-0.0010263486582009532,0.0032150897302067258,0.0
2013-02-13,0.003790966604970943,0.0009742041406188189,0.0
2013-02-14,-0.013879480992872197,0.012693609058202701,0.0
2013-02-15,-0.0014523550996493268,0.004916225582757498,0.0
2013-02-16,-0.003582193597512849,0.007038309833235781,0.0
2013-02-17,0.020289877855930588,-0.00711058468581783,0.0
2013-02-18,0.013166433093329974,-0.0016707494865242424,0.0
2013-02-19,0.017066729333251582,-0.005337122099833921,0.0
2013-02-20,-0.0009097599298025674,0.010198232327741606,0.0
2013-02-21,0.00015361849912710893,0.008433228853342028,0.0
2013-02-22,0.009254956247568316,0.001227714359801967,0.0
2013-02-23,-0.008251318034738064,0.008694173199039174,0.0
2013-02-24,-0.0106588245998689,0.0011119919750594864,0.0
2013-02-25,0.014318735940575566,-0.0013836726323017687,0.0
2013-02-26,0.0033987044525584844,0.006089366408070145,0.0
2013-02-27,0.0033616382590052054,0.0032351240606673572,0.0
2013-02-28,-0.01862561379893115,0.023545950736807507,0.0
2013-03-01,-0.005738509832827001,-0.012097810348729253,0.0
2013-03-02,-0.0061412190137863955,0.010368762878940353,0.0
2013-03-03,-0.008550590099789866,-0.008475727980959951,0.0
2013-03-04,0.0018233526891566637,0.008605481446668123,0.0
2013-03-05,-0.010722311045459261,-0.009050601929449216,0.0
2013-03-06,-0.01329772562117105,-0.01626959704950083,0.0
2013-03-07,0.018201781452338524,0.01634791606997576,0.0
2013-03-08,0.003412423602030042,-0.0009301373168901607,0.0
2013-03-09,-0.011741879864208788,0.0170551896595346,0.0
2013-03-10,0.020040479514100488,-0.006321519378439442,0.0
2013-03-11,0.004381245160895401,-0.007307225647668269,0.0
2013-03-12,0.002343039232765523,0.013082624396198297,0.0
2013-03-13,-0.028361372899076837,-0.005304926946121018,0.0
2013-03-14,0.013933914948955928,0.001301847429811348,0.0
2013-03-15,0.0007404190551101814,-0.008082624295920578,0.0
2013-03-16,0.011520471799354334,-0.0016285029373855609,0.0
2013-03-17,0.016469573422748435,-0.021051048984108197,0.0
2013-03-18,-0.013693904452169727,-0.003176467555091057,0.0
2013-03-19,0.01811249329301593,-0.0007791912525471157,0.0
2013-03-20,0.0078048008019977536,0.009832722027501135,0.0
2013-03-21,0.0006022426520963536,0.01032350928385796,0.0
2013-03-22,-0.023538979099317858,-0.0003613148174137031,0.0
2013-03-23,0.019354337492496425,0.0015070826193919386,0.0
2013-03-24,0.0028777407019460895,0.00014718097102082227,0.0
2013-03-25,0.005866339443665755,0.021994747615852163,0.0
2013-03-26,-0.012265178961928986,-0.006293313985877805,0.0
2013-03-27,0.005820012071637692,0.009024861520860525,0.0
2013-03-28,0.005460408528471898,0.0019808290758262263,0.0
2013-03-29,0.01478442039572357,-0.011757838400376539,0.0
2013-03-30,-0.009608296946098594,0.006459489345706255,0.0
2013-03-31,-0.022192209002157615,0.012521754818638325,0.0
2013-04-01,-0.006528902135083428,0.004083312694589144,0.0
2013-04-02,-0.010376591322059472,-0.01048168612638897,0.0
2013-04-03,0.0023332940229068393,0.00685834099126317,0.0
2013-04-04,-0.0019988306043115687,0.007325565635734097,0.0
2013-04-05,0.0016988659593760902,-0.003255098469283935,0.0
2013-04-06,0.012431061694328545,0.009986602912003073,0.0
2013-04-07,0.016600672329836502,-0.015019493254413934,0.0
2013-04-08,0.00018650646344325731,-0.011118774356920916,0.0
2013-04-09,-0.016371875292062587,-0.0025197270060654006,0.0
2013-04-10,-0.0005729569193911884,0.0009123760446084603,0.0
2013-04-11,-0.0025582663822717694,0.009865461650651193,0.0
2013-04-12,-0.0013829868394241269,0.010380553097861518,0.0
2013-04-13,-0.002097849750446724,-0.006520999464263405,0.0
2013-04-14,-0.0009198164226107645,0.011168637583885746,0.0
2013-04-15,-0.022750338668975613,0.016557456777662426,0.0
2013-04-16,0.004758044033882104,0.009370278480935624,0.0
2013-04-17,0.004276088021558824,-0.00014518079738412413,0.0
2013-04-18,0.0025393611903342327,-0.0015033606201442452,0.0
2013-04-19,-0.0020875843430954192,-0.007148967588920818,0.0
2013-04-20,0.008054610686628579,-0.01831715846559509,0.0
2013-04-21,-0.017923663568832154,-0.0068308064455659245,0.0
2013-04-22,-0.0021043104104303493,-0.013315241109925267,0.0
2013-04-23,0.00475762918885248,0.002723574602717606,0.0
2013-04-24,-0.005642655382120761,0.0020027764958617093,0.0
2013-04-25,-0.0018622901436638082,0.0045354857330060115,0.0
2013-04-26,0.008936673043173995,0.004040720662004281,0.0
2013-04-27,-0.002902966306692816,0.005645999475251718,0.0
2013-04-28,-0.010024011468345875,-0.004387648863626681,0.0
2013-04-29,-0.0060297440202308,-0.0026981232889498946,0.0
2013-04-30,0.002414672224984573,0.005001423746135135,0.0
2013-05-01,-0.011669534442508405,0.015125223644922659,0.0
2013-05-02,-0.0011294037502045382,-0.016874505048147193,0.0
2013-05-03,-0.005287795704990736,-0.010296243430468182,0.0
2013-05-04,-0.0006829398623927973,-0.002130966681305784,0.0
2013-05-05,0.006268247186814742,-0.009727124718838291,0.0
2013-05-06,0.006042393509246212,-0.005168710569301346,0.0
2013-05-07,-0.0005639373035239019,0.0004283773068215219,0.0
2013-05-08,0.0010031203840276724,-0.0076307277751005865,0.0
2013-05-09,0.006572805833068782,0.008246936713280672,0.0
2013-05-10,-0.008956747334712026,0.007162926152434987,0.0
2013-05-11,0.0003509659213238091,0.00768663022230471,0.0
2013-05-12,-0.012603456433458435,0.004888596107966777,0.0
2013-05-13,0.011139482254570681,0.007957731034554365,0.0
2013-05-14,-0.00015804449029336182,-0.028973593444528017,0.0
2013-05-15,-0.013898620866926534,0.008391483952594462,0.0
2013-05-16,-0.005901903776913211,-0.008833920159510794,0.0
2013-05-17,0.006343085245967664,0.02174879707167629,0.0
2013-05-18,0.0017033858065040935,-0.006372133369136813,0.0
2013-05-19,-0.017485963853797172,0.003838894803102893,0.0
2013-05-20,0.016333058051155733,-0.014123356249847277,0.0
2013-05-21,0.001224635373323881,-0.011051996650850007,0.0
2013-05-22,0.002741848760279546,0.002683306022253674,0.0
2013-05-23,-0.004028069853922031,0.004508188819804297,0.0
2013-05-24,-0.008984894674422355,0.015932315003024174,0.0
2013-05-25,-0.015873424746779993,0.00909622309903989,0.0
2013-05-26,0.00061064541368262,0.013291385973310053,0.0
2013-05-27,-0.0011128646614788277,0.020277544828900342,0.0
2013-05-28,-0.0034332563839169863,-0.01431399446073045,0.0
2013-05-29,0.006612508005077253,0.015475376304025748,0.0
2013-05-30,0.0023066786111141557,-0.007097837588507497,0.0
2013-05-31,-0.011012215850169241,0.004022723191507585,0.0
2013-06-01,-0.004903856920461577,-2.4260115737160932e-05,-0.0008116257802567792
2013-06-02,0.010264126029879717,0.009418356169200401,-0.0012223032699132455
2013-06-03,-0.014473354626986946,0.010705081884359879,-0.003409336216748521
2013-06-04,0.020316911076553566,0.0006542924034273348,-0.010386618546322043
2013-06-05,-0.006205006600200499,0.0029569614501448595,-0.010967286713649292
2013-06-06,0.024727699388775143,-0.025730352100860082,-0.01200183714260511
2013-06-07,0.003683913058511605,0.00746916530306661,-0.011360211639853651
2013-06-08,-0.016525158799989198,0.0037908901915510614,-0.00562637302136855
2013-06-09,0.003820876983322699,-0.0013837164148188404,-0.008492557488063608
2013-06-10,0.0002376154570424305,0.007371226153938612,-0.00688595933829176
2013-06-11,-0.004836933262181454,0.02085616999755703,-0.005102248294715221
2013-06-12,-7.597778454684837e-05,0.01153402648655592,-0.000637687809517444
2013-06-13,-4.5525617691196364e-05,0.005502551575936819,-0.0025504488969457922
2013-06-14,-0.0328087015853,-0.0029775750332424883,-0.0015618213092755961
2013-06-15,0.006711648418557671,-0.012309328311071578,0.0
2013-06-16,-0.003437761037902311,0.01605469230799024,0.0
2013-06-17,-0.00035665869916432836,0.007986486481404995,0.0
2013-06-18,0.006496510647641243,0.0015887643772317733,0.0
2013-06-19,-0.0006202677536020864,-0.014179075644107949,0.0
2013-06-20,-0.012696181406089992,-0.0022811145446334654,0.0
2013-06-21,0.007566854626517982,0.007470504016828038,0.0
2013-06-22,-0.0037107810500262373,0.005441206231578525,0.0
2013-06-23,0.0018050185113361575,-0.003165876680574188,0.0
2013-06-24,-0.0076361844986678265,0.003126353994311663,0.0
2013-06-25,-0.00206316008995792,-0.0012234299500633043,0.0
2013-06-26,-0.010329873176258332,-0.002730310139739692,0.0
2013-06-27,0.01511392793315064,0.014949462144764962,0.0
2013-06-28,-0.010970679706505258,0.008464464643782041,0.0
2013-06-29,0.009082413745242162,0.004355443851949161,0.0
2013-06-30,-0.019082356359348306,-0.0033544139882694265,0.0
2013-07-01,0.002047397518013152,0.014710279465484673,0.0
2013-07-02,-0.003288974022420732,-0.012259819211800822,0.0
2013-07-03,0.009315137504358022,0.0036176064206875705,0.0
2013-07-04,0.0018655887761741894,-0.009725080336806758,0.0
2013-07-05,0.02212220398966021,-0.019945660853855175,0.0
2013-07-06,0.02869505348747758,-0.0037878871096541683,0.0
2013-07-07,-0.005819089070314417,-0.01978295492377098,0.0
2013-07-08,0.006493180073837051,-0.0027657022371134067,-0.002280160360443456
2013-07-09,-0.009774240986140279,-0.012675242096445126,-0.0019558982394029326
2013-07-10,-0.009979001730517266,0.000985253263180472,-0.004855284205521983
2013-07-11,-0.0009471673847785463,-0.005657558029089526,-0.005365634400778294
2013-07-12,0.008493836153509076,-0.016053412804005886,-0.0037141010357181134
2013-07-13,0.006192292735564941,-0.0040221258387559905,-0.0036778133208622207
2013-07-14,-0.002104417842366648,-0.007072656266976324,-0.0025638340458519066
2013-07-15,0.010869502513916659,0.013739219529062482,-0.0037000341665111153
2013-07-16,-0.011953527561805533,0.01702873421625578,-0.007114635143353358
2013-07-17,-0.009221484427564517,0.005897804377294041,0.0
2013-07-18,-0.0009732784332364543,0.008988270543245783,0.0
2013-07-19,-0.018283841059728384,0.024181707489629733,0.0
2013-07-20,0.013183985823547628,0.003047785758515627,0.0
2013-07-21,-0.001514620410299411,0.0022306047343158804,0.0
2013-07-22,-0.0034658860090514667,0.016282559117706832,0.0
2013-07-23,0.004220186761173193,0.006796261907345932,0.0
2013-07-24,-0.013466570832832486,-0.008364808669671663,0.0
2013-07-25,-0.0012353936859648116,0.01636743803396133,0.0
2013-07-26,-0.01700248104835953,0.003199763830001709,-0.0014064827462799967
2013-07-27,-0.0017015959936131167,0.014532805060218845,-0.0016770475102920526
2013-07-28,0.00117148205529589,0.016076859488582975,-0.009439257063193124
2013-07-29,0.015842727570591682,-0.006273844369512768,-0.009989463643125945
2013-07-30,7.3201923046184e-05,0.004887111020911178,-0.010125985778324853
2013-07-31,0.013466948908799785,0.0032069490345740257,-0.011101668058003479
2013-08-01,-0.0001089187144703857,-0.008340990394747607,-0.0035493917959789623
2013-08-02,-0.01610358109088141,-0.00885029090076316,0.0
2013-08-03,0.007535518287871963,0.0020510142453671453,-0.0011122923563211123
2013-08-04,0.0007342374168046641,0.0008002342483351409,-0.00296602840067782
2013-08-05,-0.005755736674316958,-0.008213348980800771,-0.001296522713505402
2013-08-06,0.009266489567890852,-0.0011248436536255052,-0.003643919735734996
2013-08-07,-0.010508852622234017,0.006083740107153472,-0.003453162634906512
2013-08-08,-0.0038390163133579136,-0.007115554429816087,-0.0004973347370629544
2013-08-09,0.0070288965700144816,-0.007437852424356469,0.0
2013-08-10,0.00841463677862369,-0.0011438046642180744,0.0
2013-08-11,-0.006554189546039492,-0.010353944035827003,0.0
2013-08-12,0.0029754358169736214,-0.008322151884560926,0.0
2013-08-13,0.0007618547634700661,-0.003669841832965392,0.0
2013-08-14,0.006158885617021903,-0.019349023150636514,0.0
2013-08-15,-0.0023339017302127798,-0.005741892288324715,0.0
2013-08-16,-0.021144795600224704,0.0022741052371313877,0.0
2013-08-17,-0.003732173870863581,-0.010279489172422876,0.0
2013-08-18,0.015022876547475748,0.011374699576614395,0.0
2013-08-19,-0.008416672524780231,0.0032753191562477717,0.0
2013-08-20,-0.002077232727809283,0.013320169406955414,0.0
2013-08-21,0.008189108150120729,-0.0005168354398169439,0.0
2013-08-22,-0.0023344700950421334,0.006492581711363588,0.0
2013-08-23,-0.010854504920545042,-0.0005437245834840001,0.0
2013-08-24,-0.00033941467024566676,-0.010533071185967822,0.0
2013-08-25,-0.002018197100423595,0.00605761340448963,0.0
2013-08-26,-0.00872270774152749,-0.0070006287777337455,0.0
2013-08-27,-0.001628174014440892,0.0057108477706779735,0.0
2013-08-28,-0.013883729187936922,-0.009741575764442834,0.0
2013-08-29,-0.015670624735304346,0.0003773252251491796,0.0
2013-08-30,-0.01131079043170173,-0.0026121215061507947,0.0
2013-08-31,-0.0019180414677104427,0.012688296770135735,0.0
2013-09-01,-1.4889003892342914e-05,-0.002727634585609095,0.0
2013-09-02,-0.006052414923357253,0.011492169329022486,0.0
2013-09-03,0.0108039650924359,0.0056242576853588345,0.0
2013-09-04,0.005934459433605923,0.015040469523245436,-0.003664476744712382
2013-09-05,0.00048571662828576794,-0.0029976426936940575,0.0
2013-09-06,0.011321409849952755,0.00996509549303555,-0.0005082149647175765
2013-09-07,0.014850086160885437,0.00961013934941437,-0.0006018106278565458
2013-09-08,0.007093765910591371,0.00759292061852586,0.0
2013-09-09,-0.00554924655027427,0.003273287368271545,0.0
2013-09-10,0.008544023334011273,0.014790962220483803,0.0
2013-09-11,0.011910909824696938,-0.012929002670493859,0.0
2013-09-12,0.004295570528599957,0.008289191329407149,0.0
2013-09-13,-0.0009608458644603544,-0.00483969624329689,0.0
2013-09-14,0.0028989055433211166,0.005976126146438347,0.0
2013-09-15,0.0035290712419497362,0.009340029027623983,0.0
2013-09-16,-0.018073709707769583,0.004306072621806718,0.0
2013-09-17,0.01593659722236464,-0.00194137568773224,0.0
2013-09-18,0.0006809033399791132,-0.008656488348869909,0.0
2013-09-19,0.020002644556150858,-0.013892859333976331,0.0
2013-09-20,0.000899565432530493,-0.006461217204172799,0.0
2013-09-21,-0.007807891672433837,0.006726918289697065,-0.00894037434251519
2013-09-22,0.008463231823459491,-0.01716858318270014,-0.006148752243464395
2013-09-23,0.0011021041422046996,0.027206510692056516,-0.0037666228327355653
2013-09-24,0.00908290733621199,-5.509166736261564e-05,0.0
2013-09-25,-0.004098543666108983,-0.0072321744023638055,0.0
2013-09-26,-0.004305285227615258,0.010800667278146658,0.0
2013-09-27,-0.006568904506313883,0.011462749748230916,0.0
2013-09-28,-0.006629340265643418,0.004854550224754171,-0.0013186702380797652
2013-09-29,0.004396390005843077,-0.007824209703354769,-0.0068484720662609355
2013-09-30,-0.012441633778902336,0.0029356542413583094,-0.003352865426246139
2013-10-01,0.0019553876295045646,0.01103377753007907,-0.0021740514907658062
2013-10-02,0.011007815957741703,0.006693581933468407,-0.006403240355071352
2013-10-03,-0.009423274541452331,-0.01589475040983381,-0.007987438809553493
2013-10-04,-0.00213572872514223,0.007328503911075552,-0.011533889753940478
2013-10-05,-0.007672036483640337,0.02110280310858215,-0.02233232027159516
2013-10-06,-0.003792132491602802,-0.009184330644503382,-0.014635952688498398
2013-10-07,0.0014564974381919384,-0.02010881641922419,-0.0121881306248742
2013-10-08,0.006905627082449988,-0.00836261907572987,-0.009749962904762745
2013-10-09,0.008794253557691721,0.0009384681527358765,-0.010412728611940696
2013-10-10,-0.006666457014485481,0.002229141659591527,-0.010483163728782705
2013-10-11,0.006687462092337924,-0.0058587983839956176,-0.017940761545308735
2013-10-12,-0.006225276073021805,-0.025849107392749374,-0.01136528385790174
2013-10-13,-0.011554383996185047,-0.004751152609837571,-0.01329533253591874
2013-10-14,-0.009724815641375253,-0.008514150857193665,-0.009287933806728925
2013-10-15,-0.01949358754548429,-0.00038607561708116703,-0.005179819997662115
2013-10-16,0.00022632315686379415,0.00908643537917878,-0.0029521891465848285
2013-10-17,-0.01850889979665684,-0.005638645741637541,-0.005361802837555295
2013-10-18,0.0017530844822625886,0.008509441871475384,-0.005852462942660799
2013-10-19,0.02612614033971639,0.007259933973084665,-0.010896854002393902
2013-10-20,-0.009456545383068886,0.019134327760577843,-0.012664225765717567
2013-10-21,-0.02109088996034753,-0.007461013853401446,-0.0013430981816711929
2013-10-22,0.003467620208293895,0.012535375718259021,0.0
2013-10-23,-0.010643327714157564,-0.004341902317852241,0.0
2013-10-24,-0.0006319593487593054,-0.002349270276811058,-0.007136824441275745
2013-10-25,-0.00026895588534162713,-0.01552123143686613,-0.0010710882121959184
2013-10-26,0.0020656183019374737,-0.010039393132149804,-0.0005394838806737148
2013-10-27,0.022661842438570494,-0.009849148297765703,-0.0011027364673873094
2013-10-28,0.0029774324251368696,0.014038840077358311,0.0
2013-10-29,0.002504403363011435,0.003281132207844927,0.0
2013-10-30,-0.0010316611804756348,0.002738728877690888,0.0
2013-10-31,-0.007328805107017524,-0.0038233475381619993,0.0
2013-11-01,-0.006266496531910283,-0.004454353143269401,0.0
2013-11-02,-0.010530047744456365,-0.010116831194358805,0.0
2013-11-03,0.00865427457262936,-0.0039054669263273137,0.0
2013-11-04,-0.0014818629574790436,0.013344607611617492,0.0
2013-11-05,0.00676504539053143,-0.0024390961843155545,0.0
2013-11-06,0.003410972088641208,0.020094376186157958,0.0
2013-11-07,0.02246457047044217,0.0054168800507396146,0.0
2013-11-08,-0.0007109216665185414,-0.0037952034104661307,0.0
2013-11-09,0.006421186836290248,0.012736227468800059,0.0
2013-11-10,-0.005768495653348681,-0.00047405551110331665,0.0
2013-11-11,0.011867990555931384,0.009923796543162913,0.0
2013-11-12,-0.0015776160470499102,-0.005241951083742443,0.0
2013-11-13,0.0008081831984252512,0.014387733341348262,0.0
2013-11-14,-0.013196438821128571,0.004073923214801526,0.0
2013-11-15,0.0060642891143639025,0.0021631904787803085,0.0
2013-11-16,0.01717000407981477,0.009498527745655037,0.0
2013-11-17,0.014105917321601205,-0.00522634945128996,0.0
2013-11-18,-0.010235462194788152,-0.020894753093903956,0.0
2013-11-19,0.009506224904813163,-0.009121857023912647,-0.0034476707742742557
2013-11-20,-0.006402842923386651,0.010283808226243725,-0.003008318931290249
2013-11-21,-0.015788944100529993,0.016170552936683354,-0.0033802572348440516
2013-11-22,-0.011791530234410048,-0.01299407824750098,-0.006669289071278797
2013-11-23,0.013228226720211397,0.003048465438059667,-0.0008365294146890564
2013-11-24,-0.0024303503290357405,0.006139239468622769,-0.0018138146609129047
2013-11-25,-0.01144739271514315,-0.013729949911786806,0.0
2013-11-26,0.0042393885740874375,-0.01740890528427056,0.0
2013-11-27,0.004000460715986936,0.017435813039535123,0.0
2013-11-28,-0.0023746787293254276,0.0039260812256133645,0.0
2013-11-29,0.005623356870590842,-0.0034947459882461213,0.0
2013-11-30,-0.0030246761371263858,0.005134369295331294,0.0
2013-12-01,0.013062270555679045,-0.016743855508470764,0.0
2013-12-02,0.008427080785573004,0.00348023524913565,0.0
2013-12-03,6.0465082925931026e-05,-0.0015012256236266537,0.0
2013-12-04,0.004252104441357733,-0.0037433791284520613,0.0
2013-12-05,0.009666978867719786,0.010569297748858088,0.0
2013-12-06,-0.0004068617069991295,-0.00043670955186160564,0.0
2013-12-07,0.005854076726946925,-0.00029473186473536524,0.0
2013-12-08,-0.0006207973144695763,-0.005289188806924999,0.0
2013-12-09,-0.0026928818326651754,-0.008730034039983955,0.0
2013-12-10,-0.018590578660875566,-0.0019600812042593263,0.0
2013-12-11,-0.012032512200284848,0.014004041217440904,0.0
2013-12-12,-0.009756916624111973,-0.020718699008920236,0.0
2013-12-13,0.0008392094834456751,-0.011877538846462726,0.0
2013-12-14,0.02652456928918683,-0.00718170642390841,0.0
2013-12-15,-0.009246397914799658,0.005175390323897759,0.0
2013-12-16,-0.004285607867271178,-0.008077601613336096,0.0
2013-12-17,-0.012778902126560502,0.004681066168707519,0.0
2013-12-18,-0.0038449716835675623,-0.022781167996922248,0.0
2013-12-19,-0.0022670367176838044,-0.012070100638111978,0.0
2013-12-20,0.006906846083955658,0.005609806851799542,0.0
2013-12-21,-0.013926614420636363,-0.025521244184860764,0.0
2013-12-22,0.004966295861406647,0.0012578039286408567,0.0
2013-12-23,0.0024077849283465898,0.011862894244416902,0.0
2013-12-24,-0.003075451423520515,0.005520563451256018,0.0
2013-12-25,-0.012539527181362876,0.006191327980344858,0.0
2013-12-26,-0.010695934534678424,-0.010114071164461556,0.0
2013-12-27,-0.0021561405521935474,-0.007354528207241825,0.0
2013-12-28,0.005594413256331724,0.008766599806998792,0.0
2013-12-29,-0.0011730205161873538,0.0018442497321121182,0.0
2013-12-30,-0.007732956556636425,0.016292927004108736,0.0
2013-12-31,0.0026955853069404213,0.002926014387077402,0.0
2014-01-01,-0.010591938055723558,0.0003305836829770493,0.0
2014-01-02,0.007795038411046146,-0.0010171790797562973,0.0
2014-01-03,0.029355882734743006,0.013640150196572965,0.0
2014-01-04,-0.005870714371350044,0.008980643164107203,0.0
2014-01-05,0.010359301523159817,-0.005968954245968323,0.0
2014-01-06,-0.00978195917455054,0.004887159411468076,0.0
2014-01-07,0.0008650938494823298,-0.009672359353730542,0.0
2014-01-08,0.005372481109016812,0.008333473105432683,0.0
2014-01-09,0.012168683642144707,-0.0033798228262125647,0.0
2014-01-10,0.00037141880110092284,0.013645643565067913,0.0
2014-01-11,0.013663114609891237,0.014267256113672173,0.0
2014-01-12,-0.012646621063768472,0.007476897991967011,0.0
2014-01-13,-0.002040694231801346,-0.016518148697590836,0.0
2014-01-14,3.729999060795751e-05,-0.006216941589635133,0.0
2014-01-15,0.0009919302519816222,0.0023921143731022486,0.0
2014-01-16,-0.0011787570557734756,0.0021503449770162637,0.0
2014-01-17,0.018738632173881754,0.003177980145045139,0.0
2014-01-18,-0.003728715672908502,0.009827577586725375,0.0
2014-01-19,0.010344722436980862,-0.007469758892709975,0.0
2014-01-20,0.004469193162382316,-0.013034470238656712,0.0
2014-01-21,0.020860748705407405,-0.014586795686376863,0.0
2014-01-22,-0.0019400773229839752,0.010562310671687473,0.0
2014-01-23,0.007527265751369039,0.008316639428302552,0.0
2014-01-24,0.006106614304710184,-0.005500777500537362,0.0
2014-01-25,-0.0320357288363198,-0.0013115258098732022,0.0
2014-01-26,0.004476334973842476,0.012295110231240811,0.0
2014-01-27,0.010894291111587056,-0.004254452380467253,0.0
2014-01-28,0.01587521032850089,0.006258107910533035,0.0
2014-01-29,-0.010209302647026477,0.007278794896196507,0.0
2014-01-30,-0.001479564452007621,0.0017571184331698737,0.0
2014-01-31,0.012915105565967443,0.007537083771898889,0.0
2014-02-01,-0.010726407606216563,0.01063182913115,0.0
2014-02-02,-0.007511896664360624,-0.00476362664024271,0.0
2014-02-03,0.00657610776548762,-0.017963355905473148,0.0
2014-02-04,0.007558590725758389,-0.002370490906037564,0.0
2014-02-05,0.01416484027848271,-0.016187216359905623,0.0
2014-02-06,0.012026803163965063,-0.01834050390366376,0.0
2014-02-07,0.0028297251872851452,0.006102541569928766,0.0
2014-02-08,-0.009825792192885832,-0.011308861268842786,0.0
2014-02-09,-0.005795328019957721,-0.005839891250906282,0.0
2014-02-10,0.0007317668440374542,0.0005006907095910674,0.0
2014-02-11,0.004561285274549092,-0.010460371700294206,0.0
2014-02-12,0.0013138725354680948,0.005102863634757502,0.0
2014-02-13,0.008870937579526249,0.018347495289274336,0.0
2014-02-14,-0.006768820041779779,-0.009762504198378222,0.0
2014-02-15,-0.003473323848233676,-0.0014698108068334063,0.0
2014-02-16,-0.012200849869003563,-0.027615560428679218,0.0
2014-02-17,0.021148697828325375,-0.010305769702975759,0.0
2014-02-18,-0.0007060000067887112,0.016233179588757318,0.0
2014-02-19,0.010809958837395502,-0.0008983139358121513,0.004444805551211878
2014-02-20,0.013746085436043507,-0.00530307856112123,0.005337247337409458
2014-02-21,0.004598236385109141,0.0023847593637680124,0.003637590231446171
2014-02-22,-0.0008353150636921954,-0.004714255369873327,0.003030444749610041
2014-02-23,-0.004008969558289875,0.013670683449213057,0.0018734700303464843
2014-02-24,-0.0015806349587274,-0.0023243489771027203,0.000583711414051967
2014-02-25,-0.0164032480833667,-0.008476719387766557,0.0019151157779034034
2014-02-26,-0.004358543526788856,-0.0035453090619022697,0.001135571530683957
2014-02-27,0.008758254655780725,-0.02770682619733138,0.0
2014-02-28,0.003992987287678941,0.0034012950058353304,0.0001357211013226431
2014-03-01,0.009458790899301427,0.004604594323161649,0.000755885276899286
2014-03-02,0.009143867142521052,-0.02003917455501223,0.001148632683551365
2014-03-03,0.008233680380072191,-0.02911438420181665,0.0
2014-03-04,0.002231229211944433,-0.0073296247605236795,0.0
2014-03-05,0.003010944566416132,0.0008791981177959119,0.0
2014-03-06,0.010392099882084142,0.014303885169888593,0.0
2014-03-07,-0.0025980504168960973,-0.010290705285682654,0.0
2014-03-08,-0.01258054886264475,-0.009560155692833576,0.0
2014-03-09,0.009480646036061252,-0.0018884066052806394,0.0
2014-03-10,0.0013933310086574628,0.01179848621392857,0.0
2014-03-11,0.011903441822026434,-0.010217686117182571,0.0025685303234841347
2014-03-12,-0.005573960199069883,-0.0063675505674809455,0.002138107026367485
2014-03-13,-0.015701515063136825,-0.0087924678515057,0.0
2014-03-14,-0.0007664741355032883,0.00806016481452606,0.0014339934914844726
2014-03-15,-0.005508916160885569,0.014086473914613182,0.0
2014-03-16,-0.008794410342807774,0.020065701467938374,0.0
2014-03-17,0.01645165839643291,0.015593383207213261,0.0
2014-03-18,0.003747123455909288,0.008185319241086852,0.0
2014-03-19,-0.010950132213587831,-0.006807866052153869,0.0
2014-03-20,-0.01522453618993303,0.004072506081448896,0.0
2014-03-21,-0.00014940769474522546,0.011998072187468886,0.0
2014-03-22,0.006794864652571424,0.00745041742589158,0.0
2014-03-23,0.003719087568852946,-0.009644146653384554,0.0
2014-03-24,0.012652340984989364,-0.003573261031287842,0.0
2014-03-25,0.0041749829480107045,-0.005111045728742118,0.0
2014-03-26,0.005703841326796625,0.00928622040996106,0.0
2014-03-27,-0.018245791978982014,0.0020672201254833215,0.0
2014-03-28,0.013841553300712149,-0.004904336103529946,0.0
2014-03-29,-0.004594555518449793,0.006422857642570626,0.0
2014-03-30,0.010310665458034905,0.0038793164936687806,0.0013491652681874647
2014-03-31,-0.014678985184966426,-0.007530569678243856,0.0
2014-04-01,-0.008148461728666003,0.01042012155067496,0.0
2014-04-02,0.01284994996549624,0.00032076293735358775,0.0
2014-04-03,-0.011498495564659553,-0.001976853477391818,0.0
2014-04-04,0.0026761586526566797,-0.010578418843928883,0.0
2014-04-05,-0.00295058925945224,0.0005969407021102414,0.0
2014-04-06,0.018510777999597022,0.004542225959538937,0.0
2014-04-07,0.004874719676122065,-0.02364014232278954,0.0
2014-04-08,0.014045446790730519,-0.008072821459098375,0.0
2014-04-09,0.0006970463177535552,-0.00408277531418461,0.0
2014-04-10,-0.016068253880004723,0.004274083236484818,0.0
2014-04-11,0.021519758816448742,-0.014058485857799445,0.0
2014-04-12,-0.004725591035671285,0.019318474679834028,0.0
2014-04-13,0.0015482271308197239,-0.003804958083675589,0.0
2014-04-14,0.0006525061401156543,-0.010230029579104514,0.0
2014-04-15,-0.014846154970819652,-0.0027151945301201984,0.0
2014-04-16,0.008193969549939251,0.00755752559630984,0.0
2014-04-17,-0.002870219579568041,-0.0014236764706538159,0.0
2014-04-18,-0.016775615333536102,-0.008661818423079596,0.0
2014-04-19,-0.014047487059836961,0.0012015127615044915,0.0
2014-04-20,-0.02202827757114112,0.00191933686656098,0.0
2014-04-21,-0.007071154514635005,0.00014321420650003424,0.0
2014-04-22,-0.00121914736054468,-0.01108511920152881,0.0
2014-04-23,-0.008934695705272526,0.0021281069686238103,0.0
2014-04-24,0.000275219711966569,0.04019527465075888,0.0
2014-04-25,-0.0029608032020293673,-0.003161681374519789,0.0
2014-04-26,0.005707158399303033,0.001072297918724844,0.0
2014-04-27,0.0005029862253912239,-0.022513051058139447,0.0
2014-04-28,-0.0012048847765191767,-0.0010175651322466305,0.0
2014-04-29,-0.0077113181028616185,0.0021467027609089486,0.0
2014-04-30,-0.011524533484195788,-0.005767374627887257,0.0
2014-05-01,-0.008723307408506456,-0.0029170472050631824,0.0
2014-05-02,0.0041878946292716775,-0.011632248338640145,0.0
2014-05-03,-0.004482114138744051,0.006997845559941045,0.0
2014-05-04,0.01513702809310365,-0.0010778907689434644,0.0
2014-05-05,0.00861022450650748,-0.013606753004200653,0.0
2014-05-06,-0.013370496622507326,-0.004961042719550436,0.0
2014-05-07,0.004849137204027224,0.001549273163778539,0.0
2014-05-08,0.012891612110334037,0.0007368609408234112,0.0
2014-05-09,-0.006201520004685019,0.024322548904130478,0.0
2014-05-10,0.012762058795919485,-0.002133892628281725,0.0009686056143427893
2014-05-11,-0.007026108755980962,-0.001052024484154964,0.0029243568705845865
2014-05-12,0.01634799780592449,-0.008424007917294855,0.003436793619327895
2014-05-13,0.0058159799067225145,0.0032254704171982753,0.0
2014-05-14,-0.001952637083097328,-0.010267034915486792,0.0033391767977357656
2014-05-15,-0.016506363323341218,0.002188337983573412,0.004135264024519504
2014-05-16,-0.0007972476049072885,-0.006717187758475449,0.0047917129682587475
2014-05-17,-0.007335734561116455,-0.01163076832352122,0.010494971391050323
2014-05-18,0.004022083239245623,-0.007039117698813621,0.009865275431838898
2014-05-19,-0.008643583979097078,0.015920440436879842,0.012466020229039608
2014-05-20,0.005104252378433667,-0.008744065891087073,0.015469388609915348
2014-05-21,-0.004530706305246426,0.005491580092818164,0.01923615466058698
2014-05-22,0.0062159043996728985,0.005382948624247992,0.027891947196130987
2014-05-23,0.00862045701690522,-0.012565113666344264,0.027170655800425783
2014-05-24,0.0021093993398210503,-0.007884261270328673,0.03327120371920334
2014-05-25,0.005365982554150513,-0.006487170242856428,0.03178317359844029
2014-05-26,0.011451931344366562,0.006970421113058673,0.03156053702382706
2014-05-27,-0.009282998571387167,-0.003957962522558445,0.03040912537941763
2014-05-28,0.0064301595906874785,0.030156202997907278,0.02868865741828537
2014-05-29,0.0028581099859324483,-0.009110290541218206,0.022944558789191202
2014-05-30,0.016591817852687592,-0.00018000856318323762,0.020840150851264137
2014-05-31,-0.0014316310695072323,-0.016328430205309854,0.022164900209420427
2014-06-01,0.010292923107564465,0.0029155381765998455,0.012350889724580205
2014-06-02,-0.0167544734836633,-0.016444852238402273,0.012414895855924077
2014-06-03,0.013014861595533183,0.024024268439713167,0.006278769354896144
2014-06-04,0.0046805731100841505,-0.0034500225620284364,0.0
2014-06-05,0.0043000720150777804,-0.0029744248610683076,0.0
2014-06-06,0.009460262554655586,-0.031619818149852694,0.0
2014-06-07,-0.012314493236746854,0.001182620984102275,0.0
2014-06-08,-0.0018723230686294799,-0.010999163618383637,0.0
2014-06-09,0.0012242428814061021,0.023800912824926027,0.0
2014-06-10,-0.002742688131249824,0.005890159509858263,0.0
2014-06-11,-0.004851361091446623,-0.004328218178403034,0.0
2014-06-12,0.010094919753131515,0.004918976646998001,0.0
2014-06-13,0.0007200246813468917,0.019281846287149736,0.0
2014-06-14,-0.0020543644458318007,0.0033816895404375612,0.0
2014-06-15,0.0008129910867572234,0.007606966763805161,0.0
2014-06-16,0.01370356668453538,-0.019501555710610068,0.0
2014-06-17,0.01918568055012191,-0.008575584260096487,0.0
2014-06-18,0.01137322103505013,-0.013410168409944662,0.0
2014-06-19,0.0054339525149559986,0.0037142004974811895,0.0
2014-06-20,-0.013164057355420061,-0.015911982784922354,0.0
2014-06-21,-0.005356142472549731,-0.0185972618441098,0.0
2014-06-22,-0.009043278379660099,-0.005359642596765313,0.0
2014-06-23,-0.00918533131519742,-0.002736834183884024,0.0
2014-06-24,0.012419670157599736,0.004920646906339465,0.0
2014-06-25,-0.005745048904471358,0.015413454963801131,0.0
2014-06-26,0.014253085723881396,0.012134445388135032,0.0
2014-06-27,0.0014969524929325398,0.000496231155314542,0.0
2014-06-28,-0.0009827423980500398,0.0011932932591879532,0.0
2014-06-29,-0.0016927505147231782,-0.020023303096105245,0.0
2014-06-30,-0.01403504456687654,0.01131021027283988,0.0
2014-07-01,-0.0037689575195859817,-0.009572336841694283,0.0
2014-07-02,0.008960602465019736,-0.005263281150353348,0.0
2014-07-03,0.007325479660224897,-0.0015863849850004522,0.0
2014-07-04,0.0019447906583758285,-0.0113511158143922,0.0
2014-07-05,0.007255771740481677,-0.0037596009582973183,0.0
2014-07-06,0.001952915872654191,0.008640797759641602,0.0
2014-07-07,0.004422475632887221,0.013070463367608878,0.0
2014-07-08,0.024633563323064062,0.018673172698074614,0.0
2014-07-09,0.0018215804044705646,0.008093892571750378,0.0
2014-07-10,-0.017071650582562506,-0.006323970438442937,0.0
2014-07-11,-0.020921650294892746,0.003792014745505178,0.0
2014-07-12,-0.006993441402459725,-0.01167352222803321,0.0
2014-07-13,0.00253254258920809,-0.026002826367475206,0.0
2014-07-14,0.01033778550489849,0.004695944414927516,0.0029567110615687994
2014-07-15,0.00014045929022981645,-0.006916615457131634,0.002208339784896464
2014-07-16,0.0017607725614899917,-0.006076641698492214,0.004465713875597542
2014-07-17,0.006493982078815238,-0.011922614309597464,0.00475671258452065
2014-07-18,-0.009429481613231528,0.01564144824830966,0.0085305367538216
2014-07-19,-6.388534509479907e-05,0.0013656793289073149,0.011786947234842478
2014-07-20,0.003777479905704308,0.012549541084645217,0.00675314320383863
2014-07-21,-0.003568854648312188,-0.0006620188904456382,0.0
2014-07-22,-0.007954910859720167,0.0014199265188236424,0.0
2014-07-23,0.005749423216848415,0.0008989061045504083,0.0008473536163445122
2014-07-24,0.011498274804728129,0.01462424237124608,0.0021183342864318985
2014-07-25,0.0011474159710170187,-0.021212750667273857,0.00668897623516377
2014-07-26,-0.023236469182848125,-0.004443631468397199,0.0
2014-07-27,-0.007567296382731195,-0.008147990556881573,0.0
2014-07-28,-0.003904431173861177,0.0027148599608763776,0.0034504387775300405
2014-07-29,0.004725159348738996,-0.006207267512397744,0.007398070087319866
2014-07-30,-0.004477679179759528,-0.0028650236927282597,0.0077709653935033665
2014-07-31,-0.004067493790091086,-0.008239407497854062,0.01325643134414322
2014-08-01,0.010096851347765055,-0.0057367668220915345,0.01687894810435365
2014-08-02,0.012928035395786457,0.00449374037346267,0.019189957604188908
2014-08-03,0.001008360925607831,0.003589633416480019,0.01831305401481976
2014-08-04,-0.010892130232148562,-0.0032344031636504966,0.017214149277882153
2014-08-05,-0.012148388990908362,-0.016538402595670795,0.017515016623967025
2014-08-06,0.006562017415910859,-0.0015967221691493214,0.02330514566208034
2014-08-07,-0.007758141766283401,-0.0015642192865047942,0.02324339566423026
2014-08-08,-0.0002113336607156781,-0.0017544024312672107,0.0215919413197909
2014-08-09,-0.0018720871042675483,0.005366419810819493,0.027825399477171324
2014-08-10,0.0015019870014645758,0.0009708956116098112,0.026831729757685767
2014-08-11,0.003367482462827676,0.014398401093636342,0.023574895362865028
2014-08-12,-0.010402721519914655,-0.01957950866238643,0.024252177722415426
2014-08-13,-0.006538765729082793,0.0020459941424880892,0.02836185798173356
2014-08-14,0.0017676563298670792,0.012586252189990862,0.027575376961875155
2014-08-15,0.00019331678970336652,0.002598707063640647,0.030449636054645277
2014-08-16,-0.013713670052485317,-0.02468381406297753,0.030169501940400918
2014-08-17,0.01913604252961005,0.004933794319653604,0.013098914442115445
2014-08-18,-0.014124470936389053,-0.014670536202993894,0.008196425145612259
2014-08-19,0.010356987436071236,-0.009158625114349776,0.007642852650363935
2014-08-20,-0.016507402855412526,-0.013426433925586187,0.012648350095351743
2014-08-21,0.009556935803568409,-0.0010386318293948704,0.0069064374414866125
2014-08-22,-0.017993406900887347,-0.010217746388319768,0.007095713981482857
2014-08-23,0.009008165505060218,-0.0022336756731057396,0.003603717028931447
2014-08-24,0.0015167644018420794,-0.010515903907929301,0.005634501208556027
2014-08-25,0.007780254812453594,0.006146673798619748,0.0
2014-08-26,-0.007759672869004521,0.008844974564024775,0.0
2014-08-27,0.0023841318739990106,-0.0031724774053913402,0.0
2014-08-28,0.002204911904615444,0.011824824774777223,0.0
2014-08-29,0.0013883765186377278,0.011110728328723882,0.0
2014-08-30,-0.005865087555102608,-0.0051842015706261655,0.0
2014-08-31,0.013387916546081534,0.01685256672177884,0.0
2014-09-01,-0.018489346001946242,0.014228907656392698,0.0
2014-09-02,-0.01575123145254283,0.008126682768829803,0.0
2014-09-03,-0.015039195385160563,-0.004647579333067857,0.0
2014-09-04,0.014043321864704847,0.0027306787481809593,0.0
2014-09-05,-0.009190204328783305,-0.0063101752250188025,0.0
2014-09-06,-0.007658119748954002,0.007011894540646708,0.0
2014-09-07,-0.007621174332638505,-0.0036966261771758063,0.0
2014-09-08,-0.0034889816110733065,-0.01269097441364386,0.0
2014-09-09,-0.0029052520898041664,-0.012759123320746036,0.0
2014-09-10,-0.005220691797442236,-0.006913617473897788,0.0
2014-09-11,-0.015599013324620438,-0.010815522626955525,0.0
2014-09-12,0.0038890382665772646,0.003949252946830992,0.0
2014-09-13,-0.0003009062639845633,0.006879842929410493,0.0
2014-09-14,0.014935718928944857,0.000533391790320385,0.0
2014-09-15,0.003912236568225086,-0.004613977718352739,0.003186689521495256
2014-09-16,-0.0010559055924869068,-0.0040329967272694405,0.0
2014-09-17,-0.01470148687079726,-0.006621043645902522,0.0
2014-09-18,0.0006065340248384937,-0.009871557530261879,0.0
2014-09-19,0.005784106755528788,0.003698156366395773,0.0
2014-09-20,0.016563098787518535,-0.007279171242851506,0.0
2014-09-21,0.0037865257460333534,0.004391978069581009,0.0
2014-09-22,0.007857078556086918,-0.011756872368246931,0.0
2014-09-23,0.005862201472251385,-0.013997502952003667,0.0
2014-09-24,0.016250489189881923,0.0018557520046578626,0.0
2014-09-25,0.011353051123861703,0.027098861534424496,0.0
2014-09-26,0.0003800480702910829,-0.0008144018400161888,0.0
2014-09-27,-0.014716065444956872,-0.009710559725390033,0.0
2014-09-28,0.01632104581899293,0.013826897785972703,0.0
2014-09-29,0.0007688475445028113,-0.0007694556650400695,0.0
2014-09-30,-0.008194534937236304,-0.004746538220702721,0.0
2014-10-01,-0.014645173298488136,-0.013515558273813705,0.0
2014-10-02,-0.017999601165881746,0.006286907399913967,0.0
2014-10-03,0.002481300518612438,-0.006062834784174183,0.0
2014-10-04,-0.0018408084442516001,-0.010238177540146467,0.0
2014-10-05,0.002951241543799155,-0.004638603931232348,0.0
2014-10-06,0.012120232254458555,0.009905677168121737,0.0
2014-10-07,-0.00635303693661895,0.006905423023475834,0.0
2014-10-08,0.002783690111714855,-0.013091683857755023,0.0
2014-10-09,-0.005533789535611871,-0.02202985906846473,0.0
2014-10-10,-0.00893158735594992,0.014707374601404198,0.0
2014-10-11,-0.022705676345701524,-0.0006366446967655169,0.0
2014-10-12,-0.008082422910443605,0.019747670817616185,0.0
2014-10-13,0.010794663120914079,0.00257094549005431,0.0
2014-10-14,-0.00537565257372542,0.0039042218023834807,0.0
2014-10-15,0.0028844555714257676,-0.0016863890929662729,0.0
2014-10-16,0.0010659960393574817,-0.0009896694077677292,0.0
2014-10-17,0.020363358922696848,0.0011461219488864767,0.0
2014-10-18,0.014699680386411014,-0.0008960786739266005,0.0
2014-10-19,-0.006601600363517593,0.015145981154416201,0.0
2014-10-20,-0.004414279349381172,-0.0032830286093407375,0.0
2014-10-21,0.011498590836023028,-0.004969847939371277,0.0
2014-10-22,0.0023835970352014844,0.010806586851372648,0.0
2014-10-23,0.0011091712349780953,-0.010897449170172449,0.0
2014-10-24,0.011924015700911634,-0.004343846032003037,0.0
2014-10-25,0.005822074622232243,-0.0008914858157860625,0.0
2014-10-26,0.0016950764952677352,-0.017140890456074708,0.0
2014-10-27,0.030844206817405358,0.0028543846257506056,0.0
2014-10-28,0.004336890151365958,-0.0027684842285319185,0.0
2014-10-29,-0.013332588458220988,0.007045520440978865,0.0
2014-10-30,0.0035881813935935685,0.0009967226281777986,0.0
2014-10-31,0.0029443297699295835,-0.014550344838787308,0.0
2014-11-01,0.017371614176830554,-0.016557066213071906,0.0
2014-11-02,0.0036114279552125,-0.010171206892399256,0.0
2014-11-03,-0.006106208611314378,-0.004798098881218987,0.0
2014-11-04,0.004016176152700396,-0.003835958704037482,0.0
2014-11-05,-0.012139497216072409,-0.004644600721283519,0.0
2014-11-06,-0.0034559944063572556,0.0038105009560299046,0.0
2014-11-07,0.0038257169481584375,-0.014634546175588643,0.0
2014-11-08,-0.008444366058950499,-0.008107925154950893,0.0
2014-11-09,-0.020226707614346588,0.013469431555543957,0.0
2014-11-10,-0.010406729341726375,-0.0023046072947179325,0.0
2014-11-11,-0.008144354127338257,-0.0017624581216481201,0.0
2014-11-12,0.005788994757950095,0.0060301570334218,0.0
2014-11-13,-0.004793831384437817,-0.014646762109295022,0.0
2014-11-14,-0.00079236077648217,0.0021910678851997183,0.0
2014-11-15,-0.0096258289245545,-0.002451486696836646,0.0
2014-11-16,0.0005161179920939993,-0.00898599368606863,-0.0007119354427288019
2014-11-17,-0.0065324199122987195,0.0009567802237435879,0.0
2014-11-18,0.005468860216780747,0.013796859920687767,0.0
2014-11-19,0.0021154549897702125,0.0018280114193757,-0.0015167414942676705
2014-11-20,0.014291312698009144,-0.0028338241711314337,-0.0006305688903580423
2014-11-21,0.005566608581056415,0.015506659412395755,0.0
2014-11-22,-0.003613494581223036,0.004930497740168668,0.0
2014-11-23,-0.009157764866145104,0.01943741600094691,0.0
2014-11-24,0.0017020623708064822,0.012632593606355142,0.0
2014-11-25,0.006950642991987883,0.0009180127307354236,0.0
2014-11-26,0.01520978930583386,-0.007029125501060388,0.0
2014-11-27,-0.006063988773251542,-0.003786731269539745,0.0
2014-11-28,-0.013810137975764372,0.010841840521005128,0.0
2014-11-29,-0.018992642366970375,-0.013653997710490067,0.0
2014-11-30,-0.010682640115787647,0.024087367934671665,0.0
2014-12-01,-0.0026158585191337963,-0.025856552717370102,-0.01447561130367625
2014-12-02,-0.0034974698912720345,0.003306332308653156,-0.004327608225956722
2014-12-03,-0.003906949758690641,0.010076532009278142,-0.00038790302028270107
2014-12-04,-0.001216900456060041,-0.010145324888790427,0.0
2014-12-05,0.0025268725356708296,-0.023947690925260414,0.0
2014-12-06,-0.017783874969247337,-0.007061672465321247,0.0
2014-12-07,-0.000423356902234614,-0.006085662460866076,0.0
2014-12-08,-0.002610227424237633,0.007382119946604945,0.0
2014-12-09,-0.0027566650160746387,-0.002155855866759523,0.0
2014-12-10,-0.005368267954019483,0.0005982564882498426,0.0
2014-12-11,-0.019845811800405684,-0.0033194459496963457,0.0
2014-12-12,0.003679300382084763,0.013581112765620445,0.0
2014-12-13,-0.005871239784751438,-0.006591385109490056,0.0
2014-12-14,-0.002280520866878526,-0.003436615411771388,-0.0019829317897802276
2014-12-15,0.0020110082426801497,0.0006923440941371708,-0.005649699991993787
2014-12-16,-0.0006742970250154746,0.028288550459028863,-0.017877926982422673
2014-12-17,0.003067589908987103,-0.03571733897951021,-0.015895758909877322
2014-12-18,0.003228661237028291,-0.02461224248377049,-0.013084034969830842
2014-12-19,-0.01039416176949577,-0.003283916412020676,-0.017018793596037148
2014-12-20,-0.012586679304344513,-0.010936840993922645,-0.016631247633220027
2014-12-21,0.007111004635344606,-0.009609769137833646,-0.012133868964236509
2014-12-22,-0.008873187326000342,0.009678183909259903,-0.00813586693235905
2014-12-23,0.020639708170642083,0.0005872398706517649,-0.006170807963499059
2014-12-24,-0.012158950671868207,0.0010378825320002186,-0.00845840386638607
2014-12-25,0.000512598593567472,-0.011500943250066452,-0.011809119199255542
2014-12-26,-0.0018157518123819475,-0.0031471234552243226,-0.00794415222526898
2014-12-27,0.00152541172702203,-0.009924499549300967,-0.00864593437594912
2014-12-28,-0.01053275131654014,0.01993223167982544,-0.0014116753276587485
2014-12-29,0.0021153152280194423,0.011193608807100035,0.0
2014-12-30,0.018830058580967427,-0.0024679463045659765,0.0
2014-12-31,-0.006688937155999346,0.006202907217861252,0.0
2015-01-01,-0.023326944199653463,-0.00613313422257426,0.0
2015-01-02,0.005220934958220522,-0.0012280571847439652,0.0
2015-01-03,0.0029479281813224976,0.000727413038486485,0.0
2015-01-04,0.0054884872146523656,-0.013000669501957454,0.0
2015-01-05,-0.009339549097926602,-0.00044163345071566914,0.0
2015-01-06,0.002901123418416765,-0.007358602933306436,0.0
2015-01-07,0.0076472173366823925,0.004390378868768386,0.0
2015-01-08,-0.006083647093719659,-0.01169659938406401,0.0
2015-01-09,-0.0007340847684368739,-0.007053068011066833,0.0
2015-01-10,0.0039302914493029514,0.004999842185332782,0.0
2015-01-11,0.006248484759683568,0.015139389881382729,0.0
2015-01-12,-0.0035666397003267444,0.0051081359501788095,0.0
2015-01-13,0.0007434450848453552,0.002968276088905668,0.0
2015-01-14,0.018725469962649895,-0.015556207524500647,0.0
2015-01-15,0.019032381363185597,-0.006535096296662221,0.0
2015-01-16,-0.011716723525632123,0.0011094711855394181,0.0
2015-01-17,0.02059083405068369,-0.0011573293278235872,0.0
2015-01-18,-0.004994390725523708,0.0004264366011909012,0.0
2015-01-19,0.009412247092321881,0.011431762329135533,0.0
2015-01-20,-0.013574439668167989,0.013818783156624494,0.0
2015-01-21,-0.003206567716917539,-0.005829903124285265,0.0
2015-01-22,-0.007769119253467219,-0.008947563028262405,0.0
2015-01-23,0.006901124149110022,-0.01726849550108788,0.0
2015-01-24,0.0007743591217708319,0.0006175501037318646,0.0
2015-01-25,0.0030739761947260738,0.006218767582067465,0.0
2015-01-26,0.002654496999433453,0.013051416036825981,0.0
2015-01-27,0.0006749589088743416,-0.007710191276817663,0.0
2015-01-28,0.00784387499869626,-0.0050262312227347915,0.0
2015-01-29,-0.00014547840507351712,-0.00894305851270679,0.0
2015-01-30,-0.0022171177448949554,0.0230984321276026,0.0
2015-01-31,-0.007727700603068392,0.01740047490069389,0.0
2015-02-01,-0.010400458568197237,-0.004631980165744779,0.0
2015-02-02,-0.006750431909911554,0.0026412445127486505,0.0
2015-02-03,0.0022389819845144775,-0.007973431219469645,0.0
2015-02-04,0.00877147775590306,-0.004075070897079912,0.0
2015-02-05,-0.002666268529070896,0.022981428458692423,0.0
2015-02-06,0.018489560041757273,-0.0027980807978705536,0.0
2015-02-07,0.011013525638778514,-0.0021090009059969404,0.0
2015-02-08,-0.001041244913220891,3.0923352607813704e-05,0.0
2015-02-09,0.0020781955589063627,-0.014198709773823292,0.0
2015-02-10,-0.0016531686172508299,-0.016841488339925367,0.0
2015-02-11,-0.019739493196269334,-0.02158555363220871,0.0
2015-02-12,0.006717821429260996,0.010656837624239775,0.0
2015-02-13,0.0007162925666153878,-0.008217633632675836,0.0
2015-02-14,-0.01818001416346714,-0.006462809298662984,0.0
2015-02-15,0.007330075984913196,0.009481941043711709,0.0
2015-02-16,-0.007066876566647713,-0.011720314290467715,0.0
2015-02-17,-0.0038344910396173634,-0.004943258118620458,0.0
2015-02-18,-0.01862203402893646,-0.008521710666242898,0.0
2015-02-19,-0.0018722850243820053,0.003940021201543138,0.0
2015-02-20,0.002751134299594129,-0.002879097661646472,0.0
2015-02-21,-0.005760369786185524,-0.018282778139436018,0.0
2015-02-22,-0.0016317541135823855,0.01037282730708781,0.0
2015-02-23,-0.020440126887914065,0.013423366880152991,0.0
2015-02-24,0.0036771526679909173,0.0032206291299924474,0.0
2015-02-25,-0.002098885691228163,-0.003226764042046318,0.0
2015-02-26,-0.0020459052461102535,-0.001406711054208013,0.0
2015-02-27,0.005079012239384701,-0.012570801859454606,0.0
2015-02-28,0.00868630641856921,-0.003960981210670233,0.0
2015-03-01,-0.0024243037056314565,0.010742533338706863,0.0
2015-03-02,0.007391800663190265,0.002658918018087523,0.0
2015-03-03,0.01668105847736398,-0.014702186230216532,0.0
2015-03-04,-0.012550692291723252,-0.014844526160646002,0.0
2015-03-05,-0.0007769537002330907,-0.0034496533945097903,0.0
2015-03-06,-0.017949378999127567,0.012772759307059154,0.0
2015-03-07,0.0017547771682539582,0.004168000488017561,0.0
2015-03-08,0.011990163856886383,-0.0005876526285111686,0.0
2015-03-09,-0.0031025258234751185,0.008673467841450748,0.0
2015-03-10,-0.01322636809093124,-0.008141749947798536,0.0
2015-03-11,-0.007152877705389729,0.0034415827535291795,0.0
2015-03-12,0.0023559585047788953,-0.003768246002058791,0.0
2015-03-13,-0.016772665291890577,-0.01232273199083964,0.0
2015-03-14,-0.0158889960623955,0.005386910770189867,0.0
2015-03-15,0.0028500729830358974,-0.013884976246643164,0.0
2015-03-16,-0.015394891755425666,-0.0008629145751058448,0.0
2015-03-17,-0.0010557944244403825,0.010387858675471989,0.0
2015-03-18,-0.012457142692709772,-0.01363440083054265,0.0
2015-03-19,-0.01781900727913062,0.013016929287677843,0.0
2015-03-20,0.006335917161190406,0.014280256932502955,0.0
2015-03-21,0.00952609119356822,0.007730635647546443,-0.0019317307641991618
2015-03-22,-0.009593776338021238,-0.0023237429289258305,0.0
2015-03-23,0.02138444726743682,-0.003684577335189457,-0.0018167965740335176
2015-03-24,-7.48829228960438e-05,-0.0018001389887384207,0.0
2015-03-25,0.003662325098604956,0.000142219725026746,0.0
2015-03-26,0.0002488536620412895,-0.00972897320004452,0.0
2015-03-27,-0.012393302259326167,0.0031668377561419408,0.0
2015-03-28,0.00887614726053935,0.015287526773794307,0.0
2015-03-29,1.6682463203014092e-05,-0.014503563514312572,0.0
2015-03-30,0.0037057561077878803,0.017116473628948796,0.0
2015-03-31,0.00016183280448291433,-0.011414250756989498,0.0
2015-04-01,-0.005256352925515897,-0.00908900077910958,0.0
2015-04-02,0.022311553706473385,-0.004721337199958016,0.0
2015-04-03,0.003181223811007724,-0.0007297527706193377,0.0
2015-04-04,-0.003530683592560567,0.0018235410281391804,0.0
2015-04-05,0.005480339448689888,0.017119200856113577,0.0
2015-04-06,-0.013378236490231428,0.005757426852777859,0.0
2015-04-07,0.0024824333752878984,0.012829296156188108,0.0
2015-04-08,0.026018716186371332,-0.004908607177225453,0.0
2015-04-09,-0.007953862335988863,0.005112101265570566,0.0
2015-04-10,0.0037895030389128947,-0.018406333926900012,0.0
2015-04-11,-0.013030088949127359,-0.012195090343633433,0.0
2015-04-12,-0.0008421940686736935,0.02486561503028775,0.0
2015-04-13,0.01005455151245976,-0.0011585431893210705,0.0
2015-04-14,-0.011380263775537122,0.006522996146972921,0.0
2015-04-15,-0.010531879462118143,0.008863541458792604,0.0
2015-04-16,0.010541754951748352,0.007112578254447935,0.0
2015-04-17,0.0015148855308666645,-0.014634518102372025,0.0
2015-04-18,0.0055285975832557645,0.001619341245653439,0.0
2015-04-19,0.004205464427071242,0.023522852451650183,0.0
2015-04-20,-0.014132439750063988,0.010701371280339435,0.0
2015-04-21,-0.01835728297021307,-0.004524884960383483,0.0
2015-04-22,-0.020173184978781927,6.536447008133741e-05,0.0
2015-04-23,0.003818279249471538,-0.005383636939192119,0.0
2015-04-24,-0.015496332921611016,0.00164889675279064,0.0
2015-04-25,-0.019091718648768033,0.0008135519015539972,0.0
2015-04-26,-0.006850361643740455,-0.00030537215489048606,0.0
2015-04-27,-0.002736846095981373,-0.008089309922789101,0.0
2015-04-28,0.0013999284887521997,-0.018757051204173647,0.0
2015-04-29,-0.01957411266909313,0.004590930537637372,0.0
2015-04-30,0.012074589838940194,0.0019271380236191103,0.0
2015-05-01,-0.010807988823660264,0.0052786914215839295,0.0
2015-05-02,0.00017176607320267947,0.011628067530596425,0.0
2015-05-03,-0.0017740061416225365,-0.002526563979452641,0.0
2015-05-04,-0.011336477503970512,0.012400172538295345,0.0
2015-05-05,0.002745822170854355,-0.0016580940866577113,0.0
2015-05-06,0.0021713214669963625,0.010383960026236108,0.0
2015-05-07,0.010150771131988525,0.00710775651737027,0.0
2015-05-08,0.018163498832433417,-0.008023988209207923,0.0
2015-05-09,0.02043536736194973,0.0094134410795138,-0.002490803035012812
2015-05-10,0.008450189413418947,0.00606586274390971,-0.0028313527998195323
2015-05-11,0.0057624199355953065,0.002136751792420087,0.0
2015-05-12,-0.00473436832074809,-0.0006402782522292266,0.0
2015-05-13,-0.016278932479257845,0.000949069404223069,0.0
2015-05-14,0.003200802746894773,-0.007366988571988891,0.0
2015-05-15,-0.006914981573257124,-0.012509359581227104,0.0
2015-05-16,-0.0037661181797285386,-9.638978775324423e-05,0.0
2015-05-17,-0.005911292133786403,0.008952853861843147,0.0
2015-05-18,0.0032264348824841706,-0.0011747370776525772,0.0
2015-05-19,-0.005134605362057992,0.008098905342400426,0.0
2015-05-20,0.02310836496185058,-0.015490052342885693,0.0
2015-05-21,0.007852133721736161,0.01760955844608942,0.0
2015-05-22,-0.006124702937501121,0.0029798496287963996,0.0
2015-05-23,0.0027920839363545355,-0.0024326086682191954,0.0
2015-05-24,0.013282200881490267,0.0008962634051039034,0.0
2015-05-25,-0.013009687805543702,0.004039122246794251,0.0
2015-05-26,0.001263059984655358,0.0011303735507417407,0.0
2015-05-27,-0.006268848745216021,0.004235899740593752,0.0
2015-05-28,-0.00026487738095516206,-0.012935765749363464,0.0
2015-05-29,-0.005857738407622943,0.006488720985027532,0.0
2015-05-30,0.0009685047082348693,-0.0014560267421488177,0.0
2015-05-31,0.0037987021506400015,-0.011185917096553795,0.0
2015-06-01,0.005515844374423768,0.008953257527225254,0.0
2015-06-02,-0.015885983007425067,0.0004586314847462146,0.0
2015-06-03,0.00634391020584896,0.016653652437347614,0.0
2015-06-04,-0.0005137727782834182,-0.0058268794937389465,0.0
2015-06-05,-0.007238694823956797,0.014428774346492753,0.0
2015-06-06,-0.0013808900653697045,0.006395470454344675,0.0
2015-06-07,0.015555254716018025,-0.007480800499505255,0.0
2015-06-08,-0.002358843378481052,0.00991461517135229,0.0
2015-06-09,-0.009590210628359543,0.006242249775145502,0.0
2015-06-10,0.006468143702730887,0.010583475386172953,0.0
2015-06-11,-0.002728797769831973,-0.0053325544374497845,0.0
2015-06-12,0.00650012227893336,-0.02469785227856303,0.0
2015-06-13,0.0021115252937612956,-0.004063831882042281,0.0
2015-06-14,0.013310568732116331,0.0017037308285045552,0.0
2015-06-15,-0.006727477242131121,0.009994296785359876,0.0
2015-06-16,-0.004420571489406553,0.012793150234664659,0.0
2015-06-17,0.010565374488797043,0.013677743053410598,0.0
2015-06-18,0.016799731975156156,0.006747808085812528,0.0
2015-06-19,0.0016818042421200535,0.002322894067020574,0.0
2015-06-20,0.011855287916769399,-0.003897759160150125,0.0
2015-06-21,0.004389696989647826,0.005841528833995116,0.0
2015-06-22,-0.0003236957753176703,-0.003995831291673216,0.0
2015-06-23,-0.017280515142669428,0.00330329675024836,0.0
2015-06-24,0.020971251393370315,-0.0030294192961670802,0.0
2015-06-25,0.011457469038674848,0.008120316150232199,0.0
2015-06-26,-0.023515270519030466,-0.003183942116158106,0.0
2015-06-27,0.007620605778907746,-0.005950691043636301,0.0
2015-06-28,-0.006469542473275654,-0.004942015542448735,0.0
2015-06-29,-0.010794519921656046,0.006549757053257117,0.0
2015-06-30,-0.006264055125453303,-0.004740400049184011,0.0
2015-07-01,0.006984325140601685,0.013498061853654184,0.0
2015-07-02,-0.001082884762371462,-0.009829228099321189,0.0
2015-07-03,-0.0026631642924075387,0.003520359969069398,0.0
2015-07-04,-0.0022351196854171244,-0.002872849552704288,0.0
2015-07-05,-0.004421931257557348,-0.01176327053760511,0.0
2015-07-06,0.004851570814392841,-0.0002936791178554129,0.0
2015-07-07,-0.02130667211203802,0.004967418708246038,0.0
2015-07-08,-0.014084043397127915,0.006931178488425527,0.0
2015-07-09,-0.0022675179961118654,-0.0025315071087826796,0.0
2015-07-10,-0.012516846180867605,-0.010735723019088705,0.0
2015-07-11,0.0010323005871059705,-0.007078783796605151,0.0
2015-07-12,-0.004417891404999502,-0.005355613255764382,0.0
2015-07-13,0.003394273255192769,0.01937190194525691,0.0
2015-07-14,-0.0022864980324650594,-0.012400986230101265,0.0
2015-07-15,0.005552096758668042,-0.0008932592137282824,0.0
2015-07-16,-0.0005518512946300622,0.02320998611117813,0.0
2015-07-17,0.006951757333114734,-0.011192444372532908,0.0
2015-07-18,-0.003995104775402906,0.017222715507355015,0.0
2015-07-19,-0.018235163587452332,0.01510619020031785,0.0
2015-07-20,-0.00019492530830467328,0.009008013731441347,0.0
2015-07-21,-3.675921275080536e-05,0.005704719064680619,0.0
2015-07-22,-0.005260678958146405,-0.017521618693340024,0.0
2015-07-23,0.010034852785489627,-0.0007970433100095391,0.0
2015-07-24,0.005222384603645684,-0.00209191503741127,0.0
2015-07-25,0.015638763305166708,0.012995377923386536,0.0
2015-07-26,-0.0037785155123912484,0.012312709333250753,0.0
2015-07-27,-0.003912705631250105,-0.01197614380900293,0.0
2015-07-28,0.005311225138659749,-0.025015732523457634,0.0
2015-07-29,0.015314345020539442,-0.007963034482339608,0.0
2015-07-30,-0.006865867646975719,0.020299576895937754,0.0
2015-07-31,0.005234583024754816,0.0013847450213496436,0.0
2015-08-01,-6.87093064119942e-05,0.0005441431675770309,0.0
2015-08-02,-0.002803363832510641,0.00758663903629096,0.0
2015-08-03,0.009566757782146402,-0.0024940403417247348,0.0
2015-08-04,0.009242987913222742,0.0037421048465761685,0.0
2015-08-05,0.007576971418317141,-0.008289543206243087,0.0
2015-08-06,-0.00619681935673,-0.007758869465476851,0.0
2015-08-07,0.00038216658542292636,0.00578045611555599,0.0
2015-08-08,-0.01656681385866068,0.0025036931035631316,0.0
2015-08-09,0.005859805832424373,0.007765299829493619,0.0
2015-08-10,-0.012647074635472913,0.0011364364953574324,0.0
2015-08-11,-0.002289826199161944,0.010446372462102763,0.0
2015-08-12,0.009019065190922812,0.004770783397797873,0.0
2015-08-13,-0.0019541480114608624,0.003999769582501142,0.0
2015-08-14,0.0020042645194796004,0.011696774361586617,0.0
2015-08-15,-0.0062334603052492145,0.0015882377808629472,0.0
2015-08-16,0.026905462700284506,-0.011514074971297528,0.0
2015-08-17,-0.01175445026037321,-0.00829925873745428,0.0
2015-08-18,-0.005292706903194571,-0.0021098265808101825,0.0
2015-08-19,-0.0007888849375167136,0.0112397947148358,0.0
2015-08-20,0.0272875875034017,-0.005431954589871001,0.0
2015-08-21,-0.004982546816505917,-0.002529491308245826,0.0
2015-08-22,0.0014168203203336182,0.013498822445685371,0.0
2015-08-23,0.00902825768280236,0.015834400989333676,0.0
2015-08-24,-0.020537393344452544,-0.013884607816868566,0.0
2015-08-25,0.010085786201049307,-0.01139539010742883,0.0
2015-08-26,0.004773856002706619,-0.001234269036429563,0.0
2015-08-27,0.016546063984080643,0.0015597385758361379,0.0
2015-08-28,0.016785521392648845,-0.005399225220646345,0.0
2015-08-29,0.006453246072063127,-0.0148144206415734,0.0
2015-08-30,0.012678220946794706,0.022823696116588504,0.0
2015-08-31,-0.00508938073275678,0.004231598365811316,0.0
2015-09-01,-0.010073283060928997,0.015613498206278269,0.0
2015-09-02,-0.0007738076772713792,0.008973729907617824,0.0
2015-09-03,0.0035974129117500586,0.006897977536034263,0.0
2015-09-04,-0.0015043032284398736,-0.017069532774133107,0.0
2015-09-05,0.006029521713576307,0.004354098968627818,0.0
2015-09-06,0.008157226391505953,0.0026095773133185157,0.0
2015-09-07,0.01944380811742312,0.002392360308428188,0.0
2015-09-08,0.00018919149109974245,-0.006908520869237535,0.0
2015-09-09,-0.0029233515610354623,-0.01185769683197745,0.0
2015-09-10,0.006667077827650164,0.001399475910102977,0.0
2015-09-11,0.004186928905452427,0.007552223582540122,0.0
2015-09-12,0.007855958966892332,0.011341912700646386,0.0
2015-09-13,0.01923154924978133,0.00280474630397961,0.0
2015-09-14,-0.006319101758911963,-0.01711980009493087,0.0
2015-09-15,0.009545914415740873,-0.003006121854658993,0.0
2015-09-16,0.01578466052679385,-0.004508970712450499,0.0
2015-09-17,0.015119379705573524,-0.0067099986763443425,0.0
2015-09-18,-0.012919073545195454,-0.011884844950656552,0.0
2015-09-19,-0.0010657510768274658,0.006798664191792947,0.0
2015-09-20,0.015053664679058663,-0.006715049657556926,0.0
2015-09-21,0.0020931094729296214,0.0013764047014114189,0.0
2015-09-22,0.006528171645854702,0.006141356302914229,0.0
2015-09-23,0.000937759340173359,-0.0077862836393747725,0.0
2015-09-24,0.015118663089444283,-0.002755408414912831,0.0
2015-09-25,0.0045001024248069125,-0.006367869458190892,0.0
2015-09-26,-0.0009121705773658385,0.012180680994484373,0.0
2015-09-27,0.0030191849043452058,-0.007291426715130448,0.0
2015-09-28,0.016096157535404873,-0.015489041428626922,0.0
2015-09-29,0.006020115038258948,0.010122010534735297,0.0
2015-09-30,-0.014526453528359896,-0.024621528696911383,0.0
2015-10-01,-0.019240580471303684,0.015193367378583155,0.0
2015-10-02,0.008631257865860543,0.005434501261452561,0.0
2015-10-03,-0.015349048343667283,0.005266672410515683,-0.0011609270388604279
2015-10-04,0.0028250176372598386,0.00459043225348115,-0.0032304555165317134
2015-10-05,-0.005926588665321801,0.002719144122291397,-0.005398888935993891
2015-10-06,0.0033608708179822255,0.004238959520660041,-0.005331771161519373
2015-10-07,-0.006303178147692221,-0.023795567660987386,-0.006090862522444979
2015-10-08,-0.023014919032753274,0.0009493272213834275,-0.009278535118133167
2015-10-09,0.0149310794803258,-0.017092133340342965,-0.000705553530618179
2015-10-10,0.0003060187084083108,-0.019508508406476954,0.0
2015-10-11,-0.001134594428988613,-0.012873466482961771,0.0
2015-10-12,0.01636956478558232,-0.003943732917279201,0.0
2015-10-13,0.007500783354171881,0.0020344812938384352,0.0
2015-10-14,0.011588403418371555,-0.00881029491492724,0.0
2015-10-15,-0.0016574746106529118,-0.010253262286385897,0.0
2015-10-16,0.0016871687880806333,0.014262008538352145,-0.0018927698097296955
2015-10-17,0.004981383099918759,0.005429850918598309,-0.006274024989474311
2015-10-18,-0.005716915549055521,-0.007535680719619098,-0.00988473459990815
2015-10-19,0.00868558398784267,-0.013333963986571325,-0.013301161841558398
2015-10-20,0.004729401453403221,0.002042399674885759,-0.010707243511003113
2015-10-21,-0.002739731596812932,0.00970423961740314,-0.010948584931679307
2015-10-22,-0.0037200248550027445,-0.005874109235333793,-0.01405499297280742
2015-10-23,0.009081012196197882,-0.006129632362014114,-0.013474751428824594
2015-10-24,-0.001349807499517312,0.011696386930267257,-0.013314371275608541
2015-10-25,0.004395753867221331,-0.01821024304372662,-0.010816916877960984
2015-10-26,0.0032330486671965347,0.000884245120927711,-0.006210288986484458
2015-10-27,-0.0016593565789268705,-0.0028367123147954865,-0.005910509340133437
2015-10-28,-0.031981225261692746,-0.004438377030665536,-0.01012903726905303
2015-10-29,0.003824357004611787,-0.0075158377416308176,-0.01125387362529122
2015-10-30,0.008438578796652501,0.00714678058208736,-0.004200522077859328
2015-10-31,-0.0060678508198196935,-0.0032738590630963923,-0.003437355319730641
2015-11-01,-0.0063573847273054205,-0.00684706234171606,-0.0030833789233774625
2015-11-02,0.009183600563517852,0.01148356416085482,-0.0016568003795260286
2015-11-03,-0.011668272645106748,0.0026773655386335754,-0.006262446698506355
2015-11-04,0.012792151829070739,-0.013415347093558936,-0.005863100768067536
2015-11-05,0.006052653028313164,0.0035233606068400245,0.0
2015-11-06,0.014255305696634746,0.006190795456583682,0.0
2015-11-07,5.95134016793645e-05,-0.0028447300110232745,0.0
2015-11-08,0.0015584010769843723,-0.019734849098446024,0.0
2015-11-09,0.0033167751216595888,-0.006926818924156717,-0.0007945666992596814
2015-11-10,-0.014940299988858936,-0.011990793430879323,-0.0008014852022419916
2015-11-11,-0.008331030649025989,0.014951626169272812,-0.0017036383637401356
2015-11-12,0.011611959504138028,-0.0103785376490247,-0.00495556768944528
2015-11-13,-0.006305123348556759,0.018808642416790994,-0.002883360345554621
2015-11-14,-0.00908739783456312,-0.0009338828907688165,0.0
2015-11-15,0.003805131887206999,-6.121995567919465e-05,0.0
2015-11-16,0.014290062465401715,0.0018055648679626952,0.0
2015-11-17,-2.9308847946280148e-05,0.015649705480610766,0.0
2015-11-18,-0.002191479309605685,-0.011620385733134588,0.0
2015-11-19,0.0002573742078031031,-0.005018690767161355,0.0
2015-11-20,0.004803718846414045,-0.003887062691964123,0.0
2015-11-21,-0.01518815141356936,0.0028435472368467845,0.0
2015-11-22,0.004147200665145852,-0.0067392198176774035,0.0
2015-11-23,0.0046252822438116285,0.0005788475066903575,0.0
2015-11-24,0.011046469673663649,0.008023118673640537,0.0
2015-11-25,0.01139743629864977,-0.004844269105811994,0.0
2015-11-26,0.007133501512792782,0.012413492299690266,0.0
2015-11-27,0.020799771909135713,-0.0009982972129962174,0.0
2015-11-28,0.0008428283263326117,-0.002324554188513173,0.0
2015-11-29,-0.0003635190927934199,0.00581786372519588,0.0
2015-11-30,0.01705936989313558,-0.003907965332415492,0.0
2015-12-01,0.001988043281166208,0.003984199263843203,0.0
2015-12-02,-0.005019454952400668,-0.006751912417788404,0.0
2015-12-03,-0.004653813243814448,-0.01279201957144804,0.0
2015-12-04,0.0006812997304386946,0.002552033910716263,0.0
2015-12-05,-0.012733318564677248,0.006641918624557353,0.0
2015-12-06,0.010704223549114105,-0.0013646484170713857,0.0
2015-12-07,0.003873065571615795,0.008005375921201822,0.0
2015-12-08,0.013554296503188679,-0.004990032085003734,0.0
2015-12-09,-0.009430691540992445,0.020750643448008792,0.0
2015-12-10,-0.00268235588029304,-0.003375683211828495,0.0
2015-12-11,-0.005645618468637168,0.004533097975381844,0.0
2015-12-12,0.006073907019598581,-0.0011747688517919578,0.0
2015-12-13,0.004660049440774837,-0.0021829652347012704,0.0
2015-12-14,0.008294778443542978,-0.00954415469874105,0.0
2015-12-15,0.007807160796976527,0.013346881168224587,0.0
2015-12-16,-0.01001198040771915,-0.0023232805266720953,0.0
2015-12-17,0.0035772685409574214,-0.006837841545654234,0.0
2015-12-18,0.00166028911497095,0.01084828865362359,0.0
2015-12-19,0.0005818807856543359,0.010021460493336272,0.0
2015-12-20,0.005822621251471985,-0.007337265315904604,0.0
2015-12-21,-0.018076977590928724,0.0063766045484915405,0.0
2015-12-22,-0.006142353793501722,0.011232721512651969,0.0
2015-12-23,-0.0020596627304991953,0.0019866372603917844,0.0
2015-12-24,-0.0077321295506689236,-0.012797479908433941,0.0
2015-12-25,-0.010929524324135815,-0.0007174076011290609,0.0
2015-12-26,0.009788412687544506,-0.007430640032370178,0.0
2015-12-27,0.009236252154904836,-0.012396138464103906,0.0
2015-12-28,0.01745620033001008,0.002179382171227724,0.0
2015-12-29,-0.008838481954008914,0.0064990825636816255,0.0
2015-12-30,-0.022663053986304443,-0.02285835404777945,0.0
2015-12-31,0.006842760860623887,-0.00410866884433715,0.0
2016-01-01,-0.0031891092174233743,-0.008779219321478897,0.0
2016-01-02,-0.010585472515891257,0.003720304342846562,0.0
2016-01-03,0.005175830243014343,-0.006085244923075363,0.0
2016-01-04,-0.0008823383330434954,-0.014047029297298626,0.0
2016-01-05,-0.017243232320675945,0.013864129501800803,0.0
2016-01-06,0.0007042251869687154,-0.0020251369584701126,0.0
2016-01-07,-0.01657282317131128,0.013228394668488462,0.0
2016-01-08,0.005016891490352197,0.0018779510134487934,0.0
2016-01-09,-0.012776173455094941,-0.00931826471029272,0.0
2016-01-10,-0.015504653038598994,-0.014529126116429422,0.0
2016-01-11,0.006708425105725556,-0.01507209727630737,0.0
2016-01-12,0.008888247192395568,-0.0032631846878661912,0.0
2016-01-13,-0.0030202995804324067,0.0010794159682167937,0.0
2016-01-14,-0.011918450404221532,0.013104318517815175,0.0
2016-01-15,0.005460573524739555,-0.012440266670770717,0.0
2016-01-16,0.0007519120524877769,0.000506811071331464,0.0
2016-01-17,0.0018238780464377242,0.007345242660120762,0.0
2016-01-18,-0.004422818203846288,0.013567692715076154,0.0
2016-01-19,-0.01541426407261643,0.00958424033211065,0.0
2016-01-20,-0.005304683298561163,0.005893322086710696,0.0
2016-01-21,0.01357823177644792,0.0066767789524095665,0.0
2016-01-22,-0.007200472900691321,-0.013215843474261775,0.0
2016-01-23,-0.0017016371347415434,0.0008867807988622384,0.0
2016-01-24,-0.0011449819969186102,-0.012518036517552705,0.0
2016-01-25,0.008755185297771221,0.021450763426397897,0.0
2016-01-26,0.002216595981602362,0.009958351760484365,0.0
2016-01-27,-0.004759319748595136,-0.0014851609637333341,0.0
2016-01-28,0.018088554299786622,-0.0031276874097299566,0.0
2016-01-29,0.0011554921899817265,-0.0028931813509827566,0.0
2016-01-30,0.0024930703109494637,0.006031117680714069,0.0
2016-01-31,-0.007121951954443408,-0.0030163284808720587,0.0
2016-02-01,-0.01558735511044244,-0.0012942999042714657,0.0
2016-02-02,0.0039003455325530125,-0.008680816008328415,0.0018300403534016602
2016-02-03,-0.00395922412448648,0.004978148253671238,0.006699309320262678
2016-02-04,0.002617619713321734,0.007687775340380775,0.003004026494930624
2016-02-05,-0.022582690746803146,-0.010245371111909296,0.0
2016-02-06,0.016114338898955655,0.006698166304503025,0.0
2016-02-07,-0.00012544855816838007,-0.001329486872513207,0.0034881037857927705
2016-02-08,0.007471735468288658,0.009616611579187976,0.002713526574192812
2016-02-09,-0.011140562405880667,0.009722227053122232,0.0004950407555208633
2016-02-10,0.0004942955195813211,-0.0045592959664238295,0.006297415875329615
2016-02-11,0.0010517950819574694,0.006560060058062469,0.010495488906220422
2016-02-12,0.010519836059363453,0.014921569937273163,0.015818156793291946
2016-02-13,0.0072796590085167125,-0.012948414434649128,0.01626296438465566
2016-02-14,-0.020654775502050998,-0.0055914713380741075,0.007311568540012449
2016-02-15,0.0016718699111831037,-0.006691589045026128,0.00443896680854422
2016-02-16,0.000853494920458097,0.006374246223746866,0.006868506656252833
2016-02-17,-0.0036106199871461736,-0.01729612531767149,0.007343111257690632
2016-02-18,0.0017334764699883853,0.009825126500373647,0.0032501884199785114
2016-02-19,0.005320539808301198,-0.0031335543537778384,0.0018301284766624182
2016-02-20,0.009075471268099176,0.007090347893428288,0.0020909456217741776
2016-02-21,-0.01168683595029472,0.0196710894809863,0.0032213092011873154
2016-02-22,-0.008793184760732091,-0.0005985177610800493,0.007481136657443925
2016-02-23,2.67888400785121e-05,-0.007934360581520236,0.005918988457336093
2016-02-24,0.006132082487731045,-0.010039406572400914,0.008081986643677153
2016-02-25,-0.009911022837823014,0.004276445176566571,0.00949512863264048
2016-02-26,-0.00034262419842328895,-0.010868332700627628,0.008218748651964022
2016-02-27,-0.012903158517798956,-0.019391869090706202,0.016393836638815745
2016-02-28,-2.655834026646857e-05,0.008556772310382101,0.016641549637648516
2016-02-29,-0.002139305574096608,0.01265203467857336,0.01346976054034077
2016-03-01,0.004645292708892207,0.005417589172982686,0.012861362437039843
2016-03-02,0.013267205450596687,0.02133585743559241,0.011460506141263295
2016-03-03,-0.008037581836816628,0.006682962918548391,0.01437785047575036
2016-03-04,0.0038656069387987724,0.012680803237656739,0.02027071934129314
2016-03-05,-0.015888022129984494,-0.0007999731934784449,0.010858870932611182
2016-03-06,0.0027458246647408154,0.008597517425257183,0.006480907866874268
2016-03-07,0.017168240635023337,0.004789161412176896,0.0009556764358151573
2016-03-08,-0.015538089324502902,0.00980040009902566,0.0015541869158509358
2016-03-09,-0.005381269062923505,0.0014337105838957995,0.00761145080499058
2016-03-10,-0.03167437009156066,-0.015612040752183472,0.002615137486359796
2016-03-11,0.003919428866534421,-0.014602088727753239,0.006974623576100222
2016-03-12,0.021342652711101678,-8.26722730809925e-05,0.02245698599553097
2016-03-13,-0.00947470708867872,-0.015846401426119774,0.023591872869788283
2016-03-14,0.0030484159794328053,-0.00957372284987569,0.0116854489518902
2016-03-15,0.013512838480720558,0.0010801743007491336,0.01381414155691927
2016-03-16,-0.007817796184649638,-0.003719095637133124,0.011270755006691453
2016-03-17,0.0018347598071220758,0.013493801098891554,0.0
2016-03-18,-0.007763832618075802,-0.00939990440903833,0.0
2016-03-19,-0.004886656402690269,-0.009592006123965251,0.0
2016-03-20,0.00010752246219672107,-0.013062527842276935,0.0
2016-03-21,0.00855795059268709,-0.01240526124617601,0.0
2016-03-22,0.0021831886578820123,-0.004327987535307108,0.0
2016-03-23,-0.0004831099715987131,0.014613517535714413,0.0
2016-03-24,-0.0017827940903996163,-0.03291854072746289,0.0
2016-03-25,0.010664669850033585,-0.000563162683321607,0.0
2016-03-26,0.004968793701282036,0.002032777773825564,0.0
2016-03-27,0.004059395659138187,0.013200404092059971,0.0
2016-03-28,-0.01841497917674129,0.01225625170468256,0.0
2016-03-29,-0.0021425256772580376,0.002546666242716187,0.0
2016-03-30,-0.010649199725845855,-0.018384096302950556,0.002093670085253879
2016-03-31,0.017368271252493454,-0.006768881219529555,0.004693712579527491
2016-04-01,0.006658570843903814,-0.005204049699646095,0.007369761391973463
2016-04-02,0.014471802783485366,-0.007991157909427357,0.005826365054294208
2016-04-03,-0.008206349279261902,0.003899423048815319,0.0036858472246417417
2016-04-04,-0.015193031232377774,-0.005569044197487896,0.000404636471955884
2016-04-05,-0.007929441840109727,-0.01266837039045823,0.0024295403873234034
2016-04-06,0.0064306668834398775,0.0007408817337219871,0.01222772557564393
2016-04-07,-0.006718656788516657,0.003489243494570399,0.013173396181360104
2016-04-08,0.007289803208919079,-0.002669613488824189,0.011661084365397367
2016-04-09,0.013627268003106836,-0.00926105200756506,0.013137081118061784
2016-04-10,-0.0031323311698442124,-0.014005878684117965,0.010751392730715813
2016-04-11,0.010016674899013905,0.0005516114760301436,0.0
2016-04-12,-0.021731446735030528,0.0007510782715314996,0.0027885277850839343
2016-04-13,-0.012163401364666218,-0.007550084855005817,0.005037622418417702
2016-04-14,-0.005879704673681648,-0.008164802263950525,0.00802114342683899
2016-04-15,-0.0031673015250915167,0.007156088809203343,0.010042738978831067
2016-04-16,-0.014017374536428056,0.019561386082421355,0.008863290764890175
2016-04-17,-0.0034944722621004475,0.028203784430377826,0.0045648557625042885
2016-04-18,0.010593081759817189,0.023733543077434464,0.0
2016-04-19,0.00864424550938406,-0.006852254017942511,0.0
2016-04-20,0.004485678689961712,0.0015339344357464379,0.0
2016-04-21,-0.008897555618349264,-0.0009694505362861074,0.0
2016-04-22,0.014382159626086811,-0.004895142230258948,0.0
2016-04-23,0.0067931418392382535,-0.005600227411282923,0.0
2016-04-24,-0.009812565713553118,-0.00014300522582499944,0.0
2016-04-25,0.010083245010466113,0.004858266653967002,0.0
2016-04-26,-0.003157476068811239,0.013427684374792725,0.0
2016-04-27,0.005738957909365906,0.013644120478602704,0.0
2016-04-28,0.0041046078138691515,-0.0026425779343393486,0.0
2016-04-29,0.006190858278294867,-0.0026883280906420644,0.0
2016-04-30,0.01534266703088297,0.009598127766117083,0.0
2016-05-01,0.025538849442655127,0.007133950201464721,0.0
2016-05-02,0.004449854570344248,-0.004477721411867659,0.0
2016-05-03,0.0017931343084569295,0.0009404878613374726,0.0
2016-05-04,0.00023081293917365516,-0.01773554058513108,0.0
2016-05-05,0.005239880464925175,0.00328055225321956,0.0
2016-05-06,0.006676256208766341,-0.011610590911076515,0.0
2016-05-07,-0.01225910569677485,0.0033888994987211103,0.0
2016-05-08,0.0017684480913283248,-0.02864943228218797,0.0
2016-05-09,0.0237482918053149,0.00039190759848340074,0.0
2016-05-10,0.008575961476768071,-0.012154606519090455,0.0
2016-05-11,0.011719799973185627,-0.005327348761592249,0.0
2016-05-12,0.0004343641909418803,0.0010755292837588443,0.0
2016-05-13,0.022502604666985015,-0.006739608859573721,0.0
2016-05-14,0.006855178881286274,0.016384050498252162,0.0
2016-05-15,-0.0021547873052551493,0.009924435277777928,0.0
2016-05-16,-0.006463529495215674,-0.0037946418592562313,0.0
2016-05-17,0.005723164842279432,0.01735576262500567,0.0
2016-05-18,0.018678943254353535,-0.00030783553627024057,0.0
2016-05-19,-0.005577325250553077,0.002189715241296001,0.0
2016-05-20,-0.008844955285600822,0.018009425178053665,0.0
2016-05-21,-0.02217476697322067,0.019403330705625877,0.0
2016-05-22,0.007996075168229907,0.0006368661967729973,0.0
2016-05-23,-0.009904153672215862,0.008019896997852069,0.0
2016-05-24,-0.006527305431726402,-0.0005948658649264797,0.0
2016-05-25,-0.009833223501046583,0.010521084007429708,0.0
2016-05-26,-0.008084548455976488,-0.002102732464914291,0.0
2016-05-27,0.008474612996743059,0.012108031324564119,0.0
2016-05-28,-0.007062317218484402,-0.016244618138315393,0.0
2016-05-29,0.002265097910250857,0.004200892488714734,0.0
2016-05-30,-0.006714770694033578,0.012314238585023674,0.0
2016-05-31,-0.0031432117287577446,0.002263536224128145,0.0
2016-06-01,0.007094785114111137,-0.016548606744741103,0.0
2016-06-02,0.007013951758372312,0.0024336213079961416,0.0
2016-06-03,-0.011181657330351091,-0.010832300291408858,0.0
2016-06-04,0.0006985045097814062,-0.00469555402001161,0.0
2016-06-05,-0.008985546290376727,0.0009554746464618802,0.0
2016-06-06,0.007508379420093904,0.017855749968258235,0.0
2016-06-07,-0.005799727428960931,-0.0017183858681910228,0.0
2016-06-08,-0.008916801514391613,-0.011919476650525453,0.0
2016-06-09,0.00861746062187478,0.01758176358510642,0.0
2016-06-10,-0.005321372450020879,-0.003147106648909072,0.0
2016-06-11,0.0016064348660088943,-0.00679443196590246,0.0
2016-06-12,0.007439895463044189,-0.002908271917080656,0.0
2016-06-13,-0.00507327157685495,-0.00330984499618181,0.0
2016-06-14,-0.002925776527197034,0.01241885024173542,0.0
2016-06-15,0.00624423492459237,-0.022201832938372728,0.0
2016-06-16,0.02293154108896658,-0.009537473332424896,0.0
2016-06-17,0.006178277102110766,0.006670910464701222,0.0
2016-06-18,0.007644606246309517,0.00036773821132938807,0.0
2016-06-19,0.0005511470579608562,-0.002355969268952684,0.0
2016-06-20,-0.00014558760544639956,-0.020609696495003917,0.0
2016-06-21,0.015185064433215505,0.007509109073099666,0.0
2016-06-22,-0.007160803643000606,-0.006815771921778381,0.0
2016-06-23,-0.0067718002710343865,0.012577664547402806,0.0
2016-06-24,0.01506830739784222,-0.024514663496128464,0.0
2016-06-25,-0.0075402453397524685,0.002034912776836233,0.0
2016-06-26,-0.012258768542547562,0.004193002296976235,0.0
2016-06-27,0.005057979407541293,0.014950346399812684,0.0
2016-06-28,0.010257196537504848,-0.000360617709136934,0.0
2016-06-29,0.017860314987457132,-0.007892828294592188,0.0
2016-06-30,0.022426560774598748,0.0010410420938250732,0.0
2016-07-01,-0.02233025314076047,-0.004964742300830866,0.0
2016-07-02,-0.0016877387667490237,-4.642419118180936e-05,0.0
2016-07-03,-0.0029093086803341174,-0.021692226690112105,0.0
2016-07-04,0.004038831748631252,-0.0014575029168625,0.0
2016-07-05,-0.008227111463412578,0.00011533733045664104,0.0
2016-07-06,0.0007072105574194186,0.0006811111063520017,0.0
2016-07-07,0.0031383982345748558,-0.0011272267201118636,0.0
2016-07-08,0.0022993908094016942,0.01718575745177897,0.0
2016-07-09,-0.008209269491468637,0.018807266786478254,0.0
2016-07-10,0.0027251222512098792,0.010005462199115996,0.0
2016-07-11,-0.008456707593192616,0.0002861312038306322,0.0
2016-07-12,-0.00822379819510867,0.01367403017987576,0.0
2016-07-13,-0.0022825790570726616,0.001106219917342582,0.0
2016-07-14,0.008333069955145291,-0.004021019019320786,0.0
2016-07-15,-0.019866802127619886,-0.0057597775528905664,0.0
2016-07-16,-0.00030889066552297915,-0.0012349911138427635,0.0
2016-07-17,0.014202803453620794,0.014758111533959275,0.0
2016-07-18,0.0018502614887267186,0.01314802766033376,0.0
2016-07-19,-0.0050963557193608655,0.01219174332731809,0.0
2016-07-20,0.0028402156006403336,0.0037725454583392116,0.0
2016-07-21,0.01618143858496261,-0.005711148121287593,0.0
2016-07-22,-0.0014102311674939329,0.003194930509130228,0.0005629029885747469
2016-07-23,-0.0068202089253673395,-0.0003259947144498678,0.0004544256069877184
2016-07-24,0.007954675822314206,-0.006058731410825575,0.00024787506095403505
2016-07-25,-0.0024168006103397104,0.010445802710141137,0.0031823337070767746
2016-07-26,-0.006824752737642023,-0.01555174890034811,0.0005259828215118112
2016-07-27,0.00852020722113795,-0.012268207095030709,0.006764165997490933
2016-07-28,-0.008281728783777057,-0.016338007119584684,0.017078278748081724
2016-07-29,-0.0028701498168867885,-0.0032966999316887055,0.01607039402819188
2016-07-30,0.013619502046379073,0.0047975661760838225,0.015454421337592276
2016-07-31,0.0017119920547112694,0.0037270231329011444,0.017523728997085576
2016-08-01,0.012970259158143194,0.013980760920863873,0.018889189426423952
2016-08-02,-0.017828611957409427,-0.018159286028246617,0.020587829415380628
2016-08-03,-0.015049212994029306,-0.002261435440371347,0.015186041752118302
2016-08-04,-0.007780369752843784,0.0035442006202395207,0.01660408505101848
2016-08-05,-0.001238506716771706,0.013811376829190323,0.0015658770244350584
2016-08-06,-0.01921712700964003,0.0015439520835612485,0.007868269721214467
2016-08-07,0.002263123220246961,0.01105408276495608,0.00793728849939803
2016-08-08,-0.005466766307326484,0.009503851233593388,0.0005051449789244822
2016-08-09,-0.005217168241312229,0.004798193898362518,0.00010730763876524996
2016-08-10,0.0003107166099563959,0.001298576030470143,0.0014681425009475946
2016-08-11,-0.002576011273547674,-0.01983197911904744,0.005313142280631712
2016-08-12,-0.012166458828444512,-0.005486277029925652,0.005912587671106438
2016-08-13,-0.0023758217296129063,-0.010449649837673648,0.006082185190484875
2016-08-14,-0.012113438753722094,-0.009781856896197589,0.011675823775115848
2016-08-15,0.01324017853361782,0.0038968229557379925,0.00987676644978537
2016-08-16,-0.004712246998039406,0.0038301465886714497,0.007640029172160799
2016-08-17,-0.002721947918404882,0.011560133925920849,0.007763684330470422
2016-08-18,-0.006718286459945424,-0.007726690895920277,0.005369096658092272
2016-08-19,0.00020485098178307987,0.007265233781820668,0.005310263681405955
2016-08-20,0.002261247039005062,0.007412112008972579,5.719197025046141e-05
2016-08-21,-0.0014043475081857131,-0.01770456285173813,0.0
2016-08-22,-0.010631224694212283,0.004779219846327011,0.0
2016-08-23,0.011169621199642973,0.000991990087004281,0.0
2016-08-24,-0.000331838612935299,-0.01648196596474983,0.0
2016-08-25,-0.019036368121118065,0.0030985479963670953,0.0
2016-08-26,-0.022762491785650596,0.00887335049729645,0.0
2016-08-27,-0.011500580851971932,0.009698407651967403,0.0
2016-08-28,-0.01197377450493905,-0.002767549483647695,0.0
2016-08-29,-0.01697089140423557,0.00979319169416839,0.0
2016-08-30,-0.009957985162507434,0.012798163742528299,0.0
2016-08-31,0.0030890371607553324,0.008684280027088197,0.0
2016-09-01,0.012392856161132098,-0.011987277813685731,0.0
2016-09-02,0.002053693431804353,0.011148493530241997,0.0
2016-09-03,0.003192435083423853,-0.003197492578504528,0.0
2016-09-04,0.0113328021660164,-0.0031498870948136006,0.0
2016-09-05,0.021815044939290554,0.01504023435735912,0.0
2016-09-06,0.011368888410045281,0.016985027079941515,0.0
2016-09-07,0.005890213886443704,0.017811341425871693,0.0
2016-09-08,-0.0015496584619670113,-0.02669179304327172,0.0
2016-09-09,-0.010351873296642753,0.01633569155929316,0.0
2016-09-10,0.004106692031863472,-0.0190576645296948,0.0
2016-09-11,0.011878890730209167,0.008007823622597249,0.0
2016-09-12,0.0029571380572317248,-0.01022774175281028,0.0
2016-09-13,-0.005654049224967831,0.0050957520717070815,0.0
2016-09-14,0.005721926984449727,0.01268721523248177,0.0
2016-09-15,-0.0010629245568056296,0.011675168565846225,0.0
2016-09-16,-0.00622531005582106,-0.001260296592270423,0.0
2016-09-17,-0.02016328472773164,-0.024919309372661777,0.0
2016-09-18,0.005270164940723032,-0.004560569978807461,0.0
2016-09-19,-0.006883577540914644,-0.0040238695250517315,0.0
2016-09-20,0.011506502522593361,0.0017665798975826964,0.0
2016-09-21,-0.006601742716306981,0.01107411251909201,0.0
2016-09-22,0.0006580377180275569,-0.006378462102532383,0.0
2016-09-23,-0.005872739642919428,0.00937738341015422,0.0
2016-09-24,0.017609022552650594,-0.007108953394432518,0.0
2016-09-25,0.01354867065792274,-0.004497131869734979,0.0
2016-09-26,-0.0002626186183091779,0.005562437896395553,0.0
2016-09-27,0.014296859609039354,0.009610764215487844,0.0
2016-09-28,-0.012723749823044759,0.011295061026968454,0.0
2016-09-29,0.006458816064112257,-0.0038748876729153402,0.0
2016-09-30,-0.005725655569244282,0.008739705905066645,0.0
2016-10-01,-0.0014997314016758228,-0.008972114316306803,0.0
2016-10-02,-0.0047472473211051715,0.023711529567518774,0.0
2016-10-03,0.0059127892866429515,0.008941343870999619,0.0
2016-10-04,-0.0181644446295055,0.0030059788872920995,0.0
2016-10-05,-0.0047668681869434725,-0.006623441580222349,0.0
2016-10-06,0.013787106571263159,-0.0036719541181059246,0.0
2016-10-07,-0.02300004462862994,0.003863483408705027,0.0
2016-10-08,-0.0021998700958805535,-0.004969488145026497,0.0
2016-10-09,-0.013573821101565815,0.002940890417096204,0.0
2016-10-10,-0.027059647071640023,-0.007151283987774631,0.0
2016-10-11,0.003970745761549802,-0.005107227870163993,0.0
2016-10-12,-0.004931379852037808,0.01252177227158925,0.0
2016-10-13,0.012830723649085472,-0.007277107230819931,0.0
2016-10-14,-0.018915059915122358,-0.0020300127146865602,0.0
2016-10-15,0.003774531837658872,-0.007316210000245478,0.0
2016-10-16,0.01605418994434862,0.007838812125374158,0.0
2016-10-17,-0.018731549650714045,-0.007620429751797456,0.0
2016-10-18,0.006546004291809049,-0.0012317843143798894,0.0
2016-10-19,0.007070210921507032,0.0025166524109868087,0.0
2016-10-20,0.002164316298574983,-0.0010861660833580314,0.0
2016-10-21,0.014235441282276384,0.007815529245261963,0.0
2016-10-22,0.006928903505201915,0.004628664748216708,0.0
2016-10-23,-0.007089429210429956,0.003727321585492474,0.0
2016-10-24,-0.007615699926061729,-0.003505041135764223,0.0
2016-10-25,-0.0012186881922313455,-0.00041126288874502063,0.0
2016-10-26,0.01683363717920099,-0.006497199545613273,0.0
2016-10-27,-0.0011378496751658104,-0.005481169810324633,0.0
2016-10-28,0.009260245633954053,-0.008035228826640994,0.0
2016-10-29,-0.0012103848304656562,0.016736959166227305,0.0
2016-10-30,0.006608588929880993,0.01089741015077192,0.0
2016-10-31,0.005706789293339119,-0.009201748491489989,0.0
2016-11-01,0.012737223236380227,0.000958505067814299,0.0
2016-11-02,0.01886829277632688,0.010583044151980501,0.0
2016-11-03,-0.004715727854809759,0.00039031447124676227,0.0
2016-11-04,-0.011287421438545392,0.018774264762646393,0.0
2016-11-05,-0.00043212592676217075,-0.010060109963026982,0.0
2016-11-06,1.9589918961174357e-05,0.0032416006747547246,0.0
2016-11-07,0.0031176962572287675,-0.019706122868751345,0.0
2016-11-08,0.010596454684439427,0.014385152774229177,0.0
2016-11-09,-0.0037980166037366522,-0.004938192908712391,0.0
2016-11-10,0.0005301320798553973,0.003934557640658994,0.0
2016-11-11,0.0006328876527470902,0.012028728225899118,0.0
2016-11-12,0.011759336464118786,0.0007867913821370546,0.0
2016-11-13,-0.0037987393260513463,-0.002714094921954906,0.0
2016-11-14,0.012734185875193772,-0.0049700560033134585,0.0
2016-11-15,0.020269817899913598,0.016183007080999214,0.0
2016-11-16,-0.0016114456818054827,0.017983842914861946,0.0
2016-11-17,0.015094462848764012,-0.0029615412582270394,0.0
2016-11-18,0.0062632640332209374,0.016151566511180368,0.0018569864146723708
2016-11-19,7.714402864471847e-05,-0.0043650647824191565,0.009783012108271608
2016-11-20,0.021249280804580755,-0.01708545098467831,0.008230537251554267
2016-11-21,0.013435705989844338,-0.006307986094785927,0.008967367968409412
2016-11-22,-0.0022910141285643376,-0.009468697899695313,0.0019343674170683445
2016-11-23,0.006616356568895,0.004488444289809586,0.0
2016-11-24,-0.005932067764893408,0.005230767634767324,0.0
2016-11-25,-0.013120359294686626,-0.006617998085910771,0.0
2016-11-26,0.01167365885805239,-0.006530742373168668,0.0010020502590985525
2016-11-27,0.0010429827748695464,-0.0011109423475720672,0.003908787402779848
2016-11-28,0.017794619276603866,-0.022631103362938228,0.0032070579923087275
2016-11-29,0.0026844315048168235,0.005186326219882037,0.0
2016-11-30,0.0038523077744632805,0.010469232484917252,0.0005251040498700926
2016-12-01,-3.8581197875323605e-05,0.001014535953612399,0.0023464247813705583
2016-12-02,0.0027893663708000627,-0.013616534861823428,0.003301490806371328
2016-12-03,-0.006943948249911812,-0.0028232617353460897,0.008151615722833246
2016-12-04,-0.001274630370774921,-0.007001712720115419,0.008648638637314639
2016-12-05,-0.0166711355440257,-0.009960657627372341,0.010220216060384792
2016-12-06,-0.017403708045360754,0.017313312727634065,0.008327849542482675
2016-12-07,-0.012874666897293387,0.0008793624528155206,0.0
2016-12-08,-0.005365979653712985,-0.0067929224331054585,0.0
2016-12-09,5.090231582133481e-05,0.006437942671658905,0.0
2016-12-10,-0.0008946367302081103,-0.014323539580613137,0.0024065784933932494
2016-12-11,0.012864287305082739,0.01829341870421747,0.0036648448182257168
2016-12-12,0.026013639542028,0.0028199793292233515,0.0
2016-12-13,-0.02372129486521758,0.0025280144165103885,0.0
2016-12-14,0.01559758161221607,0.004283670490385092,0.0021177282773751013
2016-12-15,0.01035814481054832,-0.015129222389473741,6.789974600442117e-05
2016-12-16,-0.005035538397618003,0.005618374469395108,0.0
2016-12-17,0.0023633133529724084,0.0049065845914488026,0.0
2016-12-18,-0.01901398133489545,0.00041727628476021916,0.0
2016-12-19,-0.001563970005824297,-0.008327508863972394,0.0
2016-12-20,0.016751777640370613,-0.0010015070476730686,0.0
2016-12-21,-0.011396678787224154,0.014304819056150346,0.0
2016-12-22,-0.005384726822151338,-0.007505527651813808,0.0
2016-12-23,0.0017048437620628112,0.004071578101150715,0.0
2016-12-24,0.007517687181580978,0.008899582560151796,0.0
2016-12-25,0.0011005557612240324,-0.01228694044490048,0.0
2016-12-26,-0.004729390446420611,-0.004643885004810667,0.0
2016-12-27,0.007225733447871162,0.0031134561718901654,0.0
2016-12-28,-0.005301352311590802,0.01275595369782507,0.0
2016-12-29,0.024993295047644044,0.0032241910954089615,0.0
2016-12-30,0.013259490335105739,-0.006119324505738899,0.0
2016-12-31,0.0017020352321045712,-0.0003892030895858185,0.0
2017-01-01,-0.007600397859597418,-0.017753377136360066,0.0
2017-01-02,-0.005166942534473557,0.004889619075531843,0.0
2017-01-03,-0.006885494877963855,-0.0009681115976811506,0.0
2017-01-04,-0.002834058516588905,-0.0026910046447262735,0.0
2017-01-05,0.004857963865585939,0.00045720014688614024,0.0
2017-01-06,-0.012609448047660034,0.001611025778178208,0.0
2017-01-07,0.0021835841326104106,-0.010515928911022866,0.0
2017-01-08,0.0005825797890511375,0.02095219528674904,0.0
2017-01-09,-0.009215199841800413,-0.011045112421752726,0.0
2017-01-10,0.013500905946832288,0.0009209109251225032,0.0
2017-01-11,0.005332288044665215,1.7863895125138052e-05,0.0
2017-01-12,0.003709289713060719,-0.016898663622055967,0.0
2017-01-13,-0.0053459365570217654,-0.0031960389146514145,0.0
2017-01-14,-0.007027493699828923,-0.010564594636509293,0.0
2017-01-15,0.000795720848935494,-0.014476898198237787,0.0
2017-01-16,-0.014453283427443722,-0.019021957142956077,0.0
2017-01-17,0.004017709809077966,-0.0016470166921028803,0.0
2017-01-18,-0.011144262121321085,0.008710061418162192,0.0
2017-01-19,0.00011435811706023042,0.006913644572330956,0.0
2017-01-20,0.007055549000743527,-0.002149304981237054,0.0
2017-01-21,-0.0023956897192263815,0.0029884213481195794,0.0
2017-01-22,-0.006278894152874755,-0.023208456904131723,0.0
2017-01-23,-0.007348361615303992,0.002244418998450171,0.0
2017-01-24,0.0016604187865221288,-0.006748507585346301,0.0
2017-01-25,-0.011082246721590567,0.005352684689801705,0.0
2017-01-26,-0.0003305180928315652,0.006199779121350437,0.0
2017-01-27,0.009968529653241366,-0.0005578263275871339,0.0
2017-01-28,-0.01896448691843123,-0.0036226123779249443,0.0
2017-01-29,-0.007916659857391777,-0.0036796419692284176,0.0
2017-01-30,0.0028283272514604903,0.01686303217141037,0.0
2017-01-31,-0.011195680237871233,-0.004724024113408362,0.0
2017-02-01,-0.010527300721986526,0.002584825630155323,0.0
2017-02-02,-0.012429563867462738,0.007734250981132566,0.0
2017-02-03,0.008577846037144312,0.01274803976496066,0.0
2017-02-04,-0.02171049492425063,-0.015260010312094747,0.0
2017-02-05,-0.0014219653952842666,0.0002458090841283469,0.0
2017-02-06,-0.0022841381356227923,-0.012905244781254717,0.0
2017-02-07,-0.0001118794153309433,-0.004607491749099479,0.0
2017-02-08,-0.00821209900431077,0.006168926713694817,0.0
2017-02-09,0.00041353379594816843,-0.0187549794842722,0.0
2017-02-10,-0.005605729198619663,0.0006178020972004598,0.0
2017-02-11,-0.009067091493299656,-0.0022270777573652795,0.0
2017-02-12,0.025615895376326074,0.007386789727292931,0.0
2017-02-13,0.009749759856343007,-0.0009028836056737267,0.0
2017-02-14,-0.011387269121796804,0.0011831490631977366,0.0
2017-02-15,-0.007594647902507238,-0.003827213592492439,0.0
2017-02-16,0.0039036461211835265,0.01020909019196904,0.0
2017-02-17,0.013985208755041096,0.006223930254191338,0.0
2017-02-18,-0.0024457184349538333,0.0020541115254526267,0.0
2017-02-19,0.0066856054071936415,-0.032957691489614575,0.0
2017-02-20,0.001558783948687133,0.005669720161779912,0.0
2017-02-21,0.01135509540777969,-0.00748558518439109,0.0
2017-02-22,-0.005887060204663247,0.0054026943369814414,0.0
2017-02-23,-0.008183244006254017,0.002642533510165989,0.0
2017-02-24,0.002360153604167821,0.004946212612210475,0.0
2017-02-25,0.0023348467421214743,-0.004473246412885489,0.0
2017-02-26,4.8549022663383884e-05,0.0011537105026303925,0.0
2017-02-27,0.011926136224863737,-0.0025856126489146405,0.0
2017-02-28,0.006590025899167952,-0.015826461059595266,0.0
2017-03-01,0.000756415099900494,0.00299764319054937,0.0
2017-03-02,-0.012105336948522042,-0.008759268086021309,0.0
2017-03-03,0.006570880938541003,-0.00033009182156736337,0.0
2017-03-04,0.008331999246102258,0.008718940586901175,0.0
2017-03-05,-0.006771262327361594,0.011710149081832934,0.0
2017-03-06,-0.0011538601315310272,0.004098701510357919,0.0
2017-03-07,-0.011401411071769117,0.001813857064030529,0.0
2017-03-08,0.000945387051232878,-0.0011283607603670648,0.0
2017-03-09,-0.0024918492318838363,-0.009156642681524533,0.0
2017-03-10,-0.018116185722815977,0.0038587006992893765,0.0
2017-03-11,-0.0002228010258162665,0.0025400419893700965,0.0
2017-03-12,-0.0035564519723885967,-0.0065475210587477555,0.0
2017-03-13,-0.0036542073577713174,0.004304503705560094,0.0
2017-03-14,0.010199435123140614,-0.012302944935868754,0.0
2017-03-15,0.00463946914479652,0.0030371935427014776,0.0
2017-03-16,0.008574358616038598,-0.007356907671547124,0.0
2017-03-17,-0.0034193125841130226,-0.009074546014971447,0.0
2017-03-18,0.013377787898376107,-0.008963937598946184,0.0
2017-03-19,-0.00787420155605114,-0.005762369583870041,0.0
2017-03-20,0.007240497528253399,-0.0102957402777296,0.0
2017-03-21,-0.015122268792585047,-0.00023012190922006327,0.0
2017-03-22,0.002073626731501926,0.0005105189456726388,0.0
2017-03-23,-0.01036693867348116,0.028475086009996195,0.0
2017-03-24,-0.01472014997233124,-0.01765550359511846,0.0
2017-03-25,0.006590715204298757,-0.00450495053994944,0.0
2017-03-26,0.001788397783199156,0.007196116093834536,0.0
2017-03-27,0.004908831300090138,0.013850543276558712,0.0
2017-03-28,0.0002771691830030964,-0.0005065153039659043,0.0
2017-03-29,0.0025728204812090977,0.008520738077457133,0.0
2017-03-30,-0.0004521237667892505,-0.004327650096975827,0.0
2017-03-31,-0.0016987875338419299,0.007099568595359308,0.0
2017-04-01,0.0011211905763184196,-0.005939107849872019,0.0
2017-04-02,0.023038335128999114,-0.013473786946262918,0.0
2017-04-03,-0.010179907351146645,0.00016727160417972,0.0022239894111578187
2017-04-04,-0.015079472081305613,-0.0035460619593629845,0.0027425022901331336
2017-04-05,-0.00923248539928389,-0.00024330485277006405,0.0016478608484687407
2017-04-06,-0.006691995194217651,-0.006170225383925149,0.0069005157743742135
2017-04-07,0.005451908131878635,-0.01341414828210475,0.009654109659989384
2017-04-08,0.011169664096977098,-0.0032660610395105092,0.011405166942270964
2017-04-09,0.011651334160350142,-0.006858049519721246,0.010965150401535027
2017-04-10,-0.0019702312998109974,-0.01640884401631453,0.009242945253737762
2017-04-11,0.007484934544561056,-0.008269241256876178,0.005039012383899366
2017-04-12,0.018928674899212385,-0.0015971370137657266,0.003456029210485566
2017-04-13,0.006790376632185782,-0.0019873957502159,0.005002330383616041
2017-04-14,0.013518294636899795,-0.011084889475749109,0.0
2017-04-15,-0.009249669743859662,-0.012277342813369263,0.0
2017-04-16,0.009400756872099294,-0.008309167531644884,0.0
2017-04-17,0.008581467632651262,-0.009307569918973921,0.0
2017-04-18,-0.01177295022989042,-0.0039399497782321834,0.0
2017-04-19,0.000901955531784621,0.014744631510530267,0.0
2017-04-20,0.006774575829415867,-0.005190151361346171,0.0
2017-04-21,-0.00842574876909589,-0.020286435097870197,0.0
2017-04-22,0.009597967336766499,0.01293339486365171,0.0
2017-04-23,0.010290377204462587,-0.002163815988657834,0.0
2017-04-24,0.0035420121631577427,-0.006081399608551784,0.0
2017-04-25,-0.00059382550727779,0.0028783436021488523,0.0
2017-04-26,-0.001453058278385835,-0.00667782153392555,0.0
2017-04-27,0.004257439955475141,0.014648954707667335,0.0
2017-04-28,0.011767803504710494,-0.0022970978982765557,0.0
2017-04-29,-0.013201896830711149,-0.0021011893694147556,0.0
2017-04-30,0.002345461574970821,-0.00577599422206404,0.0
2017-05-01,0.0029192824051749978,0.0020757899726268746,0.0
2017-05-02,-0.008360639301496539,-0.004290203779205269,0.0
2017-05-03,-0.012601744722063745,-0.005844103565276446,0.0
2017-05-04,-0.0018895974186624667,-0.0034497502295446933,0.0
2017-05-05,-0.016632369286237562,-0.010287854196918194,0.0
2017-05-06,0.0024913883465678232,0.005966673599323653,0.0
2017-05-07,-0.002615330774366858,0.011114128635899183,0.0
2017-05-08,-0.01090532269942293,-0.011988806226375076,0.0
2017-05-09,0.0002713039518173736,-0.006033691331745387,0.0
2017-05-10,-0.008435743774133917,0.002635212504206757,0.0
2017-05-11,-0.007173861415228209,-0.014429413925836755,0.0
2017-05-12,0.011908797133116105,-0.009258376415264209,0.0
2017-05-13,-0.007730701672367758,0.002970848884297816,0.000861408978714083
2017-05-14,-0.02571569541018253,-0.002061084487905638,0.002203415375181178
2017-05-15,0.0030360896017261017,0.002436597187183181,0.0
2017-05-16,-0.010516429670256032,-0.020675624280863305,0.0
2017-05-17,-0.00906045533065665,0.00945127164482084,0.0
2017-05-18,0.015492580805025085,-0.0004432996271104598,0.0
2017-05-19,-0.0008012563056232269,-0.0028682168962420253,0.0
2017-05-20,0.008173174751392587,0.016759925542234072,0.0
2017-05-21,-0.014088681369125713,0.00795189448289731,0.0
2017-05-22,-0.01061124507233869,-0.01643229426972275,0.0
2017-05-23,-0.00859202629892642,0.01712468543994167,0.0
2017-05-24,0.007095283701178559,-0.0074003505174835916,0.0
2017-05-25,-0.006973056233743245,-0.0030675269122810676,0.0
2017-05-26,-0.01968749115541703,-0.013197479459537769,0.0
2017-05-27,0.007322626362339695,0.013660453463849063,0.0
2017-05-28,-0.0055538461466767145,-0.001398088835837727,0.0
2017-05-29,0.0006012037809006712,0.004299537535109071,0.0
2017-05-30,0.007380160753149888,0.009005615253102112,0.0
2017-05-31,0.021546742056595455,-0.000206763326878159,0.0
2017-06-01,-0.0006640493417428615,-0.020754275917832292,0.0
2017-06-02,0.015673216876750818,0.015371463254296357,0.0
2017-06-03,-0.014152821757369469,-0.0037557489892265593,0.0
2017-06-04,0.0013777770394231396,-0.015448721650170243,0.0
2017-06-05,0.0027426612606925383,-0.004141175993570443,0.0
2017-06-06,-0.02264775707073999,-0.003669879755075371,0.0
2017-06-07,-0.010242124240694683,-0.004727134520940052,0.0
2017-06-08,-0.0076362565688415,-0.0012570368542395604,0.0
2017-06-09,0.004693030772873211,0.004207994602334546,0.0
2017-06-10,-0.005262944261259755,0.018110196276300807,0.0
2017-06-11,-0.004547206647484521,0.008987595614399576,0.0
2017-06-12,-0.007138847373774938,0.0012378303000611204,0.0
2017-06-13,0.00431848689554376,0.02198895000898831,0.0
2017-06-14,-0.0009069405749148754,0.0006463401621345476,0.0
2017-06-15,-0.0010638643571007332,0.0236962668323778,0.0
2017-06-16,-0.002636444657577089,0.0005617895306485385,0.0
2017-06-17,0.006644688475880603,-0.016762419493469034,0.0
2017-06-18,-0.007350940350965949,0.014083582948172246,0.0
2017-06-19,-0.0004212366654307214,-0.0017599906756216705,0.0
2017-06-20,3.6689667717307105e-05,-0.002923259923730473,0.0
2017-06-21,0.0037299891270605573,-0.0011613463471823082,0.0
2017-06-22,0.01010437788751268,0.000981551990715603,0.0
2017-06-23,0.0034565221747607966,0.006368841417377005,0.0009593926796898078
2017-06-24,-0.01338915085508914,-0.0040918882350912435,0.010483571913787744
2017-06-25,0.010143832392277076,-0.007445846830858209,0.00898608953965395
2017-06-26,0.012386024439415227,0.00647457606058245,0.016232969172131018
2017-06-27,0.013019265794170452,0.008314301631113902,0.025855876785781357
2017-06-28,0.009014168450117582,-0.004295264855890526,0.032174476835877125
2017-06-29,-0.015292337828377587,-0.01402094314612234,0.031371107833562784
2017-06-30,-0.0008242974853000199,0.017003399082877978,0.022584506468342605
2017-07-01,0.008457144136680967,-0.014681223933629573,0.013985947607599171
2017-07-02,0.00872833056237884,-0.019481532523558165,0.014727233571583384
2017-07-03,-0.00037288547651534047,-0.011056199742663935,0.003586531468770332
2017-07-04,0.001899428736422182,0.009002687317002876,0.0
2017-07-05,-0.010346321502064566,-0.01558457899460201,0.0
2017-07-06,0.004654577517247742,0.011488080230909118,0.0
2017-07-07,-0.020147723725837063,-0.00564818702354073,0.0
2017-07-08,-0.0015071465884059568,0.004519832067643875,0.0
2017-07-09,0.010358878612482077,-0.005195777044723221,0.0
2017-07-10,-0.011279427333911829,-0.0059851061503315975,0.0
2017-07-11,0.013496554569167905,-0.0037578018716961916,0.0
2017-07-12,0.020447876136576126,-0.00833409382438168,0.0
2017-07-13,0.006036428192282306,-0.010664999363350785,0.0
2017-07-14,-0.004388430327596134,-0.008230227442114938,0.0
2017-07-15,-0.004012175027071911,-0.004488700235712008,0.0
2017-07-16,-0.011263147336417558,-0.004392592216893636,0.0
2017-07-17,0.008188333021885433,-0.014943940009823513,0.0
2017-07-18,-0.010255159762002775,-0.005594907540815166,0.0
2017-07-19,0.0027603486620247698,-0.003452882150130136,0.0
2017-07-20,-0.01008235107832271,0.005745624743220953,0.0
2017-07-21,0.006296114286826085,0.005494369958397908,0.0
2017-07-22,-0.01293931475245204,0.0009978113450332218,0.0
2017-07-23,-0.00032872696755297345,0.001737953184308871,0.0
2017-07-24,-0.006334355954261807,-0.01253172716538408,0.0
2017-07-25,0.011078233577650488,-0.005426733690123872,0.0
2017-07-26,-0.003134935116742963,0.007333241770160227,0.0
2017-07-27,-0.0007511333503864419,0.0036332696508168645,0.0
2017-07-28,0.012187517048974207,0.014783548983432194,0.0
2017-07-29,-0.01029896521902937,0.021182477158744356,0.0
2017-07-30,-0.0116020751620357,0.018272703357712708,0.0
2017-07-31,0.0001439971126703137,-0.0063336319961380585,0.0
2017-08-01,-0.009516873258075377,-0.006516295096761385,0.0
2017-08-02,0.017503587586052388,-0.003644048516263221,0.0
2017-08-03,0.002087639512981977,0.013176764908594958,0.0
2017-08-04,0.0032116582497643555,0.0032520238051603036,0.0
2017-08-05,-0.0026742579640585767,-0.003089739591932674,0.0
2017-08-06,-0.030927168808598738,-0.011604595723722091,0.0
2017-08-07,0.013360637854874994,-0.0010257572598520663,0.0
2017-08-08,-0.0006190764014233288,-0.0029248331674617614,0.0
2017-08-09,-0.01978708019334848,0.012517376233500074,0.0
2017-08-10,-0.010293163478691605,0.024939160328846507,0.0
2017-08-11,0.00025691995567232983,-0.014240896692550424,0.0
2017-08-12,0.012907369331368159,-0.01585417522255504,0.0
2017-08-13,0.003896078457304692,0.008367109300041472,0.0
2017-08-14,0.004158592623405724,0.006927289239643196,0.0
2017-08-15,0.0037849254582562625,-0.006092888756875926,0.0
2017-08-16,-0.00851397304473861,0.003319331414551889,0.0
2017-08-17,-0.006183381101496338,0.003692920389167881,0.0
2017-08-18,0.0006335823016190285,-0.011100849887579067,0.0
2017-08-19,-0.012972384884887927,0.007325785255809455,0.0
2017-08-20,0.0008134081825798866,-0.005416798943447541,0.0
2017-08-21,0.007136699228283223,0.002247429771310127,0.0
2017-08-22,-0.023269647165943465,0.013442719738823166,0.0
2017-08-23,-0.0018340458936462608,-0.009967950732582274,0.0
2017-08-24,-0.0023196033093269117,0.00877258377285529,0.0
2017-08-25,0.0013748690638009466,0.007968364556976358,0.0
2017-08-26,0.017977693411875856,0.016218381179450198,0.0
2017-08-27,-0.01348204884633872,-0.008280163956164707,0.0
2017-08-28,0.01984595517424679,0.003967057104075861,0.0
2017-08-29,0.00723286995719232,-0.015292113783796895,0.0
2017-08-30,0.025291133786811068,-0.00012305740042401853,0.0
2017-08-31,-0.003353016655244519,0.01417672854003342,0.0
2017-09-01,0.0040545874605741735,0.019481508757807933,0.0
2017-09-02,-0.0008281951152025233,0.007016687822084932,0.0
2017-09-03,0.0054696167602381685,-0.01010109702376018,0.0
2017-09-04,-0.008569514458757359,-0.016277622758585054,0.0
2017-09-05,-0.007494013938218323,0.004228470068566744,0.0
2017-09-06,-0.00134213111966051,-0.006244419068193355,0.0
2017-09-07,0.006799663312182643,0.00464685595249539,0.0
2017-09-08,-0.012773772807611342,0.0007600813873139549,0.0
2017-09-09,-0.0030288491978219985,0.0004975888085191698,0.0
2017-09-10,-0.005980103338221032,0.016887891133827274,0.0
2017-09-11,0.0032483024261387577,-0.014284864245389106,0.0
2017-09-12,0.008624602752663394,-0.0017087927384898806,0.0
2017-09-13,-0.014703124933171106,0.008654736117380166,0.0
2017-09-14,-0.009860954054848029,0.01620585527529469,0.0
2017-09-15,-0.00327828135815624,-0.010111024391714017,-0.005339991659386187
2017-09-16,-0.009959069079281896,-0.012769926203600625,-0.0010524724220768097
2017-09-17,0.014462723968139277,-0.005498504100691259,0.0
2017-09-18,0.017199045711037413,-0.01805461339774466,0.0
2017-09-19,0.007749948451377914,-0.0124684526564928,0.0
2017-09-20,0.005349750717147437,0.013833181734012845,-0.004627311396169717
2017-09-21,-0.010943543898119898,-0.00804309204972116,-0.0021801752225839785
2017-09-22,-0.009548463732654394,-0.01349795158377799,-0.004952133019922124
2017-09-23,0.004378979579422341,-0.006212499826910944,-0.0028679929769588122
2017-09-24,0.015061076241870497,0.0011215174530700579,-0.00042961913883621944
2017-09-25,-0.003440713879871958,-0.008531029804547889,0.0
2017-09-26,0.002974753280809493,-0.0009047447831794056,-0.006943222077047867
2017-09-27,0.01628424698445157,0.006428687224794907,-0.00778853570888751
2017-09-28,0.017528761000865242,0.006952359598728235,-0.007274689471846674
2017-09-29,-0.010007486033417317,0.0005842079850121532,-0.003426557463337386
2017-09-30,0.0028260862445721813,0.010914745930674347,-0.0027902973060228015
2017-10-01,0.007597831417290561,0.014781126656593424,-0.008023248744841865
2017-10-02,-0.016555686950581006,0.009284423869339403,-0.007056935378650486
2017-10-03,-0.004788730243407873,-0.022929158475010227,0.0
2017-10-04,0.001908658768438282,0.009237716112332726,0.0
2017-10-05,-0.00534664073506711,-0.003657220612138911,0.0
2017-10-06,0.005214424978536109,0.009362383570332113,0.0
2017-10-07,-0.003956778484366613,-0.006841340770722869,0.0
2017-10-08,-0.017382875435408916,-0.007713398657029833,0.0
2017-10-09,-0.012789133053346327,-0.0071039287793172295,0.0
2017-10-10,-0.021723560078125714,-0.005710310502654648,0.0
2017-10-11,-0.013668014602555125,0.016683196642161512,0.0
2017-10-12,0.005495594680510001,-0.006392423909111392,0.0
2017-10-13,0.002478620802694207,-0.0055336702216228625,0.0
2017-10-14,0.004651040217167122,0.0008515588522330035,0.0
2017-10-15,0.012632128478024028,-0.012462163911268937,0.0
2017-10-16,-0.011947941249977244,-0.006458913152664459,0.0
2017-10-17,-0.005416920798216261,-0.011122782986368747,0.0
2017-10-18,0.0008244056090529189,0.00865731088031673,0.0
2017-10-19,0.01637739268048575,-0.01632115189082676,-0.001574075925909628
2017-10-20,0.0024015673489135203,-0.0016963604066971092,-0.0012807593675198958
2017-10-21,-0.0018073598568734625,0.0012876128661544217,-0.0027508912014596737
2017-10-22,0.002563617152314474,0.01162097980390712,0.0
2017-10-23,-0.009581801524343037,0.007543650815250514,-5.894223676194965e-06
2017-10-24,-0.020292094887502735,0.0021321057993498814,0.0
2017-10-25,0.004297872176331796,-0.010863776084261888,-0.00271760594143184
2017-10-26,-0.00480492771101902,0.02400189328147019,0.0
2017-10-27,0.003998879911860796,0.013571414920190816,0.0
2017-10-28,-0.012478917993701167,0.004072607671746562,0.0
2017-10-29,-0.009609120472260044,-0.015474385455849098,0.0
2017-10-30,0.00711088926711064,-0.0058566869771136485,0.0
2017-10-31,0.001531753629098953,-0.012555310128657942,0.0
2017-11-01,0.00899965256420244,-0.013176432610582378,0.0
2017-11-02,-0.007319652566595747,-0.009676793404280088,0.0
2017-11-03,0.00019791243925645034,-0.0172633195953941,0.0
2017-11-04,0.006431581958568569,-0.015151712975373509,0.0
2017-11-05,0.008540819170230928,-0.007267277397398407,0.0
2017-11-06,-0.000970325883434285,-0.005173089968458804,0.0
2017-11-07,0.002401579209847649,-0.022428833385357245,0.0
2017-11-08,-0.0013805269678233663,-0.005170224001289446,0.0
2017-11-09,-0.0019881784506034957,0.014028595331105773,0.0
2017-11-10,-0.0011020027158984095,-0.004442658945329691,0.0
2017-11-11,0.004035508327857068,-0.007992314427649755,0.0
2017-11-12,-0.013990848469357869,-0.008208518319369279,0.0
2017-11-13,-0.000990014306706889,0.02027481441305869,0.0
2017-11-14,-0.010898048744224613,0.006587639558908438,-0.0015464422894284346
2017-11-15,-0.0005396966150244649,0.006130682236065042,-0.0030072651574716697
2017-11-16,-0.0033027912206902883,0.003966871066830113,-0.0026478383170592257
2017-11-17,0.0009663363068804276,-0.0018781891689519865,-0.00271446969893345
2017-11-18,-0.0034158305351754685,0.018298307690918378,-0.0032423392316159247
2017-11-19,-0.0024497783821078073,-0.00403612549292422,-0.004578635228305247
2017-11-20,-0.014951912638333882,-0.022737820461266555,-0.003600046451653953
2017-11-21,0.012958674250459023,0.0015587671420600286,-0.003390259097486449
2017-11-22,-0.014761183416312088,0.010287110350760595,-0.004492373997035379
2017-11-23,-0.020091049481218932,-0.0003889798148711263,0.0
2017-11-24,0.002340650196511775,0.004967757118196998,0.0
2017-11-25,0.004715299032288869,0.003667312346242481,0.0
2017-11-26,-0.002103979893994951,0.002802409424462421,-0.0015828314248792774
2017-11-27,-0.004527034891220873,0.02023688491760127,0.0
2017-11-28,-0.01268762343713917,0.014621064820104002,0.0
2017-11-29,0.01736967025038908,0.005593402649825411,0.0
2017-11-30,-0.01844072423788141,0.001512325836231463,0.0
2017-12-01,0.022128544115998915,-0.004869555688134233,0.0
2017-12-02,-0.01718720424604426,-0.012044988733399261,0.0
2017-12-03,-0.011546873193973075,-0.013494580159323878,0.0
2017-12-04,-0.003738650213218397,-0.012650671718973123,0.0
2017-12-05,-0.005776623931422058,-0.003123966767871832,0.0
2017-12-06,0.0036159454751030083,-0.003439991522849346,0.0
2017-12-07,-0.009860755354279367,0.006340555768220397,0.0
2017-12-08,-0.004773964445921893,0.0009006008323745159,0.0
2017-12-09,-0.017209098234338253,-0.02122351076151764,0.0
2017-12-10,0.010631554603223004,-0.018319388763463867,0.0
2017-12-11,-0.004284114358299695,-0.007679250112231739,0.0
2017-12-12,-0.00882573250985256,0.02486217539709223,0.0
2017-12-13,-0.0009659836384442114,-0.0050541516532484525,0.0
2017-12-14,0.007971529301666242,0.005084854918179117,0.0
2017-12-15,0.0025849055591950503,0.002016134115594534,0.0
2017-12-16,-0.008181519956663679,-0.005634657263573175,0.0
2017-12-17,0.0005536125711468466,0.0066697760003811505,0.0
2017-12-18,0.0024972468315293864,-0.02166429593255586,0.0
2017-12-19,0.0033648183067235826,-0.011162519388564239,0.0
2017-12-20,-0.0038955221089586978,-0.016882099723838608,0.0
2017-12-21,0.00605737664990386,0.0030870977015131336,0.0
2017-12-22,-0.011829917400258039,0.020585667958870575,0.0
2017-12-23,0.0005687233128158487,-0.005469338414014805,0.0
2017-12-24,-0.00883109628893302,-0.012618726361289837,0.0
2017-12-25,1.5172120528954767e-05,-0.012442157325919766,0.0
2017-12-26,-0.006431532319773607,-0.001161154777524204,0.0
2017-12-27,0.006263269662547022,-0.002972243261880843,0.0
2017-12-28,-0.00452705687924511,0.0026498250048905886,0.0
2017-12-29,0.011457622540022045,-0.007742442638846704,0.0
2017-12-30,-0.009821323194146551,-0.008333370273632016,0.0
2017-12-31,0.009860878441201931,0.010605011453061221,0.0
2018-01-01,-0.008950472712245902,0.012040231546916936,0.0
2018-01-02,-0.025276784805604163,0.006131116903806554,0.0
2018-01-03,-0.01039921205337477,-0.010109014961371657,0.0
2018-01-04,0.008314263273557873,0.01210138127580146,0.0
2018-01-05,0.0016073560809074423,0.03208469599702674,0.0
2018-01-06,0.004457656484330889,-0.010404267687410117,0.0
2018-01-07,-0.004321441441217784,0.007963448631962418,0.0
2018-01-08,0.0030012543210929444,-0.0021847446546980425,0.0
2018-01-09,-0.01038800141062601,0.004032984643762478,0.0
2018-01-10,0.016970186035139452,0.0024204467501867674,0.0
2018-01-11,0.015630342830903258,0.006148542152793741,0.0
2018-01-12,0.004254298522856245,-0.006684497756017188,0.0
2018-01-13,-0.006049623205185974,0.0016290846028442756,0.0
2018-01-14,-0.006742301500841201,-0.006513594621513959,0.0
2018-01-15,0.006060023836860874,0.00279765396809116,0.0
2018-01-16,0.0034747369393191637,0.0003758534566724285,0.0
2018-01-17,-0.009117684081177396,-0.007666587748426471,0.0
2018-01-18,0.007372219349223174,-0.001317438999212977,0.0
2018-01-19,0.008717497935031966,-0.005666401186783375,0.0
2018-01-20,0.005687170410991272,0.0026457785001083064,0.0
2018-01-21,0.004129790481193761,0.0017410241816477768,0.0
2018-01-22,0.0025758787546711617,0.002413846594036517,0.0
2018-01-23,0.0002636636872217216,-0.023435787219896254,0.0
2018-01-24,-0.0027280045406711125,-0.0026905581545507745,0.0
2018-01-25,-0.0057912861528179385,-0.0076090835425654535,0.0
2018-01-26,0.012667104876741537,-0.0066647363313189845,0.0
2018-01-27,-0.015126285876411048,0.008695764866712372,0.0
2018-01-28,0.0015258967086978054,0.007003173024014521,0.0
2018-01-29,0.008994130353701378,3.1312312073307206e-05,0.0
2018-01-30,0.023406764225681075,0.014291859332334568,0.0
2018-01-31,-0.003016456302410871,0.01243377242607876,0.0
2018-02-01,0.01421127014755338,0.003086188486703067,0.0
2018-02-02,0.013297100851193032,0.009704870006780506,0.0
2018-02-03,0.010081950469116098,0.017957119566418284,0.0
2018-02-04,0.019135226218344983,-0.010778358653270932,0.0
2018-02-05,-0.015863829500736913,-0.012685928384539715,0.0
2018-02-06,0.010653918555693167,-0.010185479175500759,0.0
2018-02-07,-9.957344183815373e-05,-0.004152781429148697,0.0
2018-02-08,0.005365965429739761,-0.0007135550203292272,0.0
2018-02-09,-0.00037872197362049986,0.01259615944948616,0.0
2018-02-10,-0.007391527942049009,-0.006680696822666455,0.0
2018-02-11,-0.01767006153928628,0.015069122236083287,0.0
2018-02-12,0.005198848548251652,0.013843542493482087,0.0
2018-02-13,-0.0014047686737747398,0.013874279144295685,0.0
2018-02-14,-0.01234910494430491,0.0005609249034614888,0.0
2018-02-15,-0.0003396046493917839,-0.007811879420599661,0.0
2018-02-16,-0.010210750582601118,0.013183421111113794,0.0
2018-02-17,-0.007921841745275151,0.005062236274381736,0.0
2018-02-18,0.002590260876347117,-0.0018861713803592635,0.0
2018-02-19,0.0085351492954984,0.009572944092667835,0.0
2018-02-20,-0.018713015820636097,0.004122365294773531,0.0
2018-02-21,-0.00023266054629802425,-0.007142901429716576,0.0
2018-02-22,0.006567857391908868,0.005448395613327761,0.0
2018-02-23,-0.012135958466452523,0.00220170753173233,0.0
2018-02-24,-0.002655759120247989,-0.0015797517611530676,0.0
2018-02-25,0.0036441927769716065,0.0047138281114658285,0.0
2018-02-26,0.009755592348179794,-0.007801616692429744,0.0
2018-02-27,-0.011121900630190616,0.0009003207037635402,0.0
2018-02-28,-0.015995561795403873,-0.0053039224238660655,0.0
2018-03-01,-0.0059678185608938355,0.007806205181651219,0.0
2018-03-02,-0.004861291127772245,0.0014178486475682232,0.0
2018-03-03,-0.00016111114935199816,-0.0020062542590424284,0.0
2018-03-04,0.0006095379393678104,0.009141205848715443,0.0
2018-03-05,-0.019308989114360915,-0.005841233640782654,0.0
2018-03-06,0.0073107916656389585,-0.007649667930401884,0.0
2018-03-07,-0.016600117582184853,0.0112380669117826,0.0
2018-03-08,0.0035323441284193396,-0.00917995391091087,0.0
2018-03-09,0.0050894552986227816,0.01456343944563035,0.0
2018-03-10,0.004259585712619498,0.010341071605490896,0.0
2018-03-11,0.0030851384779015216,-0.003149406968245624,0.0
2018-03-12,0.003620485579332821,-0.006396459305909623,0.0
2018-03-13,-0.007872951616404085,0.021359403306588823,0.0
2018-03-14,-0.008310298416757993,0.001271196100746004,0.0
2018-03-15,0.021318917563199872,-0.002913394148564551,0.0
2018-03-16,0.015911365972373293,-0.00493455219386086,0.0
2018-03-17,0.013606301056596434,-0.008983337338768209,0.0
2018-03-18,0.008359502630449794,0.02272629275311263,0.0
2018-03-19,-0.015898105743491077,0.007373490839884414,0.0
2018-03-20,0.0188982291476929,0.002135837382093095,0.0
2018-03-21,-0.0021225485929684154,-0.004023042418700645,0.0
2018-03-22,-0.00021684701192914183,-0.0026574354334376886,0.0
2018-03-23,0.007760256552481736,0.010513730150852453,0.0
2018-03-24,-0.006703898853715194,-0.020671892655583862,0.0
2018-03-25,0.013213239832500086,-0.0056049282208261,0.0
2018-03-26,-0.02429379377898371,-0.0073251855334174895,0.0
2018-03-27,0.012358808710657917,-0.013058750795247575,0.0
2018-03-28,0.005198600141414433,0.009819742921216935,0.0
2018-03-29,-0.00860652304326248,-0.007398151933508406,0.016132457670161186
2018-03-30,0.008506322782615497,0.019871051771027493,0.01518988591275093
2018-03-31,0.011698147930152763,0.013507886244612622,0.011569292377027585
2018-04-01,0.008002506747537566,-0.009700405080069138,0.008175260693944801
2018-04-02,0.009438288294800173,0.01235860338835352,0.004577820309620111
2018-04-03,-0.0025546771190340894,0.003632778079536365,0.008163011745157787
2018-04-04,0.01056214122243214,0.001868105320001978,0.005844659225260625
2018-04-05,0.010572346768395014,0.014582452072736665,0.005271742905699962
2018-04-06,0.01288122481909073,0.006885739665979405,0.011498287862490783
2018-04-07,0.006601609099689936,0.002364770159644333,0.011056587839666364
2018-04-08,-0.016953856285320108,-0.018993340830396617,0.013590969417689808
2018-04-09,0.005217286256945237,0.018168246889090085,0.009602334359797744
2018-04-10,-0.013402502690575023,-0.0025491302114640504,0.004548931097720275
2018-04-11,-0.008044771309812675,0.015468426562000157,0.004017436232184091
2018-04-12,-0.0016136971421197577,0.0008301622681577398,0.0
2018-04-13,0.0013177237183103342,0.012313898573897673,0.0
2018-04-14,-0.0034230722251652867,0.003923114756362508,0.0
2018-04-15,0.0027775961211827993,0.00915145488801609,0.0
2018-04-16,0.004584176136890576,-0.018643206045495575,0.0
2018-04-17,0.001221386500542401,0.002283851761559358,0.0
2018-04-18,0.00010151343610446484,-0.0001118455616091604,0.0
2018-04-19,0.0028195133380787434,-0.000386605006346997,0.0
2018-04-20,0.006216755534129468,-0.009513344460860258,0.0
2018-04-21,-0.01011039687305623,-0.017234544026047367,0.0
2018-04-22,-0.01594237494531042,0.008426786328003078,0.0
2018-04-23,0.009757108444412134,0.0013974803411506576,0.0
2018-04-24,0.00033940992637091573,0.003287114893431954,0.0
2018-04-25,-0.02441459361165469,0.0116494086048772,0.0
2018-04-26,0.010199908895580024,-0.004350335627161013,0.0
2018-04-27,0.01044624971823725,0.015299541424092218,0.0
2018-04-28,-0.01961941163520113,0.008439046489660214,0.0
2018-04-29,-0.013116208750236358,0.0035114837472766886,0.003527763255320865
2018-04-30,-0.006408933434048938,0.0032604169494227487,0.004382490997550233
2018-05-01,-0.013518655854141168,0.019547980358601794,0.0030952507702750737
2018-05-02,-0.007582956121585559,0.00750574159472311,2.8459349410564494e-05
2018-05-03,-0.0018508315745294685,0.009045921119499053,0.0005838232896730189
2018-05-04,0.008779131800217286,-0.008012495105040264,0.0
2018-05-05,-0.02628822552912028,0.004510766074969121,0.002645614745511997
2018-05-06,-0.0002789430666655687,-0.007316278531217109,0.0036633953468182476
2018-05-07,0.009876558053214362,-0.002638140313252604,0.01164312743361532
2018-05-08,-0.02582138555479147,-0.003153400506818651,0.010366970197607177
2018-05-09,0.002114191253779864,0.005440030430653987,0.012985886408439125
2018-05-10,-0.0017831831037964463,-0.01837757650934866,0.015336596809072664
2018-05-11,-0.00683933940497545,-0.011233742497264972,0.01569465142440362
2018-05-12,0.006700199207010221,0.00019599020369835424,0.015713194149757567
2018-05-13,0.012456168566465196,0.0089209868908261,0.01509826275723887
2018-05-14,0.010225052706942675,-0.005833026698113221,0.011696226153481891
2018-05-15,0.019862848163140514,0.014060408400965382,0.010814944782042736
2018-05-16,-0.008164312039839644,-0.005253622912327493,0.0142410640248632
2018-05-17,-0.02176132344838428,-0.011290222392293846,0.01031422546819645
2018-05-18,-0.006237744101602117,0.02057178053314205,0.014939901794501775
2018-05-19,0.0008517974962615707,0.0022654081639346254,0.0007355371585889697
2018-05-20,0.011063651121176157,-0.0031855979665354295,0.000997300621248129
2018-05-21,0.004684769059863337,-0.005582534467793308,0.0007856488557327207
2018-05-22,-0.0068623398811386484,0.0005126165973873302,0.0
2018-05-23,0.013150232770275118,-0.003032376340662469,0.0
2018-05-24,0.0038705911098854684,0.0037918682253010655,0.0
2018-05-25,0.0016892799723391408,0.009139201857507695,0.0
2018-05-26,-0.0027092192698281205,0.002761085784594557,0.0
2018-05-27,0.0034835196461865028,-0.005685587210815124,0.0
2018-05-28,0.00520414024499665,0.011747098278898433,0.0
2018-05-29,-0.0003387004187673815,-0.0011092716480233967,0.0
2018-05-30,-0.024904766837453234,0.00554599425068185,0.0
2018-05-31,-0.009532464804732193,-0.02089284440341372,0.0
2018-06-01,0.0038449653317048,0.01284742247817032,0.004262109262058583
2018-06-02,0.015394083004535104,-0.005296551019912895,0.0007836072786751996
2018-06-03,0.01144326592801539,0.00966179805342572,0.0
2018-06-04,0.010747224609528257,-0.009825649295380115,0.0028682816636436126
2018-06-05,0.017207157450300773,-0.0011102499088963568,0.0005579220258562986
2018-06-06,0.006498510457410408,0.014816154027873849,0.0004244011226355593
2018-06-07,0.013129057288097639,0.020456089786574386,0.0240252112131178
2018-06-08,0.010063443966332342,0.002696336877777642,0.023642301106100647
2018-06-09,0.0022112151758533725,0.004624374324271763,0.024754742854068937
2018-06-10,-0.009266376484403663,-0.02558646332337954,0.0228703058243871
2018-06-11,-0.016797657758403244,-0.008282666262132029,0.02024538875483954
2018-06-12,0.004325950669036224,0.00942065196153621,0.023410582874596318
2018-06-13,-0.012686992932317565,-0.02671411970468474,0.017891125682601025
2018-06-14,-0.0011907426963355485,0.00037650346825180304,0.01529469950871494
2018-06-15,0.007345844861599134,0.005819518420485481,0.012952835869016584
2018-06-16,-0.007317213225307237,0.005966664680420546,0.0125925472211088
2018-06-17,0.00922470589501074,0.0033983080669770013,0.01181226056653769
2018-06-18,0.0006808187840429181,0.011406636871751337,0.010960970401674
2018-06-19,-0.009062712123210569,0.02483384516712737,0.011238377028061138
2018-06-20,0.0059697884553059,0.002988475792905244,0.004622322760497337
2018-06-21,0.00740898885205302,0.007997951460634076,0.004263593119546313
2018-06-22,-0.004888775074976615,0.006275527711009866,0.006349223958013572
2018-06-23,0.005225886717455466,0.016592534569358275,0.007100827703656727
2018-06-24,-0.011393907205868779,-0.023421514038873156,0.00932254470166985
2018-06-25,0.0013637483737290635,0.007598102064145981,0.007166305936061296
2018-06-26,0.0032267501928693056,-0.0035936925667562824,0.01421810332406627
2018-06-27,-0.010310036834903636,-0.016321690273750286,0.014111787224036526
2018-06-28,0.0012499604203605648,-0.00815947981366719,0.0008548636380539196
2018-06-29,0.01500232085977611,-0.0013435325765952127,0.005761108368960155
2018-06-30,-0.006289352904707113,0.002368287112417559,0.004773779524411409
2018-07-01,-0.011331421148863293,-0.006261856869202647,0.00562500585184552
2018-07-02,-0.014332028204774508,-0.016414615848522763,0.009811193683513533
2018-07-03,-0.007643451497556062,-0.0015417117235709454,0.017028385489988196
2018-07-04,-0.011027521116828136,0.012844539328317561,0.016145852866270786
2018-07-05,-0.016627790494135094,-0.010221437617485521,0.01314318313286035
2018-07-06,0.0013591681023285998,0.012346865216938034,0.01658063076499064
2018-07-07,0.0036986641755584176,0.013099618072955285,0.010125875442709271
2018-07-08,-0.009588611144899692,-0.004150076528988627,0.012345106338628682
2018-07-09,0.0010307895333303268,-0.004005307429498936,0.009111773509323233
2018-07-10,0.009970031694134615,-0.006723243974818747,0.010498427425424
2018-07-11,0.004119380786417845,0.01194899814887231,0.007899487672853825
2018-07-12,0.0023797568079875894,0.007588580096098573,0.01946810226351927
2018-07-13,0.007476980743728129,0.0019145881257837715,0.01730324549095795
2018-07-14,-0.006171907228785236,-0.0024808053599897724,0.016098314602159942
2018-07-15,0.009671860811421804,-0.0007391007394156593,0.013744274663256326
2018-07-16,0.019635812421690498,0.00593137451312385,0.02248215337776606
2018-07-17,-0.0060707438621761395,0.001771865186131056,0.031551336541705985
2018-07-18,-0.018592486246735183,-0.0013646871164557936,0.028866596202284128
2018-07-19,-0.0068021594157010945,0.013150886061433352,0.030524559141068608
2018-07-20,-0.00960589271792237,0.008406803061138411,0.0176630664498674
2018-07-21,0.002924548674210196,-9.27551002190179e-05,0.013928908375759157
2018-07-22,0.0130551457561376,0.0066982648917979625,0.01376669879953498
2018-07-23,0.006539832761573284,-0.012343593426580531,0.018665241498859543
2018-07-24,0.018337473070389347,-0.020603863256965095,0.01327113358347811
2018-07-25,0.005444076233091192,-0.005338451576537378,0.008298616859843178
2018-07-26,0.0016539293746842033,-0.005700845126127413,0.0014928509032974546
2018-07-27,-0.01895497005475604,-0.006326627701213398,0.00016737301552345596
2018-07-28,0.004836953160971087,-0.01400961708364159,0.0033818146691844617
2018-07-29,-0.005621581892593595,-0.005253704567222059,0.010543254504547267
2018-07-30,-0.004577431269250895,-0.0026013392562191148,0.007464382857938087
2018-07-31,-0.00187391480212424,-0.00867943625160089,0.0
2018-08-01,0.01733996488718651,-0.008153420075098427,0.0
2018-08-02,0.009733206148100502,-0.013322032920089473,0.0
2018-08-03,0.001138544049024814,-0.0067755064958264916,0.0
2018-08-04,-0.013650012842308648,0.00666806126077188,0.0
2018-08-05,-0.0034429229255132634,-0.010989932849726531,0.0
2018-08-06,-0.001805078649527908,0.0067951880787665425,0.0
2018-08-07,0.009799538436004738,-0.014017403929312737,0.0
2018-08-08,0.006472939323355818,-0.00785337605061632,0.001864487903491821
2018-08-09,0.0062603483572334275,0.028366653762900932,0.0
2018-08-10,-0.00871722858719801,-0.01604742179262351,0.003508758778631417
2018-08-11,0.010554367907080055,0.009199213943921038,0.0001248158863520199
2018-08-12,0.028344301079672042,-0.009514373383568524,0.0
2018-08-13,-0.01340286977870099,0.002042899646821879,0.0
2018-08-14,-0.009725301571460933,0.004466480632902757,0.0
2018-08-15,0.001443256349488164,0.00827003558473624,0.0
2018-08-16,0.01069948963104541,-0.001645140194035931,0.0
2018-08-17,0.0033476149251069794,-0.006699574228358985,0.0
2018-08-18,0.0017460993241080805,0.023784829015442082,0.0
2018-08-19,0.01576853069051829,0.006010186621784407,0.0
2018-08-20,-0.01030692529190697,0.006009249918665621,0.0
2018-08-21,-0.02029763081323894,-0.008666088094268429,0.0
2018-08-22,-0.015003083262472306,-0.01158784485814541,0.0
2018-08-23,0.00869186136317584,0.005475149573445865,0.0
2018-08-24,0.010155568459083324,0.014378209613029182,0.0
2018-08-25,-0.0035284425852217844,-0.006321114832345334,0.0018371623921765584
2018-08-26,-0.014345810584213166,-0.01183908728665479,0.0
2018-08-27,-0.008573585708308816,0.008835751616017157,0.0
2018-08-28,0.004092978779767892,-0.006337419617280474,0.0
2018-08-29,0.01002723190193503,0.003977470889685721,0.0
2018-08-30,-0.006248141998430801,-0.011169499015877894,0.0
2018-08-31,-0.00840939043755878,-0.0007075636659300777,0.0
2018-09-01,-0.009411879989458041,-0.008505167739412272,0.0
2018-09-02,-0.006305352158008342,-0.004511849576864954,0.0
2018-09-03,0.006708744765748801,-0.008527096668030696,0.0
2018-09-04,0.0017444194825890656,0.0021223181852026416,0.0
2018-09-05,0.0034628727607106005,-0.003744015403547736,0.0
2018-09-06,0.0008653869717433012,0.0021923705643800257,0.0
2018-09-07,0.0017686143541963714,-0.00543448569740592,0.0
2018-09-08,-0.013535013578285387,0.010758608709344206,0.0
2018-09-09,-0.01106704965359661,-0.007518607875595745,0.0002997351049686958
2018-09-10,0.0032900414477775104,-0.0027394785382297026,0.01240795749310293
2018-09-11,0.0038475661057843207,0.010349680305629778,0.013513693597917972
2018-09-12,0.010813211513756757,0.00386445064588016,0.0167267559411177
2018-09-13,-0.0009633582026072009,-0.01215257927045877,0.01725302095776665
2018-09-14,-0.009052712930605646,-0.00821321338464941,0.012890886003659292
2018-09-15,-0.0022310598806315114,-0.006401543286077555,0.012585251104925518
2018-09-16,-0.002620643437634735,0.009739542887837519,0.013936214263623473
2018-09-17,0.005307974375643532,0.0019852696974709027,0.011519582241473564
2018-09-18,-0.001800614471369136,-0.002613905731375309,0.012167001494470663
2018-09-19,0.005229069098710327,-0.014644303578282433,0.007574636442099554
2018-09-20,0.005600941680387351,0.008396361276170279,0.008281876480568752
2018-09-21,0.0055922381142152625,0.009142039230520234,0.013004888031156327
2018-09-22,0.006161263196279238,0.012361112762953232,0.01436387481186005
2018-09-23,-0.009848139082155389,-0.017175788893875273,0.01615619292947719
2018-09-24,0.011951344455687829,0.01902179046543376,0.014108840045487389
2018-09-25,0.017325378730302442,-0.0062414906692516686,0.010195721917178373
2018-09-26,0.00910618851537162,0.001534383447994087,0.010085445675169544
2018-09-27,0.017118811593079385,0.0029529414015815455,0.010096039601829677
2018-09-28,0.005310765969719474,0.0050551026225255005,0.008147736158912275
2018-09-29,-0.004402642393174256,-0.017159883067055695,0.01967837783604052
2018-09-30,0.006673854998476955,0.00371000995346736,0.009255824352505763
2018-10-01,0.0008863289779299384,0.0056785082270018866,0.0039443264297707795
2018-10-02,5.2725356047622025e-06,0.018328925150810662,0.004802545797013891
2018-10-03,0.0176494561142099,-0.00042039393553029844,0.004688325692107358
2018-10-04,-0.0075980985058150255,0.001953282509025085,0.003935179363068378
2018-10-05,0.012890773796787432,0.016050340461417865,0.00532547201058204
2018-10-06,-0.004221426880647722,-0.005423592845771917,0.0
2018-10-07,-0.016071892094142014,-0.002981986925727008,0.0
2018-10-08,0.00903615936543228,2.4713417486267987e-05,0.0
2018-10-09,0.0027545512253077816,0.013397966272364833,0.0
2018-10-10,0.003928221776169312,-0.0031962489418944657,0.0
2018-10-11,0.004389717062101279,0.002571280540217963,0.0
2018-10-12,0.012924203036194317,-0.0037298875151875925,0.0
2018-10-13,0.005682645327652987,0.0019501738592316218,0.0
2018-10-14,-0.0004689750129816819,0.017779650961751832,0.0
2018-10-15,0.0012767777562201466,0.007254642566599511,0.00040116514031973
2018-10-16,0.006845836635729678,0.006174758811338204,0.0011976875746421978
2018-10-17,-0.003249001875338577,-0.004118457740973594,0.003303926368664771
2018-10-18,0.006302801749208746,-0.0053572960123399295,0.002774722879894366
2018-10-19,-0.018138339215275613,0.009107665977058034,0.0
2018-10-20,0.0011775831970051967,0.012669853465042081,0.0
2018-10-21,0.0022111592931101484,-0.0069443336691364,0.0
2018-10-22,0.009516902301337135,-0.0023520834325684577,0.0
2018-10-23,-0.008529370642701446,-0.003967664726084957,0.0
2018-10-24,0.00029651065065901125,-0.002875266437009825,0.0
2018-10-25,0.006921471589958384,0.008748769287673989,0.0
2018-10-26,0.030825806097159406,-0.010642468665188635,0.0
2018-10-27,0.004233865949617002,0.011157474340621377,0.0
2018-10-28,0.00854249029516707,0.01554928519228675,0.00042163974829758505
2018-10-29,-0.0030017082275602854,-0.013278993003174634,0.0
2018-10-30,0.023966773814588088,0.0014506713678492929,0.0
2018-10-31,0.00012867999114436364,-0.0018365250562515166,0.0
2018-11-01,-1.0776438891354422e-05,-0.009631163072779135,0.0
2018-11-02,0.0038273301094181836,0.019527671744437144,0.0
2018-11-03,-0.010751396265733307,0.015184725342294748,0.0
2018-11-04,-0.007843530316110079,-0.004865954720619299,0.0
2018-11-05,-0.0013570776298168447,-0.0044232240639291084,0.0
2018-11-06,-0.0060003537773005555,0.0025274388618319777,0.0
2018-11-07,0.011852971896635431,0.013320158683483083,0.0
2018-11-08,-0.002976393094535442,0.011487437812421467,0.0
2018-11-09,0.024217423183445413,0.0030993838887591373,0.0
2018-11-10,0.004615568205972289,-0.010516739278140482,0.0
2018-11-11,-0.0054286203354887135,-0.01564796552983533,0.0
2018-11-12,0.0034379993428785703,-0.0001173441778071261,0.0
2018-11-13,0.008737620277863517,0.006793335138445556,0.0
2018-11-14,0.0017966427471111767,0.009442893200924021,0.0
2018-11-15,0.0061025709885315915,0.015650662780171156,0.0
2018-11-16,-0.0006099185436419524,0.00044302854896183084,0.0
2018-11-17,-0.006184130272261234,-0.00032144423643446987,0.0
2018-11-18,0.000560088953900831,0.01252762020626117,0.0
2018-11-19,0.018823172028080867,-0.0004448058630928556,0.0
2018-11-20,-0.002550640655346863,0.009173854895501286,0.0
2018-11-21,0.0007335093123566468,-0.022599472261614434,0.0
2018-11-22,-0.013839929312516928,0.013198730079046997,0.0
2018-11-23,-0.0052249349653831125,0.003974263785614992,0.0
2018-11-24,0.004484942435629279,0.004509204300862194,0.0
2018-11-25,-0.002236718094115128,0.009998013773705594,0.0
2018-11-26,0.01262354690124376,0.0017296845198808508,0.0
2018-11-27,0.010741667561080134,-0.014017835680723836,0.0
2018-11-28,-0.003381791453586647,-0.0035307709012980804,0.0
2018-11-29,-6.113588865646833e-06,0.01759452677518452,0.0
2018-11-30,0.007581438104535103,-0.0006981101623503805,0.0
2018-12-01,0.004584732003380962,0.0006726522310109754,0.0
2018-12-02,-0.002023996466902811,-0.004342704721637895,0.0
2018-12-03,-0.017236827109873912,-0.0009577252279897005,0.0
2018-12-04,0.014571088589683114,-0.005432025366927246,0.0
2018-12-05,0.0012091318737363962,-0.010270967780940136,0.0
2018-12-06,0.0026197115513960758,0.0005174456142876715,0.0
2018-12-07,-0.00607158987367393,-0.006001861141202809,0.0
2018-12-08,0.01567319381432904,-0.010709277947238548,0.0
2018-12-09,-0.00013361740692894325,0.011956255963358595,0.0
2018-12-10,0.0026871651168827405,-0.0015227788788958307,0.0
2018-12-11,-0.01902749905501664,0.004003505621284559,0.0
2018-12-12,-0.0036890907672843076,0.016529730652244997,0.0
2018-12-13,0.0002515311396788933,0.017840497595594276,0.0
2018-12-14,0.004671873954943279,-0.004339280345714582,0.0
2018-12-15,0.007592750278247921,0.004939666642363208,0.0
2018-12-16,-0.001223499807263286,0.0006028031285592935,0.0
2018-12-17,0.01083936982096118,-0.006370897322872105,0.0
2018-12-18,-0.0005474953888470734,0.0033609471835471883,0.0
2018-12-19,-0.0010157688078472615,-0.004693298580830051,0.0
2018-12-20,0.0005615283988742608,-0.006490356080170479,0.0
2018-12-21,-0.0159881942900349,0.0005516183970611985,0.0
2018-12-22,-0.021385145228541253,0.0033437148579906735,0.0
2018-12-23,0.018609966523547346,0.006758817673585153,0.0
2018-12-24,-0.01675325972704791,-0.00043886112295118046,0.0
2018-12-25,-0.005628053721190633,0.010444753857573113,0.0
2018-12-26,0.006120729024221904,-0.0034201491804796277,0.0
2018-12-27,-0.006298724377287952,-0.0033449516427907135,0.0
2018-12-28,0.011325680915522513,0.007984765716710838,0.0
2018-12-29,-0.019131757086485315,-0.007662352160893289,0.0
2018-12-30,0.0015481627546251766,0.005923066582819032,0.0
2018-12-31,0.006329282848330285,0.008034528897171083,0.0
2019-01-01,0.021822020056540933,-0.00446933108242506,0.0
2019-01-02,0.01477564641416778,-0.00541957378483139,0.0
2019-01-03,-0.0069749412141459875,0.00136687456667328,0.0
2019-01-04,0.008728903330506785,0.005791977340486325,0.0
2019-01-05,0.0029434360982816795,-0.003984407989319951,0.0
2019-01-06,-0.011850631277622604,-0.003189470911048557,0.0
2019-01-07,-0.004951030158118873,-0.014574909555848128,0.0
2019-01-08,0.010513086280886486,0.0032961200743770224,0.0
2019-01-09,-0.002828375490117375,0.008062326174870129,0.0
2019-01-10,-0.009399305364514294,0.009222481984295438,0.0
2019-01-11,-0.00617467362606006,-0.00036074301828532845,0.0
2019-01-12,-0.012477931996712405,0.005942354593734119,0.0
2019-01-13,-0.015616115137938232,0.015353188619122687,0.0
2019-01-14,0.0035507187382451473,0.008480948218159057,0.0
2019-01-15,0.004438567146414995,0.002569391829200985,0.0
2019-01-16,0.010166651462374046,0.0014590656736233243,0.0
2019-01-17,-0.015428570113782566,0.005959782111154906,0.0
2019-01-18,-0.011284558260671866,0.004584773330084454,0.0
2019-01-19,0.00392343240214227,-0.0010859499112490234,0.0
2019-01-20,0.0011782509368524407,0.010741713577516774,0.0
2019-01-21,-0.002028979173165216,0.0009162448121952504,0.0
2019-01-22,-0.012085758263885544,0.008200290127643955,0.0
2019-01-23,-0.0034305414293332864,-0.0024990559040883016,-0.002516732136631984
2019-01-24,-0.014312560080334989,0.013120167241347427,-0.00024653317088112886
2019-01-25,0.014746738707429534,0.0029041881451026793,0.0
2019-01-26,0.006515174513322781,-0.004256154795678859,-0.001246289663051292
2019-01-27,-0.01013265890064249,-0.005309127068966252,0.0
2019-01-28,0.011780857019695426,0.01761439358959246,-0.003957305491903228
2019-01-29,-0.010610721835547683,0.009952322478062185,-0.010926933458715607
2019-01-30,0.005235217156945811,0.007775403296324366,-0.006899044066462162
2019-01-31,0.0011036570714635942,-0.0023489335157538035,-0.01461489844547454
2019-02-01,-0.004455750316203367,0.0018407903024786963,-0.01743894959650432
2019-02-02,0.012762774165199383,-0.009546058697536244,-0.01846846853304919
2019-02-03,-0.016846314955310738,0.01580684608035665,-0.012955639332006295
2019-02-04,-0.003839401122633046,-0.005420651605090272,0.0
2019-02-05,-0.00381943877197368,0.004493769730900868,0.0
2019-02-06,-0.01824566790522594,-0.00869178538029882,0.0
2019-02-07,-0.01553387351799554,0.022918311391327648,0.0
2019-02-08,0.0005799246520346226,-0.00954739970361077,0.0
2019-02-09,0.0018915238732115835,0.04512438382287984,0.0
2019-02-10,-0.010500851765544694,0.004993904592607174,0.0
2019-02-11,0.004842356019804916,0.014712905942696511,0.0
2019-02-12,0.003954713696511373,0.0018870940773610854,0.0
2019-02-13,0.0069777587939981265,0.012555543650670695,0.0
2019-02-14,-0.0030097808403243475,0.005743206101605578,0.0
2019-02-15,-0.0015377389635516342,-0.009187813131269505,0.0
2019-02-16,0.005385194285037054,-0.0073150077033155856,0.0
2019-02-17,-0.006088195614275588,-0.009841909961032486,0.0
2019-02-18,-0.008794591266834581,0.01018951247464938,0.0
2019-02-19,-0.0124553319141505,-0.0002991870358620353,0.0
2019-02-20,0.004480701154062287,0.0011996158822026324,0.0
2019-02-21,0.011958659355387653,0.0030774398858849712,0.0
2019-02-22,-0.01855775859931292,0.0006877957398776467,0.0
2019-02-23,-0.0030693507958905533,0.001225663498948289,0.0
2019-02-24,0.006893468393369925,-0.0061924118324326195,0.0
2019-02-25,0.014475619393891777,-0.008422278712649906,0.0
2019-02-26,0.0026316552742364848,0.0056181911153469835,0.0
2019-02-27,-0.007894556404828317,0.004218408623316653,0.0
2019-02-28,0.007192460366141812,0.0015030745650365753,0.0
2019-03-01,0.02298483883770605,0.007869388679122439,0.0
2019-03-02,0.00420629847158524,0.006234354146796288,0.0
2019-03-03,0.007463887642747101,0.00559002022300452,0.0
2019-03-04,0.01760751286755276,0.01443327865758157,0.0
2019-03-05,-0.013714895874004363,-0.01853733283137704,0.0
2019-03-06,0.008759918850225127,0.005665934643592877,0.0
2019-03-07,0.015410852092159689,-0.020647297893486558,0.0
2019-03-08,0.010762946383776893,0.009543879729966022,0.0
2019-03-09,0.0029427690970521897,0.008755808272796291,0.0
2019-03-10,-0.002300870300407063,0.00013680577470342979,0.0
2019-03-11,-0.004172989856642056,0.0011070056499081233,0.0
2019-03-12,-0.011463863451207177,0.008443421826154207,0.0
2019-03-13,-0.0036612300345265796,-0.0024546240551594893,0.0
2019-03-14,-0.010306321222656947,-8.452146010144848e-06,0.0
2019-03-15,0.00026231352057869134,0.009411788286659969,0.0
2019-03-16,-0.0009463282177667698,-0.02127388359269129,0.0
2019-03-17,-0.0045278818730652825,0.004736858344009537,0.0
2019-03-18,-0.0028359954613991147,0.005692749081697197,0.0
2019-03-19,0.0017024058281029,0.009073283573805376,0.0
2019-03-20,-0.010881111496716118,0.005883547645204747,0.0
2019-03-21,0.007175541064053543,-0.014356489016826774,0.0
2019-03-22,0.002833883453325287,0.01350039430952664,0.0
2019-03-23,0.0067746769684452705,-0.008987438638751519,0.0
2019-03-24,-0.0020945864263451704,-0.023899941262856883,0.0
2019-03-25,-0.0008437825404569164,0.0031273512019646156,0.0
2019-03-26,0.0025118361141100547,0.0016068498672096138,0.0
2019-03-27,0.0022203626571043675,0.004128595665846751,0.0
2019-03-28,-0.0026139733448575786,0.0072070723388437865,0.0
2019-03-29,-0.0020164520604572587,0.01626315883778138,0.0
2019-03-30,-0.003917679745096716,0.010488914170890755,0.0
2019-03-31,-0.002400788724043697,-0.012589188983585228,-0.0008327837197638147
2019-04-01,-0.006037937728367622,0.005625418638058538,0.0
2019-04-02,-0.0065372847199159055,0.005369845388504108,0.0
2019-04-03,-0.008389403428016567,0.0008615363982874497,-0.00548304030218414
2019-04-04,0.014393654125448397,-0.00300576894450206,-0.01053331135959712
2019-04-05,-0.005307468647289502,0.004552449304802078,-0.010945168325536103
2019-04-06,0.0001632501710423649,0.006969640134744418,-0.010210917586469553
2019-04-07,-0.008312920845482854,-0.005663803246934321,-0.00948911025459439
2019-04-08,0.00254462352320098,-0.02479791133410745,-0.012355971029015603
2019-04-09,0.012952821427065171,0.00039550573082006575,0.0
2019-04-10,-0.005794227701108954,-0.007800033365852317,0.0
2019-04-11,0.0026721647944915367,-0.002181488668029993,0.0
2019-04-12,0.0005082102827925893,0.007815185452051777,0.0
2019-04-13,0.009513683593906717,-0.010343185844776389,0.0
2019-04-14,0.00044866198032466774,0.001558656057416594,0.0
2019-04-15,0.00023716759349491683,-0.010318350770034358,-0.0010238460293174045
2019-04-16,-0.0009950310532384017,-0.00919873287166652,-0.0018186623269164648
2019-04-17,-0.017483411750670304,-0.005432365432763601,-0.0009023960152052674
2019-04-18,0.010809798153565276,-0.00923539976021845,-0.002472880677068849
2019-04-19,0.01711787070122626,0.0055711795286380325,0.0
2019-04-20,-0.006672752453193522,-0.009878530265051323,0.0
2019-04-21,0.009576147465968314,-0.0007293915483403773,0.0
2019-04-22,0.0014110029840557026,-0.0009505734611006557,0.0
2019-04-23,0.01533469124005278,-0.002620892718353733,0.0
2019-04-24,-0.003581322861410719,0.007993350172083236,0.0
2019-04-25,0.005776050946264937,0.011452827096134956,0.0
2019-04-26,0.014259162832640435,0.007083808383195005,0.0
2019-04-27,0.00691936742871939,0.01285977931179212,0.0
2019-04-28,0.0036832206776667444,0.0009941953587079687,0.0
2019-04-29,0.0013320278173168574,0.012531560568885863,0.0
2019-04-30,-0.004011482065683117,0.00928922270778807,0.0
2019-05-01,0.0031328900741775696,0.0016462628987076733,0.0
2019-05-02,-0.007336952544380212,0.012479661566253946,0.0
2019-05-03,0.017742347153781476,-0.0075610684938733665,0.0
2019-05-04,0.007329161386449866,-0.008883023902557421,0.0
2019-05-05,0.000590170827995489,-0.011233745084585212,0.0
2019-05-06,-0.012324771120426214,0.004285072764807742,0.0
2019-05-07,0.012195366068204106,-0.011564338315584621,0.0
2019-05-08,0.014896975208684113,0.00913205827255646,0.0
2019-05-09,0.006471056426468513,-0.011626680074052605,0.0
2019-05-10,0.010658355270451,-0.002970422972320815,0.0
2019-05-11,0.010652455977937595,0.00040043374255396906,0.0
2019-05-12,0.0020068599809634695,0.0056294730786058764,0.0
2019-05-13,-0.00014841269120199058,-0.006433972612459581,0.0
2019-05-14,0.0034974348632233272,0.00672216679209731,0.0
2019-05-15,0.014237002328194245,0.008820700142091005,0.0
2019-05-16,-0.0029819146344033883,0.00024263578736959956,0.0
2019-05-17,-0.012490896679971676,-0.016959665327467854,0.0
2019-05-18,0.0035370066471702337,0.010679945581924285,0.0
2019-05-19,0.003453487001935561,-0.003328543655423724,0.0
2019-05-20,0.001539065191413076,-0.006416565100128097,0.0
2019-05-21,0.004037275025920555,0.0017917032482398238,0.0
2019-05-22,-0.00874821866080122,-0.019378138620049407,0.0
2019-05-23,-0.005786772876892735,0.009002776445215365,0.0
2019-05-24,-0.0014025195767144469,-0.011112195973422676,0.0
2019-05-25,0.0015838685140575506,0.0045011301041913265,0.0
2019-05-26,0.007015764577404264,0.001119714896203251,0.0
2019-05-27,0.009077164481997082,-0.007290392315170352,0.0
2019-05-28,0.004056858324387482,0.003968647490368604,0.0
2019-05-29,0.0008327594483182767,0.003994388499196391,0.0
2019-05-30,-0.007101542159465242,-0.0012515380048893738,0.0
2019-05-31,-0.0023637086546614543,0.0013945668079964697,0.0
2019-06-01,-0.01272584699287154,0.0032722868611715574,0.0
2019-06-02,-0.0047504757319561264,-0.005802369607124031,0.0
2019-06-03,0.005885693570962043,-0.00903320153614329,0.0
2019-06-04,0.007210984210666766,-0.00033253571854637904,0.0
2019-06-05,-0.007707987037403503,-0.016112621375581594,0.0
2019-06-06,0.01288488594498092,-0.01015653487330648,0.0
2019-06-07,-0.02033676616327499,0.0064062948591794375,0.0
2019-06-08,0.006759996157672143,0.006474931988249237,0.0
2019-06-09,0.0017217845415732833,-0.001333103932132504,0.0
2019-06-10,0.00020817599852522434,0.005886728958439537,0.0
2019-06-11,0.0054816681507499675,-0.0014927298049718931,0.0
2019-06-12,-0.0022066052436568893,-0.007146871869610908,0.0
2019-06-13,0.02283599756304077,0.005719850803096778,0.0
2019-06-14,-0.0026828838627274533,-7.059736749551235e-05,0.0
2019-06-15,-0.001510901872000135,0.00028803587545178633,0.0
2019-06-16,0.0045390305922475265,-0.0012016503787900363,0.0
2019-06-17,-0.016857377181370783,0.022133249367356993,0.0
2019-06-18,0.00032915332942354275,0.0058313639903686066,0.0
2019-06-19,-0.01169690543445592,0.009335928895538161,0.0
2019-06-20,0.014300453319929334,-0.001473913362196401,0.0
2019-06-21,-0.0031406142963212352,0.005465793874853138,0.0
2019-06-22,0.00028542568462602445,-0.006159967381047841,0.0
2019-06-23,-0.015245138989880263,-0.0029058058063846214,0.0
2019-06-24,0.01850503737727349,-0.0013743959833027075,0.0
2019-06-25,-0.014869449313312999,-0.00015460055467729603,0.0
2019-06-26,-0.012395621191034384,0.01667611089151755,0.0
2019-06-27,-0.005661406666762367,-0.006723587267051854,0.0
2019-06-28,-0.020069088475610907,0.009148053321822773,0.0
2019-06-29,-0.011295913762614405,0.003023288756129909,0.0
2019-06-30,-0.0027887906159571488,0.001762395603974438,0.0
2019-07-01,0.011128305178181804,0.020547831583442335,0.0
2019-07-02,0.011574620170691986,-0.0012776236216358937,0.0
2019-07-03,-0.009892011298247058,-0.01601358613532959,0.0
2019-07-04,-0.004321261636865709,0.011868341912522506,-0.005521210259310211
2019-07-05,0.007356880547894158,0.004701623607423699,-0.009736271183606426
2019-07-06,0.012153255262637813,-0.016172729372932425,-0.011208295213173701
2019-07-07,-0.0069653553444612324,0.01259489106625087,-0.019594019060803408
2019-07-08,-0.0015311141825256752,-0.01181031485385754,-0.014947059330670844
2019-07-09,0.0008316029312897083,-0.0015189974186062684,-0.01311058732075944
2019-07-10,0.002247836405355293,0.012201361002866958,-0.013589223823408374
2019-07-11,-0.00144641134648877,-0.007998565080029395,-0.008293273311452222
2019-07-12,0.017898856568332178,-0.0057772164479869825,-0.009271435479065511
2019-07-13,-0.0011439811938502194,0.017058702617481082,-0.011181343315818354
2019-07-14,0.012283903043577224,-0.0005248807989471254,0.0
2019-07-15,0.006138581299333712,-0.003805973672175092,0.0
2019-07-16,0.03458095028013577,0.008644688658894404,0.0
2019-07-17,0.015198442269244852,0.009940338519827402,0.0
2019-07-18,-0.01704219366672686,0.01052419330839366,0.0
2019-07-19,0.007295169368754255,0.023247047233011752,0.0
2019-07-20,-0.01824777027593653,-0.015352677856745975,-0.0008688641215887083
2019-07-21,0.01404614040530839,-0.01610207224918453,-0.0010853645487514038
2019-07-22,-0.0016603486744307702,-0.004831283400246691,0.0
2019-07-23,-0.01893666694692665,-0.015506500455928073,0.0
2019-07-24,-0.008354000354621968,-0.008252632931300038,0.0
2019-07-25,-0.0022125861352175055,-0.012701125947315001,0.0
2019-07-26,0.014760389714951232,0.006458798419014648,0.0
2019-07-27,0.0019796327764202816,0.009970203258763586,0.0
2019-07-28,0.0056027280409047244,-0.0060133050800535385,0.0
2019-07-29,-0.005419502804668225,0.021773142294457495,0.0
2019-07-30,-0.0037207603478100803,0.016708317963347076,0.0
2019-07-31,-0.0134099265200105,-0.00703030959657884,0.0
2019-08-01,-0.0031144817948996944,-0.0030009735375504153,0.0
2019-08-02,-0.0020287369717232905,-0.0018114884589484326,0.0
2019-08-03,-0.00017426887225207075,0.005881158043375069,0.0
2019-08-04,-0.007527840218208771,0.006161677170102609,0.0
2019-08-05,-0.0018018718691008761,0.0010990982516357257,0.0
2019-08-06,-0.004117441204845171,0.0027215091626828915,0.0
2019-08-07,0.0024603292628973534,0.00242243012430415,0.0
2019-08-08,-0.006093811560321655,0.006484234810841667,0.0
2019-08-09,-0.005820735178103969,-0.006099884080700458,0.0
2019-08-10,-0.00867443640907754,0.0011272237591335745,0.0
2019-08-11,-0.006816335721697066,-0.008271261801441056,0.0
2019-08-12,-0.003028616589220801,0.0006412798568563576,0.0
2019-08-13,-0.010140543871384623,-0.0025901401336114837,0.0
2019-08-14,0.0115200614531666,0.0014412566240329552,0.0
2019-08-15,0.009435823722883254,-0.017327610313110104,0.0
2019-08-16,0.0030983745184569307,-0.013277310245534042,0.0
2019-08-17,0.006897782834548805,0.01669904666190373,0.0
2019-08-18,-0.012138486048304318,0.0033578999687932645,0.0
2019-08-19,-0.006505044914482373,-0.007491724488012919,0.0
2019-08-20,-0.004933975182169686,0.00518449876254368,0.0
2019-08-21,0.0018396639799356743,0.021382843940150234,0.0
2019-08-22,0.007288383067608123,0.01200668439283633,0.0
2019-08-23,0.007797190628861328,-0.009696909767988192,0.0
2019-08-24,-0.014361552520791908,-0.006514929196226716,0.0
2019-08-25,-0.0009223147041870978,-0.017513221103529535,0.0
2019-08-26,0.010336202434263095,-0.009640028221094313,0.0
2019-08-27,-0.0028595090546899775,0.009988848641024967,0.0
2019-08-28,0.004098829793026342,0.01513893792379578,0.0
2019-08-29,-0.01649943510220648,0.00145241159062782,0.0
2019-08-30,1.115674409718213e-05,-0.013720066374213009,0.0
2019-08-31,-0.00290399650119073,-0.022800083237559395,0.0
2019-09-01,-0.01953060261299244,0.0021038449513077545,0.0
2019-09-02,0.007261438692285861,-0.0001940932399908151,0.0
2019-09-03,0.01278810435065171,-0.0010499542760144872,0.0
2019-09-04,0.007503221272983141,0.00015075263975360018,0.0
2019-09-05,-0.003646623795787399,0.01899895305522312,0.0
2019-09-06,-0.001631238596165905,-0.002552394990259991,0.0
2019-09-07,-0.0066139414886134795,0.0031050291645583227,0.0
2019-09-08,0.005548593435582651,0.006462618092878131,0.0
2019-09-09,0.004218415075241776,0.01545808759502642,0.0
2019-09-10,0.01348853215607274,-0.000848927508171473,0.0
2019-09-11,-0.00027339031621504133,-0.0013646388639259755,0.0
2019-09-12,0.00870042099375908,0.0063941213012560765,0.0
2019-09-13,-0.002406805877103205,0.00018991546742195027,0.0
2019-09-14,-0.007041929390569252,-0.009686125704108423,0.0
2019-09-15,-0.00033337864464270185,-0.000258371770241839,0.0
2019-09-16,-0.008463249891688096,-0.0013550419904848085,0.0
2019-09-17,-0.008497083624035558,-0.007882036829590376,0.0
2019-09-18,0.006900738681335394,-0.014121652297193267,0.0
2019-09-19,0.0064598246546989395,-0.0077658732009407315,0.0
2019-09-20,-0.007826138672641062,-0.0050490728125400395,0.0
2019-09-21,-0.00897216535829435,0.0076083304239875985,0.0
2019-09-22,-0.002259425903263109,0.011467580177698822,0.0
2019-09-23,-0.007581034870919049,-0.026389799365047546,0.0
2019-09-24,0.006406676415666687,0.001616740405195077,0.0
2019-09-25,-0.0035976411482646336,-0.0015184842289750328,0.0
2019-09-26,-0.013064481504638275,0.0011575504757827617,0.0
2019-09-27,-0.008653197931881906,0.0060597129418597405,0.0
2019-09-28,0.003532843261294604,-0.008117406167351116,0.0
2019-09-29,0.019212420187460614,-0.025938095526415968,0.0
2019-09-30,0.004398359017924817,0.003584600198372151,0.0
2019-10-01,-0.013702177723348766,-0.0015880313280632644,0.0
2019-10-02,-0.009319103444639792,0.006346117416105236,0.0
2019-10-03,0.000993360819494991,0.004318448687877813,0.0
2019-10-04,-0.0022354839678883267,-0.003018619331486685,0.0
2019-10-05,0.0008068846486730647,0.0063243171524840274,0.0
2019-10-06,0.01865992622804976,-0.0024834695346431486,0.0
2019-10-07,-0.010595631658791394,0.003815066870163175,0.0
2019-10-08,-0.010036787719459232,-0.007875517595462357,0.0
2019-10-09,-0.0011158990596037992,0.0027342108786286333,0.0
2019-10-10,-0.00027044544862886384,0.0030052040622700555,0.0
2019-10-11,0.0014100305282468736,-0.00631525392307282,0.0
2019-10-12,0.007321044391463345,0.00045466459972815643,0.0
2019-10-13,-0.0007733101742977333,0.016434559031423462,0.0
2019-10-14,0.009607066207258694,-0.0042203799567518165,0.0
2019-10-15,0.0012161574600204556,-0.011754402425558903,0.0
2019-10-16,0.00313358134416451,0.014401403612906994,0.0
2019-10-17,-0.016997571314380257,0.020123653846503147,0.0
2019-10-18,-0.00885041999851173,0.0023746143236244334,0.0
2019-10-19,-0.004218331571694834,0.0047416624997292465,0.0
2019-10-20,0.00573366707830814,0.007126343422788925,0.0
2019-10-21,-0.00666294747504571,-0.002852814661350305,0.0
2019-10-22,-0.00975018913170176,0.00862717393170416,0.0
2019-10-23,-0.0076900300388964395,-0.002206559146610462,0.0
2019-10-24,0.015987688332909606,-0.022232272449619252,0.0
2019-10-25,-0.014749424133799061,-0.003598062564903881,0.0
2019-10-26,0.0017486123034694552,0.0028922157742621423,0.0
2019-10-27,1.6927270066819086e-05,0.018181722614646085,0.0
2019-10-28,0.013328066481101393,-0.0012610352295640977,0.0
2019-10-29,0.006269089336771703,-0.006604873182632444,0.0
2019-10-30,-0.003490571067069092,0.0006468653974092633,0.0
2019-10-31,0.0078190094844365,-0.0011418875421935167,0.0
2019-11-01,0.012148726506395202,-0.005485488286473945,0.0
2019-11-02,-0.003642160370080206,0.011928121778577388,0.0
2019-11-03,-0.016235770554453494,0.004198456392186423,0.0
2019-11-04,-0.011720671823037059,-0.00778195993250697,0.0
2019-11-05,0.0002525021872127373,0.0013612256855084581,0.0
2019-11-06,-0.010003095270172908,0.008584286245472446,0.0
2019-11-07,0.0010442765697853333,-0.014327126330152215,0.0
2019-11-08,0.010658001286967934,-0.015830468924312797,0.0
2019-11-09,0.0017801744296556913,-0.00262663471827883,0.0
2019-11-10,0.020754574646276325,-0.005534992824360456,0.0
2019-11-11,-0.0014262115491836126,-0.009915920206363966,0.0
2019-11-12,-0.011875478739086943,-0.004948926639999296,0.0
2019-11-13,0.0017004169577637912,-0.013771947646239237,0.0
2019-11-14,0.009301245533139551,0.018105784750465218,0.0
2019-11-15,-0.013434697271913163,0.0023602467872932114,0.0
2019-11-16,0.004269595565290812,0.0058397089152234325,0.0
2019-11-17,0.01575491277847866,-0.006317664531624775,0.0
2019-11-18,0.0019842945066413328,0.005068153567982057,0.0
2019-11-19,0.017414207202758325,-0.025975756034078458,0.0
2019-11-20,-0.01446899312995294,-0.00732168866008117,0.0
2019-11-21,0.005326402449657631,0.0033086289387867507,0.0
2019-11-22,-0.016169410525132245,-0.0064455237558300625,0.0
2019-11-23,-0.016859950062659373,-0.0004878497437646248,0.0
2019-11-24,-0.014242565924244397,-0.020976784389389685,0.0
2019-11-25,0.009950412636224579,-0.0029645043698073303,0.00044072482036802
2019-11-26,0.0027573962081678736,0.0030301764629312735,0.0
2019-11-27,0.013236646793933817,0.005952498187691469,0.0018682614847976703
2019-11-28,-0.008402785679849407,-0.0020863991557804095,0.00296031654658524
2019-11-29,-0.01645502864301859,-0.007211931731286616,0.0018219936636592535
2019-11-30,0.008132349547802191,0.013554181911648156,0.0024989671422306348
2019-12-01,-0.006887504341552836,-0.00982500972974458,0.0
2019-12-02,-0.014856500635647757,-0.006183857395863199,0.0
2019-12-03,0.0071775886927554,-0.0020693067924889884,0.0
2019-12-04,0.009777231475714729,0.0017730688684191587,0.0
2019-12-05,-0.00767732706592147,0.004800683308705403,0.0
2019-12-06,0.0012220065487913486,-0.008042607569908189,0.0
2019-12-07,0.005067590316339012,0.0053320077177564104,0.0
2019-12-08,-0.009287529886589435,0.004652475967151737,0.0
2019-12-09,-0.008099801943941852,-0.013420290965463934,0.0025923821421807783
2019-12-10,0.002485813141130492,0.005498827246620912,0.006980336339958974
2019-12-11,0.01565080460959286,-0.00821615893151131,0.0033904633761385194
2019-12-12,-0.009577612044313576,0.011777013236939669,0.0010950234157530922
2019-12-13,0.007716395273281474,0.01779152697060644,0.006990749703227356
2019-12-14,0.005557500036904448,-0.01410229579459363,0.00014310236343107602
2019-12-15,0.0018385266037775619,-0.020942178212718484,0.0
2019-12-16,-0.001893707064008304,-0.008880867477640123,0.0
2019-12-17,-0.00810452435820255,-0.003506313434672338,0.0
2019-12-18,0.0065344015625334664,-0.0013960020255199968,0.0
2019-12-19,-0.0010798713187698504,-0.004375670297197046,0.0
2019-12-20,-0.02418772742006922,0.01304228366646773,0.0
2019-12-21,0.0032593296436198675,0.0024790043185266247,0.0
2019-12-22,-0.007657545897466684,0.005373828430794858,0.0
2019-12-23,-0.0012640139301821607,-0.01862391816496096,0.0
2019-12-24,0.019841351888800124,0.0037635725832021495,0.0
2019-12-25,0.003417385099485825,-0.004149560199021349,0.0
2019-12-26,-0.020238077700691203,0.000568337270480279,0.0
2019-12-27,-0.004153994392970419,-0.0008983043410172944,0.0
2019-12-28,-0.011116148441444365,0.011720133357589275,0.0
2019-12-29,0.009863019073241212,-0.013601035329286793,0.0
2019-12-30,-0.032428819018420534,0.0051340857464887485,0.0
2019-12-31,0.00562282098023578,-0.01932948903941106,0.0002165505415153146
2020-01-01,0.0005267851125766281,0.004076934175667719,0.026023997039260588
2020-01-02,-0.0034316760715054372,-0.003359231599938994,0.03354639799185817
2020-01-03,0.004167175113193385,0.019303142143931917,0.028330197025602424
2020-01-04,0.017781952991801405,0.005267549053956863,0.022475336015817048
2020-01-05,-0.018178917896837576,-0.014796019141046585,0.02326867066849285
2020-01-06,-0.004933722876504418,0.0002542850569006872,0.013432818543641444
2020-01-07,-0.00011012530034769635,0.0033321093658569764,0.014391695526827883
2020-01-08,0.0004385172144640755,0.0005376781504608746,0.0128227827601759
2020-01-09,-0.0022861428054587207,-0.002745656700777874,0.012825757825228823
2020-01-10,0.0049259050585766205,-0.0004861831360667276,0.01638299831932128
2020-01-11,0.0016437693134357678,0.0006325675371656875,0.01662487254609534
2020-01-12,-0.003910717640250227,-0.011934560438230575,0.016888582808908835
2020-01-13,-0.018054245666518955,-0.005817661839353962,0.01712497752641208
2020-01-14,0.007093591536289832,0.021117691371986543,0.01889439502674283
2020-01-15,0.014926402639152944,0.006277265222005805,0.004524241406708859
2020-01-16,0.012184672062248603,0.0030036234955841635,0.0004866576909858464
2020-01-17,0.00476410892754362,-0.017273692370795894,0.0
2020-01-18,0.012430122686873744,-0.01178296904038493,0.0
2020-01-19,-0.01393582982088476,-0.014648814638118388,0.0
2020-01-20,0.008705207280843522,-0.005777259254707049,0.0
2020-01-21,0.0042558818088260005,-0.0025022150043398496,0.0
2020-01-22,0.00023038385778125314,0.005954688624164424,0.0
2020-01-23,0.012221619472832526,-0.005247499954812377,0.0
2020-01-24,-0.0007854237105782846,-0.005911548003818298,0.0
2020-01-25,-0.0028109290048507524,0.00910904687935585,0.0
2020-01-26,-0.009090336154671535,-0.003844014592458471,0.0
2020-01-27,-0.017195232074982397,-0.017546218528608926,0.0
2020-01-28,-0.0036109036436385734,0.0024555938384697106,0.0
2020-01-29,0.018209096651714433,-0.010407828921298165,0.0
2020-01-30,0.019346141274492457,0.0003316121317365916,0.0
2020-01-31,-0.005056793769988299,0.009631937698860808,0.0
2020-02-01,0.002549985259928953,0.005410815783145272,0.0018964007608387595
2020-02-02,0.016133900143589796,-0.006747622531604997,0.0009882509916494323
2020-02-03,-0.009228925585132084,-0.0029690033585630404,0.0
2020-02-04,-0.003533228322638102,-0.008634680151587066,0.0
2020-02-05,-0.013032636178500197,0.010508624399605064,0.0
2020-02-06,0.016919393698311875,0.006750502448932826,0.0
2020-02-07,-0.005397973381430557,0.0010981966509186602,0.0
2020-02-08,-0.0027304804165220503,0.006008537013319344,0.0
2020-02-09,0.0005449854804433924,0.01082295820320184,0.0
2020-02-10,-0.007651539907077425,-0.004426297482280749,0.0
2020-02-11,0.02636985276460338,0.005525452754542998,0.0
2020-02-12,0.012485071811327325,0.014850641295043156,0.0
2020-02-13,0.022007626678758455,-0.0030122521545702385,0.0
2020-02-14,-0.01944377227795003,0.011750220993743836,0.0
2020-02-15,0.008709461699798027,0.006661870361650053,0.00799366181018469
2020-02-16,-0.0005879030876954777,-0.011504128963016726,0.003522799615701483
2020-02-17,-0.010016639768102577,-0.0014636023655942591,0.0005517996972683945
2020-02-18,0.001992522743466663,-0.01328321257525713,0.0007006072192069709
2020-02-19,0.017345187637303357,0.006360839877168677,0.0010471739057020535
2020-02-20,0.012943058979819464,-0.00825149920977056,0.002808034981147456
2020-02-21,-0.0038457004814303132,-0.0020403817687778443,0.0
2020-02-22,0.035974956035140455,-0.0023692511653288033,0.0
2020-02-23,0.012923444337370582,0.018261539439886655,0.0
2020-02-24,-0.006673088413804134,0.004987335216264503,0.009533854380937762
2020-02-25,-0.006941131166604452,0.0010390241352146762,0.01110521459346539
2020-02-26,-0.004856576642817155,0.01720853855166559,0.011085153232434308
2020-02-27,0.0007626542685775377,-0.005953375183584217,0.006149369492013196
2020-02-28,-0.003608905662248276,0.007171930120136755,0.005329654831267114
2020-02-29,-0.004831185974930435,0.0036834005660622655,0.010500217149690905
2020-03-01,0.011334061763624219,0.007341996480869813,0.012683213998314354
2020-03-02,-0.004763688516273406,0.004081274394992906,0.011480807466555346
2020-03-03,0.0031844847418426954,-0.0054054555533148045,0.0084639795821453
2020-03-04,-0.0043875393900451864,0.015403238152822567,0.005796375013319595
2020-03-05,-0.0005952138096972935,0.00573924486549563,0.012894596660380904
2020-03-06,0.013911348898411634,0.010252081035068854,0.012714450768317093
2020-03-07,0.002289321334858307,0.0011540577542272596,0.012429577442476643
2020-03-08,0.009904044699811489,0.004727129305684293,0.011000667664947915
2020-03-09,0.0013924616094242604,0.02706630330243066,0.011755392908721012
2020-03-10,0.013394737606352892,0.006526776478582127,0.020253052762174012
2020-03-11,0.0018240828800258973,-0.013369278623769272,0.01956920368616699
2020-03-12,0.013675646793156583,0.00017308477222223624,0.013787885606385969
2020-03-13,-0.01078267248364932,-0.034806120814562816,0.012194291081264283
2020-03-14,0.013383498369616949,0.008587231182919635,0.0013130071939415969
2020-03-15,0.006735083229806035,-0.004442415806503994,0.0
2020-03-16,-0.007152544885430236,-0.0007600906133272454,0.0
2020-03-17,-0.004680087326769401,-0.006331316720662956,0.0
2020-03-18,-0.017993549062692325,0.006371256106103614,0.0012210455856959262
2020-03-19,-0.0007360600660446808,0.020659206399331866,0.0027614837524545244
2020-03-20,0.0037380035369103306,-0.00803864796615909,0.0
2020-03-21,-0.003484064632611253,0.010393529459620077,0.0
2020-03-22,0.012338201386774189,0.006991751669575299,0.0
2020-03-23,-0.02003452247954845,0.007551443034966057,0.0
2020-03-24,-0.0005881428836451972,0.002719352262271631,0.0
2020-03-25,-0.011006980627879503,0.009650004150070895,0.0
2020-03-26,-0.0036874225725568154,0.01268676891910233,0.0
2020-03-27,0.010053822410292025,-0.0032209715749015504,0.0
2020-03-28,0.001241702630686405,-0.02449265309532536,0.0
2020-03-29,0.016317441506752378,0.005369300891339726,0.0
2020-03-30,-0.0022620606796733425,-0.0045375135633232075,0.0
2020-03-31,-0.005281004054231252,0.014095797334175177,0.0
2020-04-01,-0.0015280407519349102,-0.004426302092073914,0.0
2020-04-02,-0.013654772868438216,0.003138853063204631,0.0
2020-04-03,-0.0075745703482598134,-0.023379655283190682,0.0
2020-04-04,0.0004288182122821203,0.00392897619190152,0.0
2020-04-05,0.01041594705187652,0.0023405408013551367,0.0
2020-04-06,-0.009156997965413622,0.013951771762694805,0.0
2020-04-07,-0.00826045681938037,0.004670269138285651,0.0
2020-04-08,-0.015210864300058483,0.005870000061954468,0.0
2020-04-09,-0.013476292299748638,0.004599947892702883,0.0
2020-04-10,-0.000130609534561481,-0.01793208792271206,0.0
2020-04-11,0.0008380427186819163,0.010262624157600504,0.0
2020-04-12,0.0036010476818832777,0.002945501253325883,0.0
2020-04-13,-0.002421320031544911,0.003285661219518999,0.0
2020-04-14,0.010848373832391628,0.005769709490212684,0.0
2020-04-15,-0.01739047149147619,-0.0042678871957087736,0.0
2020-04-16,-0.00014698471558754377,-0.0011486421748939776,0.0
2020-04-17,0.006624881984205891,0.001256721978288051,0.0
2020-04-18,-0.0031530674933322664,0.004826352940852705,0.0
2020-04-19,0.00454174088898838,0.013002972960718931,0.0
2020-04-20,-0.0020760241515727774,0.003954277704722345,0.0
2020-04-21,-0.0035924296821956987,0.006180057893221604,0.0
2020-04-22,0.0018297899058865052,-0.006820248231686952,0.0
2020-04-23,-0.006279926462225125,0.019306523222481626,0.0
2020-04-24,-6.932401231980097e-05,0.013928104885352956,0.0
2020-04-25,0.006326526105249327,0.009187443543131004,0.0
2020-04-26,-0.010775539948193804,-0.010740473672314996,0.0
2020-04-27,0.007164966729228153,0.006823939889898288,0.0
2020-04-28,0.012115113004918899,-0.010757804412149338,0.0
2020-04-29,0.016917021436296732,-0.0027965529020377356,0.0
2020-04-30,-0.0028063918684553056,-0.005671981039155362,0.001123731876926451
2020-05-01,0.01186102666904672,-0.01038062353100853,0.0
2020-05-02,-0.018096076318584748,0.0020527300090126457,0.0034517894041575306
2020-05-03,-0.013347637349366422,0.019477967418887847,0.0
2020-05-04,0.0010600046511779634,-0.005519087601004284,0.0
2020-05-05,-0.010810289848866407,0.010320892612669696,0.0
2020-05-06,-0.009089431194857497,0.0006571505114412511,0.0
2020-05-07,-0.009928784052919177,-0.0017216307504026684,0.0
2020-05-08,-0.0029733058456783644,0.003499194957517853,0.0
2020-05-09,-0.006379741068096494,0.005606311762215848,0.0
2020-05-10,-0.00937864482625806,-0.006532332317074121,0.0
2020-05-11,-0.00029814341545626857,-0.01164486742676414,0.0
2020-05-12,-0.005169595043336695,-0.0057689843144007645,0.0
2020-05-13,8.353802426930201e-05,-0.02827099140678346,0.0
2020-05-14,0.003159781732760464,-0.02981090432380411,0.0
2020-05-15,0.00558920741937848,-0.007585835968731746,0.0
2020-05-16,-0.002082484906063714,0.001800422069346251,0.0
2020-05-17,-0.0041801167836091405,-0.0026173621237912752,0.0
2020-05-18,-0.004130079896357476,-0.004834199509119293,0.0
2020-05-19,-0.010751057624316628,-0.0078452954992339,0.0
2020-05-20,0.004616601896885549,-0.008510295451699826,0.0
2020-05-21,-0.0005059377124423371,-0.0015132247864299692,0.0
2020-05-22,0.010416534676704024,-0.0005379910184161396,0.0
2020-05-23,0.0030033414434031554,-0.002842272653116987,0.0
2020-05-24,-0.004907200198473719,0.0011065669676251612,0.0
2020-05-25,0.008472318925891483,0.007547255598667662,0.0
2020-05-26,-0.0028957656718813034,-0.012762778412820466,0.0
2020-05-27,-0.00071848486571217,-0.016271437427361174,0.0
2020-05-28,0.0045790324337593915,0.013118141012745806,0.0
2020-05-29,0.002338011976438567,-0.011083790288671536,0.0
2020-05-30,-0.007601642261964922,-0.007083268620995734,0.0
2020-05-31,0.006867166908240136,0.00427899002084309,0.0
2020-06-01,0.0038001413440134214,-0.002659039358703156,0.0
2020-06-02,-0.00022914037695913068,0.010603700256144719,0.0
2020-06-03,-0.001987576518341339,-0.00015617361655410322,0.0
2020-06-04,0.002321723277232492,0.007553826806466834,0.0
2020-06-05,-0.0148632696357291,0.0022550166947470484,0.0
2020-06-06,0.012822957268900266,0.005439963697044718,0.0
2020-06-07,-0.024522191885904154,-0.0040778367085374,0.0
2020-06-08,-0.010050812850525156,-0.005646460967340088,0.0
2020-06-09,-0.009767413810828464,0.002450678600452726,0.0
2020-06-10,0.0036799124309631,-0.009681512160697377,0.0
2020-06-11,0.00017475550331489135,0.01276800018425604,0.0
2020-06-12,0.0032693515396589375,-0.0005854950262583819,0.0
2020-06-13,-0.012236174077577771,-0.003016677520871635,0.0
2020-06-14,0.011502028255720258,0.015950767024155987,0.0
2020-06-15,0.008555902352720426,-0.00543887332860719,0.0
2020-06-16,-0.02082809950785471,-0.006862214362984421,0.0
2020-06-17,0.0015874493958150165,0.006064319802916762,0.0
2020-06-18,-0.019392292614577786,-0.0016981101984259834,0.0
2020-06-19,-0.005848117564716261,0.0004260821412636379,0.0
2020-06-20,0.004976720269236891,0.002199706728218206,0.0
2020-06-21,-0.000246370617408404,0.007406058670436987,0.0
2020-06-22,-0.01333011545097299,-0.003160705557350971,0.0
2020-06-23,-0.00665873729329983,0.01249673245700128,0.0
2020-06-24,0.010063531569566955,-0.006802948298798797,0.0
2020-06-25,0.00115532344465513,0.002415120308004094,0.0
2020-06-26,0.00656879666473671,-0.002947102293257877,0.0
2020-06-27,-0.017164668592910486,0.013973653263021968,0.0
2020-06-28,0.004588867975523361,-0.007047700124248592,0.0
2020-06-29,0.001388536527898625,0.02528485811329709,0.0
2020-06-30,-0.009813978939441914,-0.00753504547227488,0.0
2020-07-01,0.013258733055491701,0.0048968499421006,0.0
2020-07-02,-0.000868588452296775,0.003699957574685225,0.0
2020-07-03,0.008118716494102706,0.006907964546214466,0.0
2020-07-04,-0.005392276259797534,0.005911021626223305,0.0
2020-07-05,0.0035012561555703248,-0.011878293987984257,0.0
2020-07-06,0.004794221626570674,-0.012992068020206431,0.0
2020-07-07,-0.001479682177559812,-0.0007169698773925013,0.0
2020-07-08,0.000695276183329836,0.002556255409343314,0.0
2020-07-09,0.0026615525347002916,-0.00870000198908151,0.0
2020-07-10,-0.0012295926891487644,0.0037826104178798874,0.0
2020-07-11,-0.012520278133739033,0.014336212501253595,0.0
2020-07-12,0.0029864551308184458,0.002461736328257939,0.0
2020-07-13,-0.0014399300653922154,0.007235031046986301,0.0
2020-07-14,0.002197183534199687,-0.005994339169507014,0.0
2020-07-15,-0.0081932263283341,0.02330417094987659,0.0
2020-07-16,0.014530861554091482,0.0008705196480769925,0.0
2020-07-17,0.008587170669179441,0.002387649277017615,0.0
2020-07-18,0.013234249157080909,0.002629842162395261,0.0
2020-07-19,0.01806556237467338,-0.0020821862788391564,0.0
2020-07-20,0.009527135169571948,0.001385851836631965,0.0
2020-07-21,-0.0030014090583939234,0.0033568922553970817,0.0
2020-07-22,-0.012427515533438207,-0.009348739219688701,0.0
2020-07-23,0.010962510231506984,0.008025679310638228,0.0
2020-07-24,0.002596133090028243,0.006239449683093728,0.0
2020-07-25,0.008076135891259873,-0.0024869810361212536,0.0
2020-07-26,0.012821834676409651,-0.010680090166239616,0.0
2020-07-27,-0.001653555373386838,-0.002564002393990693,0.0
2020-07-28,-0.009003751468112282,-0.009063207358464059,0.0
2020-07-29,0.003906821209714647,0.019458059479963638,0.0
2020-07-30,-0.004299004935594415,0.013050385274855365,0.0
2020-07-31,-0.008136794879112196,0.0030481426186907317,0.0
2020-08-01,0.0036481680859294747,-0.0016235798725015265,0.0
2020-08-02,-0.0024658077597709345,0.010999177110072738,0.0
2020-08-03,0.004874991946711234,0.007808187725817788,0.0
2020-08-04,-0.010573858350898413,0.019421677437563747,0.0
2020-08-05,-0.0011628596839964036,-0.017338238415556626,0.0
2020-08-06,-0.002508000618857689,0.006825948411671208,0.0
2020-08-07,-0.00030345312499888735,-0.012764269046242097,0.0
2020-08-08,-0.005876083294188352,0.021157529941819072,0.0
2020-08-09,0.006315689154319493,-0.01823841668823291,0.0
2020-08-10,-0.014003215965332341,-0.009742155577768325,0.0
2020-08-11,0.004226803247034565,-0.008209526218857552,0.0
2020-08-12,0.010493114077890926,-0.0026652344097908144,0.0
2020-08-13,-0.00019827997848663852,-0.0022592407016555596,0.0
2020-08-14,0.0006991505072652381,0.010615970691616825,0.0
2020-08-15,-0.007469857647769869,-0.0005467281179420013,0.0
2020-08-16,0.0024193526719599495,0.0020555448269029687,0.0
2020-08-17,0.004155698274134961,0.0038794359838469922,0.0
2020-08-18,0.0016295090006190453,-0.0139316401289115,0.0
2020-08-19,0.003515989531136573,0.012825510224724968,0.0
2020-08-20,0.00518995687887592,-0.01117639755059616,0.0
2020-08-21,0.0021245053093752755,0.00698539110917809,0.0
2020-08-22,-0.0176320428422686,0.007144206386812008,0.0
2020-08-23,-0.01086812444854572,-0.010135600157246278,0.0
2020-08-24,-0.0011056450328447455,0.011384154635884316,0.0
2020-08-25,0.020625645028889188,0.0066199849851800285,0.0
2020-08-26,0.010265287514338488,0.005075867852815432,0.0
2020-08-27,-0.0002622517323980612,0.00323862440599627,0.0
2020-08-28,-0.00193966013683565,0.0036489153579942315,0.0
2020-08-29,-0.004253209311534047,0.007431113649108477,0.0
2020-08-30,0.005572690503246821,0.012487056188811787,0.0
2020-08-31,-0.002965531787041026,-0.01966455891699501,0.0
2020-09-01,0.0004695889797549207,0.019903842168231628,0.0
2020-09-02,-0.00847730086923117,0.004130057034697621,0.0
2020-09-03,-0.004202328494660197,0.005747787863101282,0.0
2020-09-04,-0.009509807914634832,-0.0038887332317566223,0.0
2020-09-05,-0.007599431108797567,-0.002754418560819542,0.0
2020-09-06,-0.0034101046662651175,0.006773385461027704,0.0
2020-09-07,0.011222627839295115,-0.007525765035693829,0.0
2020-09-08,0.0033119519797401055,-0.011189257964875432,0.0
2020-09-09,0.00996753679990406,0.008286118994466476,0.0
2020-09-10,-0.004508332497316767,0.003572302183011712,0.0
2020-09-11,0.0025586747831225186,-0.002847905963412518,0.0
2020-09-12,-0.005827361946797014,0.018765480870501453,0.0
2020-09-13,-0.0018736837054123296,0.0038542998054441574,0.0
2020-09-14,-0.0015864789143423294,0.005592858943184763,0.0
2020-09-15,-0.015562710989545165,0.0009153361944011154,0.0
2020-09-16,0.00036387530210615796,0.0022432965000313424,0.0
2020-09-17,-0.011518740454021415,-0.00595182729563932,0.0
2020-09-18,0.004557388808710098,0.01542339917192351,0.0
2020-09-19,-0.00616745942042399,-0.013539249119916663,0.0
2020-09-20,-0.015006874802428263,-0.004350510075383569,0.0
2020-09-21,-0.011426765098864002,-0.0171888263838002,0.0
2020-09-22,-0.00861353799618413,-0.002044944326506651,0.0
2020-09-23,0.013485858097311985,0.0033899728050184636,0.0
2020-09-24,-0.012154226083291362,0.0019880181574999114,0.0
2020-09-25,-0.003844888231378938,0.007750603709588362,0.0
2020-09-26,0.0013852145429838231,-0.0043269853596042155,0.0
2020-09-27,-0.0019148612442019658,0.005874418007376626,0.0
2020-09-28,-0.0008423483113982306,-0.005983145554487341,0.0
2020-09-29,0.006320636271954519,-0.007073731143944379,0.0
2020-09-30,-0.0069496125477284745,0.0003824419886279912,0.0
2020-10-01,0.016255636744717205,0.009977593248782115,0.0
2020-10-02,0.012692081197521382,-0.01871126545744714,0.0
2020-10-03,0.0017062192606016266,-0.007514636879445993,0.0
2020-10-04,0.012679855412275814,-0.007304091453440705,0.0
2020-10-05,0.000912204065997928,0.005077386259833204,0.0
2020-10-06,-0.004245002135984727,-0.003200851599575364,0.0
2020-10-07,-0.011579446223095442,0.003947319989777394,0.0
2020-10-08,-0.006578570434931707,0.012970502935325518,0.0
2020-10-09,0.005229217993767252,0.0041699038744295765,0.0
2020-10-10,0.002904527172626574,0.0016863174967989439,0.0
2020-10-11,0.01490910155906985,-0.006710308894511296,0.0
2020-10-12,0.014582906797345014,-0.013278923191717893,0.0
2020-10-13,0.008238036365539537,-0.0025423264427306405,0.0
2020-10-14,0.0009895887267331199,0.016609945061677234,0.0
2020-10-15,0.01667046152525296,-0.009777182296994147,0.0
2020-10-16,-0.0006016899249983147,0.0003498603867515955,0.0
2020-10-17,-0.02295690884200389,-0.008787967536024927,0.0
2020-10-18,-0.0027610193396118764,0.0051969288575479475,0.0
2020-10-19,0.0041569956466854015,0.011160512821983406,0.0
2020-10-20,0.0051763443853990185,-0.011544763434079553,0.0
2020-10-21,0.005256059396970609,0.0009912830949171017,0.0
2020-10-22,0.007182544127685684,-0.0015270459575763274,0.0
2020-10-23,-0.024764533605292797,-0.003988651346630833,0.0
2020-10-24,0.021537222106029277,-0.009355059560393038,0.0
2020-10-25,0.005076063920860518,0.003966229311546958,0.0
2020-10-26,0.0005747219569718907,0.0038703264743813553,0.0
2020-10-27,-0.01859836857600808,0.017154117388219266,-0.0032151713342682756
2020-10-28,0.007611002008471923,-0.00803278430795424,-0.003703065431552577
2020-10-29,-0.010057001096598442,0.0018435378661081946,0.0
2020-10-30,-0.01922744073562776,-0.00668291100769236,0.0
2020-10-31,0.005293551686248458,-0.0046958970087611,0.0
2020-11-01,0.004825668161217633,0.020602456366961345,0.0
2020-11-02,-0.0016266534944971035,0.012122251991746559,0.0
2020-11-03,-0.009051213180588397,-0.0019039826788387177,0.0
2020-11-04,0.0036297806634675222,-0.0012777712973163768,0.0
2020-11-05,0.00016250972853884947,0.002066935049148446,0.0
2020-11-06,0.002808674085665597,0.015893156811123667,0.0
2020-11-07,0.003504519701512904,0.011430117838222429,0.0
2020-11-08,-0.014816098161129412,0.000543686822284228,0.0
2020-11-09,0.003686483247096087,-0.011001754325287298,0.0
2020-11-10,-0.012610739529816714,-0.0026746503449985924,0.0
2020-11-11,0.003827109084986418,0.01716515064762074,0.0
2020-11-12,-0.0042349834329331254,-0.007957174332080139,0.0
2020-11-13,-0.005479018893511941,-0.001997543522065493,0.0
2020-11-14,0.014901244171350359,-0.01795562596284484,0.0
2020-11-15,0.0013814421399853559,0.005519625737507908,0.0
2020-11-16,0.0011767005203761106,0.0017130695307052404,0.0
2020-11-17,0.006779258155323693,0.018168768604354443,0.0
2020-11-18,0.02017894813464288,-0.01892034943824277,0.0
2020-11-19,-0.027931942659296154,-0.0098819886447084,0.0
2020-11-20,0.004338952463554347,-0.009991132624888663,0.0
2020-11-21,-6.8553437951042765e-06,0.008168777043612827,0.0
2020-11-22,0.010402780406907461,0.0007360077369178255,0.0
2020-11-23,-0.00015945800642074956,-0.01237982892916788,0.0
2020-11-24,-0.0009067198643546611,0.005967728130104119,0.0
2020-11-25,0.005313892586424264,-0.029406097539594486,0.0
2020-11-26,-0.0006749889277409017,0.013213298208590168,0.0
2020-11-27,-0.008770469100825126,0.00963408783477373,0.0
2020-11-28,-3.1081945361202944e-05,-0.015058981078058848,0.0
2020-11-29,0.01763179568487059,-0.008203097192517168,0.0
2020-11-30,0.005475317188599931,-0.015155994760424325,0.0
2020-12-01,-0.02238732017671755,0.0021958340157689597,0.0
2020-12-02,-0.0015154282539756156,0.004673550070365064,0.0
2020-12-03,-0.009630771322530885,-0.008457234288707057,0.0
2020-12-04,0.008793479190970083,0.015433529464577583,0.0
2020-12-05,-0.011212933243230801,-0.00331388776918869,0.0
2020-12-06,-0.0011029338507128577,0.006919361299122437,0.0
2020-12-07,0.004637905215137692,0.005007594345921881,0.0
2020-12-08,0.00778652979325633,0.0036417828075357085,0.0
2020-12-09,-0.006205533721490507,0.004630838364364139,0.0
2020-12-10,0.00239575156248233,-0.0017798887549244369,0.0
2020-12-11,0.021623813730058002,-0.007442477934917417,0.0
2020-12-12,-0.006661458647142344,-0.01063554106381965,0.0
2020-12-13,0.00018389072854104,-0.0026991467259195735,0.0
2020-12-14,-0.008574344751227507,0.007142110215005964,0.0
2020-12-15,-0.0019712100811766745,0.01722566289994143,0.0
2020-12-16,0.00467004176666129,0.0030676772935071435,0.0
2020-12-17,0.0003939388190034225,-0.0014647292600768805,0.0
2020-12-18,0.006321606447446374,-0.0016975056678755292,0.0
2020-12-19,-0.012506995162275738,0.00018966278188534374,0.0
2020-12-20,0.001340502429103751,-0.012346682937968827,-0.01578757848194716
2020-12-21,-0.0031314424171412962,-0.008573361089247366,-0.012085240802022904
2020-12-22,-0.02795374370327325,0.010945597104207037,-0.012294870538045052
2020-12-23,0.01066752860012951,0.0003043532153237903,-0.008791073825702052
2020-12-24,0.0010615727286545384,0.0158890969169033,-0.01002480677032564
2020-12-25,-0.005803736964382419,0.0070687923547650576,-0.0034300794937208584
2020-12-26,0.010380486357184424,-0.006140141502841512,-0.0026009148884720834
2020-12-27,0.0052086766640319065,0.01244913699613069,0.0
2020-12-28,-0.02295272782395646,0.004429837819127861,0.0
2020-12-29,0.004560009048295425,-0.0017034200711814435,0.0
2020-12-30,0.023601768814915176,0.019266406046281395,0.0
2020-12-31,0.0030464201458341605,0.00037075680228214407,0.0
2021-01-01,0.008257504722348638,0.013519464051055582,0.0
2021-01-02,-0.01635113399745602,-0.00197618945070484,0.0
2021-01-03,-0.01516363887681586,0.000878847048474746,0.0
2021-01-04,-0.013969054148828904,0.002568012503501702,-0.0030675911386381996
2021-01-05,0.010602031240807172,-0.000759456189534363,-0.004861882241551298
2021-01-06,0.009172098350558456,0.0019104877004805108,0.0
2021-01-07,-0.024539834719676357,0.0036996898715243288,0.0
2021-01-08,0.008849287117489654,0.013760197345838976,0.0
2021-01-09,-0.020558458808345944,0.0020795742409634582,0.0
2021-01-10,-0.013883038458678776,-0.006871959165748815,0.0
2021-01-11,-0.0009989967972684147,-0.019697994031030477,0.0
2021-01-12,-0.006895854006064836,0.008547630842418347,0.0
2021-01-13,-0.0005732945350917101,0.018038460760147132,0.0
2021-01-14,0.001981389587118315,-0.010373101895643595,0.0
2021-01-15,0.011465428253253978,0.004409940905758238,0.0
2021-01-16,-0.004868159390612497,0.019465433125675773,0.0
2021-01-17,-0.0066895071221892985,-0.004586605447699681,0.0
2021-01-18,-0.0071451325480389695,-0.0030070661053308496,0.0
2021-01-19,0.023855106260234477,0.010215144726926351,0.0
2021-01-20,0.011608068452597084,-0.005576596032224276,0.0
2021-01-21,0.011982048814712693,-0.011066754683058438,0.0
2021-01-22,0.005769422069249272,-0.0015075192860654085,0.0
2021-01-23,0.0026552688133121595,-0.031224613868028248,0.0
2021-01-24,0.014402177338465574,-0.009910609944351197,0.0
2021-01-25,-0.00047618086163838384,0.007680926333584224,0.0
2021-01-26,-0.014856831675306192,-0.0034781721814677695,0.0
2021-01-27,-0.01568005935031911,-0.003147616956977631,0.0
2021-01-28,0.025203384100665947,-0.0003918212024300935,0.0
2021-01-29,-0.010164202889108482,-0.004363178797120429,0.0
2021-01-30,-0.006579636062599432,-0.0075168612342443744,0.0
2021-01-31,-0.001423094808126413,-0.002344140502424306,0.0
2021-02-01,0.010686361310803317,-0.013978882374671731,0.0
2021-02-02,-0.01099611651857151,0.003142717186358189,0.0
2021-02-03,-0.002064496073400684,-0.001434835876946247,0.0
2021-02-04,0.003891041701817112,0.00590243589436537,0.0
2021-02-05,-0.012715179181083459,-0.004474156013385965,0.0
2021-02-06,0.0007746130527698237,0.016538035945710496,0.0
2021-02-07,0.010992204608725853,-0.00043563630971225057,0.0
2021-02-08,0.002474233587902685,-0.005132545730198738,0.0
2021-02-09,0.0009849943393697464,0.010154006748742391,0.0
2021-02-10,0.005002023032475269,-0.00976551504120711,0.0
2021-02-11,-0.0006377217735102754,0.01477527337274363,0.0
2021-02-12,-0.004434277777987753,0.021655573293157825,0.0
2021-02-13,-0.00534261903819092,-0.011104783869880997,0.0
2021-02-14,0.008309670187121315,-0.014124429006835009,0.0
2021-02-15,-0.016490116755744095,0.0037827743787782167,0.0
2021-02-16,-0.01212092971500503,0.007269452331943849,0.0
2021-02-17,0.007813520639462248,0.006613747786825921,0.0
2021-02-18,0.011803179512935223,-0.010049535485919674,0.0
2021-02-19,0.0008622949785358934,-0.013410771418606604,0.0
2021-02-20,-0.008664144831454177,-0.021646048077553045,0.0
2021-02-21,-0.016355171869173263,0.003093357177185262,0.0
2021-02-22,0.005716245002725664,-0.00860140714672791,0.0
2021-02-23,0.0015100640747950206,-0.022412907904972294,0.0
2021-02-24,0.003047314878409215,0.0026283160619224545,0.0
2021-02-25,0.0037865881790687395,0.007089690834991239,0.0
2021-02-26,-0.01089531491934118,0.0026639102539334834,0.0
2021-02-27,-0.008159253701222639,-0.005983596947365102,0.0
2021-02-28,-0.0016656595084939855,0.006635887587856182,0.0
2021-03-01,-0.002501877597478067,-0.025025577562532708,0.0
2021-03-02,-0.01691539481736251,0.0014365484952897317,0.0
2021-03-03,-0.013214138678427112,0.005550210386910114,0.0
2021-03-04,-0.0027815231664693415,-0.0031085420908032735,0.0
2021-03-05,0.013102150457476168,-0.008790799869671264,0.0
2021-03-06,0.023066637237386618,-0.006040861394522495,0.0
2021-03-07,0.0016721763940442656,0.013495625752367187,0.0
2021-03-08,-0.0041232205031434665,-0.008152101687908314,0.0
2021-03-09,0.002110333189489086,-0.023567192066937567,0.0
2021-03-10,-0.0001609604515946699,0.0006224401063633372,0.0
2021-03-11,-0.00948986004119328,-0.016042455702497432,0.0
2021-03-12,-0.03344557392969768,-0.0026811133139665556,0.0
2021-03-13,0.0009000480892253172,-0.007662465952105166,0.0
2021-03-14,-0.007107996727604851,-0.0016674203616690816,0.0
2021-03-15,-0.0014852787737256574,-0.0134853366800585,0.0
2021-03-16,-0.010728963062839792,0.005422694267014423,0.0
2021-03-17,-0.004249663235446183,0.005642235341021511,0.0
2021-03-18,0.00069523890327701,0.0020744247951274435,0.0
2021-03-19,-0.014279130953811708,0.00265161216876811,0.0
2021-03-20,-0.007928760094108932,0.0028767498892962907,0.0
2021-03-21,0.00548194121622604,-0.004849572614132722,0.0
2021-03-22,0.0071152236824296175,-0.001353904971311861,0.0
2021-03-23,-0.018505353464695003,0.005193744039847404,0.0
2021-03-24,0.007457923683388169,-0.0040873597077266425,0.0
2021-03-25,0.0125486169238316,-0.012995129495823548,0.0
2021-03-26,0.003794624616308723,-0.02576277227558588,0.0
2021-03-27,0.004206430117342979,0.0028905833375205167,0.0
2021-03-28,0.0010321818292586007,0.011962737129415915,0.0
2021-03-29,0.003622502382560624,0.001027084267649804,0.0
2021-03-30,-0.005049012919116557,-0.0013089887112376988,0.0
2021-03-31,0.012639427467717252,-0.008407242049307246,0.0
2021-04-01,-0.000491245281917809,-0.00295795646096832,0.0
2021-04-02,-0.014785564627948139,0.007215202368771101,0.0
2021-04-03,0.005039340134545696,0.019069027995158624,0.0
2021-04-04,0.008709358944062957,0.006228248709393603,0.0
2021-04-05,0.003771371459128044,0.0014959032235641549,0.0
2021-04-06,-0.010253751567185622,0.014203996830968747,0.0
2021-04-07,0.0059069737154611255,0.013450359607865647,0.0
2021-04-08,-0.02929102406320145,-0.02346864761782585,0.0
2021-04-09,0.016623188622844697,-0.006764944892974852,0.0
2021-04-10,0.005217106289363154,-0.019505711499210775,0.0
2021-04-11,-0.018429248031569357,-0.023960873569803105,0.0
2021-04-12,-0.021138654936452058,0.0011998360825656521,0.0
2021-04-13,0.02342405925341465,-0.0020912037965561,0.0
2021-04-14,0.001925751005661741,-0.002919547321970954,0.0
2021-04-15,-0.007699629367249975,0.006562272444192212,0.0
2021-04-16,0.0029201740314186266,-0.0006001616263561425,0.0
2021-04-17,-0.0026479538022259586,0.0024476627104423805,0.0
2021-04-18,-0.0024446210762484434,0.003456299437710381,0.0
2021-04-19,0.002637944255458346,-0.008706344721782723,0.0
2021-04-20,0.0024452044329166707,0.021890669814336322,0.0
2021-04-21,-0.011094254458057957,0.009269292138172434,0.0
2021-04-22,0.002554156389927239,-0.000905869577729252,0.0
2021-04-23,0.001674693609020039,0.00434495660749481,0.0
2021-04-24,-0.010293372349191879,-0.0063774521249617255,0.0
2021-04-25,0.009149354436978542,0.0030914147107945146,0.0
2021-04-26,0.004929645289285621,0.003971972380409828,0.0
2021-04-27,-0.010640207650374652,-0.007182111898912269,0.0
2021-04-28,0.01760525653893266,-0.008495032711601519,0.0
2021-04-29,0.00520100776495406,0.02878937241635238,0.0
2021-04-30,0.01350337958054836,-0.008240558382952123,0.0
2021-05-01,-0.007730535674832842,0.013273253664911243,0.0
2021-05-02,-0.005039169164987292,-0.00765754175512776,0.0
2021-05-03,0.0010783347529113305,-0.005107479769660634,0.0
2021-05-04,-0.005882923963285007,0.007034198182183161,0.0
2021-05-05,-0.002320891924353904,-0.013508760925180607,0.0
2021-05-06,-0.014584994534152967,0.019089298984169747,0.0
2021-05-07,0.02027376258111243,0.007596381078613106,0.0
2021-05-08,0.00501303242095748,1.3678895017963102e-05,0.0
2021-05-09,0.0129407122557099,0.019526002044486738,0.0
2021-05-10,0.01721639339551995,-0.006009874073844218,0.0
2021-05-11,-0.0006982687947917993,0.01496575163094261,0.0
2021-05-12,0.0197898353786721,0.0014258692714137608,0.0
2021-05-13,-0.023659267631345612,0.006910034617831918,0.0
2021-05-14,-0.004083661634910328,-0.0011187074406392601,0.0
2021-05-15,-0.005787906692648832,-0.00578467117210475,0.0
2021-05-16,-0.0007873617097724026,-0.0036246111536231795,0.0
2021-05-17,-0.011925725422412383,0.010368285472380332,0.0
2021-05-18,0.00837939830060918,0.00013487766542267612,0.0
2021-05-19,0.019395080013686106,-0.0034826011777965285,0.0
2021-05-20,0.001922251226989499,-0.006295722466926896,0.0
2021-05-21,0.00561640709995524,-0.019258844867760503,0.0
2021-05-22,-0.02219986708178629,0.012944773421625066,0.0
2021-05-23,-0.007889989340944752,0.0022840638968544664,0.0
2021-05-24,0.0035493525979561555,-0.013730101522900806,0.0
2021-05-25,-0.0072274809153113,-0.0028655525172851123,0.0
2021-05-26,0.00262419629085567,0.0022665977577165635,0.0
2021-05-27,-0.004416019715984063,-0.005863004229544883,0.0
2021-05-28,0.0031809993216479816,-0.0022658215393238936,0.0
2021-05-29,-0.014312834955763519,-0.0015203660065605685,0.0
2021-05-30,0.004799594893270388,0.003948166815130755,0.0
2021-05-31,0.014039065339753472,0.00025779382185423026,0.0
2021-06-01,0.006696343421343453,0.008570575034450368,0.0
2021-06-02,0.021025397089437858,0.009377227298084814,0.0
2021-06-03,-0.0011428358266727693,0.00260395158660344,0.0
2021-06-04,0.008641742243228846,0.0030993577539511438,0.0
2021-06-05,-0.013283891314933372,-0.002146432780895407,0.0
2021-06-06,0.009469682619271067,0.009388799624412913,0.0
2021-06-07,0.004975835878974969,0.017952021655598366,0.0
2021-06-08,-0.0026105311423525158,0.00511373866437318,0.0
2021-06-09,0.011310735452237113,0.00715878058899247,0.0
2021-06-10,-0.01155662517116985,0.012163938276480508,0.0
2021-06-11,-0.0025884375203328396,-0.006330271204818334,0.0
2021-06-12,0.003052192395094412,5.1682449749440094e-05,0.0
2021-06-13,-0.010089880186079078,0.010287397845820416,0.0
2021-06-14,-0.009866521253947366,0.003353941050510271,0.0
2021-06-15,0.009920671210683263,0.012796488717280454,0.0
2021-06-16,-0.0035769786515032244,0.002131228081266916,0.0
2021-06-17,-0.010435075523859685,0.019548787221555994,0.0
2021-06-18,-0.0048573327894853744,0.008684073503320707,0.0
2021-06-19,-0.005924662953528345,-0.0030226354655849886,0.0
2021-06-20,-0.0077475883572915485,-0.010487004654110448,0.0
2021-06-21,0.0033424814765605944,0.012192990751548121,0.0
2021-06-22,-0.010707656545300316,-0.0025388126428580954,0.0
2021-06-23,-0.014913865025560998,-0.002654114159323371,0.0
2021-06-24,0.0003441047798937109,-0.007751025171488739,0.0
2021-06-25,-0.0009565058051453371,-0.01390303800092294,0.0
2021-06-26,0.011980225274120957,0.011042329807104949,0.0
2021-06-27,-0.013369284905186659,-0.003975376350943099,0.0
2021-06-28,-0.005956496873652814,0.0009506377943140234,0.0
2021-06-29,0.009883792008513415,-0.008411168091359358,0.0
2021-06-30,0.003222641588686193,-0.008251182274563068,0.0
2021-07-01,-0.005999016658267379,0.00041943326894986637,0.0
2021-07-02,-0.00854038908324757,-0.002044698645556198,0.0
2021-07-03,0.006448048650160059,0.01156063074011673,0.0
2021-07-04,-0.0008041896599335119,0.008086496220777301,0.0
2021-07-05,-0.008727292753979076,0.006111233168518252,0.0
2021-07-06,-0.00487755711337334,0.018148770692581875,0.0
2021-07-07,-0.004492777688483412,0.0039001309924930607,0.0
2021-07-08,0.008820630154528789,-0.006060975532603403,0.0
2021-07-09,-0.02587622369034175,0.010473646816453264,0.0
2021-07-10,-0.006319580547783146,0.018345900618829885,0.0
2021-07-11,0.011499373479408145,-0.0013418057228489842,0.0
2021-07-12,-0.017378931408847706,0.0155091602748496,0.0
2021-07-13,-0.0034844682904325427,0.007255253343611894,0.0
2021-07-14,0.007655327902234204,0.0005761124541925426,0.0
2021-07-15,-0.0138178889517157,-0.014556591752455496,0.0
2021-07-16,-0.006192431667454347,-0.005130201868837296,0.0
2021-07-17,-0.0094066345517965,-0.006674388193220777,0.0
2021-07-18,0.0008660066285938868,0.010753578165491615,0.0
2021-07-19,-0.007363965231437411,-0.00722793493429299,0.0
2021-07-20,-0.0113711321146403,0.010102853835430707,0.0
2021-07-21,3.0294048385359408e-05,0.012362952239084585,0.0
2021-07-22,0.0012441817865008519,-0.0008735130843484829,0.0
2021-07-23,0.010385310754386354,-0.002848749787229452,0.0
2021-07-24,-0.004769950277729189,-0.006787039491759646,0.0
2021-07-25,-0.0024985130062887178,0.0021000763297191675,0.0
2021-07-26,-0.006584410899522806,-0.0015911340807900167,0.0
2021-07-27,0.010765740723315079,-0.0003314257990914539,0.0
2021-07-28,0.011099364258667128,-0.0027978222057545637,0.0
2021-07-29,-0.008821474324402386,0.00011735714376599293,0.0
2021-07-30,-0.022021641926395503,0.017684563116891875,0.0
2021-07-31,0.0183551845035651,0.0005275926384827454,0.0
2021-08-01,-0.019317171486426074,-0.006100939859758487,0.0
2021-08-02,-0.01820088042435793,-0.007339999563439476,0.0
2021-08-03,-0.006334773193890323,0.005197987218859107,0.0
2021-08-04,0.01794408622743545,-0.003243654693573319,0.0
2021-08-05,0.010183411750418146,0.0024989426201618274,0.0
2021-08-06,-0.003392039833923739,0.001291474389523808,0.0
2021-08-07,0.006031773064572601,-0.005788276492281331,0.0
2021-08-08,-0.0026134604700760013,-0.018129768066313334,0.0
2021-08-09,0.010150955664943138,-0.0005507213526882969,0.0
2021-08-10,-0.005263794579776874,-0.020386552555537688,0.0
2021-08-11,0.014934585810515204,0.008758945740149737,0.0
2021-08-12,0.004873478103346482,-0.011876465968837999,0.0
2021-08-13,-0.006541683805168419,-0.004809113349768958,0.0
2021-08-14,-0.018006894636480583,-0.0016668548387468226,0.0
2021-08-15,0.010492372910182403,-0.0090271374718985,0.0
2021-08-16,0.004275122667052918,0.009951357130070676,0.0
2021-08-17,-0.010587066828569929,-0.007429814967055022,0.0
2021-08-18,-0.009978197936316567,0.001307100356766497,0.0
2021-08-19,-0.005894369217001942,0.0037755130835021213,0.0
2021-08-20,-0.004482430290060175,0.01461333368581908,0.0
2021-08-21,-0.0028193321402391054,0.009045121427949042,0.0
2021-08-22,-0.001270557527058763,0.015000640022779406,0.0
2021-08-23,-0.0011015686500009496,0.008357110019082669,0.0
2021-08-24,-0.006739404164236891,-0.01857702023767901,0.0
2021-08-25,0.01925192686840255,0.004990378567953441,0.0
2021-08-26,-0.003853084296201674,-0.003044128221687497,0.0
2021-08-27,-0.007574904529910918,0.002269018547580069,0.0
2021-08-28,0.004293021561941688,0.0013938030102038268,0.0
2021-08-29,-0.00977179202801491,0.01217625655268081,0.0
2021-08-30,0.0032686190957579883,-0.01675391517055776,0.0
2021-08-31,0.000314618325319322,0.004435895881891547,0.0
2021-09-01,0.009151288631303208,-0.0014947034127587256,0.0
2021-09-02,-0.010622119346398836,-0.012708590787189347,0.0
2021-09-03,-0.0198065315386047,-0.0025316152372943657,0.0
2021-09-04,0.010585689924985877,0.0032484525968414168,0.0
2021-09-05,-0.0028469501726900975,-0.0005663676412902625,0.0
2021-09-06,0.016196107915343358,0.00011487935427733423,0.0
2021-09-07,0.006224212614717612,-0.005668937898599189,0.0
2021-09-08,-0.0055138581439109526,0.00279964775174123,0.0
2021-09-09,0.0024527440100435127,-0.0008588563806230514,0.0
2021-09-10,-0.012576198559743857,-0.010695205193456807,0.0
2021-09-11,-0.010651477486388354,0.017352820170394325,0.0
2021-09-12,-0.0007935930982623899,-0.013570474878663948,-0.0066792202900705505
2021-09-13,0.0003482393117498376,0.01168857467962111,-0.002529822007292154
2021-09-14,-0.017513527791170064,-0.005552068679389921,-0.0034198831907554725
2021-09-15,0.006796157744961772,-0.009744667595667795,0.0
2021-09-16,0.004300787240990239,0.0055996399974064335,0.0
2021-09-17,0.009540020708576801,-0.008515161384152963,0.0
2021-09-18,-0.015157882375383042,-0.01315768690635251,0.0
2021-09-19,0.004964656908302751,-0.007304999652022661,-0.0017825643540448355
2021-09-20,-0.006831762633506429,0.01033615589445378,0.0
2021-09-21,-0.005443167767252629,-0.01532604693609335,0.0
2021-09-22,0.009640275672454466,0.01703515338971305,0.0
2021-09-23,-6.569285574425635e-05,0.009853070178721437,0.0
2021-09-24,0.005018388709452449,0.009832456050857877,0.0
2021-09-25,0.008187030291744593,0.005108969792463102,0.0
2021-09-26,0.010555430350176318,-0.008456318626243721,0.0
2021-09-27,-0.009641246740029051,-0.003838356898350907,0.0
2021-09-28,-0.009834931328159224,0.005182520525098885,0.0
2021-09-29,0.0030259758061453087,0.008768586581518816,0.0
2021-09-30,0.004987575250833055,0.007966717877071948,0.0
2021-10-01,-0.0074637324557050135,0.00043977620749408573,0.0
2021-10-02,0.003649550846054797,-0.00370621718366851,0.0
2021-10-03,-0.008727780295014184,0.025493236945114725,0.0
2021-10-04,-0.0029090654379743635,-0.010953462367893825,0.0
2021-10-05,-0.0012107215632646677,0.0010838347765768034,0.0
2021-10-06,0.002108003369382799,-0.011086845284047157,0.0
2021-10-07,0.006604552272651445,0.012582951959105195,0.0
2021-10-08,-0.003062301833370036,-0.004321429588782853,0.0
2021-10-09,0.0018434038863325447,0.006952383970174751,0.0
2021-10-10,-0.0077301584197944405,0.015765200697543398,0.0
2021-10-11,0.007747062005725719,-0.025303497211797154,0.0
2021-10-12,0.006198311203895548,-0.01049694327746075,0.0
2021-10-13,-0.004471393321955457,-0.021006901256825614,0.0
2021-10-14,0.01962195309460607,-0.01453126520184639,0.0
2021-10-15,0.00036585326760396847,-0.014658949588171604,0.0
2021-10-16,-0.0014212102874374165,-0.009256805504962239,0.0
2021-10-17,-0.002762565950731651,0.01267593697393409,0.0
2021-10-18,0.005164768845577504,-0.0012594908944719755,0.0
2021-10-19,0.00299508027189838,0.00392905952956127,0.0
2021-10-20,-0.0045797713834333995,0.015317917235242753,0.0
2021-10-21,0.0062681957917192265,0.0016620230964402868,0.0
2021-10-22,0.011848348683671635,-0.0017875279588042455,0.0
2021-10-23,0.01598696219153862,0.012062075601567197,0.0
2021-10-24,0.0073471400709600315,0.0031097164564567997,0.0
2021-10-25,-0.0008818341389070238,-0.010305470895074132,0.0
2021-10-26,-0.005074613828283515,-0.02187332483266928,0.0
2021-10-27,0.007627408608769947,-0.007799810543367567,0.0
2021-10-28,0.014648273039307404,-7.148517730168551e-05,0.0
2021-10-29,0.024090231151863064,-0.008249223838319907,0.0
2021-10-30,-0.00046607106859132574,0.005859228288990924,0.0
2021-10-31,-0.007934353386341441,0.017363568101889295,0.0
2021-11-01,-0.0069027723604068985,0.0089656721869789,0.0
2021-11-02,0.005939376204030004,-0.02548519483596995,0.0
2021-11-03,0.008905728659787247,-0.004387840674533461,0.0
2021-11-04,-0.004604678304583544,-0.010132480392770725,0.0
2021-11-05,-0.009065945758569815,0.009245958905155862,0.0
2021-11-06,-0.016375045675760886,0.005785407229905702,0.0
2021-11-07,0.009143483568815797,7.979146474718686e-05,0.0
2021-11-08,-0.012985693399597127,-0.0010644760603215502,0.0
2021-11-09,0.00726354129390444,-0.003864943465248777,0.0
2021-11-10,-0.0001336336224394127,-0.011715700989819255,0.0
2021-11-11,-0.01765304299961847,-7.69023048502621e-05,0.0
2021-11-12,-0.009872454692368568,-0.009217735345520372,0.0
2021-11-13,0.010799182445327252,-0.00327063572575513,0.0
2021-11-14,0.0011541658386738007,0.011840174253758462,0.0
2021-11-15,-0.0011653158535613382,-0.002014417350761367,0.0
2021-11-16,0.012948403116867685,0.00835950532509086,0.0
2021-11-17,0.0006182830090718121,0.00316590840637205,0.0
2021-11-18,0.001942904567325268,-0.0074709717617812265,0.0
2021-11-19,0.0020775993763101704,0.007501431108439566,0.0
2021-11-20,0.0017579775371143003,-0.0030351685606044725,0.0
2021-11-21,0.011539903355068064,0.0053523007261537725,0.0
2021-11-22,-0.004239573831223421,0.00016195176192489034,0.0
2021-11-23,0.011613231222788758,0.01205056008817897,0.0
2021-11-24,0.015798659320836655,0.006483416282115555,0.0
2021-11-25,-0.00406470551819114,0.00020149916404899976,0.0
2021-11-26,0.005542832446339809,-0.006235927787858895,0.0
2021-11-27,-0.010368986194534364,0.02194041962484821,0.0
2021-11-28,0.001675175324315098,-0.0006056980963214076,0.0
2021-11-29,0.012838512942108735,0.0029210655328126417,0.0
2021-11-30,0.01007704387248775,0.001679168295249906,0.0
2021-12-01,-0.003004988821757948,-0.002028534371931727,0.0
2021-12-02,0.006509804436144005,-0.011935516107120459,0.0
2021-12-03,0.005769215618418168,-0.0033994341942016632,0.0
2021-12-04,0.0020784286056579437,-0.008614156977560725,0.0
2021-12-05,0.0024358049007590457,0.011049964512053888,0.0
2021-12-06,0.019947521425371453,0.023223652883914307,0.0
2021-12-07,-0.02454241814247755,-0.005389141931559015,0.0
2021-12-08,-0.004910202446540432,0.001996294917221249,0.0
2021-12-09,0.009478179160519217,0.008896381422022486,0.0
2021-12-10,-0.00028031472480711454,-0.008379104963191945,0.0
2021-12-11,0.004195018373841768,-0.0055767861674765615,0.0
2021-12-12,0.0037830353328488536,-0.00621572035281274,0.0
2021-12-13,-0.0013796479313762586,0.015348895963092657,0.0
2021-12-14,0.0010001219270929303,0.006733975198149746,0.0
2021-12-15,-0.006497639423675862,-0.007907959960759452,0.0
2021-12-16,0.0007192732740072469,0.0013008951898097218,0.0
2021-12-17,0.008175061208756978,0.001081685166718634,0.0
2021-12-18,0.010620127180202853,0.000995078381351221,0.0
2021-12-19,0.0058837251748131815,-0.01842248200192305,0.0
2021-12-20,-0.0016312500990742099,-4.227927222835222e-05,0.0
2021-12-21,-0.0029891661714512856,0.002806810645771981,0.0
2021-12-22,-0.015731083895558353,0.006207872687171543,0.0
2021-12-23,-0.0010716258342126962,0.0021606597159006583,0.0
2021-12-24,-0.008547009837855111,-0.004935533589691204,0.0
2021-12-25,-0.006051090573199571,-0.0030946764772733556,0.0
2021-12-26,-0.002696018741589696,0.008902214179714363,0.0
2021-12-27,0.0012951752504130488,0.029195148042808854,0.0
2021-12-28,0.0019719694996406475,-0.007218384552578002,0.0
2021-12-29,0.0007456870572932318,0.011353900793562391,0.0
2021-12-30,-0.010258381207694916,0.012169832965572587,0.0
2021-12-31,-0.0038040453356237044,-0.000828027966650416,0.0
2022-01-01,0.0071649689643404945,-0.030657154202983965,0.0
2022-01-02,-0.0004705959666278345,0.005805180857963494,0.0
2022-01-03,0.004508454656241007,-0.004348138493162605,0.0
2022-01-04,0.0011176186014704003,-0.00590944293562179,0.0
2022-01-05,0.015115812712517702,0.005292395528154862,0.0
2022-01-06,0.01670067230432452,-0.008547714703540361,0.0
2022-01-07,0.025575288465336517,-0.00970137386286645,0.0
2022-01-08,-0.0027516903392382054,0.010097563497534911,0.0
2022-01-09,0.008624648872710755,0.010465250081520978,0.0
2022-01-10,-0.01161550556874588,0.011638376398196806,0.0
2022-01-11,0.007842076111069102,0.005697364392115878,0.0
2022-01-12,0.005398371554456149,0.001977842609422783,0.0
2022-01-13,-0.0027466598379774112,0.007280149015916721,0.0
2022-01-14,0.015034739717702502,0.012848464549385426,0.0
2022-01-15,0.002594549215148731,0.01743877908355729,0.0
2022-01-16,-0.013877760456892714,0.007842231689578918,0.0
2022-01-17,0.015417886889849127,0.010634112795602293,0.0
2022-01-18,0.002032690505521279,-0.0018614149797249804,0.0
2022-01-19,0.008884169041807475,0.013138870493208662,0.0
2022-01-20,-0.005142887500910117,0.02076379417741681,0.0
2022-01-21,-0.006209409817026933,0.02019796200239607,0.0
2022-01-22,-0.010612770566579666,0.0032384673769681018,0.0
2022-01-23,-0.009248980080884258,-0.01591702969206805,0.0
2022-01-24,0.00805239663385488,-0.006659017803425665,0.0
2022-01-25,0.006408680638159402,0.0048665900529009974,0.0
2022-01-26,-0.01477481019864243,-0.009184316595717631,0.0
2022-01-27,0.0010249372452292066,-0.005350303550986395,0.0
2022-01-28,0.0012422254954546443,0.020120561360212647,0.0
2022-01-29,-0.006463532788540059,-0.012708023169161664,0.0
2022-01-30,0.003654413862049506,-0.012783833155308079,0.0
2022-01-31,-0.006818647985413798,0.0015983682680619333,0.0
2022-02-01,0.010028132440353608,0.0012884655241443782,0.0
2022-02-02,-0.002199803671022157,0.023504268214529004,0.0
2022-02-03,0.0021216942698266982,0.005634618086233097,0.0
2022-02-04,-0.033076536258105145,0.007271805310834563,0.0
2022-02-05,-0.0044351300111832095,0.00531819076108131,0.0
2022-02-06,0.0001558279539480613,-0.013106176943259037,0.0
2022-02-07,-0.006252242533066807,-0.016933139001559284,0.0
2022-02-08,-0.002378383135522419,-0.013731574189216065,0.0
2022-02-09,-0.009443187068200484,-0.000659739692045985,0.0
2022-02-10,0.007894443401652962,-0.01562114243044824,0.0
2022-02-11,-0.010402573709142141,0.009166999313479907,0.0
2022-02-12,-0.0035974129529715297,0.0009541130375690122,0.0
2022-02-13,0.0131565142405538,0.006501505842145645,0.0
2022-02-14,0.01052373496126479,0.0073534184982597985,0.0
2022-02-15,-0.0010064607359784397,0.0017064340769594292,0.0
2022-02-16,-0.01303770426189359,-0.01604248968275784,0.0
2022-02-17,-0.019211386479417822,-0.007841938239791056,0.0
2022-02-18,0.003203015214234699,0.002173497872390359,0.0
2022-02-19,0.0012806213184962025,-0.01460147838742563,0.0
2022-02-20,-0.00368921676844742,-0.002551104029703024,0.0
2022-02-21,-0.003682292321824876,-0.012452121741315663,0.0
2022-02-22,0.01952865757154168,0.0058598109943087005,0.0
2022-02-23,0.0077849515964186,0.004391676140859956,0.0
2022-02-24,-0.0005978910677775435,0.000967532036650587,0.0
2022-02-25,-0.002726742122813759,0.004993885569725105,0.0
2022-02-26,-0.004003256574790796,0.010169537092543682,0.0
2022-02-27,0.0025440517554427716,0.0003842791829089033,0.0
2022-02-28,-0.0031267701996371593,0.0028659916184984287,0.0
2022-03-01,0.00038370739622174135,0.009330743491745038,0.0
2022-03-02,-0.004808056843595428,0.0028310373755270914,0.0
2022-03-03,0.006695124215558622,0.001033521166082623,0.0
2022-03-04,0.0018104497484720415,-0.0014641394715913729,0.0
2022-03-05,-0.011516889336636915,-0.004133498356040977,0.0
2022-03-06,0.027498326175885206,-0.006953576599968315,0.0
2022-03-07,0.0023065165527057117,0.005658880262490989,0.0
2022-03-08,-0.0048918205213388105,0.0025875778235022553,0.0
2022-03-09,-0.0122451682204476,-0.0036669595213577218,0.0
2022-03-10,0.00039604039393547523,0.01086848166704372,0.0
2022-03-11,-0.0062862125457887165,0.012338612834434633,0.0
2022-03-12,0.01608922430715776,0.001681057577436169,0.0
2022-03-13,0.004735714782659945,-0.007866780725037784,0.0
2022-03-14,-0.006093627699446431,0.004184191296660643,0.0
2022-03-15,-0.017430022232673793,0.0008061432886613216,0.0
2022-03-16,0.00749233039644505,0.006569784594867004,0.0
2022-03-17,-0.016532537651513267,0.0011626384596662453,0.0
2022-03-18,0.00441705943659776,0.01081945365328733,0.0
2022-03-19,0.000994193999294984,-0.01051361078278217,0.0
2022-03-20,-0.02700311875537706,0.0002941247211421276,0.0
2022-03-21,-0.002806697597519999,-0.002381506180694434,0.0
2022-03-22,0.015670928741907814,0.004106943812440822,0.0
2022-03-23,-0.009030290011059818,-0.006311859323548309,0.0
2022-03-24,-0.02224905824648038,-0.006709618091064028,0.0
2022-03-25,-0.017012252231782904,-0.013091987288028026,0.0
2022-03-26,-0.001242071787628932,0.0005698604478725603,0.0
2022-03-27,0.0023769199838648263,0.017964116604772807,0.0
2022-03-28,0.0076664512294961264,0.017120635814866357,0.0
2022-03-29,0.002163447195674615,-0.0037656456986033164,0.0
2022-03-30,-0.009692819373798307,0.0001828190714768618,0.0
2022-03-31,-0.004735804838927014,0.004160079086687245,0.0
2022-04-01,-0.002735879763037435,-0.015939373539556632,0.0
2022-04-02,-0.0020382642054568626,0.007009420127176347,0.0
2022-04-03,-0.012714914489653464,0.013934810751457265,0.0
2022-04-04,0.005762310660962768,-0.0009660369083389688,0.0
2022-04-05,0.01016866316957469,-0.017774263136539428,0.0
2022-04-06,-0.001765485828557076,-0.014331244761978498,0.0
2022-04-07,0.001028951690873934,0.0057555907535657815,0.0
2022-04-08,-0.01277211898702811,-0.003214959872415659,0.0
2022-04-09,0.0016125480186978973,-0.0009553503681336065,0.0
2022-04-10,-0.008249324731510613,0.006620143331016585,0.0
2022-04-11,-0.009097507898721633,0.0006457405674731646,0.0
2022-04-12,0.007413842080153684,-0.00307482645321512,0.0
2022-04-13,0.0009329508411124885,-0.003076977484312483,0.0
2022-04-14,-0.005004888080394137,-0.017903530256620438,0.0
2022-04-15,-0.016495749612839943,0.012566995411033325,0.0
2022-04-16,-0.00019729628534495197,0.013272589452595405,0.0
2022-04-17,0.015732492326070113,-0.004276181682042553,0.0
2022-04-18,0.0028648992412278113,0.004055845573240699,0.0
2022-04-19,0.0020539274831197617,-0.007982650150400939,0.0
2022-04-20,0.011744196855320419,0.006890371168649711,0.0
2022-04-21,0.02058338244991484,0.0003499214932021487,0.0
2022-04-22,0.005642990939216013,-0.004365651439795298,0.0
2022-04-23,0.010128318318625023,-0.0055975626946874754,0.0
2022-04-24,0.002144216611315063,0.01124347607335271,0.0
2022-04-25,0.0050378619559440785,0.0005259220671924206,0.0
2022-04-26,0.004658007948868693,0.005684289521699015,0.0
2022-04-27,0.011200528251380033,-0.0073931342436374115,0.0
2022-04-28,-0.004256541827575754,0.027153661180494146,0.0
2022-04-29,0.0035374971091801065,0.004431470182281304,0.0
2022-04-30,0.0034765742596018297,-0.011966312613724547,0.0
2022-05-01,-0.0004055697374400395,0.013925750326543885,0.0
2022-05-02,-0.005414376592759755,-0.010529644938116464,0.0
2022-05-03,0.008482571736193817,0.012388178582737181,0.0
2022-05-04,-0.0031840159418879744,0.010843804329274223,0.0
2022-05-05,-0.014673231846949901,0.019582002410889147,0.0
2022-05-06,0.007649407124461532,-0.0017962639981547676,0.0
2022-05-07,-0.013520560459558281,-0.014294469758303029,0.0
2022-05-08,0.00824831137633485,0.005867880648033602,0.0
2022-05-09,-0.024140933212355355,0.009132028338211523,0.0
2022-05-10,0.0007150399097051862,0.003809506596294714,0.0
2022-05-11,0.018395186962793214,0.001907037848309429,0.0
2022-05-12,-0.0013327047493698627,0.018021816821821728,0.0
2022-05-13,0.01221127693714917,0.011734747432570677,0.0
2022-05-14,-0.003158909957320653,-0.007508077436542659,0.0
2022-05-15,-0.006762509939387208,0.00475413250714568,0.0
2022-05-16,-0.0020266515974335223,-0.011077605807453036,0.0
2022-05-17,0.010146669188814806,-0.0017231606402521723,0.0
2022-05-18,0.013456883947587995,-0.016697250301217166,0.0
2022-05-19,0.014825677967817157,-0.00800648950256569,0.0
2022-05-20,0.009569015252415877,-0.010447531321455199,0.0
2022-05-21,0.0005327002247505063,-0.01752803101652055,0.0
2022-05-22,-0.019014333105701966,-0.00017580516499670054,0.0
2022-05-23,-0.006699532432061822,0.0029038631538834533,0.0
2022-05-24,0.015606799875640886,-0.005215266728820205,0.0
2022-05-25,-0.015187930207863123,-0.014552222522379277,0.0
2022-05-26,0.005435341979761069,0.01567372512199817,0.0
2022-05-27,0.004900879693457701,-0.0010690166959306992,0.0
2022-05-28,-0.01600835140974022,-0.00413749386457431,0.0
2022-05-29,0.003931446790661609,-0.005059532231516118,0.0
2022-05-30,-0.0033879718645595733,0.010054019681249159,0.0
2022-05-31,0.002435215086820509,-0.010682038583603837,0.0
2022-06-01,-0.0005872782249826985,0.0005069499557301319,0.0
2022-06-02,-0.001673733592688245,-0.012879174081879973,0.0
2022-06-03,-0.00872807308779764,0.010290123385319237,0.0
2022-06-04,-0.019426532453185492,-0.008705702372960726,0.0
2022-06-05,0.017879016393740857,-0.009927765807267893,0.0
2022-06-06,-0.008229066440081662,0.005327738700170247,0.0
2022-06-07,-0.0022729749363571933,0.004307839587877931,0.0
2022-06-08,-0.003434682453696445,0.008539977361089262,0.0
2022-06-09,-0.0026173734520305754,0.006336081808580726,0.0
2022-06-10,-0.007092655924946157,0.018895172598440917,0.0
2022-06-11,0.0058537311822776895,-0.008419120203348734,0.0
2022-06-12,0.00025576787240692215,0.004574901453834972,0.0
2022-06-13,-0.004505846271240664,0.007359379551494191,0.0
2022-06-14,-0.005580285506850051,0.003812501343951333,0.0
2022-06-15,0.00538616324863893,0.014068209785518647,0.0
2022-06-16,-0.008713358280585275,0.00995301626982885,0.0
2022-06-17,0.005677384700181748,0.004486241218411723,0.0
2022-06-18,0.013617900410278255,0.01313499262566473,0.0
2022-06-19,0.011098274572803123,-0.0050456894147610665,0.0
2022-06-20,0.006103256008097443,0.0025978416585673604,0.0
2022-06-21,-0.015952898487193466,-0.005388017614601472,0.0
2022-06-22,0.007887147538238683,0.012855552690445837,0.0
2022-06-23,0.0033924567210493308,-0.00724112988319415,0.0
2022-06-24,0.014398190663505577,-0.007888992686209477,0.0
2022-06-25,-0.004663617757246587,0.004303456490619827,0.0
2022-06-26,-0.0036512415935891994,0.0009432933178955165,0.0
2022-06-27,0.015406568697665437,-0.011035405468656426,0.0
2022-06-28,-0.006972940160179076,0.0005377969134891922,0.0
2022-06-29,0.012449542583274782,0.012278640534579792,0.0
2022-06-30,0.004421194517670881,0.0006146219269413168,0.0
2022-07-01,-0.02349494106893157,-0.012712954703557383,0.0
2022-07-02,-0.003532271559645102,-0.002256019162190624,0.0
2022-07-03,-0.003714264816906925,-0.011217811014460788,0.0
2022-07-04,-0.012439192046459087,-0.009224137651890365,0.0
2022-07-05,-0.01802453888258893,0.008322317539893532,0.0
2022-07-06,0.0014986792470469657,0.004709503841304592,0.0
2022-07-07,-0.009454852467415576,0.013116873221010074,0.0
2022-07-08,-0.00597970858520417,-0.008133781469223274,0.0
2022-07-09,-0.00875920434477896,-0.002275599720738373,0.0
2022-07-10,-0.0017454399604276537,-0.011069627998455215,0.0
2022-07-11,0.005640409875128854,0.00886228535562081,0.0
2022-07-12,0.008679021990208962,-0.009333680967488716,0.0
2022-07-13,0.005800985546400061,-0.009929034877643881,0.0
2022-07-14,-0.002940501727504198,-0.011686415116527822,0.0
2022-07-15,-0.0010111264034571156,0.005498343171362793,0.0
2022-07-16,0.00639687168276857,0.0030316539081973494,0.0
2022-07-17,0.013051599974124826,0.001191748980114141,0.0
2022-07-18,-0.0002452763133146239,0.012517470020366251,0.0
2022-07-19,-0.012185585901709007,0.0011261549297563085,0.0
2022-07-20,0.0035644898176763118,-0.007121834192298766,0.0
2022-07-21,0.006939275281441738,0.021168775644214217,0.0
2022-07-22,-0.003989243553531264,-0.006023149182217705,0.0
2022-07-23,0.012502418300674603,-0.005399282830565435,0.0
2022-07-24,-0.004110210713259306,0.012995798465375848,0.0
2022-07-25,0.0006535684260072184,0.0009828405484362992,0.0
2022-07-26,0.004349437896070888,0.00336556788066532,0.0
2022-07-27,0.016657282043740937,-0.014822753860146254,0.0
2022-07-28,-0.011168114654664172,-0.006734475826021955,0.0
2022-07-29,0.005991291414622172,-0.008268760621224856,0.0
2022-07-30,0.00843436173640739,0.004362630565740595,0.0
2022-07-31,-0.0005588593797922814,-0.0022652874499189198,0.0
2022-08-01,0.010878619272982334,0.005017182054506019,0.0
2022-08-02,-0.005902809787862311,-0.006932400413327633,0.0
2022-08-03,-0.011062111788130422,-0.0021895147182552604,0.0
2022-08-04,-0.011828868216441855,0.004004174884339931,0.0
2022-08-05,-0.00629461075748343,-0.01148537359738554,0.0
2022-08-06,-0.010232043451464114,-0.008997347675134049,0.0
2022-08-07,0.005603526273511279,0.011251272607050824,0.0
2022-08-08,0.0006804052494310584,-0.004884888416641348,0.0
2022-08-09,-0.013882678535892876,0.022625814361168454,0.0
2022-08-10,0.016381637153827254,0.00813608222516856,0.0
2022-08-11,0.0030291389977298443,0.007327920439183863,0.0
2022-08-12,-0.01598277945821271,-0.0008896469014123648,0.0
2022-08-13,-0.018014996195246286,0.004266138948347473,0.0
2022-08-14,0.001202433844086315,0.0014849651343283243,0.0
2022-08-15,0.014168552780615531,-0.013375024797661403,0.0
2022-08-16,-0.0025715405787854364,-0.004527502259018739,0.0
2022-08-17,0.01023354686971449,-0.003125430886166613,0.0
2022-08-18,0.016898185986855548,0.008466517924412277,0.0
2022-08-19,0.007840617471036737,-0.0020087874295996438,0.0
2022-08-20,-0.0027062368302020936,-0.024154189903857187,0.0
2022-08-21,-0.012586623389023822,0.0021722303608820697,0.0
2022-08-22,-0.006079650995580252,-0.0023051142443340613,0.0
2022-08-23,0.013902298513117917,0.0056077607639077875,0.0
2022-08-24,0.0008175474682620118,0.00265552718777566,0.0
2022-08-25,-0.009433632977722399,-0.01267498359794538,0.0
2022-08-26,-0.003565029490984218,-0.015025255944974536,0.0
2022-08-27,-0.0014613375675990696,-0.006624155408040137,0.0
2022-08-28,0.011903099644725704,-0.009518653048337697,0.0
2022-08-29,-0.005269024224246308,-0.0009137773202880575,0.0
2022-08-30,0.01943208936480099,-0.005881894295900523,0.0
2022-08-31,0.002888533590986776,-0.0019589459941681286,0.0
2022-09-01,0.004210360550118551,0.0052224362725087825,0.0
2022-09-02,-0.01066704584604121,-0.0029189351319210553,0.0
2022-09-03,0.004712854905590557,-0.004931419667431543,0.0
2022-09-04,0.0032606478375077504,0.005378699861986799,0.0
2022-09-05,0.007894607646012323,0.009388079443858381,0.0
2022-09-06,-0.006541577054369583,0.005750382875189564,0.0
2022-09-07,0.0027734054058368486,-0.015280973945601196,0.0
2022-09-08,-0.01491877929736024,0.0014570178179225855,0.0
2022-09-09,-0.009598588660921496,-0.002329753313556511,0.0
2022-09-10,0.024031683297722286,0.009751377330686989,0.0
2022-09-11,-0.0041664446883552,-0.024667329979910183,0.0
2022-09-12,-0.007336731953285255,-0.000657439219982483,0.0
2022-09-13,0.009453586039871951,0.0004390940925925365,0.0
2022-09-14,-0.001344550282158338,0.004482297546032593,0.0
2022-09-15,0.026948464307783606,-0.0034982453429242178,0.0
2022-09-16,0.0011424442854837135,-0.003810723302693497,0.0
2022-09-17,0.00757082061035319,0.0010055129834455557,0.0
2022-09-18,-0.0022468859022677567,-0.014758957336079334,0.0
2022-09-19,0.011984275564128233,0.0011391120220729657,0.0
2022-09-20,0.0008207101404715259,-0.0158600450588487,0.0
2022-09-21,0.028057019845744526,-0.008440337021972196,0.0
2022-09-22,-0.006826793422930425,0.008377309935712576,0.0
2022-09-23,0.005006717093959664,0.004074048627150304,0.0
2022-09-24,0.007771576638829349,0.004170407122875616,0.0
2022-09-25,-0.011137962143421349,0.011450551397145015,0.0
2022-09-26,-0.005008521941391373,0.004426585956696949,0.0
2022-09-27,-0.007584226847141951,0.003597404077627078,0.0
2022-09-28,-0.016766791638214828,-0.0073592906233823354,0.0
2022-09-29,0.00341249254193929,-0.006291261745587755,0.0
2022-09-30,-0.0289282946967258,0.014201543381250159,0.0
2022-10-01,-0.013034491157199601,-0.007111775856586159,0.0
2022-10-02,-0.011461321854048901,0.009954518350892347,0.0
2022-10-03,0.002929024129075392,0.004481403275150079,0.0
2022-10-04,-0.0014371604607584037,0.016451716127136657,0.0
2022-10-05,0.01063268302880001,-0.006734388307160356,0.0
2022-10-06,0.012269517162766566,0.011372524742518311,0.0
2022-10-07,0.0017322489236349342,-0.005198595128247523,0.0
2022-10-08,-0.009779969427432261,-0.002982495765123781,0.0
2022-10-09,0.007298626411406263,0.017892704077435657,0.0
2022-10-10,-0.007376088060182502,0.01687879135907348,0.0
2022-10-11,-0.003233459654410542,0.002661087524211637,0.0
2022-10-12,0.0003975449599585143,0.014980370726570588,0.0
2022-10-13,0.015200484543986861,0.0060496672691513955,0.0
2022-10-14,0.027164333253119174,-0.0001040056973444598,0.0
2022-10-15,0.012764868703215018,0.01069727593175617,0.0
2022-10-16,-0.00447367699172845,-0.011717970437494524,0.0
2022-10-17,0.009847995008680012,-0.011687392762966292,0.0
2022-10-18,0.013365612383904149,-0.026730480882599928,0.0
2022-10-19,-0.008271216978697614,0.003105265402932071,0.0
2022-10-20,0.0019899681845286644,-0.007636853884247988,0.0
2022-10-21,-0.006318213719260032,-0.003626480735239315,0.0
2022-10-22,-0.005740354698175489,0.0009422941237774294,0.0
2022-10-23,0.0014719240667030442,0.00023786384324544338,0.0
2022-10-24,0.0020128458275586554,0.006622680629053051,0.0
2022-10-25,-0.0072370414349904304,0.00029687353437050305,0.0
2022-10-26,0.0007836765619648799,0.012829495144502082,0.0
2022-10-27,-0.01196568781007497,-0.016750202819293666,0.0
2022-10-28,-0.00115138975322883,0.010024612861226467,0.0
2022-10-29,0.0020187163548770074,0.010838972605877059,0.0
2022-10-30,-0.004220859664318974,-0.0029379743481188453,0.0
2022-10-31,-0.01499313239957368,0.015481562839975146,0.0
2022-11-01,-0.007282456016437153,-0.0015496371563308979,0.0
2022-11-02,0.004415106618991448,0.0226920865652323,0.0
2022-11-03,0.010217461626062707,0.014359306898619403,0.0
2022-11-04,0.010087674315004055,0.005165120263351945,0.0
2022-11-05,0.010744152477254083,0.0013329230432422416,0.0
2022-11-06,0.018035637197322242,0.006277641584866829,0.0
2022-11-07,-0.003917218403630449,0.0036393504718974772,0.0
2022-11-08,0.012015450870526167,0.001142031571877545,0.0
2022-11-09,-0.007681590303164884,0.004403240229484212,0.0
2022-11-10,0.017998580251055607,0.013850135222985512,0.0
2022-11-11,0.010266053043590111,-0.0008844927183424048,0.0
2022-11-12,-0.00972502877029751,-0.007498739780480315,0.0
2022-11-13,0.007411411465800405,0.021297577597358647,0.0
2022-11-14,0.010510282591952273,0.003031283946863004,0.0
2022-11-15,-0.007714777661564015,0.007299935551400187,0.0
2022-11-16,0.0038255833373850847,-0.00016294963595664443,0.0
2022-11-17,0.00924572880002362,-0.005009302070738679,0.0
2022-11-18,0.019113499036171967,0.01069566845076889,0.0
2022-11-19,-0.005130552431790133,0.013125622038216536,0.0
2022-11-20,0.01603061851196779,-0.0035226868738737994,0.0
2022-11-21,-0.009692921262905548,-0.005865350803728199,0.0
2022-11-22,-0.007892596177837401,0.002560312865257371,0.0
2022-11-23,0.013996422147370227,0.0044403611911098114,0.0
2022-11-24,0.008010216442665637,-0.0035403359763307445,0.0
2022-11-25,-0.00719934252167462,0.010457790815461797,0.0
2022-11-26,0.015918982771918114,0.003366874709074978,0.0
2022-11-27,0.005566490338061749,-0.008221384321837156,0.0
2022-11-28,0.0024168700649244415,-0.0005366269113389647,0.0
2022-11-29,-0.00235077005640074,0.0017960318868117673,0.0
2022-11-30,-0.025530340952432732,0.0022128324547088796,0.0
2022-12-01,0.0005554185850819101,-0.004285946142206963,0.0
2022-12-02,0.010002467326025674,0.007413808716480409,0.0
2022-12-03,-2.955183136395849e-05,-0.008650644150012056,0.0
2022-12-04,0.0077512244327214265,0.005397723272433169,0.0
2022-12-05,-0.000566173466728625,-0.0002136720760499882,0.0
2022-12-06,0.014366056243167943,-0.008866159335967669,0.0
2022-12-07,-0.028781478963227875,-0.006542585374574631,0.0
2022-12-08,0.0053123338144584345,-0.015049564605816091,-0.000824230525055536
2022-12-09,-0.008922306467319232,-0.015200229458004146,0.0
2022-12-10,0.0024833740607981022,-0.015242000341744014,0.0
2022-12-11,0.007034364986598409,0.0025978986886744525,0.0
2022-12-12,0.012055984995956035,-0.001147159500937236,0.0
2022-12-13,0.008567835738662667,-0.011879026143543978,0.0
2022-12-14,0.012517132246560456,-0.006615560757201166,0.0
2022-12-15,-0.00972454927954197,-0.011147089932670877,-0.0003492881444665738
2022-12-16,0.001789886155315008,0.008150123417501905,-0.003425418862898301
2022-12-17,-0.021618424730687133,-0.006346454076752524,-0.004435003111305957
2022-12-18,0.00373922475034172,-0.0020120016632003404,-0.004688509696393187
2022-12-19,-0.016330447844804627,0.00603396367053219,-0.004698243647590257
2022-12-20,0.011050517771844143,0.003184616012347429,-0.003333683616838466
2022-12-21,0.0022896114143930745,0.011193211334795661,-0.007619580810518042
2022-12-22,-0.0025817921478347916,-0.0019824864134464293,-0.00400833953359489
2022-12-23,-0.006290785649708502,-0.016019549708713603,-0.004055823126992965
2022-12-24,0.002057338443456345,0.004557933577338635,-0.0019169281497614793
2022-12-25,-0.0058690499080825435,0.006344100650316628,-0.002755007589014598
2022-12-26,-0.014193400193573697,-0.017125134275482384,-0.0025769637729872313
2022-12-27,0.004125468755194162,-0.0020634755112172616,0.0
2022-12-28,-0.008539120018960037,0.0030296507972350697,0.0
2022-12-29,0.004894939274005565,-0.003956595825950573,0.0
2022-12-30,-0.009543297214532091,-0.000474972832409052,0.0
2022-12-31,-0.012152452005751786,-0.013944014585454283,0.0
2023-01-01,0.022543511613811882,-0.00941507302592702,0.0
2023-01-02,0.006107405257048415,-0.01178878183594643,0.0
2023-01-03,0.012248686081854112,0.014392766602430383,-0.0036718597339980216
2023-01-04,-0.002586784031726088,0.0011561005560053407,-0.0015146734496596578
2023-01-05,-0.0003574664121947127,-0.003892651399242166,0.0
2023-01-06,-8.003398585748794e-05,-0.008975420148793945,0.0
2023-01-07,0.019818457907169792,0.0008439406407014028,0.0
2023-01-08,0.00679846450112694,0.0011962188169721139,0.0
2023-01-09,0.0010240065998561537,-0.002385881444287276,0.0
2023-01-10,-0.00038875816822974823,-0.011345791968457804,0.0
2023-01-11,0.0006746476029303029,-0.009306036671264463,0.0
2023-01-12,0.010675808590299912,-0.014690061345145724,0.0
2023-01-13,0.0005012493768667712,-0.01738302607335698,0.0
2023-01-14,0.0007902274581167503,0.0034352827534301616,0.0
2023-01-15,0.01386071569105253,-0.005804664502187612,0.0
2023-01-16,0.010075683879873234,0.004693574928782358,0.0
2023-01-17,0.008321127964261337,-0.00139393195761865,0.0
2023-01-18,0.020075995963882685,-0.0025261769366520114,0.0
2023-01-19,-0.000658388765915276,-0.003256315315893069,0.0
2023-01-20,-0.011034467542074185,-6.261996695882085e-05,0.0
2023-01-21,-0.015981834612216902,0.01852734752856155,0.0
2023-01-22,-0.00035513354464307477,0.005962253657238799,-0.004925752968518819
2023-01-23,0.002712845730710061,-0.00774358191638942,-0.009231722058496067
2023-01-24,0.010113225517093257,0.010630175269036946,-0.008236774828382615
2023-01-25,-0.014107115245771601,0.00017550281569396475,-0.00732556514328294
2023-01-26,-0.013221535477619725,-0.013692424518311057,-0.005976334903716206
2023-01-27,-0.001980623060003554,-0.02107901995270346,-0.002197903168640318
2023-01-28,-0.0026934959577840944,-0.01769668577159555,0.0
2023-01-29,-0.01399772258731931,0.005947317651855031,0.0
2023-01-30,-0.00169017748748509,0.007208722103077935,0.0
2023-01-31,0.007100592586708735,-0.00999223042709304,0.0
2023-02-01,-0.0024301523052646648,-0.0019381615375993952,0.0
2023-02-02,0.023521002239773083,-0.013411367778331976,0.0
2023-02-03,0.007289459859713158,-0.001402993536126361,0.0
2023-02-04,-0.008246719119732628,0.009088995293689563,0.0
2023-02-05,-0.002303071018352785,0.0035785118568797463,0.0
2023-02-06,-0.014549612396943572,-0.0039008459425354317,0.0
2023-02-07,0.021577188712155315,-0.008903422052429586,0.0
2023-02-08,-0.0029955053311774703,0.001497067989860467,0.0
2023-02-09,-0.0033601686004349424,0.003875105864600977,0.0
2023-02-10,0.007102360738223933,-0.004270384379242156,0.0
2023-02-11,-0.0036152207734819414,-0.0015593036313979276,0.0
2023-02-12,-0.007076294096695617,0.00854371498886104,0.0
2023-02-13,-0.0010524748021209678,0.0010852094981561083,0.0
2023-02-14,0.009880211282171954,-0.012633299583812771,0.0
2023-02-15,0.009947820768393355,0.011701964879199373,0.0
2023-02-16,-0.014269175588048407,-0.0011061396535448926,0.0
2023-02-17,-0.016945654939951774,-0.018631265447437987,0.0
2023-02-18,0.004061072260361987,0.011269185687349472,0.0
2023-02-19,-0.00366430775115102,0.01466173048701978,0.0
2023-02-20,-0.005169590074448535,0.0038018228564115613,0.0
2023-02-21,0.010190403004585003,-0.0057903190175577065,0.0
2023-02-22,0.004045721790228287,-0.01080598080683849,0.0
2023-02-23,-0.0056097146089161345,-0.004572398936279151,0.0
2023-02-24,0.00578571262359963,-0.020055947315359073,0.0
2023-02-25,-0.007957898878310414,0.005215745806727407,0.0
2023-02-26,-0.005643345960922301,0.00529513058623715,0.0
2023-02-27,0.018492992884012373,-0.01028883597075433,0.0
2023-02-28,-0.002871615693596594,0.016991257757968257,0.0
2023-03-01,0.005179506447511138,0.00864513645083739,0.0
2023-03-02,-0.0030373112412768835,0.015333412054238299,0.0
2023-03-03,-0.00358454334870276,0.005752103914432584,0.0
2023-03-04,-0.01162320248980709,0.012773308506119836,0.0
2023-03-05,-0.011857138311568765,0.004083553039048441,0.0
2023-03-06,0.012460850281532534,-0.010039789862088247,0.0
2023-03-07,0.022052001581676268,0.001185275954738962,0.0
2023-03-08,0.006672111880368118,-0.012734119693357642,0.0
2023-03-09,0.00568575567114983,-0.009236703094474073,0.0
2023-03-10,-0.005675237300568076,-0.0008657783932892542,0.0
2023-03-11,-0.0007287283665458031,-0.011224897469397524,0.0
2023-03-12,0.015212963616815338,-0.013785090395611311,0.0
2023-03-13,0.026330958345853674,0.0061527890893761285,0.0
2023-03-14,0.007103351841041099,-0.0018475143875450737,0.0
2023-03-15,0.004112435606981244,-0.0016136527016640278,0.0
2023-03-16,0.011278866225273982,0.0018013818638533744,0.0
2023-03-17,0.0015289416175491895,-0.013831547452550372,0.0
2023-03-18,-0.007594679595595122,0.0012314188389669779,0.0
2023-03-19,-0.008836971659130447,-0.008899704006607702,0.0
2023-03-20,-0.0026558359889157844,0.003845774292918724,0.0
2023-03-21,-0.003997926667358813,0.0030351664347776303,0.0
2023-03-22,-0.02393179310563322,0.00039145815602911093,0.0
2023-03-23,-0.018161096077360054,0.01505090179347529,0.0
2023-03-24,0.008242339468069512,0.001372181348090478,0.0
2023-03-25,0.009832565104815389,0.005042665832696833,0.0
2023-03-26,0.008360616036748394,0.0015930414193662474,0.0
2023-03-27,-0.002242338420169858,0.0033970472138034934,0.0
2023-03-28,-0.006773826564760256,0.012333151204420858,0.0
2023-03-29,-0.0004038830391667286,0.020463215590828213,0.0
2023-03-30,0.0033246711840006563,0.0025842645553714612,0.0
2023-03-31,-0.004846526384590243,-0.0021297621542090946,0.0
2023-04-01,0.01114147943696422,-0.002394554596682904,0.0
2023-04-02,-0.00689627258318818,-0.001069278481921826,0.0
2023-04-03,-0.02378451840000227,0.012787415318649223,0.0
2023-04-04,0.006971111857722279,-0.005399687696838656,0.0
2023-04-05,0.009222717894015105,-0.012879775618029544,0.0
2023-04-06,-0.0017263699086276444,-0.026517539298301033,0.0
2023-04-07,0.010647016514340841,-0.002590103078280925,0.0
2023-04-08,0.01219670466987153,-0.0002368116721782312,0.0
2023-04-09,-0.025946368164818993,-0.0034753897478695846,0.0
2023-04-10,0.00430566489255381,-0.0020562955383941726,0.0
2023-04-11,-0.012108046890245333,-0.00023191207482475373,0.0
2023-04-12,0.007152268618367128,-0.007963074776827199,0.0
2023-04-13,0.0027772578666394898,-0.00039272130396878554,0.0
2023-04-14,0.008704040706946983,-0.010300027442162945,0.0
2023-04-15,-0.002517669503220983,-0.00319842979207885,0.0
2023-04-16,-0.005930805424524084,0.023044610187347568,0.0
2023-04-17,0.0030158520890754136,0.004510777767939707,0.0
2023-04-18,0.024911009679610033,0.0014011176649976504,0.0
2023-04-19,0.004655716555758966,-0.0014606083536095804,0.0
2023-04-20,-0.010374685758650472,0.00021499031177725993,0.0
2023-04-21,-0.00010307205231524054,0.012767585736152503,0.0
2023-04-22,-0.0022956178364745877,-0.007998546006422198,0.0
2023-04-23,0.013218416342390286,-6.201855757774697e-05,0.0
2023-04-24,0.0015927739784722813,-0.002807803405339902,0.0
2023-04-25,-0.002890481510276625,0.010839635572338926,0.0
2023-04-26,0.0021022484472767167,0.005220303112500763,0.0
2023-04-27,-0.006904590978248943,-0.006887604207084881,0.0
2023-04-28,0.0051302030563729695,-0.01895227810630618,0.0
2023-04-29,-0.010771416167153755,0.006740328346385012,0.0
2023-04-30,-0.00433935247075481,0.012230808568925562,0.0
2023-05-01,0.0024564510332174016,-0.005967537285437419,0.0
2023-05-02,-0.01360338156339335,0.01377541916850285,0.0
2023-05-03,-0.013260611472521774,-0.014809147566636434,0.0
2023-05-04,-0.007558218387877609,-0.013974471969523835,0.0
2023-05-05,0.015216094112199074,-0.018323423482746896,0.0
2023-05-06,0.008961620604176537,0.00524558320047195,0.0
2023-05-07,0.0010620270087672004,-0.004682500924678696,0.0
2023-05-08,0.01065835908439398,0.00621610412510074,0.0
2023-05-09,0.009252914883181348,-0.028423863702193197,0.0
2023-05-10,-0.005695534222790907,0.005497270813999564,0.0
2023-05-11,-0.010733247529683623,0.00015577222225969785,0.0
2023-05-12,0.012777149570334143,0.015256179244119499,0.0
2023-05-13,-0.006182160870370215,0.004655366000877533,0.0
2023-05-14,0.007105865999196583,-0.014749981137728683,0.0
2023-05-15,-0.015323931916481903,0.015684000669247918,0.0
2023-05-16,-0.0003045779344649713,0.0005869844233380251,0.0
2023-05-17,-0.012118147360983938,0.011985498423415418,0.0
2023-05-18,0.007295146644407833,-0.009591857859296768,0.0
2023-05-19,0.0083219848704746,0.0034341600955459864,0.0
2023-05-20,0.004587601712659923,0.009093371444196566,0.0
2023-05-21,0.008594749191641498,0.010135863226445148,0.0
2023-05-22,-0.004959266730441218,0.007644862304925754,0.0
2023-05-23,0.004667376653892019,-0.012214958108994962,0.0
2023-05-24,0.006645708571873286,-0.003474071028086043,0.0
2023-05-25,-0.008336759571286453,-0.010472438324581737,0.0
2023-05-26,0.006770337055097196,0.0028204181167554732,0.0
2023-05-27,0.003399650506368118,-0.017828744062735376,0.0
2023-05-28,0.0053485763919603425,0.01603307020881366,0.0
2023-05-29,-0.0018941431754826126,-0.008618166081164821,0.0
2023-05-30,3.955461484616886e-07,0.007136364006077818,0.0
2023-05-31,0.005456357116735423,-0.010380403264662075,0.0
2023-06-01,0.0017575488054856665,0.02209835748332314,0.0
2023-06-02,0.006372270765485254,0.017671203435610433,0.0
2023-06-03,-0.013112071790147164,-0.017486097430304843,0.0
2023-06-04,0.01020980979789222,-0.017045004277057012,0.0
2023-06-05,-0.007564313379228443,0.003326583083708537,0.0
2023-06-06,0.011194934894864396,-0.01637469169718803,0.0
2023-06-07,-0.014153503777334103,-0.0022106022057079666,0.0
2023-06-08,-0.00582885090745357,0.009439424420767348,0.0
2023-06-09,0.003085662972148403,-0.010115313811927552,0.0
2023-06-10,0.004561110271565112,-0.005603527158611847,0.0
2023-06-11,-0.004158448210754366,-0.004944078951080884,0.0
2023-06-12,-0.008746895493847896,0.0005414197822498593,0.0
2023-06-13,0.006723385494303223,0.008800140687258665,0.0
2023-06-14,0.01098797470061095,0.0058008273908116735,0.0
2023-06-15,-0.008625102418311246,-0.013557265873159046,0.0
2023-06-16,-0.011839158987439022,-0.012079790475041693,0.0
2023-06-17,-0.005673138260154974,0.001953316641057668,0.0
2023-06-18,-0.0008536248394128454,0.012423507392490747,0.0
2023-06-19,-0.017496849822731024,-0.005757320353572388,0.0
2023-06-20,-0.009991852145173698,-0.008721487616480143,0.0
2023-06-21,0.007086384237808864,-0.003255443405075022,0.0
2023-06-22,-0.007694553579494627,-0.002867091716914866,0.0
2023-06-23,-0.007938616642627842,0.0014479349686260588,0.0
2023-06-24,0.01581659477258316,-0.0024272783734410027,0.0
2023-06-25,0.011384706531246704,0.001842222778557117,0.0
2023-06-26,0.01736374970327049,-0.007166323352701964,0.0
2023-06-27,0.0004051678781043642,0.009017576000195916,0.0
2023-06-28,-0.0009734222465692158,0.007345055350335951,0.0
2023-06-29,-0.0037799479414997836,0.00363810272678747,0.0
2023-06-30,-0.014444642058190594,0.0005987185344912364,0.0
2023-07-01,-0.02096574402014968,-0.006281387056781779,0.0
2023-07-02,-0.0004183483812288623,-0.011845484499944608,0.0
2023-07-03,-0.007452153002379683,0.0025766142842091394,0.0
2023-07-04,0.006893220255117267,-0.002238171319191616,0.0
2023-07-05,0.010362613162065286,-0.003091216921571414,0.0
2023-07-06,-0.014990029773391296,0.014587567790913325,0.0
2023-07-07,-0.013511856746637914,-0.0028909561500081024,0.0
2023-07-08,0.002789231326865092,0.013832315959589182,0.0
2023-07-09,0.014847930856824747,0.019777891545913348,0.0
2023-07-10,0.016519467192551873,0.012120439101318029,0.0
2023-07-11,-0.006362540361143342,-0.0024830479000400862,0.0
2023-07-12,0.0013126591958816194,0.004799194811188966,0.0
2023-07-13,0.01525184570562862,-0.0021952958816957957,0.0
2023-07-14,-0.006965423381543057,0.0024612281620002853,0.0
2023-07-15,-0.00937685456815001,0.0033529074659004493,0.0
2023-07-16,0.014382040415722339,-0.01275811582160104,0.0
2023-07-17,-0.0065185718284584,-0.0005298998825320444,0.0
2023-07-18,-0.011413154049329228,0.0024466763841228356,0.0021671042292911863
2023-07-19,0.016930878003190902,0.007949203507322736,0.0018856071705172367
2023-07-20,-0.0035468153755693183,0.0028396903356154935,0.0
2023-07-21,-0.003300371158168847,0.0015577065702872112,0.0
2023-07-22,0.0068089149052098655,-0.002279220290828084,0.0
2023-07-23,0.01617024923034901,0.01196032230913176,0.0
2023-07-24,0.009000784838483477,-0.004651023672454992,0.0
2023-07-25,0.0034899427043829367,-0.005265540647792011,0.0
2023-07-26,0.005352965729797189,0.000862837429690856,0.0
2023-07-27,0.0054106044627655605,-0.001829861310584655,0.0
2023-07-28,0.004026690636555931,-0.01226808243618149,0.0
2023-07-29,-0.01646805766361285,0.007392511146455392,0.0
2023-07-30,0.004205102139478553,0.011320924094759455,0.0
2023-07-31,-0.012640408530972947,0.0024358353908900256,0.0
2023-08-01,-0.0064290416893457705,0.0008682885851265195,0.0
2023-08-02,0.002417850855462107,0.0027817992696871807,0.0
2023-08-03,-0.00010245492205370066,0.009717475723069812,0.0
2023-08-04,0.00480552678493725,-0.008919551399151904,0.0
2023-08-05,0.0008573575697551822,0.0017378142137027173,0.0
2023-08-06,0.0059887542910162855,0.012118960870254065,0.0
2023-08-07,0.019634044185236503,-0.007459459981297204,0.0
2023-08-08,-0.010106015159692916,0.00761293085306171,0.0
2023-08-09,0.012192513804428727,-0.018469224112650364,0.0
2023-08-10,0.01981492916390991,0.010094936280200901,0.0
2023-08-11,-0.003258502755317298,0.01770824528221267,0.0
2023-08-12,-0.0025628950176738016,0.00911042333904901,0.0
2023-08-13,-1.0253647842298143e-05,0.005847776043999635,0.0
2023-08-14,0.005737521347916573,-0.008602863390757883,0.0
2023-08-15,-0.006070382821493651,-0.008787009336369308,0.0029342910911508355
2023-08-16,-0.0026372431012533725,-0.008585359218302507,0.0
2023-08-17,0.0006997302180792461,0.006007520568029032,0.0
2023-08-18,0.0017141772219664315,-0.001060655353700138,0.0
2023-08-19,0.015478375458122478,0.011647837720927137,0.0
2023-08-20,-0.003914529697468913,-0.001725275584434375,0.00015526370342001244
2023-08-21,0.009499622673853746,0.007997543339375099,0.0
2023-08-22,0.009138893984506673,0.004880989148544327,0.0
2023-08-23,0.0030652795609155932,0.0003899133493911875,0.0024668511546840632
2023-08-24,0.002601969203899502,-0.004195192464971037,0.0030035402539021275
2023-08-25,-0.007052415238004114,0.006919289542812854,0.006518309525845055
2023-08-26,-0.006043403312261625,-0.022747462506033985,0.007513709061103144
2023-08-27,0.004946447519094755,0.02683920063135894,0.012932831326323037
2023-08-28,0.0036819420429163897,-0.004944613949432295,0.009765255122322847
2023-08-29,-0.0014370912099341416,0.0045926672932741575,0.008263398373155206
2023-08-30,0.012948867613662863,0.0249479379026737,0.014263711537272995
2023-08-31,0.002657730581405769,-0.015816665191871547,0.011006649860466247
2023-09-01,0.0018990095188419285,-0.009061586426157668,0.0025271797209793015
2023-09-02,-0.0003571484179129808,0.010913689756690841,0.001299104289770106
2023-09-03,0.012046421718077724,-0.012188795700817488,0.0
2023-09-04,0.0068589461379888715,-0.0005329991747121243,0.0
2023-09-05,0.004431419302880734,-0.0015066309786074747,0.0
2023-09-06,-0.011542332748189289,0.003498082607142369,0.0
2023-09-07,0.018312869722652853,-0.0014430887398378639,0.0
2023-09-08,-0.012799897531582862,0.007238236156619384,0.0006969416122106081
2023-09-09,0.005276632615056575,-0.005783757332318934,0.007685441209033847
2023-09-10,-0.010722490290766456,-0.005163343871561451,0.017030302175813576
2023-09-11,-0.014579643051689807,-0.013960735436824773,0.015388755637366955
2023-09-12,-0.03121671648439048,-0.001661236653511906,0.01781822331802834
2023-09-13,0.002156697432157288,-0.003833985273349355,0.018489187816364057
2023-09-14,0.0035536110411200344,0.00549685058175435,0.022380671712359884
2023-09-15,-0.003217050670245467,-0.009068556113339822,0.019634900900789065
2023-09-16,-0.004375356961559241,0.0155308524933182,0.010634784475944757
2023-09-17,-0.013496572008561416,0.0020338865533103675,0.008421972076895108
2023-09-18,-0.00029651219203115966,0.006959152329465382,0.011285035860770155
2023-09-19,-0.002716342786306592,-0.0059496501339340235,0.00898810614249388
2023-09-20,-0.015035597014228175,0.00106773505603029,0.010215008940815826
2023-09-21,-0.004823186198094089,0.011644998515509389,0.011819832023863885
2023-09-22,-0.0034119797230942697,0.006942261092402611,0.0032506912902509413
2023-09-23,-0.011396669845768922,0.017614399868829192,0.002949679209502787
2023-09-24,0.011007207830648555,0.0029289490349339465,0.005319916125660289
2023-09-25,-0.01334219922600941,0.017688359636827952,0.0042981335685787145
2023-09-26,0.019469196152085824,-0.007232100997786952,0.010548677282340463
2023-09-27,0.01143013941932497,-0.005365139246113047,0.01381811227975567
2023-09-28,-0.004872858046840576,-0.00501966699359485,0.006878178807529618
2023-09-29,0.016292182671510277,0.0011500903461513108,0.004826256707798349
2023-09-30,0.011285378851308647,0.005969955084711692,0.007506570764182159
2023-10-01,0.012488005031652559,-0.0018169797301504716,0.010625763449895347
2023-10-02,0.0018180526465882679,-0.014334273097563494,0.009987709403781367
2023-10-03,-0.009946750092568351,-0.004689198695327534,0.003965796807233447
2023-10-04,-0.0213958060020546,-0.014356163841441325,0.006783787054484548
2023-10-05,0.0028350143080649553,0.003153471227100773,0.0
2023-10-06,-0.0011861081894082917,0.002291259202418354,0.0
2023-10-07,-0.005977854401138007,-0.03579478534037175,0.0
2023-10-08,0.02081433858044202,0.008757760696403187,0.0
2023-10-09,0.005033705818188759,-0.008229440813534992,0.0
2023-10-10,-0.015100428581443398,-0.00126680713128921,0.0
2023-10-11,-0.0013045414990180179,0.002131314664581324,0.0
2023-10-12,0.005276432948059613,-0.0008426009282603836,0.0
2023-10-13,-0.012474644720652892,0.009713998991691581,9.068210437564173e-05
2023-10-14,0.0022344648737055704,0.012786238523984281,0.0021457419955951684
2023-10-15,-0.0034049233354726317,-0.02780996130096249,0.0
2023-10-16,-0.0148721042859949,0.02402665849897853,0.0
2023-10-17,0.004230491983443348,-0.0030901232137381498,0.0
2023-10-18,0.00695095666734255,0.0015999760145215998,0.0
2023-10-19,-0.026099423966248616,-0.0020161281074404292,0.0
2023-10-20,0.004561412640304619,-0.009318962940763603,0.0
2023-10-21,-0.005744264439883786,-0.0020701427608340334,0.0
2023-10-22,-0.0033304217831324886,8.735117834212728e-05,0.0
2023-10-23,-0.01666781729676449,0.001190429209818361,0.0
2023-10-24,-0.009900840880946858,0.009620119131447603,0.0
2023-10-25,0.01787429947887387,0.005670238043530997,0.0
2023-10-26,0.007219590867661261,-0.007213799813508669,0.0
2023-10-27,-0.001550873072008242,0.013440458262342228,0.0
2023-10-28,0.0009920404038959829,0.006520894132796308,0.0
2023-10-29,-0.00819443664052531,-0.006149133299236499,0.0
2023-10-30,-0.001103772854745449,0.00563281576726875,0.0
2023-10-31,-0.008489865053455151,0.009015870309587172,0.0
2023-11-01,0.0026810231782319442,-0.001271708575834966,0.0
2023-11-02,-0.011213604548959984,-0.0002414466782490368,0.0
2023-11-03,0.002087840993846175,-0.024194805193127257,0.0
2023-11-04,0.007956120002516285,-0.01890799381984775,0.0
2023-11-05,-0.0031353133503457583,-0.004435256082623852,0.0
2023-11-06,0.0020599541092599944,-0.0023883134529628404,0.0
2023-11-07,0.0029135825278399914,0.008355590583801836,0.0
2023-11-08,-0.005279918933365772,-0.014196056048889565,0.0
2023-11-09,-0.014109842251688216,-0.008607731045357428,0.0
2023-11-10,0.01091458328248264,-0.0015935889056606497,0.0
2023-11-11,0.0010351214255211506,-0.011526748589036588,0.0
2023-11-12,-0.0028715482766661117,-0.011815342105212154,0.0
2023-11-13,0.012759568917209991,0.010241193128472728,0.0
2023-11-14,-0.008111476392720564,-0.0001368207153694581,0.0
2023-11-15,-0.004934464803694886,0.013618616674207405,0.0
2023-11-16,-0.0069016180524063475,-0.01095069843951216,0.0
2023-11-17,-0.010178442864219144,0.008128632027725345,0.0
2023-11-18,-0.0012540868415487226,0.008446439211788401,0.0
2023-11-19,-0.006184731337376455,0.019298684563626205,0.0
2023-11-20,0.014262925773473005,0.0013551640292512055,0.0
2023-11-21,-0.006402030527244265,0.0128780101431248,0.0
2023-11-22,0.012633168854210132,0.010344832508080215,0.0
2023-11-23,-0.00879253693698282,-5.2289017919864154e-05,0.0
2023-11-24,-0.0030433644433523212,-0.013310538305759765,0.0
2023-11-25,0.0006378554956854392,-0.008046198855820641,0.0
2023-11-26,-0.008561734792557885,-0.00719421490557564,0.0
2023-11-27,0.006993986480885365,-0.003450978466981122,0.0
2023-11-28,-0.005673982572062534,0.005990035953500218,0.0
2023-11-29,-0.006385033836955549,0.009267276210271895,0.0
2023-11-30,0.007152620415512365,-0.011240904904267197,0.0
2023-12-01,-0.007220503012245579,0.0038599196096874696,0.0
2023-12-02,0.00652221036070177,0.004680822028243046,0.0
2023-12-03,0.010977445367639733,0.006638935526483758,0.0
2023-12-04,0.00820499639516068,-0.011800912455941157,0.0
2023-12-05,0.014393033985057254,-0.013555808556738826,0.0
2023-12-06,-0.0038445030344243175,0.00601302621671078,0.0
2023-12-07,0.012738143477309354,-0.0026034992225356978,0.0
2023-12-08,-0.005032944423295568,-0.0023065597612707835,0.0
2023-12-09,-0.016207700018057526,0.014003132063812224,0.0
2023-12-10,-0.0014768390508036605,-0.007954292583379461,0.0
2023-12-11,0.019758420538676495,-0.01549801925563696,0.0
2023-12-12,-0.009741973933167529,-0.007927344590395867,0.0
2023-12-13,0.01797276431396503,0.013745613814808972,0.0
2023-12-14,-0.013997541486539297,-0.0029564696427940716,0.0
2023-12-15,0.009252443898479906,0.004941241661307731,0.0
2023-12-16,0.005167166760539125,0.004525734350551784,0.0
2023-12-17,-0.004274896806294538,0.019889429932246808,0.0
2023-12-18,-0.022404674693813922,-0.007900667323561872,0.0
2023-12-19,0.0068912617827389475,0.0033982087413075364,0.0
2023-12-20,0.006614266195500199,0.0023415605596968686,0.0
2023-12-21,0.005149494092858108,-0.0027868594050813275,0.0
2023-12-22,0.00995323536656444,0.0017956265401241637,0.0
2023-12-23,-0.007924482461154705,-0.017300358622027813,0.0
2023-12-24,0.020192116595572473,0.0038726616199770505,0.0
2023-12-25,0.009260960418182375,-0.01350962514084387,0.0
2023-12-26,-0.007507773802996683,0.009370748524305025,0.0
2023-12-27,0.022025973220869504,-0.0015210546339530534,0.0
2023-12-28,0.00038136173835980183,-0.01694504616811799,0.0
2023-12-29,0.004830059776713749,-0.005403941704682423,0.0
2023-12-30,0.008665793767621662,0.006323239709582733,0.0
2023-12-31,-0.008415212821012345,-0.009089255380022216,0.0
2024-01-01,-0.008702858189596803,-0.022032825866559184,0.0
2024-01-02,-0.0014068552390066478,-0.0032184666311887286,0.0
2024-01-03,-0.011239398403285568,-0.001075847136302669,0.0
2024-01-04,-0.0018334918817069705,-0.0018342126712899746,0.0
2024-01-05,0.014030373872589904,0.001282579764561157,0.0
2024-01-06,-0.011157859824601548,0.011347729146874154,0.0
2024-01-07,0.0010389093061695814,0.009274739320063985,0.0
2024-01-08,-0.005484904363253062,0.010701270582469499,0.0
2024-01-09,0.008527302656181839,-0.0026797420622179124,0.0
2024-01-10,-0.01154414077811256,0.017197850350718028,0.0
2024-01-11,-0.010970528481575648,-0.016109841772106656,0.0
2024-01-12,-0.0016877222043898074,-0.014692880789423242,0.0
2024-01-13,0.020103172290565224,-0.011995059513916493,0.0
2024-01-14,-0.009660198708790676,-0.0031362206755879258,0.0
2024-01-15,-0.017336515383065743,0.0010452856928528118,0.0
2024-01-16,-0.01018219015403818,-0.010958251490409061,0.0
2024-01-17,0.006790514885375183,-0.0009942500966640647,0.0
2024-01-18,0.008892983077072576,0.007900261812280755,0.0
2024-01-19,-0.000945910441256314,0.0033007872326169807,0.0
2024-01-20,0.0021657769013746133,0.0025501952793835826,0.0
2024-01-21,-0.014360720401630934,0.009320237385351773,0.0
2024-01-22,0.003543916698225519,0.01271513789981464,0.0
2024-01-23,-0.0020291472887249253,-0.009034028827709758,0.0
2024-01-24,-0.006729927786386587,-0.0030056396465663595,0.0
2024-01-25,0.009539362600295444,-0.017017661667757034,0.0
2024-01-26,0.010040837880264447,-0.009596306071247328,0.0
2024-01-27,-0.005237498662677232,-0.009961071902281973,0.0
2024-01-28,0.0017501431858646121,-0.0057893364853352355,0.0
2024-01-29,-0.019808075033239864,-0.018446730670501673,0.0
2024-01-30,-0.011095634117256557,-0.0038163516578441155,0.0
2024-01-31,0.012465839726757785,-0.001321195509850726,0.0
2024-02-01,-0.011873930996016507,-0.013314678397588415,0.0
2024-02-02,-0.009901457245392278,-0.007010204500256765,0.0
2024-02-03,0.010586180725231676,0.0058386424042237844,0.0
2024-02-04,-0.023700214120682853,0.005071689985225982,0.0
2024-02-05,-0.00757715649253418,-0.010485092998011196,0.0
2024-02-06,0.006766544048545452,-0.0066486383674156544,0.0
2024-02-07,-0.0052005327590688545,-0.0035514291802204814,0.0
2024-02-08,-0.009452459805909788,0.004132544347841317,0.0
2024-02-09,-0.011177546108655989,0.007484716244063051,0.0
2024-02-10,0.0013748131458385959,-0.0061781251810950275,0.0
2024-02-11,-0.01018627624691207,-0.005655545040281594,0.0
2024-02-12,0.002301379080866716,0.0007249313317029907,0.0
2024-02-13,-0.0022391701720038855,-0.00718509853637866,0.0
2024-02-14,-0.0006014702300978712,0.0017836768544379697,0.0
2024-02-15,0.010470266761391827,-0.015533716878806923,0.0
2024-02-16,-0.005328852152726653,-0.009208620928669784,0.0
2024-02-17,-0.010071100666651468,0.015026362495929467,0.0
2024-02-18,-0.0006404647023963895,-0.000669943645655716,0.0
2024-02-19,0.002077670057927006,-0.011904444957965792,0.0
2024-02-20,-0.002379973586248994,0.00838212250819941,0.0
2024-02-21,-0.017473211887268438,-0.0007249587307689928,0.0
2024-02-22,0.00618256314980373,-0.001640819527583395,0.0
2024-02-23,-0.017959773969043656,-0.00011836287394070694,0.0
2024-02-24,-0.02031106951891401,0.01886847672682335,0.0
2024-02-25,0.008927673202586426,-0.005652645142813498,0.0
2024-02-26,0.014621984514658265,-0.010710300243148793,0.0
2024-02-27,-0.003277054822047987,0.004617889252012917,0.0
2024-02-28,-0.008680048565484069,0.005681898932906625,0.0
2024-02-29,0.013440311184854718,-0.010480331250366789,0.0
2024-03-01,-0.013614973282519545,-0.005149139688660041,0.0
2024-03-02,-0.0006192119490706768,0.014891756373475536,0.0
2024-03-03,-0.006084842764850771,0.006081253188595389,0.0
2024-03-04,0.005666291519320329,0.013449260267406995,0.0
2024-03-05,0.0028191305279397366,-0.003913382865055633,0.0
2024-03-06,-0.008008585371038423,-0.00046015153248842136,0.0
2024-03-07,0.01083726274913956,-0.012155154083235212,0.0
2024-03-08,0.007203859620529163,-0.02320292381018934,0.0
2024-03-09,-0.00010308384524176226,0.008133075851145363,0.0
2024-03-10,-0.0030797358157278855,-0.012635677025025589,0.0
2024-03-11,-0.0008680786686340949,-0.0019958729866594973,0.0
2024-03-12,-0.01268853413124786,-0.01007253117842879,0.0
2024-03-13,-0.002439162090198872,-0.0022554941842240902,0.0
2024-03-14,-0.0025890831637460964,-0.007730783692846937,0.0
2024-03-15,0.005424904449227052,0.016188280924788967,0.0
2024-03-16,-0.002102095501253449,-0.0012092393603086856,0.0
2024-03-17,-0.004161367962706858,-0.007632881771567158,0.0
2024-03-18,0.002455502463414856,-0.0019270876464507567,0.0
2024-03-19,0.009575823815079121,-0.027104280195871883,0.0
2024-03-20,0.005642224830151692,0.0037386478476301964,0.0
2024-03-21,-0.0012614659011709714,-0.009651310089747584,0.0
2024-03-22,-0.004388129887001983,0.009005568458045909,0.0
2024-03-23,0.013569019385922726,-0.013616698615918164,0.0
2024-03-24,0.00014790990523483278,0.011778320565508543,0.0
2024-03-25,-0.01203070382119575,-0.02644440686170052,0.0
2024-03-26,0.0021471998381083226,-0.009322627921276683,0.0
2024-03-27,-0.017654232839553745,0.008607605256075275,0.0
2024-03-28,-0.005251654440059526,0.004164109665455361,0.0
2024-03-29,0.006469120282421944,-0.007056309287796835,0.0
2024-03-30,-0.0016056010819641567,0.007033385266332521,0.0
2024-03-31,-0.003254424406401264,-0.010734017469962736,0.0
2024-04-01,0.007374040220853937,0.00801398765569534,0.0
2024-04-02,0.01169549777494376,0.01341392853930367,0.0
2024-04-03,-0.009563361950188557,0.014762103758127112,0.0
2024-04-04,-0.011271324577552807,-0.011783349746350603,0.0
2024-04-05,-0.007047509085202163,0.013090906923451724,0.0
2024-04-06,-0.01127255082856556,0.012408749286711984,0.0
2024-04-07,0.004770942022812981,0.0011990329887595077,0.0
2024-04-08,0.00735068428149546,0.0015712457096007746,0.0
2024-04-09,-0.0010067643746922903,0.0031950418331457113,0.0
2024-04-10,-0.010580626281496884,-0.005801342250846001,0.0
2024-04-11,-0.015789090283614686,-0.004121399098430343,0.0
2024-04-12,-0.001678509039938537,0.0041970633627537906,0.0
2024-04-13,-0.007924283057535645,0.00792218100935413,0.0
2024-04-14,0.004346450743199818,-0.001078575678861648,0.0
2024-04-15,-0.012768426615223063,-0.018909205493452992,0.0
2024-04-16,-0.005676289018413782,0.004527505327506615,0.0
2024-04-17,-0.00410239900475229,-0.021481011770778373,0.0
2024-04-18,0.010083724837470777,0.011261940259549479,0.0
2024-04-19,0.007652159339406276,0.006052278771943523,0.0
2024-04-20,0.004674894855242863,-0.010787113946546464,0.0
2024-04-21,0.0019677053782480424,0.007834362370510056,0.0
2024-04-22,0.006689391041673015,0.007388265230608746,0.0
2024-04-23,-0.018011332010256915,-0.005803042836325515,0.0
2024-04-24,0.00888478123137182,-0.016249547720015776,0.0
2024-04-25,-0.0025250574719401587,0.00983795626899206,0.0
2024-04-26,0.014755572164509647,0.0007089761592016096,0.0
2024-04-27,0.00904118490139318,-0.005877963484158741,0.0
2024-04-28,0.01206334007291024,0.007490250008670745,0.0
2024-04-29,-0.006682122206604067,-0.008160529711458695,0.0
2024-04-30,0.029057891751249454,0.009848354447910048,0.0
2024-05-01,0.006001458866558915,0.015459041012135003,0.0
2024-05-02,0.0031599793452257584,-0.007814018282307891,0.0
2024-05-03,-0.005391981605659105,-0.006859781447272667,0.0
2024-05-04,0.003876021278447938,0.006585433420639981,0.0
2024-05-05,-0.020654948953949776,-0.00034800146784775236,0.0
2024-05-06,0.013727040582590758,-0.019719893144258437,0.0
2024-05-07,0.005304745441206258,0.01015266579254673,0.0
2024-05-08,-8.057893943784063e-05,-0.005730147684395166,0.0
2024-05-09,0.01404489333088843,0.010902292424280731,0.0
2024-05-10,0.0057742868697107,-0.014692475307592354,0.0
2024-05-11,0.005064820622907785,0.00255470992523496,0.0
2024-05-12,-0.004540384264163666,0.0037070283858927373,0.0
2024-05-13,0.0038990106122404216,0.004513098135012099,0.0
2024-05-14,-0.01104481804424515,-0.009925793667734412,0.0
2024-05-15,-0.010585559865402374,-0.01628730065580553,0.0
2024-05-16,0.002093588999659237,0.006009458941763506,0.0
2024-05-17,-0.0055168561747909375,0.00971877011172042,0.0
2024-05-18,-0.012795214317857517,0.0007361171482285249,0.0
2024-05-19,-0.0012865947523757173,0.004368654340040347,0.0
2024-05-20,-0.017716959997521712,-0.007832803646221818,0.0
2024-05-21,0.01611441523822823,-0.011306409789821635,0.0
2024-05-22,-0.008447311516430212,0.011746569964979983,0.0
2024-05-23,-0.008327044188370939,0.014987742245001462,0.0
2024-05-24,0.015897316637183884,0.018767867569396763,0.0
2024-05-25,-0.014353817352521224,0.003598685136542206,0.0
2024-05-26,-0.02165449437249056,-0.009653190973584984,0.0
2024-05-27,0.0003680364587923532,-0.027634950893966236,0.0
2024-05-28,-0.002316027626042228,0.0028642868678738303,0.0007348806345930867
2024-05-29,0.010509686576350366,0.011434837346112026,0.0013728480979952884
2024-05-30,-0.00026102786600400824,0.00610940967331155,0.0
2024-05-31,-0.01573907566279838,0.006037291417604305,0.00181396805682741
2024-06-01,0.0014239919107575212,-0.010857504436345868,0.0014824710502156849
2024-06-02,-0.0022262976855742197,0.011528093159626851,0.006808264592383512
2024-06-03,0.01271971396709672,0.01741887142916369,0.008849979327158794
2024-06-04,0.003343896631867791,0.024079398021460873,0.0026149685840550566
2024-06-05,-0.008902207685798011,0.01210421592554992,0.0066360925547626695
2024-06-06,-0.006461716458999781,0.017430523194577396,0.0038737722392507626
2024-06-07,0.0004934545626532909,-0.01794416680104156,0.0
2024-06-08,-0.003808171700802267,-0.014465357905001683,0.0
2024-06-09,0.0024432465839276584,-0.013512125327888685,0.0
2024-06-10,0.003025721671339257,0.00913866974341038,0.0
2024-06-11,-0.011245810304622125,0.00043096077325106965,0.0
2024-06-12,0.0026503715143233486,-0.010131021650361798,0.0
2024-06-13,0.008552306865360649,-0.00905818222603528,0.0
2024-06-14,-0.011516938219777131,0.006060564647958407,0.0
2024-06-15,-0.013968212220121843,-0.016704573697861515,0.0
2024-06-16,0.007988539835669424,0.005861243015822921,0.006570842294435386
2024-06-17,0.005944803595479419,0.004289344006109926,0.004817649827715639
2024-06-18,0.00976680665309024,0.021967784066757586,0.004411574971428932
2024-06-19,0.018011059705922747,0.0035596251948224683,0.008733612043269903
2024-06-20,-0.000681083204396692,-0.021962695005108942,0.010321149628339854
2024-06-21,-0.009916075806966311,0.014821406710226399,0.0
2024-06-22,0.002738709250703165,0.0024853899130678355,0.0
2024-06-23,-0.006113102004142476,-0.000406900971447534,0.0
2024-06-24,0.004327084801109334,-0.006305980696518775,0.0
2024-06-25,0.00791422516578747,0.0029538607058227015,0.0
2024-06-26,0.0015808966461204497,-0.006767354445742165,0.0
2024-06-27,0.006255329377706781,-0.003571494776405647,0.003461786209871087
2024-06-28,0.0007113773402148139,-0.005133466905026153,0.004081621246381929
2024-06-29,0.003266699006161333,0.012524538189829047,0.002304079444335437
2024-06-30,-0.010847432637761228,0.0071482683517956475,0.0024569180406444208
2024-07-01,0.017412627214263718,-0.010447062212811864,0.0034714160955197915
2024-07-02,-0.006143011280423928,-0.001686788045464591,0.007620751259068748
2024-07-03,-0.0035551847365639508,-0.004236461279670585,0.006054329356007415
2024-07-04,-0.006560885327840842,0.0022389783449374306,0.006386633857841155
2024-07-05,-0.0019978096325562176,0.0066645133120652915,0.0017104862042105692
2024-07-06,-0.0038233856823982814,-0.001980914828706964,0.0
2024-07-07,-0.019332779278654195,0.013150334605730347,0.0
2024-07-08,0.016008558456942556,0.012903457371980218,0.0
2024-07-09,0.004209431993063717,-0.00947694086715796,0.0
2024-07-10,-0.002346870029623908,0.00047599278740205405,0.0
2024-07-11,0.0002015780903184131,-0.010521457501662399,0.0
2024-07-12,0.010692615387844797,-0.015517423843956879,0.0
2024-07-13,0.008804825998230228,-0.014022548592512675,0.0
2024-07-14,0.003421615612016385,-0.011709599661506876,0.0
2024-07-15,0.009405876774997175,-0.01075029026425532,0.0
2024-07-16,-0.025268383873759025,0.0047827259849096025,0.0
2024-07-17,0.008905425266802849,0.0032739554350667,0.0
2024-07-18,-0.0019534350859236713,-0.007268408381959782,0.0
2024-07-19,-0.007352446755352947,-0.00997885931835766,0.0
2024-07-20,-0.010067541959492346,0.002086427556086564,0.0
2024-07-21,0.0009685602696514049,0.0050361228978982,0.0
2024-07-22,-0.017148025065017874,0.013611372794432147,0.0
2024-07-23,0.003387358939454614,0.0020736375752312313,0.0
2024-07-24,-0.007659326245054921,0.004573437807076248,0.0
2024-07-25,0.007301554070273816,-0.01575335230090204,0.0
2024-07-26,-0.017607261557485432,-0.0037304815624839773,0.0
2024-07-27,0.0038898606136175892,0.004632237034052035,0.0
2024-07-28,-0.004501321958015414,-0.007495394275247595,0.0
2024-07-29,-0.01181938206315708,-0.008423779017160783,0.0
2024-07-30,0.012233603791126174,0.022695088204716152,0.0
2024-07-31,0.010839954186502203,0.009814731150578557,0.0
2024-08-01,-0.009540221084301694,-0.00039455429596775137,0.0
2024-08-02,-0.003201196369816367,0.009716560031948188,0.0
2024-08-03,0.014332778135946059,0.0026336587861579487,0.0
2024-08-04,0.0007099379595476438,-0.007018636615499175,0.0
2024-08-05,-0.006568249873567269,-0.0017922321601378602,0.0
2024-08-06,-0.009836241966062597,-0.002601837077219596,0.0
2024-08-07,-0.008105739764796557,0.009388836995930178,0.0
2024-08-08,0.005348240225585146,-0.002685477629978656,0.0
2024-08-09,0.008770925757567105,-0.0012104836869866991,0.0
2024-08-10,-0.0042559690448323905,-0.012842045363906396,0.0
2024-08-11,-0.010924498941633214,-0.012307102667856493,0.0
2024-08-12,-0.00863111981881762,-0.002713006340472966,0.0
2024-08-13,-0.01868238202550481,-0.002041152924829535,0.0
2024-08-14,0.0038078910588763234,0.0050882627906947645,0.0
2024-08-15,-0.0009376323099841476,0.004817200508632012,0.0
2024-08-16,0.009956150995214023,0.0016094248682708026,0.0
2024-08-17,0.021702530937163518,-0.011107495379878152,0.0
2024-08-18,0.012557750653380544,0.0044765970685883205,0.0
2024-08-19,-0.005003171885185663,-0.01570642418146135,0.0
2024-08-20,-0.0043009250445471105,0.0013057843849069838,0.0
2024-08-21,-0.014109411402191232,0.004997427158944394,0.0
2024-08-22,-0.021889793029398356,0.013955201270643612,0.0
2024-08-23,0.017744485358070394,-0.005024275257401282,0.0
2024-08-24,0.0014591887520142533,0.000969235194123229,0.0
2024-08-25,-0.01655941118834438,-0.0006126219088964009,0.0
2024-08-26,0.005700600379438976,-0.015968270856464472,0.0
2024-08-27,-0.022376752417653738,0.008471437673434957,0.0
2024-08-28,-0.0035800058317558892,-0.005252214617947943,0.0
2024-08-29,-0.00030139096357144715,0.006377593246656611,0.0
2024-08-30,-0.007981574651068584,-0.012981995117383502,0.0
2024-08-31,-0.006771969741708286,0.004451138750013246,0.0
2024-09-01,0.006344861063965604,0.006521448160422203,0.0
2024-09-02,-0.006849838182895065,-0.0002275344509305045,0.0
2024-09-03,0.009923569900834346,0.021173252633964874,0.0
2024-09-04,-0.019635928155718525,0.002321452617721533,0.0
2024-09-05,-0.0057400078864714215,0.008081411636342664,0.0
2024-09-06,0.015607508330037436,-0.020405204165734738,0.0
2024-09-07,-0.011895435114776132,0.007741138037830281,0.0
2024-09-08,-0.011759657319285704,-0.016733304600757802,0.0
2024-09-09,-0.0014230435979875927,-0.011667767371678094,0.0
2024-09-10,-0.006260168624438639,-0.009312638722343418,0.0
2024-09-11,0.0007574328458017979,-0.0054115965903506055,0.0
2024-09-12,0.008410574444269627,0.017440608196715692,0.0
2024-09-13,0.003984486139824614,-0.0028481446139084488,0.0
2024-09-14,0.0004210835359701052,0.000175509668884599,0.0
2024-09-15,-0.005670469594108488,-0.006983778015586924,0.0
2024-09-16,0.0004738556604022229,-0.0019445782176455923,0.0
2024-09-17,0.00761979289357705,-0.018482712461269545,0.0
2024-09-18,-0.010558974483740671,0.002177982990000003,0.0
2024-09-19,-0.00594736098144023,0.0021109429280455464,0.0
2024-09-20,-0.012998854087260023,-0.016240219018838094,0.0
2024-09-21,-0.0016900130228219002,-0.022117856758046554,0.0
2024-09-22,-5.962617844177368e-06,-0.00897372456444821,0.0
2024-09-23,-0.007104318068063664,-8.837399970923296e-05,0.0
2024-09-24,-0.012692871765081602,-0.01133014509887776,0.0
2024-09-25,-0.009223638771459753,-0.019084178397087145,0.0
2024-09-26,0.005109156728233034,0.003082148801666034,0.0027183766514127863
2024-09-27,-0.007212148498649115,-0.01868376219760536,0.0008370749835500332
2024-09-28,0.006949118484089749,0.006196630810359226,0.0
2024-09-29,-0.007586624016051336,0.010798062988961878,0.0
2024-09-30,-0.00908337600272535,-0.021587355143427793,0.0026861344823598185
2024-10-01,0.006455063968304313,0.007170456420108737,0.011934818498506375
2024-10-02,-0.00942143094569816,0.0018836234476422298,0.006862924110070279
2024-10-03,0.010088353892583554,0.008151777016350593,0.006929229165722375
2024-10-04,-0.02358239942906992,0.009469041095449564,0.0053425590508772505
2024-10-05,-0.001282234815462267,0.01901896671877716,0.010929072212006945
2024-10-06,-0.006737693030236709,0.0035859027920303404,0.0
2024-10-07,-0.005327369799956721,0.0033492812565113785,0.0
2024-10-08,0.0013364339228084988,-9.89589915858203e-05,0.0
2024-10-09,-0.02136845028779981,-0.0021578402955555794,0.0
2024-10-10,0.020164733112832952,0.013397371817278023,0.0012942297270492897
2024-10-11,-0.005739242198721374,0.008963665261075325,0.0
2024-10-12,0.023620345671598826,0.0026456324926697216,0.0
2024-10-13,0.0071625856888366335,0.0179215123790084,0.0
2024-10-14,0.0009662907850140728,0.01701729718947811,0.0076207728732574365
2024-10-15,-0.01692574963798238,0.00857917841910795,0.014363216069949725
2024-10-16,0.016299132861272863,0.014365295376713397,0.014122618470858328
2024-10-17,0.005536899305200187,0.0005495206650646791,0.006537036143962449
2024-10-18,0.0110208509447089,0.02191331562989661,0.00647590501951497
2024-10-19,-0.01691531932253195,0.008075835748289979,0.01619518696910733
2024-10-20,-0.019055206613177954,0.006963278957391208,0.02011344199399457
2024-10-21,-0.005114728259158443,0.0024064542725212566,0.025329860536755802
2024-10-22,0.004233697126458611,0.004341448024900504,0.020744809822231383
2024-10-23,0.006956408506702241,0.004532928516740781,0.019660411950260637
2024-10-24,0.011290782093380866,0.007202621651008642,0.03306388387966344
2024-10-25,-0.010067327057809343,-0.0034961794350889547,0.034748921202225225
2024-10-26,-0.014863961149464405,0.007619874343188346,0.03230381110554615
2024-10-27,0.006406934176327018,-0.0006086635650637169,0.032343812457655656
2024-10-28,-0.011372039885392494,-0.007141288149297375,0.026361349734045296
2024-10-29,-0.001702556916982213,0.013949932919564676,0.02395367620979994
2024-10-30,0.019804405385510628,0.0006588453821918683,0.018582397134167865
2024-10-31,-0.005439233727872824,-0.0237066923123605,0.01793986571838576
2024-11-01,0.002754384563533324,0.003301676177710316,0.0024708960085320156
2024-11-02,0.0016053164291932327,-0.00011279894846406197,0.0
2024-11-03,-0.0009896993047126673,0.016417350340899754,5.719041722741791e-05
2024-11-04,0.002874088954564889,0.002203365456074497,0.0005589598007011212
2024-11-05,0.004115429980337009,0.011843942995488282,3.1385955943513677e-06
2024-11-06,-0.000379698999125031,0.016331449786355395,0.0
2024-11-07,0.014508512402356389,0.014231822388002913,0.0
2024-11-08,0.008658594353035802,-0.0034927238332819735,0.0
2024-11-09,-0.011199161774284773,0.0028503901280090326,0.0
2024-11-10,0.013816115760671112,-0.0032179714040162584,0.0
2024-11-11,0.0005169690490016473,-0.0076380308437113695,0.0
2024-11-12,-0.002550577100207255,0.011658591914007019,0.0
2024-11-13,-0.008794199879845406,-0.012040368315316678,0.0
2024-11-14,0.007001436809173124,-0.010913678397337178,0.0
2024-11-15,-0.001292558359153462,-0.010406713066882907,0.0
2024-11-16,-0.008888972727941303,0.0009321258154970075,0.0
2024-11-17,-0.009401588364145742,-0.0005551843185873614,0.0
2024-11-18,0.010714434082863395,0.005380989662460114,0.0
2024-11-19,-0.004175357366239045,0.006272817955637702,0.0
2024-11-20,-0.00489343620768588,-0.03177483654080257,0.0
2024-11-21,0.024757479047659344,-0.010669239568815386,0.0
2024-11-22,0.00266573794046589,-0.0011537888580058268,0.0
2024-11-23,0.005883281266971114,0.0064019082333066895,0.0
2024-11-24,0.0006064169182155277,0.0070670718050118994,0.0
2024-11-25,-0.000996459919816521,-0.012631084189593512,0.0
2024-11-26,-0.010565177543401803,-0.005576284328183678,0.0
2024-11-27,0.006468139651443889,-0.017080549231244163,0.0
2024-11-28,0.0021818532831650406,0.0070067939925222925,0.003216369016151674
2024-11-29,-0.009003829633700427,-0.0019882457973531124,0.001944805681789237
2024-11-30,-0.0016528334814300766,0.004650187455057734,0.0037650979061012446
2024-12-01,0.017147581575457035,-0.0010352926799244184,0.0005236807805184124
2024-12-02,0.002236769475539784,-0.010166192095589659,0.0
2024-12-03,-9.158287021846217e-05,-0.017112292369669945,0.0
2024-12-04,-0.007041676977375282,0.016735234002767975,0.0
2024-12-05,-0.0064599874856800625,-0.017864156622728635,0.0
2024-12-06,0.004826278747611117,-0.01431150273585872,0.0
2024-12-07,0.00805498364651321,0.0118725508060036,0.0
2024-12-08,0.001412209791802722,-0.011604365458602333,0.0
2024-12-09,0.00860574050020222,0.004648834102580612,0.0
2024-12-10,-0.00894507808510268,0.01324027420718981,0.0
2024-12-11,-0.004712679627929974,0.012908601819341545,0.0
2024-12-12,0.0029039633385363277,0.0070675441854307994,0.0
2024-12-13,0.01103293150896709,0.003262252192839761,0.0
2024-12-14,-0.005352868243467244,0.012129042259505054,0.0
2024-12-15,0.008957993302292721,0.004008214773653663,0.0015366691697302481
2024-12-16,-0.011446729356635817,0.006082763598939168,0.0005324432096416656
2024-12-17,0.010529247877737567,-0.0011884769805516507,0.0018061013448219601
2024-12-18,0.01238220561456058,-0.003214732428884456,0.0022051284362793883
2024-12-19,-0.003793542597671532,-0.0141626559201625,6.46373485292534e-05
2024-12-20,0.0029274403841044066,0.01517000777054765,0.0
2024-12-21,0.006932509339760373,0.0029618652302052374,0.003767809829815595
2024-12-22,-0.007308045420469873,0.018961438533151003,8.541775130057466e-05
2024-12-23,-0.004547072604734497,-0.016866980995352557,0.008086843875718577
2024-12-24,-0.004873297997339643,-0.01592886259724772,0.010108183687168495
2024-12-25,0.004999631211800372,-0.0012565466169506727,0.013330089153957572
2024-12-26,0.00874021001115682,-0.008914314561761305,0.010343285510825473
2024-12-27,-0.009605568722340578,-0.006946832849046413,0.011279994337595231
2024-12-28,-0.007771397773034927,-0.007187327382624515,0.016412644733789797
2024-12-29,0.006027759611551448,0.0004245150509235053,0.018958559585975157
2024-12-30,-0.006808413381466564,-0.00581283010424718,0.021744921706407072
2024-12-31,-0.002360256114427221,0.017290059176119088,0.021282733526315295
2025-01-01,0.007802945850866504,0.010709832905878415,0.01710610830263281
2025-01-02,0.00013955377489706857,-0.011812638858978649,0.012764256062877781
2025-01-03,0.010164171830349653,0.003189737926901335,0.018487927393955057
2025-01-04,0.000632770480292648,-0.0064383867512346656,0.016438497822779036
2025-01-05,-0.001483856616131867,0.016050056724918348,0.013994711970006575
2025-01-06,-0.007685711553755525,-0.023346519531467193,0.01414245408823718
2025-01-07,-0.02261181274343301,-0.01334722734788274,0.015066734599542761
2025-01-08,-0.004206445111809744,0.009686343214631991,0.017773131971203386
2025-01-09,-0.01864074249609922,-0.00904347126847493,0.00908138728804947
2025-01-10,0.007647601030083852,0.01664178221910448,0.011891845519436547
2025-01-11,0.0072955416322211175,-0.009525988994563427,0.0011913598168583478
2025-01-12,0.004229364971364149,-0.0004216622406961489,0.0
2025-01-13,0.010993305822187835,0.00894446056934671,0.0
2025-01-14,0.020889540507169672,0.019107600777382924,0.0013394925729727503
2025-01-15,-0.017771189693985067,0.00948613302816255,0.007375634314474598
2025-01-16,-0.0016590429630269985,-0.0012270670456186066,0.01590519934440001
2025-01-17,0.007867646628608943,0.015364149784952597,0.016857464367692296
2025-01-18,-0.0026631189310037024,-0.012544059511387111,0.013983622635789193
2025-01-19,-0.0014602928681525463,-0.0021896402486739574,0.00526132810513414
2025-01-20,0.010640972731739837,0.013407284596017451,0.005590893721273103
2025-01-21,0.004917532313824814,-0.014674670418925714,0.001122998726957057
2025-01-22,-0.014128747380328354,0.012849081142688875,0.0
2025-01-23,0.014307709214975192,-0.010984411602428499,0.0
2025-01-24,-0.008463094240982403,0.00709456792149353,0.003860600955130772
2025-01-25,0.0019579183270357708,0.002511785065270594,0.0057402143652822216
2025-01-26,0.0054495813285220605,0.0061877809130490725,0.004423381211700078
2025-01-27,-0.017104790662024975,0.0011671872732151737,0.005718081082296975
2025-01-28,0.016822934493687904,-0.0103539608159372,0.0025854665310091965
2025-01-29,0.006442944277402457,-0.00035999958169584336,0.002722011628239762
2025-01-30,0.0036191394866488943,0.007170178999006725,0.0
2025-01-31,0.007646068942848105,-0.0010589636937442014,0.005232440277914946
2025-02-01,-0.0025700477043604382,0.006705714535795486,0.008051887504329322
2025-02-02,0.006782573407999682,-0.011456146733046034,0.010255114300392769
2025-02-03,0.00623983418461255,-0.006807002303213795,0.011001120870739456
2025-02-04,-0.022242622997807455,0.00781633586894969,0.008653501335800971
2025-02-05,-0.012279248494113935,0.003811098623040592,0.010089394254595117
2025-02-06,0.00918463850797946,0.005353711482623607,0.0056893043672452265
2025-02-07,-0.010735796859914269,0.0006882811382338105,0.00572565039825703
2025-02-08,0.00519238934774988,0.015022288999524631,0.006363281672551145
2025-02-09,-0.002032025712898494,-0.007438396779570151,0.0007081460859550831
2025-02-10,0.006981930865920971,0.008849136163531278,0.002155438324991557
2025-02-11,-0.018062714628240543,-0.0014251424272435037,0.003497205182658711
2025-02-12,0.0009464890160656533,0.0011048411401268802,0.0
2025-02-13,-0.00018386328846530238,-0.009543912636802173,0.0
2025-02-14,0.0025273368981746373,0.014906805016355239,0.0
2025-02-15,0.002075194032493276,0.00407701450784851,0.00029240337769136093
2025-02-16,0.000489235266891208,-0.004468512649110319,0.0
2025-02-17,0.0034248790426836917,-0.001878578982274054,0.0
2025-02-18,0.0045419502315412336,-0.006733597867709788,0.0
2025-02-19,-0.00595588511262953,0.009664215908772708,0.0
2025-02-20,0.014079924472142319,-0.014212030565659879,0.0
2025-02-21,-0.00014841530264281288,-0.005276609364625131,0.0
2025-02-22,-0.0063908271501031,-0.0017391890789918657,0.0
2025-02-23,0.0063668424825599765,0.0013849758337221992,0.0
2025-02-24,-0.014852868879174324,-0.008465383411195319,0.0
2025-02-25,0.010363381044841288,-0.008871622424857326,0.0
2025-02-26,-0.0038553941173301606,0.008350413060628647,0.0
2025-02-27,0.00017574625546922738,0.016363022681222698,0.0
2025-02-28,-0.0001295114669787978,-0.008859946547395164,0.0
2025-03-01,0.004260536928195651,-0.0037608954075936535,0.0
2025-03-02,-0.006996878587081958,-0.004703701158101727,0.0
2025-03-03,-0.005290566035529881,-0.007807516665157574,0.0
2025-03-04,0.002863008534773916,0.007226751466369625,0.0
2025-03-05,-0.006907122143043881,-0.024398615167355434,0.0
2025-03-06,-0.0013157115951759521,-0.014777000052985996,0.0
2025-03-07,-0.002283378565970559,-0.004722807093764642,0.0
2025-03-08,-0.0045589544887290135,0.0016401216220763447,0.0
2025-03-09,-0.00800966416304868,0.0030862888682245126,0.0
2025-03-10,-0.009377806489839182,0.005674009157513842,0.0
2025-03-11,-0.005318310136984134,0.005680039704231027,0.0
2025-03-12,-0.013232987186265343,-0.003004164765413083,0.0
2025-03-13,-0.012473588028752211,-0.0022419689438878997,0.0
2025-03-14,0.025725766816192302,0.004158319762443045,0.0
2025-03-15,-0.0007638497446197487,0.010884550930891905,0.0
2025-03-16,0.00815373262915464,0.010472091745660753,0.0
2025-03-17,0.0018954080089064738,-0.002959848126564165,0.0
2025-03-18,0.0062889326159316795,-0.0047043294535899635,0.0
2025-03-19,0.0003900256764376823,0.013436223771746287,0.0
2025-03-20,0.009062172601472665,0.007200294944374491,0.0
2025-03-21,0.0011890025920079977,0.015215336871995395,0.0
2025-03-22,0.0020251779598346436,0.0006393453197981454,0.0
2025-03-23,-0.01284815774341381,-0.002552539332465763,0.0
2025-03-24,0.008873170307193227,0.006139016644651067,0.0
2025-03-25,-0.002757490250939057,-0.015226684386234311,0.0
2025-03-26,-0.000988712247455847,0.008261017579562702,0.0
2025-03-27,0.003350140698221969,-0.004600941766990186,0.0
2025-03-28,0.0017462603357356902,-0.0053279449436457035,0.0
2025-03-29,-0.0008572597837176415,0.00028774395368299534,0.0
2025-03-30,0.011716032512638376,-0.01184930184798783,0.0
2025-03-31,-0.009149942097300433,-0.005519038490592522,0.0
2025-04-01,-0.020518446696833968,0.014396559583023208,0.0
2025-04-02,-0.0037470500809481193,-0.011931804190225066,0.0
2025-04-03,-0.02268417175281954,0.0014303469315619158,0.0
2025-04-04,-0.002424317331959711,-0.009843687263354517,0.0
2025-04-05,0.011834543342965144,0.011687247102420624,0.0
2025-04-06,0.014587284227966676,0.018483119394818077,0.0
2025-04-07,-0.011245582144297344,-0.01979328288094253,0.0
2025-04-08,0.003301821419574528,0.003912157124793448,0.0
2025-04-09,-0.01243920588624379,0.0030670270504013462,0.0
2025-04-10,0.0027210557428529202,0.008446736103052218,0.0
2025-04-11,0.013016690046539076,0.010833627916640241,0.0
2025-04-12,-0.006557702202037036,0.004896005743808001,0.0
2025-04-13,0.014661413567501967,0.00783646360807487,0.0
2025-04-14,0.002272099784692521,-0.0058019306452234,0.0
2025-04-15,0.025608905720876138,0.019246242553227513,0.0
2025-04-16,-0.006131310911790714,0.0074669366147581155,0.0
2025-04-17,-0.008917744220926149,-0.009566917975944287,0.0
2025-04-18,0.012852436201567211,-0.0016123782186801426,0.0
2025-04-19,0.008865584424944456,-0.0002668833185515561,0.0
2025-04-20,0.005903310606754783,-0.01128708785433953,0.0
2025-04-21,-0.007549453352756909,-0.005900189712815089,0.0
2025-04-22,0.0016380783815831195,-0.008379780663919792,0.0
2025-04-23,-0.004982379942475274,0.009863131084309962,0.0
2025-04-24,0.01543870054091981,0.018060407602465803,0.0
2025-04-25,0.0064816053610346125,0.0035855917180746943,0.0
2025-04-26,-0.00619389565178707,0.014891387258689964,0.0
2025-04-27,-0.007814369004016983,-0.01012695958515393,0.0
2025-04-28,-0.013951257895903225,0.0015879933565326214,0.0
2025-04-29,-0.00541975164197872,-0.0030632732660718243,0.0
2025-04-30,0.00027148109553853245,0.008306882432334737,0.0
2025-05-01,0.004658006535631114,-0.006671296026034167,0.0
2025-05-02,0.011132684394298114,-0.000805188691457691,0.0
2025-05-03,-0.004193287742964103,-0.0008534648861878146,0.0
2025-05-04,0.012998780364807748,-0.004063955202398474,0.0
2025-05-05,-0.019322535623243278,-0.010588781872416972,0.0
2025-05-06,-0.0002817246390816023,0.007485662920599435,0.0
2025-05-07,0.007051449580626959,-0.009769078692778278,0.0
2025-05-08,-0.004309429830284617,0.0019357971614054953,0.0
2025-05-09,0.0030640934796704183,-0.013925984223066068,0.0
2025-05-10,0.00879310744644841,-0.014875894810885871,0.0
2025-05-11,-0.004767270836792915,-0.010774088985680453,0.0
2025-05-12,0.0027774554662275183,-0.009303523787075564,0.0
2025-05-13,0.011719962628749444,0.009165754202158398,0.0
2025-05-14,-0.011035274440309833,-0.008579168555510035,0.0
2025-05-15,0.011852344148536144,-0.005669133552559537,0.0
2025-05-16,-0.00039292044342990315,-0.006545765607128498,0.0
2025-05-17,-0.013534600227962434,0.0035113006547773913,0.0
2025-05-18,0.004555805438427989,0.009194240416454344,0.0
2025-05-19,0.0075260208676430655,-0.0063835040422885935,0.0
2025-05-20,-0.0008289348744452028,-0.0030472866773542974,0.0
2025-05-21,0.004338291230334948,0.011780335753553667,0.0
2025-05-22,0.005803502425776464,0.013357922379900087,0.0
2025-05-23,0.0016486399253151454,0.0013460228866070568,0.0
2025-05-24,0.0023796475401105985,-0.0006564826788478175,0.0
2025-05-25,0.009398471655952955,-0.023161093518560213,0.0
2025-05-26,0.008729109344638743,-0.0061184717177065005,0.0
2025-05-27,0.0010548660010518908,0.012201137120864987,0.0
2025-05-28,-0.017111605266808314,-0.004289931388736584,0.0
2025-05-29,-0.011544299700615455,-0.019027608623617426,0.0
2025-05-30,-0.0026183494885968785,-0.002682077855961785,0.0
2025-05-31,0.01248266017675383,-0.005756449239470678,0.0
2025-06-01,0.00611599570202503,0.006428126178742118,0.0
2025-06-02,0.01874438434532104,-0.0005884154298712467,0.0
2025-06-03,0.005789336676948363,0.002138684543193912,0.0
2025-06-04,0.005413113561952235,0.01588428630282432,0.0
2025-06-05,-0.0019554222569653735,-0.0034748899110571344,0.0
2025-06-06,0.01333019249047614,-0.007856206889776205,0.0
2025-06-07,-0.012159248304969115,0.0010949314982449327,0.0
2025-06-08,0.004649104056524666,0.0034320804306097363,0.0
2025-06-09,-0.00016763364584434628,-0.011180658266263736,0.0
2025-06-10,-0.003971186939198716,0.006252171672967606,0.0
2025-06-11,0.010599189986590523,-0.015937761279069398,0.0
2025-06-12,0.00790095341868993,-0.00941728251747274,0.0
2025-06-13,0.0052114218749550415,0.005185453369329018,0.0
2025-06-14,-0.0018693724018620744,0.01381268582634096,0.0
2025-06-15,-0.01308808074047695,-0.0025106626681323575,0.0
2025-06-16,-0.01203921142306154,0.009196375265599159,0.0
2025-06-17,-0.02389124303398347,-0.0015500088439221122,0.0
2025-06-18,-0.012131158787064613,-0.009028052385328944,0.0
2025-06-19,0.004225648038626361,-0.003196732373575058,0.00403647737121552
2025-06-20,0.01499896060720001,0.006660979247779968,0.0015359401983999765
2025-06-21,-0.009877140240983929,0.004909837268052002,0.0019485353130884175
2025-06-22,0.013392080243716405,0.01768572730192425,0.00460796873421436
2025-06-23,0.019919322674953097,0.0028525541977680365,0.0
2025-06-24,0.012116556225161008,0.01359684305806999,0.0
2025-06-25,0.01809402819469259,0.014861294376136217,0.0
2025-06-26,0.0009523574425673224,-0.009767796839264965,0.001270725169865719
2025-06-27,-0.003626454630341736,-0.01052437792603906,0.0
2025-06-28,0.0040367796282331165,-0.001697683779953164,0.0
2025-06-29,0.010935682865653997,0.011370363373702785,0.0
2025-06-30,0.005984194883458987,0.013470426146276764,0.0
2025-07-01,0.0032819657806183082,-0.005250908571833024,0.009602712170296339
2025-07-02,0.009416292882744122,-0.0025549482166990867,0.007684835168160986
2025-07-03,-0.007230295793432515,-0.013104008964837653,0.013213402441901244
2025-07-04,0.009327085095321793,-0.0024033316924868247,0.004523624637575281
2025-07-05,-0.018202742573473218,0.022783806535618796,0.0008032136210411392
2025-07-06,0.015797521819203793,0.0009843630363665624,0.0012938305228332517
2025-07-07,0.015492456091503598,-0.011199121186745887,0.0
2025-07-08,0.024932974069328564,-0.008494525897182728,0.0
2025-07-09,-0.007411225544448629,-0.01658619256251434,0.0
2025-07-10,-0.004090246702267879,0.009075487144583649,0.0
2025-07-11,-0.008683763350407032,0.00011319293157169162,0.0
2025-07-12,-0.012947739844123132,0.0228065713709662,0.0
2025-07-13,-0.021638140961583154,0.018008292316418883,0.0
2025-07-14,0.009402602288563,-0.008963678415292217,0.0
2025-07-15,-0.0006568966569274073,-0.012659711585894984,0.0
2025-07-16,0.00019489761297853512,-0.0125729083554571,0.0
2025-07-17,-0.01637004251651186,0.010483764880372106,0.0
2025-07-18,0.0030163839107911583,0.0289545700403395,0.0
2025-07-19,0.02177036516563235,-0.002626261530162754,0.0
2025-07-20,0.0031292223531067184,-0.004317530711435629,0.0
2025-07-21,0.009905772684672402,-0.0016717708860576278,0.0
2025-07-22,-0.010135413295107473,-0.007667527888158341,0.0
2025-07-23,0.012338490550353964,-0.016954720045775935,0.0
2025-07-24,0.0012365332746470776,-0.00589129150141363,0.0
2025-07-25,0.0027405882664487797,-0.01288263030835948,0.0
2025-07-26,0.0051799865386793886,-0.0007195247434913236,0.0
2025-07-27,-0.0009196449774656864,-0.0030909712878319545,0.0
2025-07-28,0.008408434841588278,-0.004063811482775974,0.0
2025-07-29,0.0004891727847418389,0.0047223173679388645,0.0
2025-07-30,-0.002759102645555745,-0.013355677277657439,0.0
2025-07-31,-0.009202403909462342,0.01074791406768946,0.0
2025-08-01,-0.009994034390442831,0.007543048713106558,0.0
2025-08-02,0.010205389400198012,0.00887421855020603,0.0
2025-08-03,0.012449927304861842,-0.006762768410044886,0.0
2025-08-04,0.0006011118261163884,0.0003558153772347397,0.0
2025-08-05,-0.0002509030587341474,0.01173622597177791,0.0
2025-08-06,-0.004092497643267278,0.003871997476547187,0.0
2025-08-07,0.003480976445220853,-0.01503686275579556,0.0
2025-08-08,0.01566645725067931,0.004431117567642375,0.0
2025-08-09,0.004357481090870246,-0.003948226323407446,0.0
2025-08-10,-0.003689812938492114,-0.0024754785186763117,0.0
2025-08-11,0.012320786822174896,-0.0011355962649161268,0.0
2025-08-12,0.009338537261667923,-0.014939829644942981,0.0
2025-08-13,-0.016137641163117892,-0.00777784306304135,0.0
2025-08-14,-0.0029153193558061393,-0.011219327546725425,0.0
2025-08-15,0.014283954943763338,-0.00869606348930541,0.0
2025-08-16,0.005760185680909697,0.004231719269192451,0.0
2025-08-17,0.001261984573228806,0.008667648962474522,0.0
2025-08-18,0.006061884436263162,0.004377516159698295,0.0
2025-08-19,-0.009864472045431857,0.007594120560837111,0.0
2025-08-20,-0.009802269275584445,-0.0011612586809758474,0.0
2025-08-21,0.0007191686513166828,-0.0029581206537943184,0.0
2025-08-22,0.0030996848677001853,-0.008251644290321308,0.0
2025-08-23,0.01813664611186154,0.007731441576191231,0.0
2025-08-24,0.0008427507498070828,-0.00029207815745054845,0.0
2025-08-25,0.004998865448788405,0.00414341721890919,0.0
2025-08-26,0.017483876036437748,0.002300652572318893,0.0
2025-08-27,-0.004003484257297821,0.01697186918834201,0.0
2025-08-28,-0.000781832460380449,-0.008190417576733859,0.0
2025-08-29,0.002338588522251617,-0.0029941197478550743,0.0
2025-08-30,0.00468876611239911,-0.011032640658050463,0.0
2025-08-31,0.0036228538886549605,-0.0062775960219893295,0.0
2025-09-01,0.008998490922749,0.006477901379970522,0.0
2025-09-02,-0.010067165523030589,-0.0020902186539656785,0.0
2025-09-03,-0.011341445663187306,-0.022550526872603074,0.0
2025-09-04,0.0009965360781803996,-0.009226469875814977,0.0
2025-09-05,-0.014489725932012351,0.0018117751938918046,0.0
2025-09-06,0.01772698269857056,0.00020564458410086842,0.0
2025-09-07,-0.006184567361944634,-0.004901557541351353,0.0
2025-09-08,-0.003984689511893877,0.005381218110175292,0.0
2025-09-09,0.007694574696847879,-0.0017833494477702376,0.0
2025-09-10,0.004884343641763335,-5.2332839713000203e-05,0.0
2025-09-11,0.007327256087624412,0.006718987368635854,0.0
2025-09-12,0.0013020395105006314,0.005891414983615626,0.0
2025-09-13,-0.011637523558918948,-0.01644287909990794,0.0
2025-09-14,-0.00011958459336854936,-0.0031740311515829804,0.0
2025-09-15,-0.005173983542570977,0.012244387765508338,0.0
2025-09-16,-0.01545155605825383,0.0017875245625353826,0.0
2025-09-17,-0.0015988526948755636,0.011202846353188257,0.0
2025-09-18,0.010902353600246,-0.004277501683918783,0.0
2025-09-19,-0.008003635170641286,0.00720303959406708,0.0
2025-09-20,-0.006137468584874551,-0.0004931003608943332,0.0
2025-09-21,-0.006358976708933824,-0.0019363644088145257,0.0
2025-09-22,0.00876546918889691,0.001700228697642559,0.0
2025-09-23,-0.019356648175159943,0.010011732538030855,0.0
2025-09-24,0.005829610183316818,-0.00627554999568539,0.0
2025-09-25,0.002153879553853071,-0.0010524336641027697,0.0
2025-09-26,9.1560364913385e-05,-0.005698664707676088,0.0
2025-09-27,-0.008302656303993848,-0.0030974996335776414,0.0
2025-09-28,-0.0016077840868623959,-0.000788027200033865,0.0
2025-09-29,0.020386371820091093,-0.0021801857246329017,0.0
2025-09-30,0.003179738924266637,0.00020695441130126534,0.0
2025-10-01,-0.0030412571663082978,0.011615731399218732,0.0
2025-10-02,0.009310172548739856,-0.00880767896544673,0.0
2025-10-03,-0.011588004932531766,-0.021036633268020674,0.0
2025-10-04,0.012202172004036454,0.01558163156790573,0.0
2025-10-05,-0.00013218378242093999,0.018346318234892422,0.0
2025-10-06,0.026217351606648037,-0.012353475031347576,0.0
2025-10-07,0.023274487891559913,-0.004563841767430244,0.0
2025-10-08,0.0069522526094244665,0.00839458708020224,0.0
2025-10-09,0.005353039664397419,-0.001479677844388289,0.0
2025-10-10,-0.0030270242036417273,-0.005253134582429116,0.0
2025-10-11,0.006829073665629991,-0.009144326054023414,0.0
2025-10-12,0.008322095863311693,-0.017100910575916336,0.0
2025-10-13,-0.012718418178704073,0.011952834069557657,0.0
2025-10-14,-0.014194681675673242,-0.001262817739875049,0.0
2025-10-15,0.006371284266203492,-0.017294859268065014,0.0
2025-10-16,-0.0048188912549740285,0.0047604222988538916,0.0
2025-10-17,0.002462528292429943,0.009366242444073292,0.0
2025-10-18,0.002012135669744265,0.0012813585031677553,0.0
2025-10-19,0.002442528735323067,0.003646587476531073,0.0
2025-10-20,-0.0016486415859453668,-0.013984982776276413,0.0
2025-10-21,0.006975597966065365,0.004884521164052891,0.0
2025-10-22,0.015210051212745684,-0.002710508376175737,0.0
2025-10-23,0.017100385888487044,-0.004857363885369582,0.0
2025-10-24,-0.0029057434888737866,-0.008061596835819737,0.0
2025-10-25,0.0018789288090795234,0.0018300791331432773,0.0
2025-10-26,0.001547573397897727,0.027144394999228622,0.0
2025-10-27,-0.014356237594533548,-0.002278203730912774,0.0
2025-10-28,-0.014917646440090415,0.00040640414048593795,0.0
2025-10-29,-0.0006380739829694645,-0.0009933712637292245,0.0
2025-10-30,0.005208551643263312,-0.0005962438232010167,0.0
2025-10-31,0.008292584541731178,0.016623994688278357,0.0
2025-11-01,-0.0060752582468152115,0.009150372057854583,0.0
2025-11-02,0.007004056430361032,0.020534799609148734,0.0
2025-11-03,-0.0007337807084826543,0.017494573807717396,0.0
2025-11-04,-0.003992682639833701,-0.015371310160551143,0.0
2025-11-05,0.010312040684464568,0.011823197133293682,0.0
2025-11-06,-0.016583688598603624,0.0003517980340701154,0.0
2025-11-07,-0.02275446452738823,-0.014147025251534915,0.0
2025-11-08,0.019747604510193015,-0.012316490871129706,0.0
2025-11-09,-3.118223767101405e-05,-0.0011744131396241393,0.0
2025-11-10,0.008264225346249364,0.013477243062805915,0.0
2025-11-11,-0.0006294277227254587,0.009132603019965166,0.0
2025-11-12,-0.006574623510496595,0.002939916252539604,0.0
2025-11-13,-0.011201918436790819,-0.006977619123254114,0.0
2025-11-14,-0.0177328779057889,-0.0002783920612449358,0.0
2025-11-15,0.002320015496687721,0.004230421544642415,0.0
2025-11-16,-0.010164976695842992,0.006193608524024635,0.0
2025-11-17,-0.0008203321871521803,-0.0030905390723257086,0.0
2025-11-18,0.0031566738661632865,-0.01741169724766491,0.0
2025-11-19,-0.00035200244248807127,-0.008277385422984396,0.0
2025-11-20,0.0012099726370324122,0.005790318760048513,0.0
2025-11-21,0.015217259761206255,1.7030984906860507e-05,0.0
2025-11-22,0.003210937783111715,0.007361709977002764,0.0
2025-11-23,0.0027652047734584824,0.006945489223644147,0.0
2025-11-24,-0.0013426760922238994,-0.006863459874426013,0.0
2025-11-25,0.01475046655422896,0.0045614605463941875,0.0
2025-11-26,0.013210223561353164,0.01091062719428971,0.0
2025-11-27,-0.005544020529372289,-0.00785577818979021,0.0
2025-11-28,0.004218394293823102,-0.006736217797925421,0.0
2025-11-29,-0.0010363634210710834,0.010619879275832456,0.0
2025-11-30,-0.00404200299305646,-0.003489999778102077,0.0
2025-12-01,-0.00868810836575942,0.0014952712615413487,0.0
2025-12-02,0.018413285740143608,-0.00110988600951099,0.0
2025-12-03,0.00590192208828016,4.429440553660468e-05,0.0
2025-12-04,-0.02082066367021472,-0.0008968800247140269,0.0
2025-12-05,0.011040499928592932,0.011946805770874362,0.0
2025-12-06,0.0181484327145364,0.003111131157516765,0.0
2025-12-07,0.0016543465549785342,0.0012202649074803341,0.0
2025-12-08,-0.00013895858396492747,0.004920638077245449,0.0
2025-12-09,0.002012856987016094,-0.0020649042890014888,0.0
2025-12-10,0.00980463504099222,-0.007760848456863019,0.0
2025-12-11,-0.005054525628863994,-0.01098267008077595,0.0
2025-12-12,0.004491448346570145,0.019006279522419272,0.0
2025-12-13,-0.014645049697729293,-0.004876180490841743,0.0
2025-12-14,0.01217881738164595,-0.008310502306660915,0.0
2025-12-15,-0.010894587611746654,0.008318774215070456,0.0
2025-12-16,-0.0033588354122754812,0.008853861645954786,0.0
2025-12-17,0.004466283593839688,0.008105096098415556,0.0
2025-12-18,0.01051802027643207,0.00834818587219046,0.0
2025-12-19,-0.006840271767280553,-0.008953196252117082,0.0
2025-12-20,-0.006481213112785758,0.021771971397053794,0.0
2025-12-21,0.015442957357058149,0.01347177144616434,0.0
2025-12-22,-0.006045171222527583,-0.0006073066435324732,0.0
2025-12-23,-0.007922100240859735,-0.0014996008957639212,0.0
2025-12-24,-0.004816816914639012,-0.021856411442610295,0.0
2025-12-25,0.007097937218126655,-0.007550400992087778,0.0
2025-12-26,0.007312820083657483,0.01023227364103302,0.0
2025-12-27,0.01042071848422441,0.011370492065442873,0.0
2025-12-28,0.004574247104554775,-0.0023997106024506196,0.0
2025-12-29,-0.0038566155570289415,-0.007377893208624142,0.0
2025-12-30,0.00483746050214495,0.0011169157080441448,0.0
2025-12-31,0.007906736885712261,-0.0016718689556864932,0.0
2026-01-01,-0.01123158077281717,0.00020685363774961774,0.0
2026-01-02,-0.005877034422805252,0.008285252382313923,0.0
2026-01-03,5.6081982316719016e-05,-0.02416416871726388,0.0
2026-01-04,0.016716057388883074,0.0009551523637837802,0.0
2026-01-05,-0.0027966708790709387,-0.015133231725703149,0.0
2026-01-06,0.0009653557742521643,0.006788739106917589,0.0
2026-01-07,0.0007642255888172462,-0.008029553282336439,0.0
2026-01-08,0.004066281313090563,-0.01574062212477437,0.0
2026-01-09,0.006828687671186967,0.005552282175233725,0.0
2026-01-10,-0.009873206385816471,0.007864756872368886,0.0
2026-01-11,-0.028140091678807537,-0.006266560700935421,0.0
2026-01-12,0.008165224707071983,0.015627292041773228,0.0
2026-01-13,-0.020691507700605304,-0.003969925129542251,0.0
2026-01-14,0.003422673209214719,-0.004344519684286362,0.0
2026-01-15,0.004538820066564361,0.001190425108529512,0.0
2026-01-16,0.0074841677507888615,-0.0011755849257754053,0.0
2026-01-17,-0.010075060594563175,-0.005908622572845963,0.0
2026-01-18,0.0037118761591316825,0.01646922016809503,0.0
2026-01-19,0.007175420706766049,-0.0022724110488158314,0.0
2026-01-20,0.007365202279320449,0.006442307692544529,0.0
2026-01-21,0.012917877575916968,-0.004638360652045979,0.0
2026-01-22,-0.009596920324152313,-0.006355052048128898,0.0
2026-01-23,-0.0048427808899232155,-0.0054487216108885074,0.0
2026-01-24,-0.0023588603486031806,-0.011425456362121026,0.0
2026-01-25,-6.1021151504278284e-05,0.010781387409940321,0.0
2026-01-26,0.01065690239969028,-0.01303414045035168,0.0
2026-01-27,0.008761538168194274,0.000498397820117767,0.0
2026-01-28,0.0014927446201045,0.003852713975335573,0.0
2026-01-29,0.018018540480893363,-0.018577311422811955,0.0
2026-01-30,0.006547322884113349,0.005359919881781365,0.0
2026-01-31,-0.011132299439034973,-0.009368170976808018,0.0
2026-02-01,0.013478169845345573,-0.005280168274587386,0.0
2026-02-02,-0.012590482034984942,-0.011050258031179863,0.0
2026-02-03,-0.012284055130661067,0.007057076233662965,0.0
2026-02-04,-0.0037752518194648617,-0.014945976094442925,0.0
2026-02-05,-0.004330349493350934,-0.011098533639021515,0.0
2026-02-06,-0.000722271961958903,0.0022254106202354747,0.0
2026-02-07,0.00041118415198202477,0.021133995713590314,0.0
2026-02-08,-0.0076007489739629685,0.010380772341349787,0.0
2026-02-09,-0.007084943772520856,0.012009281752656007,0.0
2026-02-10,0.007053655773186553,-0.010043060211992352,0.0
2026-02-11,0.0032551930557096916,0.012368588043045366,0.0
2026-02-12,-0.001991446237477117,-0.002107199166427639,0.0
2026-02-13,-0.007908673460176433,-0.0024837580278169167,0.0
2026-02-14,0.0005560020584843469,0.02771169856957711,0.0
2026-02-15,-0.009661655749885424,0.016166615759523325,0.0
2026-02-16,-0.012788454994328487,0.0037289281891151648,0.0
2026-02-17,0.010435953010134042,-0.00929373357603925,0.0
2026-02-18,0.007249775740283134,0.0035161344405780725,0.0
2026-02-19,-0.003108547996434441,0.01079969647759068,0.0
2026-02-20,0.01642048479894665,0.004132753333517624,0.0
2026-02-21,-0.0006707314669012243,0.015098495639732033,0.0
2026-02-22,0.006954747699875466,-0.0029359337020277215,0.0
2026-02-23,0.005372734446266726,0.007673444948788583,0.0
2026-02-24,0.001644236664148228,0.012098216112093359,0.0
2026-02-25,0.0017933876091247559,0.000943574047411665,0.0
2026-02-26,0.015882016251903743,-0.0030932502582995255,0.0
2026-02-27,0.009758934064150866,0.01617732858794695,0.0
2026-02-28,-0.018073007179879638,0.003689941985993622,0.0
2026-03-01,0.006583571839477387,0.006605649979566847,0.0
2026-03-02,-0.021485853945319294,-0.005755198019989123,0.0
2026-03-03,-0.009765108079482575,0.005367399035554245,0.0
2026-03-04,0.005122354526894828,0.006073678729103509,0.0
2026-03-05,-0.010220970787974206,0.006226149870478732,0.0
2026-03-06,0.013171014870743803,0.0032753877935858817,0.0
2026-03-07,-0.0029590936277665764,0.004825204625529192,0.0
2026-03-08,0.006649795613563613,0.0001164871646174878,0.0
2026-03-09,0.0036879594095140245,0.004659244369668774,0.0
2026-03-10,0.008764586660513845,-0.0014208009765798446,0.0
2026-03-11,0.013969783611272164,-0.0024414948796534245,0.0
2026-03-12,-0.013885285987876661,0.017811798176052253,0.0
2026-03-13,0.00022630120466815535,-0.024344608625473607,0.0
2026-03-14,0.0027768228526005223,-0.015114892065559889,0.0
2026-03-15,0.01121969885044925,0.0013000635001150862,0.0
2026-03-16,0.006315951018248551,-0.003174931835489324,0.0
2026-03-17,-0.0019648462138857343,0.0261191526473796,0.0
2026-03-18,-0.012902571508035655,0.010518075118667041,0.0
2026-03-19,-0.015306339854159905,0.015788793117105418,0.0
2026-03-20,-0.008419233953992196,-0.005451298879598772,0.0
2026-03-21,0.0025749462476207107,-0.0026409581752848584,0.0
2026-03-22,0.0023487226776845163,-0.013129644102168195,0.0
2026-03-23,0.015223028174006505,-0.004450252347500958,0.0
2026-03-24,0.0037210828505132017,0.008870556560253822,0.0
2026-03-25,0.008584181667822119,-0.006684792515792053,0.0
2026-03-26,-0.013184003342433057,0.009904910757149565,0.0
2026-03-27,0.0032392853787878368,0.004081321437821218,0.0
2026-03-28,-0.004286654726945204,-0.012120103980297127,0.0
2026-03-29,-0.005238343321509725,-0.008916482322953941,0.0
2026-03-30,0.013228417076324071,-0.0025207672372315475,0.0
2026-03-31,0.0005823200206256125,0.0077080165930975665,0.0
2026-04-01,-9.878061355087195e-05,-0.006959079825605146,0.0
2026-04-02,0.000743926462552856,-0.007337586215772013,0.0
2026-04-03,-0.01285676103601952,-0.0012236701347496989,0.0
2026-04-04,-0.015606791898600498,0.000984072995590189,0.0
2026-04-05,0.019779175873702422,0.00207991625882906,0.0
2026-04-06,0.0012581127565746962,0.007892766154465897,0.0
2026-04-07,0.0006028890539092611,-0.01645875883855268,0.0
2026-04-08,0.0029258419699040423,-0.0023098388163103663,0.0
2026-04-09,-0.0038738404390036758,0.006115616978162411,0.0
2026-04-10,-0.0021448563712162085,0.01695971780829912,0.0
2026-04-11,-0.00799853039136461,0.007627005945686069,0.0
2026-04-12,0.004036722790260523,0.00010861327740254783,0.0
2026-04-13,-0.000895246397617889,0.003296886524740861,0.0
2026-04-14,0.011047264738140872,-0.007266012883941896,0.0
2026-04-15,0.01627985223381596,0.007553495218958783,0.0
2026-04-16,-0.010078291776717747,-0.010184356675614258,0.0
2026-04-17,0.007488361998887257,-0.008768289659389718,0.0
2026-04-18,-0.003493442642018384,-0.006005361500262119,0.0
2026-04-19,0.02237944470933971,0.002041756063861991,0.0
2026-04-20,0.002752024866856981,0.011200416752626046,0.0
2026-04-21,0.010486774267894412,9.409475072509964e-05,0.0
2026-04-22,-0.004235946548909942,0.016106070366087983,0.0
2026-04-23,0.013331508885581544,0.012272811575291124,0.0
2026-04-24,-0.006713654993447508,0.014724015175626532,0.0
2026-04-25,-0.011843725368580114,0.008564876225369545,0.0
2026-04-26,-0.023882432721628377,0.00516649472357882,0.0
2026-04-27,7.1410588761513e-05,0.0016641025029740016,0.0
2026-04-28,-0.003475313268350214,0.010918281210779725,0.0
2026-04-29,0.0023548547279918703,0.0032431632892565526,0.0
2026-04-30,-0.008658248375516061,-0.003535043788686554,0.0
2026-05-01,0.00021932889649075644,0.009041699301575641,0.0
2026-05-02,0.00014430188577091674,0.011446746962017662,0.0
2026-05-03,-0.010470979302349623,-0.00023720654725963158,0.0
2026-05-04,0.019791596941222338,-0.006020535115502399,0.0
2026-05-05,0.022808088841321825,0.00048232523495214344,0.0
2026-05-06,0.0033860751362581086,-0.016628617435406876,0.0
2026-05-07,0.006108772325770355,0.011824874632903045,0.0
2026-05-08,0.007267836500852618,-0.0015384638773561876,0.0
2026-05-09,0.007936112073178809,0.011361828785517319,0.0
2026-05-10,-0.007304753533309929,0.007914268043739143,0.0009285427670834151
2026-05-11,0.003609727836515159,-0.0009733779338771096,0.0
2026-05-12,0.018814590104864328,0.002315507830706269,0.0007643208398930915
2026-05-13,-0.0009385705368901938,-0.019353289977002877,0.0007675220934690377
2026-05-14,-0.0017689548987811598,0.00018413374509392268,0.0
2026-05-15,-0.008367317544940385,-0.011505447267488604,0.004598353378414556
2026-05-16,-0.0033992217082075794,0.009930302827096657,0.005606367812137136
2026-05-17,-0.02097943483003473,-0.003681433630071794,0.006082242425614066
2026-05-18,0.0004668785916024212,0.008981172657604862,0.006723067449982356
2026-05-19,0.011696744185990725,-0.002922159249086368,0.002626706363313497
2026-05-20,0.004200718940635033,-0.00924962089707895,0.0
2026-05-21,0.002620404563127599,-0.007877047910814608,0.0
2026-05-22,0.0015458473580978575,0.013841294801514033,0.0
2026-05-23,0.0015837007763526978,0.005565677187486279,0.0
2026-05-24,-0.009589141535645817,0.00027170351087321947,0.0
2026-05-25,-0.01797984037984767,0.0032284922762671566,0.0
2026-05-26,0.019642049547917432,-0.0069427027004787065,0.0
2026-05-27,0.0061436887699877415,0.0023717012978279805,0.0
2026-05-28,-0.020998741101252306,-0.004230102402320208,0.0015450312214076861
2026-05-29,0.017245838663308363,0.02458435710324094,0.003067706702640449
2026-05-30,-0.0031619037847240784,-0.01021845101037254,0.0
2026-05-31,0.010800368105202636,0.001923553176312691,0.0
2026-06-01,-0.00013107709518394943,-0.011339805112858477,0.0
2026-06-02,-0.005466334360077036,-0.012376100444263585,0.0
2026-06-03,0.009501311641400752,-0.015163150291890517,0.0
2026-06-04,-0.002467886357356054,0.015719731840215027,0.0
2026-06-05,-0.023825835916732197,0.007552264633692112,0.0
2026-06-06,0.006657917558799528,0.01319458335332194,0.0
2026-06-07,0.00012998849477422074,0.009473527113645745,0.0
2026-06-08,0.00029920952277886993,-0.0016856636765342071,0.0
2026-06-09,-0.002231976985554672,-0.010033515996871563,0.0
2026-06-10,0.005263529251034741,-0.007646037137286782,0.0
2026-06-11,0.016214507193169678,-0.013463306685812927,0.0
2026-06-12,0.011147612914589733,-0.0025395097345116487,0.0
2026-06-13,0.00413917496113969,-0.00454822707083235,0.0
2026-06-14,0.0020054516339696434,-0.004639183323924825,0.0
2026-06-15,-0.00643654768523947,0.016130724883310018,0.0
2026-06-16,0.019035434734888404,-0.013260674224866851,0.0
2026-06-17,-0.018572091836801852,0.0013386722968794567,0.0
2026-06-18,-0.009031861109525486,-0.00789786693511355,0.0
2026-06-19,-0.0006281168486044294,-0.003250709153748477,0.0
2026-06-20,0.002415943836633473,-0.002768822980479174,0.0
2026-06-21,0.0038003952283227377,0.012416502579021842,0.0
2026-06-22,-0.003031133018009703,-0.005920981597675849,0.0
2026-06-23,0.02023266379903784,0.001852360324460083,0.0
2026-06-24,0.01364319595044122,0.019110484344752925,0.0
2026-06-25,-0.017897808313276763,0.01918172276233831,0.0
2026-06-26,-0.00856200606626632,0.00663011531864411,0.0
2026-06-27,-0.012726606471114397,0.007110325753482649,0.0
2026-06-28,0.015453412407318113,0.020122221711944874,0.0
2026-06-29,-0.003328423097533516,0.00919104543104599,0.0
2026-06-30,-0.014671058655040026,-0.0009717812473963688,0.0
2026-07-01,-0.0018815473765363064,-0.004758532576202024,0.0
2026-07-02,-0.0120988407009078,-0.005557073522630105,0.0
2026-07-03,0.0015439724977906423,0.004011244338741547,0.0
2026-07-04,0.008108831885150257,0.0005709249520382707,0.0
2026-07-05,-0.010491912902911195,0.016421330158563466,0.0
2026-07-06,0.0034552905841339406,-0.0032982555609855886,0.0
2026-07-07,0.0043041833952975955,0.012897545299007026,0.0
2026-07-08,-0.0061305620807206845,0.005446213373572232,0.0
2026-07-09,0.006083863661445933,0.0037598254249891533,0.0
2026-07-10,-0.005493437500924814,0.011728684681793817,0.0
2026-07-11,0.007831301534781189,0.0025685608961251516,0.0
2026-07-12,-0.00020483739891581897,0.00130901671123808,0.0
2026-07-13,-0.0033174845763707765,-0.015057802478933392,0.0
2026-07-14,0.015508622985802556,-0.001091206008072255,0.0
2026-07-15,0.011210613972562337,-0.01098440511443814,0.0
2026-07-16,-0.001869907220151636,0.0021963620706287124,0.0
2026-07-17,-0.030725738998801547,0.0002315524937677814,0.0
2026-07-18,0.0038710390749284156,-0.0011568580921668384,0.0
2026-07-19,-0.003968077882598719,-0.009090366171104395,0.0
2026-07-20,0.005146171370791734,-0.005063530422946322,0.0
2026-07-21,0.0010788516643541978,0.013297536437862472,0.0
2026-07-22,-0.0019207125009808254,0.009371528096610309,0.0
2026-07-23,-0.002587943623192743,-0.0025316240170618226,0.0
2026-07-24,0.015182304408070684,0.01339277994597457,0.0
2026-07-25,0.016107999110970717,-0.0016818136355889854,0.0
2026-07-26,0.014143324915589547,-0.015782873616850095,0.0
2026-07-27,-0.010653945091930817,-0.0025669689779026683,0.0
2026-07-28,-0.002967713322266316,-0.0014793085939028001,0.0
2026-07-29,0.002505175537061481,-0.008742437904085102,0.0
2026-07-30,-0.01896988917048612,-0.006035117237174621,0.0
2026-07-31,0.011356411404995973,0.0031599820855387896,0.0
2026-08-01,-0.01056378647594753,-0.008268515630729383,0.0
2026-08-02,0.010564376259288277,-0.0008379091680041897,0.0
2026-08-03,-0.005159666010386094,0.004073821247720507,0.0
2026-08-04,0.004505269012876719,-0.009766834731470173,0.0
2026-08-05,-0.01725084795158304,-0.004716972112722451,0.0
2026-08-06,-0.02537971062150777,-0.010294714359872868,0.0
2026-08-07,-0.007531790383773346,0.005211055743171598,0.0
2026-08-08,-0.013934517636642843,0.014878148965036878,0.0
2026-08-09,-0.013480711288200133,0.006520090850436387,0.0
2026-08-10,-0.005011816055067717,-0.01844914804782483,0.0
2026-08-11,0.002640497545720471,0.009062019590319981,0.0
2026-08-12,0.007962429298483559,-0.009165430956954103,0.0
2026-08-13,-0.009877262756342231,0.001300507413142771,0.0
2026-08-14,-0.015586291579505324,-0.011832842305617876,0.0
2026-08-15,-0.0016565771724179822,0.01878908215891021,0.0
2026-08-16,-0.011709827295774806,0.00309751519043044,0.0
2026-08-17,-0.013230966365021387,-0.005154746997066736,0.0
2026-08-18,-0.005523914739320055,0.0020495599760772124,0.0
2026-08-19,0.010435907690627926,0.015331260969469874,0.0
2026-08-20,0.0018925439134302863,-0.01727522410233855,0.0
2026-08-21,-0.022309885285820105,0.008711562319452856,0.0
2026-08-22,0.018974814963363066,0.00012615025232482052,0.0
2026-08-23,-0.014612069317120549,-0.018930960814568517,0.0
2026-08-24,0.0005491009395875382,0.0019482169187068773,0.0
2026-08-25,-0.009189415992546078,0.005747599980565112,0.0
2026-08-26,0.008851495301932388,-0.004201196830854846,0.0
2026-08-27,0.0032356679325340433,-0.012214403993443628,0.0
2026-08-28,0.011237026783454666,-0.008556118609577317,0.0
2026-08-29,0.0014465316784545814,-7.495893266478073e-05,0.0
2026-08-30,-0.002406996785411691,0.008086551814342691,0.0
2026-08-31,0.011512881437130904,0.0014653606106434143,0.0
2026-09-01,-0.020418414295455777,0.007601519507356717,0.0
2026-09-02,-0.013988978798154925,-0.011448500882423256,0.0
2026-09-03,-0.015719508719346607,-0.013483012469133566,0.0
2026-09-04,-0.002686746437203029,0.01271879192228007,0.0
2026-09-05,-0.005910513487412334,0.016857856343207574,0.0
2026-09-06,-0.009596132218624244,-0.0042508902886114145,0.0
2026-09-07,0.0064633396126949575,0.0005984015013536471,0.0
2026-09-08,0.0045254763017802705,-0.00026517666619722434,0.0
2026-09-09,-0.005754455235456403,0.006993765782992121,0.0
2026-09-10,-0.015271426900686363,0.005026783055223173,0.0
2026-09-11,0.021102435652870014,0.0024331947216354524,0.0
2026-09-12,0.0026415149701290263,-0.0012620821189668876,0.0
2026-09-13,-0.006566646784214651,-0.020281341517666633,0.0
2026-09-14,0.001028152564922007,0.014138991891299359,0.0
2026-09-15,0.0030321326803169502,-0.013421803632221568,0.0
2026-09-16,-0.0070446256592506485,-0.010211769359441304,0.0
2026-09-17,0.007277147731800195,-0.018862678236509924,0.0
2026-09-18,0.0010024376960794932,-0.007728644632083789,0.0
2026-09-19,-0.005189776182833912,-0.012337390916586394,0.0
2026-09-20,0.011319846490289491,-0.006988992904404299,0.0
2026-09-21,-0.004590579304029664,-0.011511035167546424,0.0
2026-09-22,0.013135308466363634,0.0029275605189739706,0.0
2026-09-23,0.0013949327407412207,0.001077175845974336,0.0
2026-09-24,-0.0025369888631233796,-0.015592698325705864,0.0
2026-09-25,0.012060806943407124,0.00881228545788299,0.0
2026-09-26,-0.0037024059289130456,-0.01048934517847514,0.0
2026-09-27,0.005732964193075555,0.019352771468301957,-0.0024452899515359366
2026-09-28,0.013856047288974526,-0.0019692894072282944,-0.0045204866412579675
2026-09-29,-0.003613744163213766,0.003023388540759497,-0.0051895226444900674
2026-09-30,-0.0059597208925813595,-0.0027873244715541272,-0.00390682759678751
2026-10-01,0.008036668109163614,0.003421454670747586,-0.0034202812214350273
2026-10-02,0.010302133414118711,0.02680232580849486,0.0
2026-10-03,-0.022155963492023055,0.0019094533972474348,0.0
2026-10-04,0.005489047064439376,0.0010939086939202856,0.0
2026-10-05,0.011830081956243483,-0.004828721518578046,0.0
2026-10-06,-0.0053025025768364525,-0.007417839675606742,0.0
2026-10-07,0.010557017220371771,0.007988783314444992,0.0
2026-10-08,-0.00293273949132799,0.010400576941035243,0.0
2026-10-09,-0.006243310833267219,-0.008828213652495216,0.0
2026-10-10,-0.0028414810954155868,-0.0031331319001542284,0.0
2026-10-11,0.007925292866897884,-0.004907119221231479,0.0
2026-10-12,-0.0033658247526974555,-0.00771891610778453,0.0
2026-10-13,-0.005210360110433718,-0.0011253399790775859,0.0
2026-10-14,0.0007230378075019712,-0.009036726588282591,0.0
2026-10-15,0.008583342139586912,-0.01064675437346867,0.0
2026-10-16,-0.02039681917889891,0.024754768255620986,0.0
2026-10-17,0.011546037099014108,-0.023975045760078206,0.0
2026-10-18,0.014790258146805815,-0.0051473534551500525,0.0
2026-10-19,-0.010376949292928506,0.0031691615680328727,0.0
2026-10-20,-0.00047227895166321066,-0.009285896142496378,0.0
2026-10-21,0.004821329928198134,-0.01419740324558092,0.0
2026-10-22,0.0013403318416163202,0.0009812716859769798,0.0
2026-10-23,0.019378473216152697,0.003248212837769675,0.0
2026-10-24,0.0016939504241762046,0.008558651625346496,0.0
2026-10-25,-0.005447300258374729,-0.019576244222030543,0.0
2026-10-26,-0.0038419205289914977,-0.0029397061736527353,0.0
2026-10-27,0.0036979051790437725,0.005904443431794319,0.0
2026-10-28,-0.007414238801613622,0.017046034258135605,0.0
2026-10-29,-0.0059306914150752885,0.00773822422822211,0.0
2026-10-30,-0.005124159528566381,-0.012158498235900678,0.0
2026-10-31,0.017433473826140532,0.00031413256925024927,0.0
2026-11-01,0.006763723670365485,-0.0025121758276825975,0.0
2026-11-02,-0.011606033095004978,0.0031127443733237133,0.0
2026-11-03,0.005416590302507729,0.006605182259123072,0.0
2026-11-04,-0.026801495963264515,0.014649050320573506,0.0
2026-11-05,0.0003775261336685888,-0.007738633294995035,0.0
2026-11-06,0.0067333879227789665,0.007670853259266414,0.0
2026-11-07,0.004071320403637349,-0.003988126269394389,0.0
2026-11-08,0.006097753465437204,-0.007817210809072552,0.0
2026-11-09,0.0027679664296199587,-0.00783096860473836,0.0
2026-11-10,-0.006185575068377203,-0.006998019135320197,0.0
2026-11-11,-0.0014280870674118077,0.00567720018328531,0.0
2026-11-12,-0.0018018196206623163,0.003884777498157211,0.0
2026-11-13,-0.014227262285576626,-0.026806193038350506,0.0
2026-11-14,0.0014422812560068294,-0.0009472900491581371,0.0
2026-11-15,-0.009225742322057895,0.00588763709424452,0.0
2026-11-16,0.007392219451815542,0.004732536626805323,0.0
2026-11-17,0.024005405823688496,0.007279378869301198,0.0
2026-11-18,0.02274030059792668,-0.003213908836408991,0.0
2026-11-19,0.027841628274580914,0.004295582821438207,0.0
2026-11-20,-0.0029836698963623494,-0.020034016269829643,0.0
2026-11-21,-0.0033139950036806627,-0.0027985031221567373,0.0
2026-11-22,0.007794595825250263,-0.01093769347893035,0.0
2026-11-23,-0.007977367739427145,-0.01816632383943942,0.0
2026-11-24,0.007718637852363755,-0.017806022784379674,0.0
2026-11-25,-0.004493224368203955,-0.005762702789707228,0.0
2026-11-26,0.004563441574537006,0.002017380441725641,0.0
2026-11-27,-0.002755423430983018,-0.022095629472997595,0.0
2026-11-28,0.01735779472464054,-0.0043899840092047416,0.0
2026-11-29,0.01308257112107299,0.0034949296195004795,0.0
2026-11-30,0.009605272918977576,-0.008317021964967133,0.0
2026-12-01,-0.011259502183900427,0.007077776966504137,0.0
2026-12-02,0.013766493062854743,-0.006635448132283129,0.0
2026-12-03,-0.0027258446954712703,0.004497510395170508,0.0
2026-12-04,-0.012312635183648994,0.0016161188215711958,0.0
2026-12-05,0.004617256322487202,0.012628120719438593,0.0
2026-12-06,0.012165835835163237,0.013582554571637637,0.0
2026-12-07,-0.01371087802768672,-0.012866511350252517,0.0
2026-12-08,0.009439361896579767,0.011261627542696068,0.0
2026-12-09,-0.0008127779505083345,0.015693971256461003,0.0
2026-12-10,-0.00046013917012031484,-0.01979568960304962,0.0
2026-12-11,0.006611094197733497,0.014324391914951802,0.0
2026-12-12,-0.001850814791596265,0.004941134965308062,0.0
2026-12-13,-0.005261546124736718,-0.009681591497090912,0.0
2026-12-14,0.012641002241335977,0.013449569437956546,0.0
2026-12-15,-0.0235697482943674,0.004404114944843003,0.0
2026-12-16,0.011774689760226222,-0.0059632069158882086,0.0
2026-12-17,-0.011520330708377323,-0.0039738026847869696,0.0
2026-12-18,0.013983924633764312,-0.0024787185933371997,0.0
2026-12-19,-0.010450898744541122,-7.52878759290043e-05,0.0
2026-12-20,0.015597356798011042,-0.0005776429914842034,0.0
2026-12-21,-0.015931035437547824,-0.0025922987715988077,0.0
2026-12-22,0.019921481759787616,-0.00904461216496915,0.0
2026-12-23,0.003243190426660248,9.979287696952906e-05,0.0
2026-12-24,-0.00040019980079001547,0.005390519165235437,0.0
2026-12-25,-0.0014288139683314813,0.010125374626798711,0.0
2026-12-26,0.012204236045085153,-0.005032107016903707,0.0
2026-12-27,2.684783637970517e-06,-0.007679152454303727,0.0
2026-12-28,0.008073514249848042,-0.014403595826779431,0.0
2026-12-29,0.003393525189962211,0.014139169439073864,0.0
2026-12-30,-0.00933441703312894,0.010446975999458642,0.0
2026-12-31,0.01902010551843993,-0.013357160952929523,0.0
2027-01-01,0.0001926416303061147,-0.02003178246934713,0.0
2027-01-02,0.004881226958294903,-0.001035185512631707,0.0
2027-01-03,0.004530639085057641,-0.009669207076075393,0.0
2027-01-04,0.0021035422552807153,0.004900967565425451,0.0
2027-01-05,0.01919816425976132,0.020376866380512434,0.0
2027-01-06,0.005789580692846686,-0.0015535561958789754,0.0
2027-01-07,-0.0008839138453228475,-0.012450880584950006,0.0
2027-01-08,0.002656992329513491,0.008859626114375135,0.0
2027-01-09,-0.0013309175529135383,0.009539921831859692,0.0
2027-01-10,-0.009508774354347696,0.0056008085604654315,0.0
2027-01-11,0.013202064389758253,0.001467915178363671,0.0
2027-01-12,-0.008049608304804988,-0.0021243187453892755,0.0
2027-01-13,0.014298547857055453,0.003562747047997916,0.0
2027-01-14,0.0028045673118333213,-0.01715912967683303,0.0
2027-01-15,0.010242855771448128,0.0018552501128572877,0.0
2027-01-16,0.0016316060402732171,-0.000364280174902448,0.0
2027-01-17,-0.0012299814344989108,0.004636238837759085,0.0
2027-01-18,0.02528128957529284,-0.0234553847900971,0.0
2027-01-19,-0.0019781060111929284,0.0020367696419513136,0.0
2027-01-20,-0.007626990990061254,0.0030971424318039682,0.0
2027-01-21,0.006255440439561835,-0.008102038589722985,0.0
2027-01-22,0.016046578647269584,0.0022570191551038858,0.0
2027-01-23,-0.011140927597995476,-0.009136035215417341,0.0
2027-01-24,-0.0035810838431362237,0.0012056356125424673,-0.0003764959038166718
2027-01-25,0.010581370681466404,-0.019011901746992247,-0.0011557793005918665
2027-01-26,0.011405263747035117,-0.006916210785513133,-0.002158638485675629
2027-01-27,0.007639166594640137,-3.604995864404538e-05,-0.004179835876494245
2027-01-28,-0.0023894581276801374,-0.0036703189032814528,-0.004197147631565611
2027-01-29,0.004083229179322408,0.005366669381268582,-0.0049816272578081175
2027-01-30,-0.005139684509973317,0.003875662544407301,-0.00500995882657701
2027-01-31,0.006547843922413104,-0.01756981380241295,-0.003618506995483363
2027-02-01,0.0019793059770883584,-0.006344065232618965,-0.005621156977757544
2027-02-02,0.004757685036331334,0.007349674466553651,-0.006234982385633747
2027-02-03,-0.0002696661886117177,0.003409649673473058,-0.005759427768694501
2027-02-04,0.009048300775056998,0.00865663490291306,-0.005806785401210428
2027-02-05,0.0024163771072595306,-0.0034051177735153542,-0.003921496035334419
2027-02-06,-0.00570146221321392,0.0020254694528288727,-0.004342069270712463
2027-02-07,0.016191703175140945,0.0036116663125170378,-0.004177981435597798
2027-02-08,0.004222998691989755,-0.013579732930435217,-0.005184921324924575
2027-02-09,-0.0009568838898570597,0.0007570313549881143,-0.011830609336194092
2027-02-10,0.00011975765083829751,-0.017222209221888666,-0.014244396518747142
2027-02-11,0.016848189127900516,-0.004023237804488373,-0.008914334297621868
2027-02-12,0.0026521891516085813,0.012892783162022895,-0.01160238151554134
2027-02-13,0.0047745695322089126,0.003251295823769026,-0.0037248383561940615
2027-02-14,-0.006488104936110809,0.0014398656259538706,-0.003256677950989585
2027-02-15,-0.0017919064951980234,-0.001820987037330449,-0.010660847413136117
2027-02-16,-0.004254601911013308,0.007801923809986407,-0.0103013716317229
2027-02-17,-0.007001561727600888,-0.007640863143131926,-0.015865873490723277
2027-02-18,-0.009156939094529004,0.020889073176970804,-0.013310233380758617
2027-02-19,-0.002012533895897976,0.004253430175538641,-0.023763098976881072
2027-02-20,-0.0116635633663331,0.011167294093224343,-0.023172483802848927
2027-02-21,0.007580986972460201,-0.0025409701875489616,-0.022089589126643057
2027-02-22,0.00896289253137819,-0.005845762833245896,-0.02024453129253522
2027-02-23,-0.007859021133308526,0.018473550411267498,-0.02159796175203161
2027-02-24,0.005145452010953101,0.00034392002293339493,-0.016115983259077718
2027-02-25,-0.006167221152603696,-6.398458908055214e-05,-0.015915655551501526
2027-02-26,0.004023019486267787,-0.005419016399545805,-0.013543412963837986
2027-02-27,0.005147332912608103,-0.0031108763973228693,-0.01257872531952113
2027-02-28,-0.01610992802582282,-0.0029612204787632015,-0.01295544663150009
2027-03-01,-0.02406413298922219,-0.016947034054513584,-0.015396749270437535
2027-03-02,0.005315419611398408,-0.011728082623490661,-0.007321619191346683
2027-03-03,0.0053207502983201194,0.00398115000942466,0.0
2027-03-04,0.00011812737403562959,0.012966925202423577,0.0
2027-03-05,-0.005193223088217736,0.0042737591549903324,0.0
2027-03-06,-0.006920384832741869,0.017278243562370257,0.0
2027-03-07,-0.025677897037698752,-0.0006597685322134969,0.0
2027-03-08,0.01410238713412756,0.00022563740483510735,0.0
2027-03-09,-0.02252340178808527,0.0014041926936962158,0.0
2027-03-10,0.0021454622086628937,-0.0029613132093505444,0.0
2027-03-11,-0.002329184652055472,0.0112707653278207,0.0
2027-03-12,0.002840048156748062,-0.00845634586248599,0.0
2027-03-13,-0.012631965478478653,0.0019161898208837958,0.0
2027-03-14,-0.008726316894705492,0.0024656222759871084,0.0
2027-03-15,0.0040754564738668024,-0.0012018457085057257,0.0
2027-03-16,-0.011653442714917141,0.025953633627010787,0.0
2027-03-17,0.0003773061073410434,0.005642796416932481,0.0
2027-03-18,-0.013650555008175198,-0.002767700728133248,0.0
2027-03-19,0.0012322892295172378,0.013135642948659687,0.0
2027-03-20,0.0041854812465132165,0.0015430450061497333,0.0
2027-03-21,-0.00027829108830860485,0.006047022783720045,0.0
2027-03-22,0.004814085926513471,-0.0056044980766758535,0.0
2027-03-23,-0.012181388491298637,-0.01725064413065403,0.0
2027-03-24,-0.0059635698779699625,0.020851934287512825,0.0
2027-03-25,-0.004192268561887752,0.005105165213608267,0.0
2027-03-26,0.013395295997166566,-0.003034991041053583,0.0
2027-03-27,-0.006453686796385326,-0.010105778530307035,0.0
2027-03-28,-0.000730281981514718,-0.005657180127194433,0.0
2027-03-29,0.011090106694175064,-0.003864920928575791,0.0
2027-03-30,0.0010221375687368402,-0.0016590119613794075,0.0
2027-03-31,0.008042161257640892,-0.02094484335202465,0.0
2027-04-01,-0.011463233107289342,-0.006187713993252689,0.0
2027-04-02,0.008801206638562355,0.01403589529410423,0.0
2027-04-03,-0.0010257107153071362,0.007403186278167075,0.0
2027-04-04,0.003980323849992155,0.01700816778485973,0.0
2027-04-05,0.005783843450960708,0.005089107214960448,0.0
2027-04-06,-0.020149068770529993,-0.005354289940962637,0.0
2027-04-07,0.010054645980819024,0.013640132642815033,0.0
2027-04-08,-0.005382016480802983,-0.004031887059401391,0.0
2027-04-09,0.010217651766191709,0.002580918559874935,0.0
2027-04-10,-0.003951046033366162,0.003337932120592875,0.0
2027-04-11,0.000843642389279689,0.002244586270870487,0.0
2027-04-12,-0.01672916631164312,-0.015998126445108393,0.0
2027-04-13,-0.012796958519587268,0.012632395471802156,0.0
2027-04-14,0.009037652369572383,-0.007375631633149709,0.0
2027-04-15,-0.009636943906649072,0.004781206084216272,0.0
2027-04-16,0.0011591333649472305,-0.006592077886683302,0.0
2027-04-17,-0.002020406633800464,0.0007292893280890245,0.0
2027-04-18,-0.012613881613458357,0.008170052215175326,0.0
2027-04-19,-0.003613767665796304,-0.017066985581827936,0.0
2027-04-20,-0.002912669454629031,-0.015338759586430748,0.0
2027-04-21,0.0045885901097265135,0.009125279713821445,0.0
2027-04-22,-0.0054226113071563446,-0.008464270462091016,0.0
2027-04-23,-0.007462675461872537,-0.007783442317958428,0.0
2027-04-24,0.012535558071424688,0.012466510850251165,0.0
2027-04-25,0.012959599005964184,0.0069732019732075155,0.0
2027-04-26,-0.0004793270515909181,0.0016657355260615433,0.0
2027-04-27,-0.011189909131972995,0.010360152138390706,0.0
2027-04-28,0.0029347522195156206,-0.0036219200207681457,0.0
2027-04-29,-0.00621795206032937,0.008380723511464227,0.0
2027-04-30,0.012941867546952042,0.008147141992073165,0.0
2027-05-01,-0.0014053514078030006,0.007678129808354179,0.0
2027-05-02,-0.007485898038098724,-0.0007509171934140351,0.0
2027-05-03,-0.004165621901475262,0.01192924470807206,0.0
2027-05-04,-0.010425531775839278,0.015124892197242707,0.0
2027-05-05,-0.0017407629749629483,0.019333967879188736,0.0
2027-05-06,-0.01381679003408533,-0.0021918244671220483,-0.0021758945906333663
2027-05-07,0.0009895101521414738,-0.003798026804728143,-0.004372098016156227
2027-05-08,0.0070841813606244645,0.01134749990701524,-0.0021977937199459605
2027-05-09,0.00365871026609159,0.0016385304970269095,-0.0021704515355939827
2027-05-10,-0.010280093237894526,0.022546056038470316,-0.0018914337364310113
2027-05-11,0.0026794044100658344,0.004357378630039838,0.0
2027-05-12,-0.005230580260216599,0.0018717179533049902,0.0
2027-05-13,-0.015447365633534936,-0.010176320094982608,0.0
2027-05-14,-0.00223208799526615,0.007325591238551698,0.0
2027-05-15,0.007228438008213663,-0.0031513570707979643,0.0
2027-05-16,0.0007935035818403596,0.014644845782174008,0.0
2027-05-17,-0.004739294655116161,0.00768937222620093,0.0
2027-05-18,-0.007820496186267104,0.00819775805885846,0.0
