idx,doi,title,venue,date,openalex_id,has_abstract,abstract,error
1,10.1093/restud/rdq010,General Equilibrium Returns to Human and Investment Capital under Moral Hazard,The Review of Economic Studies,2011-01,https://openalex.org/W2156030554,True,"We present a tractable general equilibrium model with multiple sectors in which firms offer workers incentive contracts and simultaneously raise capital in stock markets. Workers optimally invest in the stock market and at the same time hedge labour income risk. Firms rationally take agents' portfolio decisions into account. In equilibrium, the cost of capital of each sector is endogenous. The distortion induced by moral hazard generates counterintuitive effects on the real economy. For example, the value of labour market participation may be higher under moral hazard than under first best, further a positive productivity shock may decrease welfare in the moral hazard economy. In addition, our model generates predictions on the effects of moral hazard on asset markets. For example, in the presence of moral hazard, the capital asset pricing model fails because firms, by choosing optimal incentive contracts, transfer risk both through wages and through the stock market. This leads to several cross-sectional asset pricing “anomalies”, such as size and value effects. As we characterize optimal contracts, we can also present empirical predictions relating workers' compensation, firm productivity, firm size, and financial market abnormal returns.",
2,10.1093/restud/rdr040,Dynamic Trading and Asset Prices: Keynes vs. Hayek,The Review of Economic Studies,2011-11,https://openalex.org/W3124721249,True,"We investigate the dynamics of prices, information, and expectations in a competitive, noisy, dynamic asset pricing equilibrium model with long-term investors. We argue that the fact that prices can score worse or better than consensus opinion in predicting the fundamentals is a product of endogenous short-term speculation. For a given positive level of residual pay-off uncertainty, if liquidity trades display low persistence, rational investors act like market makers and accommodate the order flow and prices are farther away from fundamentals compared to consensus. This defines a “Keynesian” region; the complementary region is “Hayekian” in that rational investors chase the trend and prices are systematically closer to fundamentals than average expectations. The standard case of no residual uncertainty and liquidity trading following a random walk is on the frontier of the two regions and identifies the set of deep parameters for which rational investors abide by Keynes' dictum of concentrating on an asset “long-term prospects and those only”. The analysis also explains momentum and reversal in stock returns and how accommodation and trend-chasing strategies differ from these phenomena.",
3,10.1093/restud/rdt051,Heterogeneous Beliefs and Tests of Present Value Models,The Review of Economic Studies,2013-12,https://openalex.org/W2070485196,True,"This article develops a dynamic asset pricing model with persistent heterogeneous beliefs. The model features competitive traders who receive idiosyncratic signals about an underlying fundamentals process. We adapt Futia's (1981) frequency domain methods to derive conditions on the fundamentals that guarantee non-invertibility of the mapping between observed market data and the underlying shocks to agents' information sets. When these conditions are satisfied, agents remain asymmetrically informed in equilibrium and must ‘forecast the forecasts of others’. An econometrician, who incorrectly imposes a homogeneous beliefs equilibrium, will find that the asset price displays violations of variance bounds, predictability of excess returns, and rejections of cross-equation restrictions.",
4,10.1093/restud/rdx077,Asset Prices and Portfolio Choice with Learning from Experience,The Review of Economic Studies,2017-12,https://openalex.org/W3125625714,True,"We study asset prices and portfolio choice with overlapping generations, where the young disregard history to learn from own experience. Disregarding history implies less precise estimates of output growth, which in equilibrium leads the young to increase their investment in risky assets after positive returns, that is, they act as trend chasers. In equilibrium, the risk premium decreases after a positive shock and, therefore, trend chasing young agents lose wealth relative to old agents who behave as contrarians. Consistent with findings from survey data, the average belief about the risk premium in the economy relates negatively to future excess returns and is smoother than the true risk premium.",
5,10.1093/restud/rdz019,Manipulated Electorates and Information Aggregation,The Review of Economic Studies,2019-05,https://openalex.org/W2187484857,True,"We study the aggregation of dispersed information in elections in which turnout may depend on the state. State-dependent turnout may arise from the actions of a biased and informed “election organizer”. Voters are symmetric ex ante and prefer policy a in state $\alpha$ and policy $b$ in state $\beta$, but the organizer prefers policy $a$ regardless of the state. Each recruited voter observes a private signal about the unknown state but does not learn the turnout.First, we characterize how the outcomes of large elections depend on the turnout pattern across states. In contrast to existing results for large elections, there are equilibria in which information aggregation fails whenever there is an asymmetry in turnout; information aggregation is only guaranteed in all equilibria if turnout is state independent. Second, when the turnout is the result of costly voter recruitment by a biased organizer, the organizer can ensure that its favourite policy $a$ is implemented with high probability independent of the state as the voter recruitment cost vanishes. Moreover, information aggregation will fail in all equilibria. The critical observation is that a vote is more likely to be pivotal for the decision if turnout is smaller, leading to a systematic bias of the decision toward the low-turnout state.",
6,10.1093/restud/rdab086,Recovering Investor Expectations from Demand for Index Funds,The Review of Economic Studies,2021-12,https://openalex.org/W4206393319,True,"Abstract We use a revealed-preference approach to estimate investor expectations of stock market returns. Using data on demand for index funds that follow the S&amp;P 500, we develop and estimate a model of investor choice to flexibly recover the time-varying distribution of expected future returns across investors. Our analysis is facilitated by the prevalence of leveraged funds that track the same underlying asset: by choosing between higher and lower leverage, investors trade off higher return against less risk. Our estimates indicate that investor expectations are heterogeneous, extrapolative, and persistent. Following a downturn, investors become more pessimistic on average, but there is also an increase in disagreement among participating investors due to the presence of contrarian investors.",
7,10.1093/restud/rdac046,Multinomial Logit Processes and Preference Discovery: Inside and Outside the Black Box,The Review of Economic Studies,2022-08,https://openalex.org/W3124040084,True,"Abstract We provide two characterizations, one axiomatic and the other neuro-computational, of the dependence of choice probabilities on deadlines, within the widely used softmax representation $$\begin{align*} p_{t}\left( a,A\right) =\dfrac{e^{\frac{u\left( a\right) }{\lambda\left( t\right) }+\alpha\left( a\right) }}{\sum_{b\in A}e^{\frac{u\left( b\right) }{\lambda\left( t\right) }+\alpha\left( b\right) }}, \end{align*}$$ where $p_{t}\left( a,A\right)$ is the probability that alternative $a$ is selected from the set $A$ of feasible alternatives if $t$ is the time available to decide, $\lambda$ is a time-dependent noise parameter measuring the unit cost of information, $u$ is a time-independent utility function, and $\alpha$ is an alternative-specific bias that determines the initial choice probabilities (reflecting prior information and memory anchoring). Our axiomatic analysis provides a behavioural foundation of softmax (also known as Multinomial Logit Model when $\alpha$ is constant). Our neuro-computational derivation provides a biologically inspired algorithm that may explain the emergence of softmax in choice behaviour. Jointly, the two approaches provide a thorough understanding of softmaximization in terms of internal causes (neuro-physiological mechanisms) and external effects (testable implications).",
8,10.1093/restud/rdac054,Infrequent Random Portfolio Decisions in an Open Economy Model,The Review of Economic Studies,2022-08,https://openalex.org/W4289835016,True,"Abstract We introduce a portfolio friction in a two-country DSGE model where investors face a constant probability to make new portfolio decisions. The friction leads to a more gradual portfolio adjustment to shocks and a weaker portfolio response to changes in expected excess returns. We apply the model to monthly data for the US and the rest of the world for equity portfolios. We show that the model is consistent with a broad set of evidence related to portfolios, equity prices, and excess returns for an intermediate level of friction. The evidence includes portfolio inertia, limited sensitivity to expected excess returns, a significant impact of financial shocks, excess return predictability, and asset price momentum and reversal.",
9,10.1093/restud/rdad036,Using Disasters to Estimate the Impact of Uncertainty,The Review of Economic Studies,2023-03,https://openalex.org/W4360104726,True,"Abstract Uncertainty rises in recessions and falls in booms. But what is the causal relationship? We construct cross-country panel data on stock market returns to proxy for first- and second-moment shocks and instrument these with natural disasters, terrorist attacks, and political shocks. Our IV regression results reveal a robust negative short-term impact of second moments (uncertainty) on growth. Employing multiple vector autoregression estimation approaches, relying on a range of identifying assumptions, also reveals a negative impact of uncertainty on growth. Finally, we show that these results are reproducible in a conventional micro–macro business cycle model with time-varying uncertainty.",
10,10.1162/qjec.2006.121.2.399,"Mandated Disclosure, Stock Returns, and the 1964 Securities Acts Amendments",The Quarterly Journal of Economics,2006-05,https://openalex.org/W2111147781,True,"The 1964 Securities Acts Amendments extended the mandatory disclosure requirements that had applied to listed firms since 1934 to large firms traded Over-the-Counter (OTC). We find several pieces of evidence indicating that investors valued these disclosure requirements, two of which are particularly striking. First, a firm-level event study reveals that the OTC firms most affected by the 1964 Amendments had abnormal excess returns of about 3.5 percent in the weeks immediately surrounding the announcement thai they had begun to comply with the new requirements. Second, we estimate that the most affected OTC firms had abnormal excess returns ranging between 11.5 and 22.1 percent in the period between when the legislation was initially proposed and when it went into force. These returns are adjusted for the standard four factors and are relative to NYSE/AMEX firms, matched on size and book-to-market equity, that were unaffected by the legislation. While we cannot determine how much of shareholders' gains were a transfer from insiders of these same companies, our results suggest that mandatory disclosure causes managers to focus more narrowly on maximizing shareholder value.",
11,10.1162/qjec.121.3.823,Rare Disasters and Asset Markets in the Twentieth Century*,The Quarterly Journal of Economics,2006-07,https://openalex.org/W2240968826,True,"The potential for rare economic disasters explains a lot of asset-pricing puzzles. I calibrate disaster probabilities from the twentieth century global history, especially the sharp contractions associated with World War I, the Great Depression, and World War II. The puzzles that can be explained include the high equity premium, low risk-free rate, and volatile stock returns. Another mystery that may be resolved is why expected real interest rates were low in the United States during major wars, such as World War II. The model, an extension of work by Rietz, maintains the tractable framework of a representative agent, time-additive and isoelastic preferences, and complete markets. The results hold with i.i.d. shocks to productivity growth in a Lucas-tree type economy and also with the inclusion of capital formation.",
12,10.1162/qjec.2008.123.1.101,Betting on Hitler—The Value of Political Connections in Nazi Germany*,The Quarterly Journal of Economics,2008-02,https://openalex.org/W1972065210,True,"Abstract This paper examines the value of connections between German industry and the Nazi movement in early 1933. Drawing on previously unused contemporary sources about management and supervisory board composition and stock returns, we find that one out of seven firms, and a large proportion of the biggest companies, had substantive links with the National Socialist German Workers' Party. Firms supporting the Nazi movement experienced unusually high returns, outperforming unconnected ones by 5% to 8% between January and March 1933. These results are not driven by sectoral composition and are robust to alternative estimators and definitions of affiliation.",
13,10.1162/qjec.2010.125.2.515,The (Perceived) Returns to Education and the Demand for Schooling<sup>*</sup>,The Quarterly Journal of Economics,2010-04,https://openalex.org/W2073400560,True,"Economists emphasize the link between market returns to education and investments in schooling. Though many studies estimate these returns with earnings data, it is the perceived returns that affect schooling decisions, and these perceptions may be inaccurate. Using survey data for eighth-grade boys in the Dominican Republic, we find that the perceived returns to secondary school are extremely low, despite high measured returns. Students at randomly selected schools given information on the higher measured returns completed on average 0.20-0.35 more years of school over the next four years than those who were not. (c) 2010 by the President and Fellows of Harvard College and the Massachusetts Institute of Technology..",
14,10.1162/qjec.2010.125.4.1435,Gaming Performance Fees By Portfolio Managers,The Quarterly Journal of Economics,2010-11,https://openalex.org/W2130649931,True,"We show that it is very difficult to devise performance-based compensation contracts that reward portfolio managers who generate excess returns while screening out managers who cannot generate such returns. Theoretical bounds are derived on the amount of fee manipulation that is possible under various performance contracts. We show that recent proposals to reform compensation practices, such as postponing bonuses and instituting clawback provisions, will not eliminate opportunities to game the system unless accompanied by transparency in managers' positions and strategies. Indeed, there exists no compensation mechanism that separates skilled from unskilled managers solely on the basis of their returns histories. (c) 2010 by the President and Fellows of Harvard College and the Massachusetts Institute of Technology..",
15,10.1093/qje/qjr058,"Long-Run Impacts of Unions on Firms: New Evidence from Financial Markets, 1961–1999 *",The Quarterly Journal of Economics,2012-01,https://openalex.org/W2113575220,True,"We estimate the effect of new private-sector unionization on publicly traded firms' equity value in the United States over the 1961--1999 period using a newly assembled sample of National Labor Relations Board (NLRB) representation elections matched to stock market data. Event-study estimates show an average union effect on the equity value of the firm equivalent to $40, 500 per unionized worker, an effect that takes 15 to 18 months after unionization to fully materialize, and one that could not be detected by a short-run event study. At the same time, point estimates from a regression discontinuity design--comparing the stock market impact of close union election wins to close losses--are considerably smaller and close to zero. We find a negative relationship between the cumulative abnormal returns and the vote share in support of the union, allowing us to reconcile these seemingly contradictory findings. Copyright 2012, Oxford University Press.",
16,10.1093/qje/qjt023,Managerial Miscalibration*,The Quarterly Journal of Economics,2013-08,https://openalex.org/W4244416934,True,"Abstract Using a unique 10-year panel that includes more than 13,300 expected stock market return probability distributions, we find that executives are severely miscalibrated, producing distributions that are too narrow: realized market returns are within the executives’ 80% confidence intervals only 36% of the time. We show that executives reduce the lower bound of the forecast confidence interval during times of high market uncertainty; however, ex post miscalibration is worst during periods of high uncertainty. We also find that executives who are miscalibrated about the stock market show similar miscalibration regarding their own firms’ prospects. Finally, firms with miscalibrated executives seem to follow more aggressive corporate policies: investing more and using more debt financing.",
17,10.1093/qje/qjv031,"Risk, Returns, and Multinational Production*",The Quarterly Journal of Economics,2015-09,https://openalex.org/W2150876546,True,"Abstract This article starts by unveiling a strong empirical regularity: multinational corporations exhibit higher stock market returns and earning yields than nonmultinational firms. Within nonmultinationals, exporters exhibit higher earning yields and returns than firms selling only in their domestic market. To explain this pattern, we develop a real option value model where firms are heterogeneous in productivity and have to decide whether and how to sell in a foreign market where demand is risky. Selling abroad is a source of risk exposure to firms: following a negative shock, they are reluctant to exit the foreign market because they would forgo the sunk cost they paid to enter. Multinational firms are the most exposed because of the higher costs they have to pay to invest. The calibrated model is able to match both aggregate U.S. export and foreign direct investment data, and the observed cross-sectional differences in earning yields and returns.",
18,10.1093/qje/qjv040,Rare Disasters and Exchange Rates *,The Quarterly Journal of Economics,2015-10,https://openalex.org/W2154820696,True,"Abstract We propose a new model of exchange rates, based on the hypothesis that the possibility of rare but extreme disasters is an important determinant of risk premia in asset markets. The probability of world disasters as well as each country’s exposure to these events is time-varying. This creates joint fluctuations in exchange rates, interest rates, options, and stock markets. The model accounts for a series of major puzzles in exchange rates: excess volatility and exchange rate disconnect, forward premium puzzle and large excess returns of the carry trade, and comovements between stocks and exchange rates. It also makes empirically successful signature predictions regarding the link between exchange rates and telltale signs of disaster risk in currency options.",
19,10.1093/qje/qjx022,The Growing Importance of Social Skills in the Labor Market*,The Quarterly Journal of Economics,2017-06,https://openalex.org/W1884571572,True,"Abstract The labor market increasingly rewards social skills. Between 1980 and 2012, jobs requiring high levels of social interaction grew by nearly 12 percentage points as a share of the U.S. labor force. Math-intensive but less social jobs—including many STEM occupations—shrank by 3.3 percentage points over the same period. Employment and wage growth were particularly strong for jobs requiring high levels of both math skill and social skills. To understand these patterns, I develop a model of team production where workers “trade tasks” to exploit their comparative advantage. In the model, social skills reduce coordination costs, allowing workers to specialize and work together more efficiently. The model generates predictions about sorting and the relative returns to skill across occupations, which I investigate using data from the NLSY79 and the NLSY97. Using a comparable set of skill measures and covariates across survey waves, I find that the labor market return to social skills was much greater in the 2000s than in the mid-1980s and 1990s.",
20,10.1093/qje/qjz011,Who Profits from Patents? Rent-Sharing at Innovative Firms*,The Quarterly Journal of Economics,2019-03,https://openalex.org/W2802161671,True,"Abstract This article analyzes how patent-induced shocks to labor productivity propagate into worker compensation using a new linkage of U.S. patent applications to U.S. business and worker tax records. We infer the causal effects of patent allowances by comparing firms whose patent applications were initially allowed to those whose patent applications were initially rejected. To identify patents that are ex ante valuable, we extrapolate the excess stock return estimates of Kogan et al. (2017) to the full set of accepted and rejected patent applications based on predetermined firm and patent application characteristics. An initial allowance of an ex ante valuable patent generates substantial increases in firm productivity and worker compensation. By contrast, initial allowances of lower ex ante value patents yield no detectable effects on firm outcomes. Patent allowances lead firms to increase employment, but entry wages and workforce composition are insensitive to patent decisions. On average, workers capture roughly 30 cents of every dollar of patent-induced surplus in higher earnings. This share is roughly twice as high among workers present since the year of application. These earnings effects are concentrated among men and workers in the top half of the earnings distribution and are paired with corresponding improvements in worker retention among these groups. We interpret these earnings responses as reflecting the capture of economic rents by senior workers, who are most costly for innovative firms to replace.",
21,10.1093/qje/qjac015,Competing Models,The Quarterly Journal of Economics,2022-03,https://openalex.org/W4226377896,True,"Abstract Different agents need to make a prediction. They observe identical data, but have different models: they predict using different explanatory variables. We study which agent believes they have the best predictive ability—as measured by the smallest subjective posterior mean squared prediction error—and show how it depends on the sample size. With small samples, we present results suggesting it is an agent using a low-dimensional model. With large samples, it is generally an agent with a high-dimensional model, possibly including irrelevant variables, but never excluding relevant ones. We apply our results to characterize the winning model in an auction of productive assets, to argue that entrepreneurs and investors with simple models will be overrepresented in new sectors, and to understand the proliferation of “factors” that explain the cross-sectional variation of expected stock returns in the asset-pricing literature.",
22,10.1093/qje/qjac022,Labor Market Returns and the Evolution of Cognitive Skills: Theory and Evidence,The Quarterly Journal of Economics,2022-04,https://openalex.org/W4226080738,True,"Abstract A large literature in cognitive science studies the puzzling “Flynn effect” of rising fluid intelligence (reasoning skill) in rich countries. We develop an economic model in which a cohort’s mix of skills is determined by different skills’ relative returns in the labor market and by the technology for producing skills. We estimate the model using administrative data from Sweden. Combining data from exams taken at military enlistment with earnings records from the tax register, we document an increase in the relative labor market return to logical reasoning skill as compared to vocabulary knowledge. The estimated model implies that changes in labor market returns explain 37% of the measured increase in reasoning skill, and can also explain the decline in knowledge. An original survey of parents, an analysis of trends in school curricula, and an analysis of occupational characteristics show evidence of increasing emphasis on reasoning as compared to knowledge.",
23,10.1093/qje/qjaf020,Revealed Beliefs and the Marriage Market Return to Education,The Quarterly Journal of Economics,2025-04,https://openalex.org/W4409454632,True,"Abstract We develop a new methodology to estimate subjective beliefs from hypothetical-choice data. Our identification approach is based on the novel insight that by varying the amount of information on future realizations of stochastic variables, discrete-choice experiments can identify not only preferences but also subjective beliefs. We formally prove this result in a general setting and apply it to design a strategic survey instrument to measure Rajasthani parents’ subjective beliefs over the joint distribution of girls’ age of marriage, education, and marriage match quality. Our approach allows us to quantify the importance of perceived marriage market returns to education and youth, and perform various counterfactual simulation exercises. We find that eliminating the perceived marriage market return to education causes a 60% drop in the number of girls still in school at age 16, and almost none continue their education by age 18. Responses to our strategic survey instrument allow us accurately to predict realized schooling trajectories in follow-up data we collect from the same sample five years after our experimental data collection.",
24,10.3982/ecta6964,Testing Hypotheses About the Number of Factors in Large Factor Models,Econometrica,2009-01,https://openalex.org/W1960920821,True,"In this paper we study high-dimensional time series that have the generalized dynamic factor structure. We develop a test of the null of k 0 factors against the alternative that the number of factors is larger than k 0 but no larger than k 1 >k 0. Our test statistic equals max k 0 >k&les;k 1 (Gamma k - Gamma k+1 )(Gamma k+1 - Gamma k+2 ), where Gamma i is the ith largest eigenvalue of the smoothed periodogram estimate of the spectral density matrix of data at a prespecified frequency. We describe the asymptotic distribution of the statistic, as the dimensionality and the number of observations rise, as a function of the Tracy-Widom distribution and tabulate the critical values of the test. As an application, we test different hypotheses about the number of dynamic factors in macroeconomic time series and about the number of dynamic factors driving excess stock returns. Copyright 2009 The Econometric Society.",
25,10.3982/ecta7432,Efficient Semiparametric Estimation of the Fama-French Model and Extensions,Econometrica,2012-01,https://openalex.org/W1839044816,True,"This paper develops a new estimation procedure for characteristic-based factor models&#13;\nof stock returns. We treat the factor model as a weighted additive nonparametric&#13;\nregression model, with the factor returns serving as time-varying weights and a set&#13;\nof univariate nonparametric functions relating security characteristic to the associated&#13;\nfactor betas. We use a time-series and cross-sectional pooled weighted additive nonparametric&#13;\nregression methodology to simultaneously estimate the factor returns and&#13;\ncharacteristic-beta functions. By avoiding the curse of dimensionality, our methodology&#13;\nallows for a larger number of factors than existing semiparametric methods. We&#13;\napply the technique to the three-factor Fama–French model, Carhart’s four-factor extension&#13;\nof it that adds a momentum factor, and a five-factor extension that adds an&#13;\nown-volatility factor. We find that momentum and own-volatility factors are at least as&#13;\nimportant, if not more important, than size and value in explaining equity return comovements.&#13;\nWe test the multifactor beta pricing theory against a general alternative&#13;\nusing a new nonparametric test",
26,10.3982/ecta7990,Testing for Smooth Structural Changes in Time Series Models via Nonparametric Regression,Econometrica,2012-01,https://openalex.org/W1951851612,True,"Checking parameter stability of econometric models is a long-standing problem. Almost all existing structural change tests in econometrics are designed to detect abrupt breaks. Little attention has been paid to smooth structural changes, which may be more realistic in economics. We propose a consistent test for smooth structural changes as well as abrupt structural breaks with known or unknown change points. The idea is to estimate smooth time-varying parameters by local smoothing and compare the fitted values of the restricted constant parameter model and the unrestricted time-varying parameter model. The test is asymptotically pivotal and does not require prior information about the alternative. A simulation study highlights the merits of the proposed test relative to a variety of popular tests for structural changes. In an application, we strongly reject the stability of univariate and multivariate stock return prediction models in the postwar and post-oil-shocks periods.",
27,10.3982/ecta7618,"Ambiguity, Learning, and Asset Returns",Econometrica,2012-01,https://openalex.org/W3123661715,True,"We propose a novel generalized recursive smooth ambiguity model which permits a three-way separation among risk aversion, ambiguity aversion, and intertemporal substitution. We apply this utility model to a consumption-based asset-pricing model in which consumption and dividends follow hidden Markov regime-switching processes. Our calibrated model can match the mean equity premium, the mean risk-free rate, and the volatility of the equity premium observed in the data. In addition, our model can generate a variety of dynamic asset-pricing phenomena, including the procyclical variation of price–dividend ratios, the countercyclical variation of equity premia and equity volatility, the leverage effect, and the mean reversion of excess returns. The key intuition is that an ambiguity-averse agent behaves pessimistically by attaching more weight to the pricing kernel in bad times when his continuation values are low.",
28,10.3982/ecta9678,Alpha as Ambiguity: Robust Mean-Variance Portfolio Analysis,Econometrica,2013-01,https://openalex.org/W3122121999,True,"We derive the analogue of the classic Arrow-Pratt approximation of the certainty equivalent under model uncertainty as de…ned by the smooth model of decision making under ambiguity of Klibano¤, Marinacci and Mukerji (2005).We study its scope via a portfolio allocation exercise that delivers a tractable mean-variance model adjusted for model uncertainty.In a problem with a risk-free asset, a risky asset, and an ambiguous asset, we …nd that portfolio rebalancing in response to higher model uncertainty only depends on the ambiguous asset's alpha, setting the performance of the risky asset as benchmark.In addition, the portfolios recommended by our model are not systematically conservative on the share held in the ambiguous asset: indeed, in general, it is not true that greater ambiguity reduces the optimal demand for the ambiguous asset.The analytical tractability of the enhanced Arrow-Pratt approximation renders our model especially well suited for calibration exercises aimed at exploring the consequences of ambiguity aversion on equilibrium asset prices.""Crises feed uncertainty.",
29,10.3982/ecta11069,Time-Varying Risk Premium in Large Cross-Sectional Equity Data Sets,Econometrica,2016-01,https://openalex.org/W1568004826,True,"We develop an econometric methodology to infer the path of risk premia from a large unbalanced panel of individual stock returns. We estimate the time-varying risk premia implied by conditional linear asset pricing models where the conditioning includes both instruments common to all assets and asset-specific instruments. The estimator uses simple weighted two-pass cross-sectional regressions, and we show its consistency and asymptotic normality under increasing cross-sectional and time series dimensions. We address consistent estimation of the asymptotic variance by hard thresholding, and testing for asset pricing restrictions induced by the no-arbitrage assumption. We derive the restrictions given by a continuum of assets in a multi-period economy under an approximate factor structure robust to asset repackaging. The empirical analysis on returns for about ten thousand U.S. stocks from July 1964 to December 2009 shows that risk premia are large and volatile in crisis periods. They exhibit large positive and negative strays from time-invariant estimates, follow the macroeconomic cycles, and do not match risk premia estimates on standard sets of portfolios. The asset pricing restrictions are rejected for a conditional four-factor model capturing market, size, value, and momentum effects.",
30,10.3982/ecta11412,A Rational Theory of Mutual Funds' Attention Allocation,Econometrica,2016-01,https://openalex.org/W2235026379,True,"The question of whether and how mutual fund managers provide valuable services for their clients motivates one of the largest literatures in finance. One candidate explanation is that funds process information about future asset values and use that information to invest in high-valued assets. But formal theories are scarce because information choice models with many assets are difficult to solve as well as difficult to test. This paper tackles both problems by developing a new attention allocation model that uses the state of the business cycle to predict information choices, which in turn, predict observable patterns of portfolio investments and returns. The predictions about fund portfolios ’ covariance with payoff shocks, cross-fund portfolio and return dispersion, and their excess returns are all supported by the data. In turn, these findings offer new evidence that some investment managers have skill and that attention is allocated rationally.",
31,10.3982/ecta11182,Financial Health Economics,Econometrica,2016-01,https://openalex.org/W3125222439,True,"We provide a theoretical and empirical analysis of the link between financial and real health care markets. This link is important as financial returns drive investment in medical research and development (R&D), which, in turn, affects real spending growth. We document a “medical innovation premium” of 4–6% annually for equity returns of firms in the health care sector. We interpret this premium as compensating investors for government-induced profit risk, and we provide supportive evidence for this hypothesis through company filings and abnormal return patterns surrounding threats of government intervention. We quantify the implications of the premium for the growth in real health care spending by calibrating our model to match historical trends, predicting the share of gross domestic product (GDP) devoted to health care to be 32% in the long run. Policies that had removed government risk would have led to more than a doubling of medical R&D and would have increased the current share of health care spending by more than 3% of GDP.",
32,10.3982/ecta14607,Risk Preferences and the Macroeconomic Announcement Premium,Econometrica,2018-01,https://openalex.org/W2885028637,True,"This paper develops a revealed preference theory for the equity premium around macroeconomic announcements. Stock returns realized around pre‐scheduled macroeconomic announcements, such as the employment report and the FOMC statements, account for 55% of the market equity premium. We provide a characterization theorem for the set of intertemporal preferences that generates a nonnegative announcement premium. Our theory establishes that the announcement premium identifies a significant deviation from time‐separable expected utility and provides asset‐market‐based evidence for a large class of non‐expected utility models. We also provide conditions under which asset prices may rise prior to some macroeconomic announcements and exhibit a pre‐announcement drift.",
33,10.3982/ecta18014,"Monetary Policy, Redistribution, and Risk Premia",Econometrica,2022-01,https://openalex.org/W4312743911,True,"We study the transmission of monetary policy through risk premia in a heterogeneous agent New Keynesian environment. Heterogeneity in households' marginal propensity to take risk (MPR) summarizes differences in portfolio choice on the margin. An unexpected reduction in the nominal interest rate redistributes to households with high MPRs, lowering risk premia and amplifying the stimulus to the real economy. Quantitatively, this mechanism rationalizes the role of news about future excess returns in driving the stock market response to monetary policy shocks and amplifies their real effects by 1.3–1.4 times.",
34,10.1257/000282806777212143,Investor Sentiment and Corporate Finance: Micro and Macro,American Economic Review,2006-04,https://openalex.org/W3123167306,True,"We document that net equity issuance is considerably more sensitive to aggregate stock returns and Q's than to firm-level stock returns and Q's. Very similar patterns also emerge when we look at merger activity. In light of earlier work (Campbell 1991, Vuolteenaho 2002) which finds that aggregate stock returns are less informative about future cashflows than are firm-level stock returns--and thus, potentially more strongly influenced by investor sentiment--these results suggest that both equity issuance and mergers are to a significant extent driven by market-timing considerations, as opposed to by purely fundamental factors.",
35,10.1257/aer.97.1.89,The Cross Section of Foreign Currency Risk Premia and Consumption Growth Risk,American Economic Review,2007-02,https://openalex.org/W3122685216,True,"Aggregate consumption growth risk explains why low interest rate currencies do not appreciate as much as the interest rate differential and why high interest rate currencies do not depreciate as much as the interest rate differential. Domestic investors earn negative excess returns on low interest rate currency portfolios and positive excess returns on high interest rate currency portfolios. Because high interest rate currencies depreciate on average when domestic consumption growth is low and low interest rate currencies appreciate under the same conditions, low interest rate currencies provide domestic investors with a hedge against domestic aggregate consumption growth risk. (JEL E21, E43, F31, G11)",
36,10.1257/aer.97.5.1978,"Diamonds Are Forever, Wars Are Not: Is Conflict Bad for Private Firms?",American Economic Review,2007-12,https://openalex.org/W3121608090,True,"This paper studies the relationship between civil war and the value of firms in a poor, resource-abundant country using microeconomic data for Angola. We focus on diamond mining firms and conduct an event study on the sudden end of the conflict, marked by the death of the rebel movement leader in 2002. We find that the stock market perceived this event as “bad news” rather than “good news” for companies holding concessions in Angola, as their abnormal returns declined by 4 percentage points. The event had no effect on a control portfolio of otherwise similar diamond mining companies. This finding is corroborated by other events and by the adoption of alternative methodologies. We interpret our findings in light of conflict-generated entry barriers, government bargaining power, and transparency in the licensing process. (JEL D74, G32, O13, O17, Q34)",
37,10.1257/aer.98.1.358,An Equilibrium Model of “Global Imbalances” and Low Interest Rates,American Economic Review,2008-03,https://openalex.org/W3125124862,True,"The sustained rise in US current account deficits, the stubborn decline in long-run real rates, and the rise in US assets in global portfolios appear as anomalies from the perspective of conventional models. This paper rationalizes these facts as an equilibrium outcome when different regions of the world differ in their capacity to generate financial assets from real investments. Extensions of the basic model generate exchange rate and foreign direct investment excess returns broadly consistent with the recent trends in these variables. The framework is flexible enough to shed light on a range of scenarios in a global equilibrium environment. (JEL: E44, F21, F31, F32)",
38,10.1257/aer.98.2.535,A Century of Global Equity Market Correlations,American Economic Review,2008-04,https://openalex.org/W2141397393,True,"In this paper, we use a unique long-run dataset of regulatory constraints on capital account openness to explain stock market correlations. Since stock returns themselves are highly volatile, any examination of what drives correlations needs to focus on long runs of data. This is particularly true since some of the short-term changes in co-movements appear to reverse themselves (Delroy Hunter 2005). We argue that changes in the co-movement of indices have not been random. Rather, they are mainly driven by greater freedom to move funds from one country to another. In related work, Geert Bekaert and Campbell Harvey (2000) show that equity correlations increase after liberalization of capital markets, using a number of case studies from emerging countries. We examine this pattern systematically for the last century, and find it to be most pronounced in the recent past. We compare the importance of capital account openness with one main alternative explanation, the growing synchronization of economic fundamentals. We conclude that greater openness has been the single most important cause of growing correlations during the last quarter of a century, though increasingly correlated economic fundamentals also matter. In the conclusion, we offer some thoughts on why the effects of greater openness appear to be so much stronger today than they were during the last era of globalization before 1914.(This abstract was borrowed from another version of this item.)",
39,10.1257/aer.98.4.1370,Does Innovation Cause Stock Market Runups? Evidence from the Great Crash,American Economic Review,2008-08,https://openalex.org/W2081309544,True,"This article examines the stock market's changing valuation of corporate patentable assets between 1910 and 1939. It shows that the value of knowledge capital increased significantly during the 1920s compared to the 1910s as investors responded to the quality of technological inventions. Innovation was an important driver of the late 1920s stock market runup, and the Great Crash did not reflect a significant revaluation of knowledge capital relative to physical capital. Although substantial quantities of influential patents were accumulated during the post-crash recovery, high technology firms did not earn significant excess returns over low technology firms for most of the 1930s. (JEL G14, N12, N22, O30)",
40,10.1257/aer.98.5.2066,Stocks as Lotteries: The Implications of Probability Weighting for Security Prices,American Economic Review,2008-11,https://openalex.org/W3121253679,True,"We study the asset pricing implications of Tversky and Kahneman's (1992) cumulative prospect theory, with a particular focus on its probability weighting component. Our main result, derived from a novel equilibrium with nonunique global optima, is that, in contrast to the prediction of a standard expected utility model, a security's own skewness can be priced: a positively skewed security can be “overpriced” and can earn a negative average excess return. We argue that our analysis offers a unifying way of thinking about a number of seemingly unrelated financial phenomena. (JEL D81, G11, G12)",
41,10.1257/aer.99.5.1689,Investment in Schooling and the Marriage Market,American Economic Review,2009-12,https://openalex.org/W2126388865,True,"We present a model in which investment in schooling generates two kinds of returns: the labor-market return, resulting from higher wages, and a marriage-market return, defined as the impact of schooling on the marital surplus share one can extract. Men and women may have different incentives to invest in schooling because of different market wages or household roles. This asymmetry can yield a mixed equilibrium with some educated individuals marrying uneducated spouses. When the labor-market return to schooling rises, home production demands less time, and the traditional spousal labor division norms weaken, more women may invest in schooling than men. (JEL I21, J12, J24, J31)",
42,10.1257/aer.100.2.532,Growth Opportunities and Technology Shocks,American Economic Review,2010-05,https://openalex.org/W2047048142,True,"We propose a theoretically motivated procedure for measuring heterogeneity in firms’ growth opportunities and document its empirical properties. The term “growth opportunities” refers to the component of a firm’s market value that cannot be attributed to its assets in place. This decomposition of firm value underpins many of the theoretical models describing cross-sectional differences in firms’ investment and stock return behavior. However, successful applications of such models depend on the quality of empirical measures of growth opportunities. Our procedure identifies economically significant differences in firms’ growth opportunities which are not captured by the commonly used empirical measures. We base our approach on a theoretical model incorporating investment specific productivity shocks and heterogenous firms. Productivity shocks in the capital goods sector account for a significant fraction of observed growth variability, according to the literature on the real determinants of economic growth (Jeremy Greenwood, Zvi Hercowitz and Per Krusell 1997, Jonas D. M. Fisher 2006). Greenwood, Hercowitz and Krusell (1997) show that, empirically, investment specific shocks are negatively correlated with aggregate investment, both at business cycle and lower frequencies. Our model predicts that the sensitivity of firm stock returns to investment specific productivity shocks (z-shocks) is greater for firms that derive Growth Opportunities and Technology Shocks",
43,10.1257/aer.100.2.333,Unemployment and Small Cap Returns: The Nexus,American Economic Review,2010-05,https://openalex.org/W2140314719,True,"In other work (Moscarini and Postel-Vinay, 2008, 2009a), we find a distinct cyclical pattern of the relative performance of large and small businesses in terms of net job creation. Large employers destroy proportionally more jobs during and right after recessions, and create proportionally more jobs late in expansions, relative to small employers. Differential size growth between small and large firms is strongly positively correlated with the unemployment rate. This pattern is observer both in a 1978-2005 census of U.S. employers, the Business Dynamics Statistics, and among listed companies, in Compustat. In this paper, we show that this cyclical pattern of relative performance is also reflected in stock returns. Specifically, we show that the difference in returns between benchmark portfolios of small cap stocks and portfolios of large cap stocks is also positively correlated with the unemployment rate. Financial consultants and fund managers commonly recommend investing in small cap stocks during business cycle recoveries. Our findings, while consistent with that advice, pertain to all phases of the business cycle. We propose an explanation of both facts based on dynamic competition between employers of different sizes and different productivities. The model is a stochastic dynamic version of the job search and wage posting model of Kenneth Burdett and Dale T. Mortensen (1998), which we analyze in detail in Moscarini and Postel-Vinay (2009b). It is a job ladder model, where smaller firms are smaller because they are less productive, offer lower wages, therefore are less attractive to workers and less successful in poaching workers out of competing firms. This lack of competitiveness on the labor market is more of a drawback",
44,10.1257/aer.100.2.537,Confidence Risk and Asset Prices,American Economic Review,2010-05,https://openalex.org/W2148589404,True,"To give empirical content to the model, we directly measure confidence from the cross-section of forecasts from the Survey of Professional Forecasters. We show that there are frequent large moves in the confidence measure in the data. Moreover, in the data, these large moves are contemporaneously highly correlated with large moves in asset returns, highlighting the importance of confidence risk for asset prices. For our quantitative analysis, we calibrate the model to the observed confidence risk and con sumption data. We find that the model can quan titatively account for the negatively skewed and heavy-tailed distribution of returns, even though consumption growth does not contain jumps. Exploiting the fluctuations in confidence risks, we show that the model can capture short and long horizon predictability of excess returns and lack of consumption predictability by price to dividend ratio. Further, large moves in the con fidence measure lead to large declines (negative jumps ) in asset prices, though there are no large moves in consumption. Hence, our model pro vides a mechanism to account for the lack of connection between large asset price moves and consumption fundamentals. I. Model Set-up",
45,10.1257/aer.101.3.40,Crash and Wait? The Impact of the Great Recession on the Retirement Plans of Older Americans,American Economic Review,2011-05,https://openalex.org/W2110329287,True,"This study uses data from pre- and post-crash surveys from the Cognitive Economics study to examine the impact of recent stock and labor market wealth losses on the planned retirement ages of older Americans. Regression estimates imply that the average wealth loss between July 2008 and May/June 2009 is associated with an increase in planned retirement age of approximately 2.5 months. Furthermore, pessimism about future stock market returns is found to amplify the impact of wealth losses on retirement timing.",
46,10.1257/aer.101.3.222,Art and Money,American Economic Review,2011-05,https://openalex.org/W3082241546,True,"This paper investigates the impact of equity markets and top incomes on art prices. Using a newly constructed art market index, we demonstrate that equity market returns have had a significant impact on the price level in the art market over the last two centuries. We also find evidence that an increase in income inequality may lead to higher prices for art. Finally, the results of Johansen's cointegration tests strongly suggest the existence of a long-run relation between top incomes and art prices.",
47,10.1257/aer.101.7.2955,Endogenous Information Flows and the Clustering of Announcements,American Economic Review,2011-12,https://openalex.org/W3121692289,True,"We consider the strategic timing of information releases in a dynamic disclosure model. Because investors don't know whether or when the firm is informed, the firm will not necessarily disclose immediately. We show that bad market news can trigger the immediate release of information by firms. Conversely, good market news slows the release of information by firms. Thus, our model generates clustering of negative announcements. Surprisingly, this result holds only when firms can preemptively disclose their own information prior to the arrival of external information. These results have implications for conditional variance and skewness of stock returns. (JEL D21, D83, G12, G14, L11)",
48,10.1257/aer.103.3.623,Salience and Asset Prices,American Economic Review,2013-05,https://openalex.org/W3122092976,True,"We present a simple model of asset pricing in which payoff salience drives investors' demand for risky assets. The key implication is that extreme payoffs receive disproportionate weight in the market valuation of assets. The model accounts for several puzzles in finance in an intuitive way, including preference for assets with a chance of very high payoffs, an aggregate equity premium, and countercyclical variation in stock market returns.",
49,10.1257/aer.104.5.387,Trends in Earnings Differentials across College Majors and the Changing Task Composition of Jobs,American Economic Review,2014-05,https://openalex.org/W2061956796,True,"We show that, among college graduates, earnings differentials across field of study have increased substantially since the early 1990s. We study the degree to which this increase can be accounted for by changes in the labor market return to skills associated with a major. To do so, we define major-specific measures of the relative importance of abstract, routine, and manual tasks on the job, by linking majors to the occupations they typically lead to. Changes in the relationship between earnings and these measures can account for about two-thirds of the rise in inequality.",
50,10.1257/aer.20131513,Are Sticky Prices Costly? Evidence from the Stock Market,American Economic Review,2015-12,https://openalex.org/W3122991868,True,"We show that after monetary policy announcements, the conditional volatility of stock market returns rises more for firms with stickier prices than for firms with more flexible prices. This differential reaction is economically large and strikingly robust to a broad array of checks. These results suggest that menu costs—broadly defined to include physical costs of price adjustment, informational frictions, etc.—are an important factor for nominal price rigidity at the micro level. We also show that our empirical results are qualitatively and, under plausible calibrations, quantitatively consistent with New Keynesian macroeconomic models in which firms have heterogeneous price stickiness. (JEL E12, E31, E43, E44, E52, G12, L11)",
51,,The Validity of ROI as a Measure of Business Performance,American Economic Review,2016-01,,False,,no_doi_found
52,10.1257/aer.20150781,Using a Free Permit Rule to Forecast the Marginal Abatement Cost of Proposed Climate Policy,American Economic Review,2017-03,https://openalex.org/W2397163080,True,"This paper develops a method for forecasting the marginal abatement cost (MAC) of climate policy using three features of the failed Waxman-Markey bill. First, the MAC is revealed by the price of traded permits. Second, the permit price is estimated using a regression discontinuity design (RDD) comparing stock returns of firms on either side of the policy's free permit cutoff rule. Third, because Waxman-Markey was never implemented, I extend the RDD approach to incorporate prediction market prices which normalize estimates by policy realization probabilities. A final bounding analysis recovers a MAC range of $5 to $19 per ton CO 2 e. (JEL G12, G14, Q52, Q54, Q58)",
53,10.1257/aer.20110433,The Social Cost of Near-Rational Investment,American Economic Review,2017-03,https://openalex.org/W3123867756,True,"We show that the stock market may fail to aggregate information even if it appears to be efficient, and that the resulting decrease in the information content of prices may drastically reduce welfare. We solve a macroeconomic model in which information about fundamentals is dispersed and households make small, correlated errors when forming expectations about future productivity. As information aggregates in the market, these errors amplify and crowd out the information content of stock prices. When prices reflect less information, the conditional variance of stock returns rises, causing an increase in uncertainty and costly distortions in consumption, capital accumulation, and labor supply. (JEL D14, D83, D84, E21, E22, E24, G14)",
54,10.1257/aer.p20171094,Worker Betas: Five Facts about Systematic Earnings Risk,American Economic Review,2017-05,https://openalex.org/W2603172731,True,"The magnitude of and heterogeneity in systematic earnings risk has important implications for various theories in macro, labor, and financial economics. Using administrative data, we document how the aggregate risk exposure of individual earnings to GDP and stock returns varies across gender, age, the worker's earnings level, and industry. Aggregate risk exposure is U-shaped with respect to the earnings level. In the middle of the earnings distribution, aggregate risk exposure is higher for males, younger workers, and construction and durable manufacturing. At the top of the earnings distribution, aggregate risk exposure is higher for older workers and finance.",
55,10.1257/aer.20180019,The Quanto Theory of Exchange Rates,American Economic Review,2019-02,https://openalex.org/W2607888471,True,"We present a new identity that relates expected exchange rate appreciation to a risk-neutral covariance term, and use it to motivate a currency forecasting variable based on the prices of quanto index contracts. We show via panel regressions that the quanto forecast variable is an economically and statistically significant predictor of currency appreciation and of excess returns on currency trades. Out of sample, the quanto variable outperforms predictions based on uncovered interest parity, on purchasing power parity, and on a random walk as a forecaster of differential (dollar-neutral) currency appreciation. (JEL C53, E43, F31, F37, G12, G15)",
56,10.1257/aer.20180924,Upping the Ante: The Equilibrium Effects of Unconditional Grants to Private Schools,American Economic Review,2020-09,https://openalex.org/W2888972823,True,"We assess whether financing can help private schools, which now account for one-third of primary school enrollment in low- and middle-income countries. Our experiment allocated unconditional cash grants to either one (L) or all (H) private schools in a village. In both arms, enrollment and revenues increased, leading to above-market returns. However, test scores increased only in H schools, accompanied by higher fees, and a greater focus on teachers. We provide a model demonstrating that market forces can provide endogenous incentives to increase quality and increased financial saturation can be used to leverage competition, generating socially desirable outcomes. (JEL I21, I22, I25, I28, L22, L26, N75, O15, O16)",
57,10.1257/aer.20231725,Market-Wide Predictable Price Pressure,American Economic Review,2025-08,https://openalex.org/W4413790689,True,"We demonstrate that predictable uninformed cash flows forecast aggregate market stock returns. Buying pressure from dividend payments (announced weeks prior) predicts higher value-weighted market returns, with returns for the top quintile of payment days four times higher than the lowest. This holds internationally and increases when reinvestment is high and market liquidity is low. We estimate a market-level price multiplier of 1.9. These results suggest price pressure is a widespread result of flows, not an anomaly. (JEL G12, G14, G35)",
58,10.1257/aer.20230463,The Value of Software,American Economic Review,2025-09,https://openalex.org/W4414662318,True,"Software is one of the most important assets that needs to be priced in the digital economy. It has emerged as a disruptive technology, with companies primarily valued for their software offerings growing from 2 percent to 13 percent of market share between 1996 and 2023. We document persistent anomalies in growth forecasts and stock returns for software companies, indicating significant deviations from rational expectations over multiple decades. Our findings are consistent with Bayesian investors gradually learning about software’s growing importance, highlighting how markets can be very slow to discern fundamental shifts from transient shocks in noisy data. (JEL D22, G12, G32, L14, L86)",
59,10.1111/j.1540-6261.2006.00848.x,A Consumption‐Based Explanation of Expected Stock Returns,The Journal of Finance,2006-03,https://openalex.org/W2149180867,True,"ABSTRACT When utility is nonseparable in nondurable and durable consumption and the elasticity of substitution between the two consumption goods is sufficiently high, marginal utility rises when durable consumption falls. The model explains both the cross‐sectional variation in expected stock returns and the time variation in the equity premium. Small stocks and value stocks deliver relatively low returns during recessions, when durable consumption falls, which explains their high average returns relative to big stocks and growth stocks. Stock returns are unexpectedly low at business cycle troughs, when durable consumption falls sharply, which explains the countercyclical variation in the equity premium.",
60,10.1111/j.1540-6261.2006.00851.x,Does Weak Governance Cause Weak Stock Returns? An Examination of Firm Operating Performance and Investors' Expectations,The Journal of Finance,2006-03,https://openalex.org/W3121835489,True,"ABSTRACT We investigate Gompers, Ishii, and Metrick's (2003) finding that firms with weak shareholder rights exhibit significant stock market underperformance. If the relation between poor governance and poor returns is causal, we expect that the market is negatively surprised by the poor operating performance of weak governance firms. We find that firms with weak shareholder rights exhibit significant operating underperformance. However, analysts' forecast errors and earnings announcement returns show no evidence that this underperformance surprises the market. Our results are robust to controls for takeover activity. Overall, our results do not support the hypothesis that weak governance causes poor stock returns.",
61,10.1111/j.1540-6261.2006.00852.x,Are Busy Boards Effective Monitors?,The Journal of Finance,2006-03,https://openalex.org/W4252449759,True,"ABSTRACT Firms with busy boards, those in which a majority of outside directors hold three or more directorships, are associated with weak corporate governance. These firms exhibit lower market‐to‐book ratios, weaker profitability, and lower sensitivity of CEO turnover to firm performance. Independent but busy boards display CEO turnover‐performance sensitivities indistinguishable from those of inside‐dominated boards. Departures of busy outside directors generate positive abnormal returns (ARs). When directors become busy as a result of acquiring an additional directorship, other companies in which they hold board seats experience negative ARs. Busy outside directors are more likely to depart boards following poor performance.",
62,10.1111/j.1540-6261.2006.00859.x,Pension Plan Funding and Stock Market Efficiency,The Journal of Finance,2006-03,https://openalex.org/W2559297797,True,"ABSTRACT The paper argues that the market significantly overvalues firms with severely underfunded pension plans. These companies earn lower stock returns than firms with healthier pension plans for at least 5 years after the first emergence of the underfunding. The low returns are not explained by risk, price momentum, earnings momentum, or accruals. Further, the evidence suggests that investors do not anticipate the impact of the pension liability on future earnings, and they are surprised when the negative implications of underfunding ultimately materialize. Finally, underfunded firms have poor operating performance, and they earn low returns, although they are value companies.",
63,10.1111/j.1540-6261.2006.00894.x,Corporate Financial Policy and the Value of Cash,The Journal of Finance,2006-08,https://openalex.org/W3121986562,True,"ABSTRACT We examine the cross‐sectional variation in the marginal value of corporate cash holdings that arises from differences in corporate financial policy. We begin by providing semi‐quantitative predictions for the value of an extra dollar of cash depending upon the likely use of that dollar, and derive a set of intuitive hypotheses to test empirically. By examining the variation in excess stock returns over the fiscal year, we find that the marginal value of cash declines with larger cash holdings, higher leverage, better access to capital markets, and as firms choose greater cash distribution via dividends rather than repurchases.",
64,10.1111/j.1540-6261.2006.00895.x,Does Corporate Headquarters Location Matter for Stock Returns?,The Journal of Finance,2006-08,https://openalex.org/W3122594041,True,"ABSTRACT We document strong comovement in the stock returns of firms headquartered in the same geographic area. Moreover, stocks of companies that change their headquarters location experience a decrease in their comovement with stocks from the old location and an increase in their comovement with stocks from the new location. The local comovement of stock returns is not explained by economic fundamentals and is stronger for smaller firms with more individual investors and in regions with less financially sophisticated residents. We argue that price formation in equity markets has a significant geographic component linked to the trading patterns of local residents.",
65,10.1111/j.1540-6261.2006.00885.x,Investor Sentiment and the Cross‐Section of Stock Returns,The Journal of Finance,2006-08,https://openalex.org/W3121467893,True,"ABSTRACT We study how investor sentiment affects the cross‐section of stock returns. We predict that a wave of investor sentiment has larger effects on securities whose valuations are highly subjective and difficult to arbitrage. Consistent with this prediction, we find that when beginning‐of‐period proxies for sentiment are low, subsequent returns are relatively high for small stocks, young stocks, high volatility stocks, unprofitable stocks, non‐dividend‐paying stocks, extreme growth stocks, and distressed stocks. When sentiment is high, on the other hand, these categories of stock earn relatively low subsequent returns.",
66,10.1111/j.1540-6261.2006.00893.x,Industry Concentration and Average Stock Returns,The Journal of Finance,2006-08,https://openalex.org/W2163759112,True,"ABSTRACT Firms in more concentrated industries earn lower returns, even after controlling for size, book‐to‐market, momentum, and other return determinants. Explanations based on chance, measurement error, capital structure, and persistent in‐sample cash flow shocks do not explain this finding. Drawing on work in industrial organization, we posit that either barriers to entry in highly concentrated industries insulate firms from undiversifiable distress risk, or firms in highly concentrated industries are less risky because they engage in less innovation, and thereby command lower expected returns. Additional time‐series tests support these risk‐based interpretations.",
67,10.1111/j.1540-6261.2006.01060.x,Liquidity and Autocorrelations in Individual Stock Returns,The Journal of Finance,2006-09,https://openalex.org/W3123436100,True,"ABSTRACT This paper documents a strong relationship between short‐run reversals and stock illiquidity, even after controlling for trading volume. The largest reversals and the potential contrarian trading strategy profits occur in high turnover, low liquidity stocks, as the price pressures caused by non‐informational demands for immediacy are accommodated. However, the contrarian trading strategy profits are smaller than the likely transactions costs. This lack of profitability and the fact that the overall findings are consistent with rational equilibrium paradigms suggest that the violation of the efficient market hypothesis due to short‐term reversals is not so egregious after all.",
68,10.1111/j.1540-6261.2009.01481.x,Financially Constrained Stock Returns,The Journal of Finance,2006-10,https://openalex.org/W2890507387,True,"ABSTRACT We study the effect of financial constraints on risk and expected returns by extending the investment‐based asset pricing framework to incorporate retained earnings, debt, costly equity, and collateral constraints on debt capacity. Quantitative results show that more financially constrained firms are riskier and earn higher expected stock returns than less financially constrained firms. Intuitively, by preventing firms from financing all desired investments, collateral constraints restrict the flexibility of firms in smoothing dividend streams in the face of aggregate shocks. The inflexibility mechanism also gives rise to a convex relation between market leverage and expected stock returns.",
69,10.1111/j.1540-6261.2006.01005.x,Trading Volume: Implications of an Intertemporal Capital Asset Pricing Model,The Journal of Finance,2006-12,https://openalex.org/W3122325428,True,"ABSTRACT We derive an intertemporal asset pricing model and explore its implications for trading volume and asset returns. We show that investors trade in only two portfolios: the market portfolio, and a hedging portfolio that is used to hedge the risk of changing market conditions. We empirically identify the hedging portfolio using weekly volume and returns data for U.S. stocks, and then test two of its properties implied by the theory: Its return should be an additional risk factor in explaining the cross section of asset returns, and should also be the best predictor of future market returns.",
70,10.1111/j.1540-6261.2006.01008.x,"Insider Trading, News Releases, and Ownership Concentration",The Journal of Finance,2006-12,https://openalex.org/W2566919490,True,"ABSTRACT This paper investigates the market's reaction to U.K. insider transactions and analyzes whether the reaction depends on the firm's ownership. We present three major findings. First, differences in regulation between the U.K. and United States, in particular the speedier reporting of trades in the U.K., may explain the observed larger abnormal returns in the U.K. Second, ownership by directors and outside shareholders has an impact on the abnormal returns. Third, it is important to adjust for news released before directors' trades. In particular, trades preceded by news on mergers and acquisitions and CEO replacements contain significantly less information.",
71,10.1111/j.1540-6261.2006.01015.x,Can Mutual Fund “Stars” Really Pick Stocks? New Evidence from a Bootstrap Analysis,The Journal of Finance,2006-12,https://openalex.org/W3122713808,True,"ABSTRACT We apply a new bootstrap statistical technique to examine the performance of the U.S. open‐end, domestic equity mutual fund industry over the 1975 to 2002 period. A bootstrap approach is necessary because the cross section of mutual fund alphas has a complex nonnormal distribution due to heterogeneous risk‐taking by funds as well as nonnormalities in individual fund alpha distributions. Our bootstrap approach uncovers findings that differ from many past studies. Specifically, we find that a sizable minority of managers pick stocks well enough to more than cover their costs. Moreover, the superior alphas of these managers persist.",
72,10.1111/j.1540-6261.2007.01226.x,On the Importance of Measuring Payout Yield: Implications for Empirical Asset Pricing,The Journal of Finance,2007-03,https://openalex.org/W3023246137,True,"ABSTRACT We investigate the empirical implications of using various measures of payout yield rather than dividend yield for asset pricing models. We find statistically and economically significant predictability in the time series when payout (dividends plus repurchases) and net payout (dividends plus repurchases minus issuances) yields are used instead of the dividend yield. Similarly, we find that payout (net payout) yields contains information about the cross section of expected stock returns exceeding that of dividend yields, and that the high minus low payout yield portfolio is a priced factor.",
73,10.1111/j.1540-6261.2007.01230.x,Efficiency and the Bear: Short Sales and Markets Around the World,The Journal of Finance,2007-05,https://openalex.org/W2890302625,True,"ABSTRACT We analyze cross‐sectional and time‐series information from 46 equity markets around the world to consider whether short sales restrictions affect the efficiency of the market and the distributional characteristics of returns to individual stocks and market indices. We find some evidence that prices incorporate negative information faster in countries where short sales are allowed and practiced. A common conjecture by regulators is that short sales restrictions can reduce the relative severity of a market panic. We find strong evidence that in markets where short selling is either prohibited or not practiced, market returns display significantly less negative skewness.",
74,10.1111/j.1540-6261.2007.01234.x,Simple Forecasts and Paradigm Shifts,The Journal of Finance,2007-05,https://openalex.org/W3122292040,True,"ABSTRACT We study the asset pricing implications of learning in an environment in which the true model of the world is a multivariate one, but agents update only over the class of simple univariate models. Thus, if a particular simple model does a poor job of forecasting over a period of time, it is discarded in favor of an alternative simple model. The theory yields a number of distinctive predictions for stock returns, generating forecastable variation in the magnitude of the value‐glamour return differential, in volatility, and in the skewness of returns. We validate several of these predictions empirically.",
75,10.1111/j.1540-6261.2007.01253.x,"Lazy Investors, Discretionary Consumption, and the Cross‐Section of Stock Returns",The Journal of Finance,2007-08,https://openalex.org/W3125450452,True,"ABSTRACT When consumption betas of stocks are computed using year‐over‐year consumption growth based upon the fourth quarter, the consumption‐based asset pricing model (CCAPM) explains the cross‐section of stock returns as well as the Fama and French (1993) three‐factor model. The CCAPM's performance deteriorates substantially when consumption growth is measured based upon other quarters. For the CCAPM to hold at any given point in time, investors must make their consumption and investment decisions simultaneously at that point in time. We suspect that this is more likely to happen during the fourth quarter, given investors' tax year ends in December.",
76,10.1111/j.1540-6261.2007.01257.x,Corporate Governance and Firm Value: The Impact of the 2002 Governance Rules,The Journal of Finance,2007-08,https://openalex.org/W2282044143,True,"ABSTRACT The 2001 to 2002 corporate scandals led to the Sarbanes–Oxley Act and to various amendments to the U.S. stock exchanges' regulations. We find that the announcement of these rules has a significant effect on firm value. Firms that are less compliant with the provisions of the rules earn positive abnormal returns compared to firms that are more compliant. We also find variation in the response across firm size. Large firms that are less compliant earn positive abnormal returns but small firms that are less compliant earn negative abnormal returns, suggesting that some provisions are detrimental to small firms.",
77,10.1111/j.1540-6261.2007.01262.x,Sports Sentiment and Stock Returns,The Journal of Finance,2007-08,https://openalex.org/W2134183765,True,"ABSTRACT This paper investigates the stock market reaction to sudden changes in investor mood. Motivated by psychological evidence of a strong link between soccer outcomes and mood, we use international soccer results as our primary mood variable. We find a significant market decline after soccer losses. For example, a loss in the World Cup elimination stage leads to a next‐day abnormal stock return of −49 basis points. This loss effect is stronger in small stocks and in more important games, and is robust to methodological changes. We also document a loss effect after international cricket, rugby, and basketball games.",
78,10.1111/j.1540-6261.2007.01259.x,Corporate Governance and Acquirer Returns,The Journal of Finance,2007-08,https://openalex.org/W3124242212,True,"ABSTRACT We examine whether corporate governance mechanisms, especially the market for corporate control, affect the profitability of firm acquisitions. We find that acquirers with more antitakeover provisions experience significantly lower announcement‐period abnormal stock returns. This supports the hypothesis that managers at firms protected by more antitakeover provisions are less subject to the disciplinary power of the market for corporate control and thus are more likely to indulge in empire‐building acquisitions that destroy shareholder value. We also find that acquirers operating in more competitive industries or separating the positions of CEO and chairman of the board experience higher abnormal announcement returns.",
79,10.1111/j.1540-6261.2007.01272.x,Multimarket Trading and Liquidity: Theory and Evidence,The Journal of Finance,2007-09,https://openalex.org/W2146246112,True,ABSTRACT We develop a new model of multimarket trading to explain the differences in the foreign share of trading volume of internationally cross‐listed stocks. The model predicts that the trading volume of a cross‐listed stock is proportionally higher on the exchange in which the cross‐listed asset returns have greater correlation with returns of other assets traded on that market. We find robust empirical support for this prediction using stock return and volume data on 251 non‐U.S. stocks cross‐listed on major U.S. exchanges.,
80,10.1111/j.1540-6261.2007.01283.x,Price Convexity and Skewness,The Journal of Finance,2007-09,https://openalex.org/W2031934709,True,"ABSTRACT This paper develops a model in which investors who are prohibited from short selling agree to disagree on the precision of a publicly observed signal. The model implies that the equilibrium price is a convex function of the public signal. The model predicts that (1) the stock price reacts more to good news than to bad news; (2) the skewness of stock returns is positively correlated with contemporaneous returns, but negatively correlated with lagged returns; (3) short sale constraints increase rather than decrease skewness; and (4) disagreement about information precision increases skewness. Empirical tests conducted find supportive evidence for all these predictions.",
81,10.1111/j.1540-6261.2007.01270.x,Short‐Sales Constraints and Price Discovery: Evidence from the Hong Kong Market,The Journal of Finance,2007-09,https://openalex.org/W2037270550,True,"ABSTRACT Short‐sales practices in the Hong Kong stock market are unique in that only stocks on a list of designated securities can be sold short. By analyzing the price effects following the addition of individual stocks to the list, we find that short‐sales constraints tend to cause stock overvaluation and that the overvaluation effect is more dramatic for individual stocks for which wider dispersion of investor opinions exists. These findings are consistent with Miller's (1977) intuition and other optimism models. We also document higher volatility and less positive skewness of individual stock returns when short sales are allowed.",
82,10.1111/j.1540-6261.2007.01295.x,Long‐Term Return Reversals: Overreaction or Taxes?,The Journal of Finance,2007-11,https://openalex.org/W2024112545,True,"ABSTRACT Long‐term reversals in U.S. stock returns are better explained as the rational reactions of investors to locked‐in capital gains than an irrational overreaction to news. Predictors of returns based on the overreaction hypothesis have no power, while those that measure locked‐in capital gains do, completely subsuming past returns measures that are traditionally used to predict long‐term returns. In data from Hong Kong, where investment income is not taxed, reversals are nonexistent, and returns are not forecastable either by traditional measures or by measures based on the capital gains lock‐in hypothesis that successfully predict U.S. returns.",
83,10.1111/j.1540-6261.2008.01316.x,Individual Investor Trading and Stock Returns,The Journal of Finance,2008-01,https://openalex.org/W3122720375,True,"ABSTRACT This paper investigates the dynamic relation between net individual investor trading and short‐horizon returns for a large cross‐section of NYSE stocks. The evidence indicates that individuals tend to buy stocks following declines in the previous month and sell following price increases. We document positive excess returns in the month following intense buying by individuals and negative excess returns after individuals sell, which we show is distinct from the previously shown past return or volume effects. The patterns we document are consistent with the notion that risk‐averse individuals provide liquidity to meet institutional demand for immediacy.",
84,10.1111/j.1540-6261.2008.01311.x,Which Money Is Smart? Mutual Fund Buys and Sells of Individual and Institutional Investors,The Journal of Finance,2008-01,https://openalex.org/W2045330327,True,"ABSTRACT Gruber (1996) and Zheng (1999) report that investors channel money toward mutual funds that subsequently perform well. Sapp and Tiwari (2004) find that this “smart money” effect no longer holds after controlling for stock return momentum. While prior work uses quarterly U.S. data, we employ a British data set of monthly fund inflows and outflows differentiated between individual and institutional investors. We document a robust smart money effect in the United Kingdom. The effect is caused by buying (but not selling) decisions of both individuals and institutions. Using monthly data available post‐1991 we show that money is comparably smart in the United States.",
85,10.1111/j.1540-6261.2008.01315.x,Price Volatility and Investor Behavior in an Overlapping Generations Model with Information Asymmetry,The Journal of Finance,2008-01,https://openalex.org/W3122240051,True,"ABSTRACT This paper studies an overlapping generations model with multiple securities and heterogeneously informed agents. The model produces multiple equilibria, including highly volatile equilibria that can exhibit strong or weak correlations between asset returns—even when asset supplies and future dividends are uncorrelated across assets. Less informed agents rationally behave like trend‐followers, while better informed agents follow contrarian strategies. Trading volume has a hump‐shaped relation with information precision and is positively correlated with absolute price changes. Finally, accurate information increases the volatility and correlation of stock returns in the highly volatile, strongly correlated equilibrium.",
86,10.1111/j.1540-6261.2008.01335.x,Share Issuance and Cross‐sectional Returns,The Journal of Finance,2008-04,https://openalex.org/W2142043708,True,"ABSTRACT Post‐1970, share issuance exhibits a strong cross‐sectional ability to predict stock returns. This predictive ability is more statistically significant than the individual predictive ability of size, book‐to‐market, or momentum. Our finding is related to research that finds that long‐run returns are associated with share repurchase announcements, seasoned equity offerings, and stock mergers, although our results remain strong even after exclusion of the data used in these studies. We estimate the issuance relation pre‐1970 and find no statistically significant predictive ability for most holding periods.",
87,10.1111/j.1540-6261.2008.01337.x,Underreaction to Dividend Reductions and Omissions?,The Journal of Finance,2008-04,https://openalex.org/W2073273141,True,"ABSTRACT Using a sample of 2,337 cash dividend reduction or omission announcements over the 1927 to 1999 period, this study reports significant negative post‐announcement long‐term abnormal returns, which last 1 year only. However, this long‐term abnormal performance is driven by the post‐earnings‐announcement drift. After controlling for the earnings performance and the skewness of buy‐and‐hold abnormal returns, there is no compelling evidence of a post‐dividend‐reduction or post‐dividend‐omission price drift.",
88,10.1111/j.1540-6261.2008.01336.x,Earnings Management and Firm Performance Following Open‐Market Repurchases,The Journal of Finance,2008-04,https://openalex.org/W3125049125,True,"ABSTRACT Both post‐repurchase abnormal returns and reported improvement in operating performance are driven, at least in part, by pre‐repurchase downward earnings management rather than genuine growth in profitability. The downward earnings management increases with both the percentage of the company that managers repurchase and CEO ownership. Pre‐repurchase abnormal accruals are also negatively associated with future performance, with the association driven mainly by those firms that report the largest income‐decreasing abnormal accruals. The study suggests that one reason firms experience post‐repurchase abnormal returns is that post‐repurchase realized earnings growth exceeds expectations formed on the basis of pre‐repurchase deflated earnings numbers.",
89,10.1111/j.1540-6261.2008.01362.x,More Than Words: Quantifying Language to Measure Firms' Fundamentals,The Journal of Finance,2008-05,https://openalex.org/W3122563224,True,"ABSTRACT We examine whether a simple quantitative measure of language can be used to predict individual firms' accounting earnings and stock returns. Our three main findings are: (1) the fraction of negative words in firm‐specific news stories forecasts low firm earnings; (2) firms' stock prices briefly underreact to the information embedded in negative words; and (3) the earnings and return predictability from negative words is largest for the stories that focus on fundamentals. Together these findings suggest that linguistic media content captures otherwise hard‐to‐quantify aspects of firms' fundamentals, which investors quickly incorporate into stock prices.",
90,10.1111/j.1540-6261.2008.01357.x,The Price of Immediacy,The Journal of Finance,2008-05,https://openalex.org/W2105539751,True,"ABSTRACT This paper models transaction costs as the rents that a monopolistic market maker extracts from impatient investors who trade via limit orders. We show that limit orders are American options. The limit prices inducing immediate execution of the order are functionally equivalent to bid and ask prices and can be solved for various transaction sizes to characterize the market maker's entire supply curve. We find considerable empirical support for the model's predictions in the cross‐section of NYSE firms. The model produces unbiased, out‐of‐sample forecasts of abnormal returns for firms added to the S&amp;P 500 index.",
91,10.1111/j.1540-6261.2008.01356.x,Stock Returns in Mergers and Acquisitions,The Journal of Finance,2008-05,https://openalex.org/W3122150082,True,"ABSTRACT This paper develops a real options framework to analyze the behavior of stock returns in mergers and acquisitions. In this framework, the timing and terms of takeovers are endogenous and result from value‐maximizing decisions. The implications of the model for abnormal announcement returns are consistent with the available empirical evidence. In addition, the model generates new predictions regarding the dynamics of firm‐level betas for the period surrounding control transactions. Using a sample of 1,086 takeovers of publicly traded U.S. firms between 1985 and 2002, we present new evidence on the dynamics of firm‐level betas, which is strongly supportive of the model's predictions.",
92,10.1111/j.1540-6261.2008.01370.x,Asset Growth and the Cross‐Section of Stock Returns,The Journal of Finance,2008-07,https://openalex.org/W3124591263,True,"ABSTRACT We test for firm‐level asset investment effects in returns by examining the cross‐sectional relation between firm asset growth and subsequent stock returns. Asset growth rates are strong predictors of future abnormal returns. Asset growth retains its forecasting ability even on large capitalization stocks. When we compare asset growth rates with the previously documented determinants of the cross‐section of returns (i.e., book‐to‐market ratios, firm capitalization, lagged returns, accruals, and other growth measures), we find that a firm's annual asset growth rate emerges as an economically and statistically significant predictor of the cross‐section of U.S. stock returns.",
93,10.1111/j.1540-6261.2008.01375.x,The Selection and Termination of Investment Management Firms by Plan Sponsors,The Journal of Finance,2008-07,https://openalex.org/W2141377059,True,"ABSTRACT We examine the selection and termination of investment management firms by 3,400 plan sponsors between 1994 and 2003. Plan sponsors hire investment managers after large positive excess returns but this return‐chasing behavior does not deliver positive excess returns thereafter. Investment managers are terminated for a variety of reasons, including but not limited to underperformance. Excess returns after terminations are typically indistinguishable from zero but in some cases positive. In a sample of round‐trip firing and hiring decisions, we find that if plan sponsors had stayed with fired investment managers, their excess returns would be no different from those delivered by newly hired managers. We uncover significant variation in pre‐ and post‐hiring and firing returns that is related to plan sponsor characteristics.",
94,10.1111/j.1540-6261.2008.01398.x,Marketwide Private Information in Stocks: Forecasting Currency Returns,The Journal of Finance,2008-09,https://openalex.org/W3122420451,True,"ABSTRACT We present a model of equity trading with informed and uninformed investors where informed investors trade on firm‐specific and marketwide private information. The model is used to identify the component of order flow due to marketwide private information. Estimated trades driven by marketwide private information display little or no correlation with the first principal component in order flow. Indeed, we find that co‐movement in order flow captures variation mostly in liquidity trades. Marketwide private information obtained from equity market data forecasts industry stock returns, and also currency returns.",
95,10.1111/j.1540-6261.2008.01415.x,Estimating the Intertemporal Risk–Return Tradeoff Using the Implied Cost of Capital,The Journal of Finance,2008-11,https://openalex.org/W3021598678,True,"ABSTRACT We argue that the implied cost of capital (ICC), computed using earnings forecasts, is useful in capturing time variation in expected stock returns. First, we show theoretically that ICC is perfectly correlated with the conditional expected stock return under plausible conditions. Second, our simulations show that ICC is helpful in detecting an intertemporal risk–return relation, even when earnings forecasts are poor. Finally, in empirical analysis, we construct the time series of ICC for the G–7 countries. We find a positive relation between the conditional mean and variance of stock returns, at both the country level and the world market level.",
96,10.1111/j.1540-6261.2008.01418.x,"Average Returns, B/M, and Share Issues",The Journal of Finance,2008-11,https://openalex.org/W3122809341,True,"ABSTRACT The book‐to‐market ratio (B/M) is a noisy measure of expected stock returns because it also varies with expected cashflows. Our hypothesis is that the evolution of B/M, in terms of past changes in book equity and price, contains independent information about expected cashflows that can be used to improve estimates of expected returns. The tests support this hypothesis, with results that are largely but not entirely similar for Microcap stocks (below the 20 th NYSE market capitalization percentile) and All but Micro stocks (ABM).",
97,10.1111/j.1540-6261.2009.01453.x,"Cash Flow, Consumption Risk, and the Cross‐section of Stock Returns",The Journal of Finance,2009-03,https://openalex.org/W3121745201,True,"ABSTRACT I link an asset's risk premium to two characteristics of its underlying cash flow: covariance and duration. Using empirically novel estimates of both cash flow characteristics based exclusively on accounting earnings and aggregate consumption data, I examine their dynamic interaction in a two‐factor cash flow model and find that they are able to explain up to 82% of the cross‐sectional variation in the average returns on size, book‐to‐market, and long‐term reversal‐sorted portfolios for the period 1964 to 2002. This finding highlights the importance of fundamental cash flow characteristics in determining the risk exposure of an asset.",
98,10.1111/j.1540-6261.2009.01452.x,"Financial Constraints, Debt Capacity, and the Cross‐section of Stock Returns",The Journal of Finance,2009-03,https://openalex.org/W3122332765,True,"ABSTRACT Building on a model of corporate investment under collateral constraints, we develop and test a hypothesis on the differential effect of debt capacity on stock returns across financially constrained and unconstrained firms. Consistent with the hypothesis, we find that debt capacity is a significant determinant of stock returns only in the cross‐section of financially constrained firms, after controlling for beta, size, book‐to‐market, leverage, and momentum. The findings suggest that cross‐sectional differences in corporate investment behavior arising from financial constraints, predicted by theories of imperfect capital markets and supported by empirical evidence, are reflected in the stock returns of manufacturing firms.",
99,10.1111/j.1540-6261.2009.01447.x,Investor Inattention and Friday Earnings Announcements,The Journal of Finance,2009-03,https://openalex.org/W2113443463,True,"ABSTRACT Does limited attention among investors affect stock returns? We compare the response to earnings announcements on Friday, when investor inattention is more likely, to the response on other weekdays. If inattention influences stock prices, we should observe less immediate response and more drift for Friday announcements. Indeed, Friday announcements have a 15% lower immediate response and a 70% higher delayed response. A portfolio investing in differential Friday drift earns substantial abnormal returns. In addition, trading volume is 8% lower around Friday announcements. These findings support explanations of post‐earnings announcement drift based on underreaction to information caused by limited attention.",
100,10.1111/j.1540-6261.2009.01469.x,Trading Costs and Returns for U.S. Equities: Estimating Effective Costs from Daily Data,The Journal of Finance,2009-05,https://openalex.org/W2157201362,True,"ABSTRACT The effective cost of trading is usually estimated from transaction‐level data. This study proposes a Gibbs estimate that is based on daily closing prices. In a validation sample, the daily Gibbs estimate achieves a correlation of 0.965 with the transaction‐level estimate. When the Gibbs estimates are incorporated into asset pricing specifications over a long historical sample (1926 to 2006), the results suggest that effective cost (as a characteristic) is positively related to stock returns. The relation is strongest in January, but it appears to be distinct from size effects.",
101,10.1111/j.1540-6261.2009.01459.x,Do Stock Mergers Create Value for Acquirers?,The Journal of Finance,2009-05,https://openalex.org/W3124081884,True,"ABSTRACT This paper finds support for the hypothesis that overvalued firms create value for long‐term shareholders by using their equity as currency. Any approach centered on abnormal returns is complicated by the fact that the most overvalued firms have the greatest incentive to engage in stock acquisitions. We solve this endogeneity problem by creating a sample of mergers that fail for exogenous reasons. We find that unsuccessful stock bidders significantly underperform successful ones. Failure to consummate is costlier for richly priced firms, and the unrealized acquirer‐target combination would have earned higher returns. None of these results hold for cash bids.",
102,10.1111/j.1540-6261.2009.01467.x,The Price of Correlation Risk: Evidence from Equity Options,The Journal of Finance,2009-05,https://openalex.org/W3121513733,True,"ABSTRACT We study whether exposure to marketwide correlation shocks affects expected option returns, using data on S&amp;P100 index options, options on all components, and stock returns. We find evidence of priced correlation risk based on prices of index and individual variance risk. A trading strategy exploiting priced correlation risk generates a high alpha and is attractive for CRRA investors without frictions. Correlation risk exposure explains the cross‐section of index and individual option returns well. The correlation risk premium cannot be exploited with realistic trading frictions, providing a limits‐to‐arbitrage interpretation of our finding of a high price of correlation risk.",
103,10.1111/j.1540-6261.2009.01493.x,Media Coverage and the Cross‐section of Stock Returns,The Journal of Finance,2009-09,https://openalex.org/W3125591525,True,"ABSTRACT By reaching a broad population of investors, mass media can alleviate informational frictions and affect security pricing even if it does not supply genuine news. We investigate this hypothesis by studying the cross‐sectional relation between media coverage and expected stock returns. We find that stocks with no media coverage earn higher returns than stocks with high media coverage even after controlling for well‐known risk factors. These results are more pronounced among small stocks and stocks with high individual ownership, low analyst following, and high idiosyncratic volatility. Our findings suggest that the breadth of information dissemination affects stock returns.",
104,10.1111/j.1540-6261.2009.01515.x,Implications of Keeping‐Up‐with‐the‐Joneses Behavior for the Equilibrium Cross Section of Stock Returns: International Evidence,The Journal of Finance,2009-11,https://openalex.org/W2165123406,True,"ABSTRACT This paper tests the cross‐sectional implications of “keeping‐up‐with‐the‐Joneses” (KUJ) preferences in an international setting. When agents have KUJ preferences, in the presence of undiversifiable nonfinancial wealth, both world and domestic risk (the idiosyncratic component of domestic wealth) are priced, and the equilibrium price of risk of the domestic factor is negative. We use labor income as a proxy for domestic wealth and find empirical support for these predictions. In terms of explaining the cross‐section of stock returns and the size of the pricing errors, the model performs better than alternative international asset pricing models.",
105,10.1111/j.1540-6261.2009.01516.x,The Price Is (Almost) Right,The Journal of Finance,2009-11,https://openalex.org/W3122183263,True,"ABSTRACT Most previous research tests market efficiency using average abnormal trading profits on dynamic trading strategies, and typically rejects the joint hypothesis of market efficiency and an asset pricing model. In contrast, we adopt the perspective of a buy‐and‐hold investor and examine stock price levels. For such an investor, the price level is more relevant than the short‐horizon expected return, and betas of cash flow fundamentals are more important than high‐frequency stock return betas. Our cross‐sectional tests suggest that there exist specifications in which differences in relative price levels of individual stocks can be largely explained by their fundamental betas.",
106,10.1111/j.1540-6261.2009.01525.x,A Habit‐Based Explanation of the Exchange Rate Risk Premium,The Journal of Finance,2010-01,https://openalex.org/W1518156372,True,"ABSTRACT This paper presents a model that reproduces the uncovered interest rate parity puzzle. Investors have preferences with external habits. Countercyclical risk premia and procyclical real interest rates arise endogenously. During bad times at home, when domestic consumption is close to the habit level, the representative investor is very risk averse. When the domestic investor is more risk averse than her foreign counterpart, the exchange rate is closely tied to domestic consumption growth shocks. The domestic investor therefore expects a positive currency excess return. Because interest rates are low in bad times, expected currency excess returns increase with interest rate differentials.",
107,10.1111/j.1540-6261.2009.01529.x,Stock Market Declines and Liquidity,The Journal of Finance,2010-01,https://openalex.org/W3121729798,True,"ABSTRACT Consistent with recent theoretical models where binding capital constraints lead to sudden liquidity dry‐ups, we find that negative market returns decrease stock liquidity, especially during times of tightness in the funding market. The asymmetric effect of changes in aggregate asset values on liquidity and commonality in liquidity cannot be fully explained by changes in demand for liquidity or volatility effects. We document interindustry spillover effects in liquidity, which are likely to arise from capital constraints in the market making sector. We also find economically significant returns to supplying liquidity following periods of large drops in market valuations.",
108,10.1111/j.1540-6261.2009.01527.x,False Discoveries in Mutual Fund Performance: Measuring Luck in Estimated Alphas,The Journal of Finance,2010-01,https://openalex.org/W2118989259,True,"ABSTRACT This paper develops a simple technique that controls for “false discoveries,” or mutual funds that exhibit significant alphas by luck alone. Our approach precisely separates funds into (1) unskilled, (2) zero‐alpha, and (3) skilled funds, even with dependencies in cross‐fund estimated alphas. We find that 75% of funds exhibit zero alpha (net of expenses), consistent with the Berk and Green equilibrium. Further, we find a significant proportion of skilled (positive alpha) funds prior to 1996, but almost none by 2006. We also show that controlling for false discoveries substantially improves the ability to find the few funds with persistent performance.",
109,10.1111/j.1540-6261.2009.01523.x,Real and Financial Industry Booms and Busts,The Journal of Finance,2010-01,https://openalex.org/W2890766821,True,"ABSTRACT We examine how product market competition affects firm cash flows and stock returns in industry booms and busts. Our results show how real and financial factors interact in industry business cycles. In competitive industries, we find that high industry‐level stock market valuation, investment, and financing are followed by sharply lower operating cash flows and abnormal stock returns. Analyst estimates are positively biased and returns comove more. In concentrated industries these relations are weak and generally insignificant. Our results are consistent with participants in competitive industries not fully internalizing the negative externality of industry competition on cash flows and stock returns.",
110,10.1111/j.1540-6261.2009.01548.x,Corporate Political Contributions and Stock Returns,The Journal of Finance,2010-03,https://openalex.org/W3121748598,True,"ABSTRACT We develop a new and comprehensive database of firm‐level contributions to U.S. political campaigns from 1979 to 2004. We construct variables that measure the extent of firm support for candidates. We find that these measures are positively and significantly correlated with the cross‐section of future returns. The effect is strongest for firms that support a greater number of candidates that hold office in the same state that the firm is based. In addition, there are stronger effects for firms whose contributions are slanted toward House candidates and Democrats.",
111,10.1111/j.1540-6261.2009.01541.x,Levered Returns,The Journal of Finance,2010-03,https://openalex.org/W4231808832,True,"ABSTRACT This paper revisits the theoretical relation between financial leverage and stock returns in a dynamic world where both corporate investment and financing decisions are endogenous. We find that the link between leverage and stock returns is more complex than static textbook examples suggest, and depends on the investment opportunities available to the firm. In the presence of financial market imperfections, leverage and investment are generally correlated so that highly levered firms are also mature firms with relatively more (safe) book assets and fewer (risky) growth opportunities. A quantitative version of our model matches several stylized facts about leverage and returns.",
112,10.1111/j.1540-6261.2010.01573.x,Intraday Patterns in the Cross‐section of Stock Returns,The Journal of Finance,2010-07,https://openalex.org/W3121894513,True,"ABSTRACT Motivated by the literature on investment flows and optimal trading, we examine intraday predictability in the cross‐section of stock returns. We find a striking pattern of return continuation at half‐hour intervals that are exact multiples of a trading day, and this effect lasts for at least 40 trading days. Volume, order imbalance, volatility, and bid‐ask spreads exhibit similar patterns, but do not explain the return patterns. We also show that short‐term return reversal is driven by temporary liquidity imbalances lasting less than an hour and bid‐ask bounce. Timing trades can reduce execution costs by the equivalent of the effective spread.",
113,10.1111/j.1540-6261.2010.01633.x,Style‐Related Comovement: Fundamentals or Labels?,The Journal of Finance,2011-01,https://openalex.org/W1876576123,True,"ABSTRACT I find that economically meaningless index labels cause stock returns to covary in excess of fundamentals. S&amp;P/Barra follow a simple mechanical procedure to define their Value and Growth indices. In doing so, they reclassify some stocks from Value to Growth even after their book‐to‐market ratios have risen, and vice versa. Such stocks begin to covary more with the index they join and less with the index they leave. Backdated constituent data from Barra reveal no such label‐related shifts in comovement during the 10 years prior to the actual introduction of the indices in 1992.",
114,10.1111/j.1540-6261.2010.01644.x,Institutional Trade Persistence and Long‐Term Equity Returns,The Journal of Finance,2011-03,https://openalex.org/W3124198348,True,"ABSTRACT Recent studies show that single‐quarter institutional herding positively predicts short‐term returns. Motivated by the theoretical herding literature, which emphasizes endogenous persistence in decisions over time, we estimate the effect of multiquarter institutional buying and selling on stock returns. Using both regression and portfolio tests, we find that persistent institutional trading negatively predicts long‐term returns: persistently sold stocks outperform persistently bought stocks at long horizons. The negative association between returns and institutional trade persistence is not subsumed by past returns or other stock characteristics, is concentrated among smaller stocks, and is stronger for stocks with higher institutional ownership.",
115,10.1111/j.1540-6261.2010.01643.x,The Interim Trading Skills of Institutional Investors,The Journal of Finance,2011-03,https://openalex.org/W3123027396,True,"ABSTRACT Using a large proprietary database of institutional trades, this paper examines the interim (intraquarter) trading skills of institutional investors. We find strong evidence that institutional investors earn significant abnormal returns on their trades within the trading quarter and that interim trading performance is persistent. After transactions costs, our estimates suggest that interim trading skills contribute between 20 and 26 basis points per year to the average fund's abnormal performance. Our findings also indicate that any trading skills documented by previous studies that use quarterly data are biased downwards because of their inability to account for interim trades.",
116,10.1111/j.1540-6261.2010.01638.x,"Security Issue Timing: What Do Managers Know, and When Do They Know It?",The Journal of Finance,2011-03,https://openalex.org/W3121510153,True,"ABSTRACT We study put option sales on company stock by large firms. An often‐cited motivation for these transactions is market timing, and managers' decision to issue puts should be sensitive to whether the stock is undervalued. We provide new evidence that large firms successfully time security sales. In the 100 days following put option issues, there is roughly a 5% abnormal stock return, with much of the abnormal return following the first earnings release date after the sale. Direct evidence on put option exercises reinforces these findings: exercise frequencies and payoffs to put holders are abnormally low.",
117,10.1111/j.1540-6261.2011.01658.x,Do Individual Investors Have Asymmetric Information Based on Work Experience?,The Journal of Finance,2011-05,https://openalex.org/W3124006206,True,"ABSTRACT Using a novel data set covering all individual investors' stock market transactions in Norway over 10 years, we analyze whether individual investors have a preference for professionally close stocks, and whether they make excess returns on such investments. After excluding own‐company stock holdings, investors hold 11% of their portfolio in stocks within their two‐digit industry of employment. Given the poor hedging properties of such investments, one would expect abnormally high returns. In contrast, all estimates of abnormal returns are negative, in many cases statistically significant. Overconfidence seems the most likely explanation for the excessive trading in professionally close stocks.",
118,10.1111/j.1540-6261.2011.01654.x,Estimation and Evaluation of Conditional Asset Pricing Models,The Journal of Finance,2011-05,https://openalex.org/W2891496871,True,"ABSTRACT We find that several recently proposed consumption‐based models of stock returns, when evaluated using an optimal set of managed portfolios and the associated model‐implied conditional moment restrictions, fail to capture key features of risk premiums in equity markets. To arrive at these conclusions, we construct an optimal Generalized Method of Moments (GMM) estimator for models in which the stochastic discount factor (SDF) is a conditionally affine function of a set of priced risk factors, and we show that there is an optimal choice of managed portfolios to use in testing a null model against a proposed alternative generalized SDF.",
119,10.1111/j.1540-6261.2011.01668.x,Individual Investors and Volatility,The Journal of Finance,2011-07,https://openalex.org/W3022838526,True,"ABSTRACT We show that retail trading activity has a positive effect on the volatility of stock returns, which suggests that retail investors behave as noise traders. To identify this effect, we use a reform of the French stock market that raises the relative cost of speculative trading for retail investors. The daily return volatility of the stocks affected by the reform falls by 20 basis points (a quarter of the sample standard deviation of the return volatility) relative to other stocks. For affected stocks, we also find a significant decrease in the magnitude of return reversals and the price impact of trades.",
120,10.1111/jofi.12092,The Recovery Theorem,The Journal of Finance,2011-08,https://openalex.org/W2122413893,True,"ABSTRACT We can only estimate the distribution of stock returns, but from option prices we observe the distribution of state prices. State prices are the product of risk aversion—the pricing kernel—and the natural probability distribution. The Recovery Theorem enables us to separate these to determine the market's forecast of returns and risk aversion from state prices alone. Among other things, this allows us to recover the pricing kernel, market risk premium, and probability of a catastrophe and to construct model‐free tests of the efficient market hypothesis.",
121,10.1111/j.1540-6261.2011.01680.x,"Free Cash Flow, Issuance Costs, and Stock Prices",The Journal of Finance,2011-09,https://openalex.org/W2052461731,True,"ABSTRACT We develop a dynamic model of a firm facing agency costs of free cash flow and external financing costs, and derive an explicit solution for the firm's optimal balance sheet dynamics. Financial frictions affect issuance and dividend policies, the value of cash holdings, and the dynamics of stock prices. The model predicts that the marginal value of cash varies negatively with the stock price, and positively with the volatility of the stock price. This yields novel insights on the asymmetric volatility phenomenon, on risk management policies, and on how business cycles and agency costs affect the volatility of stock returns.",
122,10.1111/j.1540-6261.2011.01714.x,Family‐Controlled Firms and Informed Trading: Evidence from Short Sales,The Journal of Finance,2012-01,https://openalex.org/W2163493929,True,"ABSTRACT We investigate the relation between organization structure and the information content of short sales, focusing on founder‐ and heir‐controlled firms. Our analysis indicates that family‐controlled firms experience substantially higher abnormal short sales prior to negative earnings shocks than nonfamily firms. Supplementary testing indicates that family control characteristics intensify informed short selling. Further analysis suggests that daily short‐sale interest in family firms contains useful information in forecasting stock returns; however, we find no discernable effect for nonfamily firms. This analysis provides compelling evidence that informed trading via short sales occurs more readily in family firms than in nonfamily firms.",
123,10.1111/j.1540-6261.2012.01727.x,Individual Investor Trading and Return Patterns around Earnings Announcements,The Journal of Finance,2012-03,https://openalex.org/W3124795352,True,"ABSTRACT This paper provides evidence of informed trading by individual investors around earnings announcements using a unique data set of NYSE stocks. We show that intense aggregate individual investor buying (selling) predicts large positive (negative) abnormal returns on and after earnings announcement dates. We decompose abnormal returns following the event into information and liquidity provision components, and show that about half of the returns can be attributed to private information. We also find that individuals trade in both return‐contrarian and news‐contrarian manners after earnings announcements. The latter behavior has the potential to slow the adjustment of prices to earnings news.",
124,10.1111/j.1540-6261.2012.01722.x,Are Stocks Really Less Volatile in the Long Run?,The Journal of Finance,2012-03,https://openalex.org/W3121979390,True,"ABSTRACT According to conventional wisdom, annualized volatility of stock returns is lower over long horizons than over short horizons, due to mean reversion induced by return predictability. In contrast, we find that stocks are substantially more volatile over long horizons from an investor's perspective. This perspective recognizes that parameters are uncertain, even with two centuries of data, and that observable predictors imperfectly deliver the conditional expected return. Mean reversion contributes strongly to reducing long‐horizon variance but is more than offset by various uncertainties faced by the investor. The same uncertainties reduce desired stock allocations of long‐horizon investors contemplating target‐date funds.",
125,10.1111/j.1540-6261.2012.01728.x,Carry Trades and Global Foreign Exchange Volatility,The Journal of Finance,2012-03,https://openalex.org/W2113107692,True,"ABSTRACT We investigate the relation between global foreign exchange (FX) volatility risk and the cross section of excess returns arising from popular strategies that borrow in low interest rate currencies and invest in high interest rate currencies, so‐called “carry trades.” We find that high interest rate currencies are negatively related to innovations in global FX volatility, and thus deliver low returns in times of unexpected high volatility, when low interest rate currencies provide a hedge by yielding positive returns. Furthermore, we show that volatility risk dominates liquidity risk and our volatility risk proxy also performs well for pricing returns of other portfolios.",
126,10.1111/j.1540-6261.2012.01740.x,Decoding Inside Information,The Journal of Finance,2012-05,https://openalex.org/W2890190386,True,"ABSTRACT Exploiting the fact that insiders trade for a variety of reasons, we show that there is predictable, identifiable “routine” insider trading that is not informative about firms’ futures. A portfolio strategy that focuses solely on the remaining “opportunistic” traders yields value‐weighted abnormal returns of 82 basis points per month, while abnormal returns associated with routine traders are essentially zero. The most informed opportunistic traders are local, nonexecutive insiders from geographically concentrated, poorly governed firms. Opportunistic traders are significantly more likely to have SEC enforcement action taken against them, and reduce trading following waves of SEC insider trading enforcement.",
127,10.1111/j.1540-6261.2012.01747.x,Technological Growth and Asset Pricing,The Journal of Finance,2012-07,https://openalex.org/W3121411892,True,"ABSTRACT We study the asset‐pricing implications of technological growth in a model with “small,” disembodied productivity shocks and “large,” infrequent technological innovations, which are embodied into new capital vintages. The technological‐adoption process leads to endogenous cycles in output and asset valuations. This process can help explain stylized asset‐valuation patterns around major technological innovations. More importantly, it can help provide a unified, investment‐based theory for numerous well‐documented facts related to excess‐return predictability. To illustrate the distinguishing features of our theory, we highlight novel implications pertaining to the joint time‐series properties of consumption and excess returns.",
128,10.1111/j.1540-6261.2012.01754.x,"Real Options, Volatility, and Stock Returns",The Journal of Finance,2012-07,https://openalex.org/W2108203964,True,"ABSTRACT We provide evidence that the positive relation between firm‐level stock returns and firm‐level return volatility is due to firms’ real options. Consistent with real option theory, we find that the positive volatility‐return relation is much stronger for firms with more real options and that the sensitivity of firm value to changes in volatility declines significantly after firms exercise their real options. We reconcile the evidence at the aggregate and firm levels by showing that the negative relation at the aggregate level may be due to aggregate market conditions that simultaneously affect both market returns and return volatility.",
129,10.1111/j.1540-6261.2012.01749.x,Why Are U.S. Stocks More Volatile?,The Journal of Finance,2012-07,https://openalex.org/W2262967405,True,"ABSTRACT U.S. stocks are more volatile than stocks of similar foreign firms. A firm's stock return volatility can be higher for reasons that contribute positively (good volatility) or negatively (bad volatility) to shareholder wealth and economic growth. We find that the volatility of U.S. firms is higher mostly because of good volatility. Specifically, stock volatility is higher in the United States because it increases with investor protection, stock market development, new patents, and firm‐level investment in R&amp;D. Each of these factors is related to better growth opportunities for firms and better ability to take advantage of these opportunities.",
130,10.1111/j.1540-6261.2012.01776.x,The Vote Is Cast: The Effect of Corporate Governance on Shareholder Value,The Journal of Finance,2012-09,https://openalex.org/W3021160343,True,"ABSTRACT This paper investigates whether improvements in the firm's internal corporate governance create value for shareholders. We analyze the market reaction to governance proposals that pass or fail by a small margin of votes in annual meetings. This provides a clean causal estimate that deals with the endogeneity of internal governance rules. We find that passing a proposal leads to significant positive abnormal returns. Adopting one governance proposal increases shareholder value by 2.8%. The market reaction is larger in firms with more antitakeover provisions, higher institutional ownership, and stronger investor activism for proposals sponsored by institutions. In addition, we find that acquisitions and capital expenditures decline and long‐term performance improves.",
131,10.1111/j.1540-6261.2012.01794.x,"Industry‐Specific Human Capital, Idiosyncratic Risk, and the Cross‐Section of Expected Stock Returns",The Journal of Finance,2012-12,https://openalex.org/W2156661455,True,"ABSTRACT Human capital is one of the largest assets in the economy and in theory may play an important role for asset pricing. Human capital is heterogeneous across investors. One source of heterogeneity is industry affiliation. I show that the cross‐section of expected stock returns is primarily affected by industry‐level rather than aggregate labor income risk. Furthermore, when human capital is excluded from the asset pricing model, the resulting idiosyncratic risk may appear to be priced. I find that the premium for idiosyncratic risk documented by several empirical studies depends on the covariance between stock and human capital returns.",
132,10.1111/j.1540-6261.2012.01795.x,Ex Ante Skewness and Expected Stock Returns,The Journal of Finance,2012-12,https://openalex.org/W3126009762,True,"ABSTRACT We use option prices to estimate ex ante higher moments of the underlying individual securities’ risk‐neutral returns distribution. We find that individual securities’ risk‐neutral volatility, skewness, and kurtosis are strongly related to future returns. Specifically, we find a negative (positive) relation between ex ante volatility (kurtosis) and subsequent returns in the cross‐section, and more ex ante negatively (positively) skewed returns yield subsequent higher (lower) returns. We analyze the extent to which these returns relations represent compensation for risk and find evidence that, even after controlling for differences in co‐moments, individual securities’ skewness matters.",
133,10.1111/jofi.12018,Can Time‐Varying Risk of Rare Disasters Explain Aggregate Stock Market Volatility?,The Journal of Finance,2013-01,https://openalex.org/W2553992319,True,"ABSTRACT Why is the equity premium so high, and why are stocks so volatile? Why are stock returns in excess of government bill rates predictable? This paper proposes an answer to these questions based on a time‐varying probability of a consumption disaster. In the model, aggregate consumption follows a normal distribution with low volatility most of the time, but with some probability of a consumption realization far out in the left tail. The possibility of this poor outcome substantially increases the equity premium, while time‐variation in the probability of this outcome drives high stock market volatility and excess return predictability.",
134,10.1111/jofi.12017,State‐Level Business Cycles and Local Return Predictability,The Journal of Finance,2013-01,https://openalex.org/W3121475032,True,"ABSTRACT This study examines whether local stock returns vary with local business cycles in a predictable manner. We find that U.S. state portfolios earn higher future returns when state‐level unemployment rates are higher and housing collateral ratios are lower. During the 1978 to 2009 period, geography‐based trading strategies earn annualized risk‐adjusted returns of 5%. This abnormal performance reflects time‐varying systematic risks and local‐trading induced mispricing. Consistent with the mispricing explanation, the evidence of predictability is stronger among firms with low visibility and high local ownership. Nonlocal domestic and foreign investors arbitrage away the predictable patterns in local returns in 1 year.",
135,10.1111/jofi.12027,Sentiment during Recessions,The Journal of Finance,2013-01,https://openalex.org/W2554619162,True,"ABSTRACT This paper studies the effect of sentiment on asset prices during the 20th century (1905 to 2005). As a proxy for sentiment, we use the fraction of positive and negative words in two columns of financial news from the New York Times. The main contribution of the paper is to show that, controlling for other well‐known time‐series patterns, the predictability of stock returns using news' content is concentrated in recessions. A one standard deviation shock to our news measure during recessions predicts a change in the conditional average return on the DJIA of 12 basis points over one day.",
136,10.1111/jofi.12028,How Wise Are Crowds? Insights from Retail Orders and Stock Returns,The Journal of Finance,2013-02,https://openalex.org/W2315754401,True,"ABSTRACT We analyze the role of retail investors in stock pricing using a database uniquely suited for this purpose. The data allow us to address selection bias concerns and to separately examine aggressive (market) and passive (limit) orders. Both aggressive and passive net buying positively predict firms’ monthly stock returns with no evidence of return reversal. Only aggressive orders correctly predict firm news, including earnings surprises, suggesting they convey novel cash flow information. Only passive net buying follows negative returns, consistent with traders providing liquidity and benefiting from the reversal of transitory price movements. These actions contribute to market efficiency.",
137,10.1111/jofi.12041,International Stock Return Predictability: What Is the Role of the United States?,The Journal of Finance,2013-03,https://openalex.org/W2319405822,True,"ABSTRACT We investigate lead‐lag relationships among monthly country stock returns and identify a leading role for the United States: lagged U.S. returns significantly predict returns in numerous non‐U.S. industrialized countries, while lagged non‐U.S. returns display limited predictive ability with respect to U.S. returns. We estimate a news‐diffusion model, and the results indicate that return shocks arising in the United States are only fully reflected in equity prices outside of the United States with a lag, consistent with a gradual information diffusion explanation of the predictive power of lagged U.S. returns.",
138,10.1111/jofi.12048,Mutual Fund Performance and the Incentive to Generate Alpha,The Journal of Finance,2013-03,https://openalex.org/W2070485212,True,"ABSTRACT To rationalize the well‐known underperformance of the average actively managed mutual fund, we exploit the fact that retail funds in different market segments compete for different types of investors. Within the segment of funds marketed directly to retail investors, we show that flows chase risk‐adjusted returns, and that funds respond by investing more in active management. Importantly, within this direct‐sold segment, we find no evidence that actively managed funds underperform index funds. In contrast, we show that actively managed funds sold through brokers face a weaker incentive to generate alpha and significantly underperform index funds.",
139,10.1111/jofi.12068,"Uncertainty, Time‐Varying Fear, and Asset Prices",The Journal of Finance,2013-05,https://openalex.org/W2130570312,True,"ABSTRACT I construct an equilibrium model that captures salient properties of index option prices, equity returns, variance, and the risk‐free rate. A representative investor makes consumption and portfolio choice decisions that are robust to his uncertainty about the true economic model. He pays a large premium for index options because they hedge important model misspecification concerns, particularly concerning jump shocks to cash flow growth and volatility. A calibration shows that empirically consistent fundamentals and reasonable model uncertainty explain option prices and the variance premium. Time variation in uncertainty generates variance premium fluctuations, helping explain their power to predict stock returns.",
140,10.1111/jofi.12080,Dynamic Trading with Predictable Returns and Transaction Costs,The Journal of Finance,2013-07,https://openalex.org/W3123718809,True,"ABSTRACT We derive a closed‐form optimal dynamic portfolio policy when trading is costly and security returns are predictable by signals with different mean‐reversion speeds. The optimal strategy is characterized by two principles: (1) aim in front of the target, and (2) trade partially toward the current aim. Specifically, the optimal updated portfolio is a linear combination of the existing portfolio and an “aim portfolio,” which is a weighted average of the current Markowitz portfolio (the moving target) and the expected Markowitz portfolios on all future dates (where the target is moving). Intuitively, predictors with slower mean‐reversion (alpha decay) get more weight in the aim portfolio. We implement the optimal strategy for commodity futures and find superior net returns relative to more naive benchmarks.",
141,10.1111/jofi.12100,Asset Pricing with Dynamic Margin Constraints,The Journal of Finance,2013-10,https://openalex.org/W2552908620,True,"ABSTRACT This paper provides a novel theoretical analysis of how endogenous time‐varying margin requirements affect capital market equilibrium. I find that margin requirements, when there are no other market frictions, reduce the volatility and correlation of returns as well as the risk‐free rate, but increase the market price of risk, the risk premium, and the price of risky assets. Furthermore, margin requirements generate a strong cross‐sectional dispersion of stock return volatilities. The results emphasize that a general equilibrium analysis may reverse the conclusions of a partial equilibrium analysis often employed in the literature.",
142,10.1111/jofi.12136,"Growth Opportunities, Technology Shocks, and Asset Prices",The Journal of Finance,2013-11,https://openalex.org/W2769274274,True,"ABSTRACT We explore the impact of investment‐specific technology (IST) shocks on the cross section of stock returns. Using a structural model, we show that IST shocks have a differential effect on the value of assets in place and the value of growth opportunities. This differential sensitivity to IST shocks has two main implications. First, firm risk premia depend on the contribution of growth opportunities to firm value. Second, firms with similar levels of growth opportunities comove with each other, giving rise to the value factor in stock returns and the failure of the conditional CAPM. Our empirical tests confirm the model's predictions.",
143,10.1111/jofi.12139,"CEO Ownership, Stock Market Performance, and Managerial Discretion",The Journal of Finance,2014-01,https://openalex.org/W2317907514,True,"ABSTRACT We examine the relationship between CEO ownership and stock market performance. A strategy based on public information about managerial ownership delivers annual abnormal returns of 4% to 10%. The effect is strongest among firms with weak external governance, weak product market competition, and large managerial discretion, suggesting that CEO ownership can reverse the negative impact of weak governance. Furthermore, owner‐CEOs are value increasing: they reduce empire building and run their firms more efficiently. Overall, our findings indicate that the market does not correctly price the incentive effects of managerial ownership, suggesting interesting feedback effects between corporate finance and asset pricing.",
144,10.1111/jofi.12141,Labor Mobility: Implications for Asset Pricing,The Journal of Finance,2014-01,https://openalex.org/W3121251611,True,"ABSTRACT Labor mobility is the flexibility of workers to walk away from an industry in response to better opportunities. I develop a model in which labor flows make bad times worse for shareholders who are left with capital that is less productive. The model shows that firms face greater operating leverage by providing flexibility to mobile workers. I construct an empirical measure of labor mobility consistent with the model and document an economically significant cross‐sectional relation between mobility, operating leverage, and stock returns. I find that firms in mobile industries earn returns over 5% higher than those in less mobile industries.",
145,10.1111/jofi.12181,The Joint Cross Section of Stocks and Options,The Journal of Finance,2014-05,https://openalex.org/W2628908734,True,"ABSTRACT Stocks with large increases in call (put) implied volatilities over the previous month tend to have high (low) future returns. Sorting stocks ranked into decile portfolios by past call implied volatilities produces spreads in average returns of approximately 1% per month, and the return differences persist up to six months. The cross section of stock returns also predicts option implied volatilities, with stocks with high past returns tending to have call and put option contracts that exhibit increases in implied volatility over the next month, but with decreasing realized volatility. These predictability patterns are consistent with rational models of informed trading.",
146,10.1111/jofi.12179,The Media and the Diffusion of Information in Financial Markets: Evidence from Newspaper Strikes,The Journal of Finance,2014-05,https://openalex.org/W3122648618,True,"ABSTRACT The media are increasingly recognized as key players in financial markets. I investigate their causal impact on trading and price formation by examining national newspaper strikes in several countries. Trading volume falls 12% on strike days. The dispersion of stock returns and their intraday volatility are reduced by 7%, while aggregate returns are unaffected. Moreover, analysis of return predictability indicates that newspapers propagate news from the previous day. These findings demonstrate that the media contribute to the efficiency of the stock market by improving the dissemination of information among investors and its incorporation into stock prices.",
147,10.1111/jofi.12165,Alpha and Performance Measurement: The Effects of Investor Disagreement and Heterogeneity,The Journal of Finance,2014-07,https://openalex.org/W2335609350,True,"ABSTRACT The literature has not established that a positive alpha, as traditionally measured, means that an investor would want to buy a fund. When alpha is defined using the client's utility function, a positive alpha generally means the client would want to buy. When markets are incomplete, investors will disagree about the attractiveness of a fund. We provide bounds on the expected disagreement with a traditional alpha and study the cross‐sectional relation of disagreement and investor heterogeneity with the flow response to past fund alphas. The effects are both economically and statistically significant.",
148,10.1111/jofi.12196,The Pre‐FOMC Announcement Drift,The Journal of Finance,2014-08,https://openalex.org/W2324302607,True,"ABSTRACT We document large average excess returns on U.S. equities in anticipation of monetary policy decisions made at scheduled meetings of the Federal Open Market Committee (FOMC) in the past few decades. These pre‐FOMC returns have increased over time and account for sizable fractions of total annual realized stock returns. While other major international equity indices experienced similar pre‐FOMC returns, we find no such effect in U.S. Treasury securities and money market futures. Other major U.S. macroeconomic news announcements also do not give rise to preannouncement excess equity returns. We discuss challenges in explaining these returns with standard asset pricing theory.",
149,10.1111/jofi.12220,Aggregate Jump and Volatility Risk in the Cross‐Section of Stock Returns,The Journal of Finance,2014-10,https://openalex.org/W3124842158,True,"ABSTRACT We examine the pricing of both aggregate jump and volatility risk in the cross‐section of stock returns by constructing investable option trading strategies that load on one factor but are orthogonal to the other. Both aggregate jump and volatility risk help explain variation in expected returns. Consistent with theory, stocks with high sensitivities to jump and volatility risk have low expected returns. Both can be measured separately and are important economically, with a two‐standard‐deviation increase in jump (volatility) factor loadings associated with a 3.5% to 5.1% (2.7% to 2.9%) drop in expected annual stock returns.",
150,10.1111/jofi.12257,Rewarding Trading Skills without Inducing Gambling,The Journal of Finance,2015-02,https://openalex.org/W2600234537,True,"ABSTRACT This paper develops a model of active asset management in which fund managers may forgo alpha‐generating strategies, preferring instead to make negative‐alpha trades that enable them to temporarily manipulate investors' perceptions of their skills. We show that such trades are optimally generated by taking on hidden tail risk, and are more likely to occur when fund managers are impatient and when their trading skills are scalable, and generate a high profit per unit of risk. We propose long‐term contracts that deter this behavior by dynamically adjusting the dates on which the manager is compensated in response to her cumulative performance.",
151,10.1111/jofi.12280,Idiosyncratic Cash Flows and Systematic Risk,The Journal of Finance,2015-05,https://openalex.org/W2766341187,True,"ABSTRACT We show that unpriced cash flow shocks contain information about future priced risk. A positive idiosyncratic shock decreases the sensitivity of firm value to priced risk factors and simultaneously increases firm size and idiosyncratic risk. A simple model can therefore explain book‐to‐market and size anomalies, as well as the negative relation between idiosyncratic volatility and stock returns. Empirically, we find that anomalies are more pronounced for firms with high idiosyncratic cash flow volatility. More generally, our results imply that any economic variable correlated with the history of idiosyncratic shocks can help to explain expected stock returns.",
152,10.1111/jofi.12365,Does Academic Research Destroy Stock Return Predictability?,The Journal of Finance,2015-10,https://openalex.org/W2182051792,True,"ABSTRACT We study the out‐of‐sample and post‐publication return predictability of 97 variables shown to predict cross‐sectional stock returns. Portfolio returns are 26% lower out‐of‐sample and 58% lower post‐publication. The out‐of‐sample decline is an upper bound estimate of data mining effects. We estimate a 32% (58%–26%) lower return from publication‐informed trading. Post‐publication declines are greater for predictors with higher in‐sample returns, and returns are higher for portfolios concentrated in stocks with high idiosyncratic risk and low liquidity. Predictor portfolios exhibit post‐publication increases in correlations with other published‐predictor portfolios. Our findings suggest that investors learn about mispricing from academic publications.",
153,10.1111/jofi.12369,Short Selling and Earnings Management: A Controlled Experiment,The Journal of Finance,2015-10,https://openalex.org/W3123452713,True,"ABSTRACT During 2005 to 2007, the SEC ordered a pilot program in which one‐third of the Russell 3000 index were arbitrarily chosen as pilot stocks and exempted from short‐sale price tests. Pilot firms’ discretionary accruals and likelihood of marginally beating earnings targets decrease during this period, and revert to pre‐experiment levels when the program ends. After the program starts, pilot firms are more likely to be caught for fraud initiated before the program, and their stock returns better incorporate earnings information. These results indicate that short selling, or its prospect, curbs earnings management, helps detect fraud, and improves price efficiency.",
154,10.1111/jofi.12361,Earnings Announcements and Systematic Risk,The Journal of Finance,2015-10,https://openalex.org/W2697337584,True,"ABSTRACT Firms scheduled to report earnings earn an annualized abnormal return of 9.9%. We propose a risk‐based explanation for this phenomenon, whereby investors use announcements to revise their expectations for nonannouncing firms, but can only do so imperfectly. Consequently, the covariance between firm‐specific and market cash flow news spikes around announcements, making announcers especially risky. Consistent with our hypothesis, announcer returns forecast aggregate earnings. The announcement premium is persistent across stocks, and early (late) announcers earn higher (lower) returns. Nonannouncers' response to announcements is consistent with our model, both over time and across firms. Finally, exposure to announcement risk is priced.",
155,10.1111/jofi.12383,Does It Pay to Bet Against Beta? On the Conditional Performance of the Beta Anomaly,The Journal of Finance,2015-12,https://openalex.org/W2324114714,True,"ABSTRACT Prior studies find that a strategy that buys high‐beta stocks and sells low‐beta stocks has a significantly negative unconditional capital asset pricing model (CAPM) alpha, such that it appears to pay to “bet against beta.” We show, however, that the conditional beta for the high‐minus‐low beta portfolio covaries negatively with the equity premium and positively with market volatility. As a result, the unconditional alpha is a downward‐biased estimate of the true alpha. We model the conditional market risk for beta‐sorted portfolios using instrumental variables methods and find that the conditional CAPM resolves the beta anomaly.",
156,10.1111/jofi.12386,Worrying about the Stock Market: Evidence from Hospital Admissions,The Journal of Finance,2016-02,https://openalex.org/W2371165918,True,"ABSTRACT Using individual patient records for every hospital in California from 1983 to 2011, we find a strong inverse link between daily stock returns and hospital admissions, particularly for psychological conditions such as anxiety, panic disorder, and major depression. The effect is nearly instantaneous (within the same day) for psychological conditions, suggesting that anticipation over future consumption directly influences instantaneous utility.",
157,10.1111/jofi.12397,Good‐Specific Habit Formation and the Cross‐Section of Expected Returns,The Journal of Finance,2016-02,https://openalex.org/W2473749688,True,"ABSTRACT I study asset prices in a general equilibrium framework in which agents form habits over individual varieties of goods rather than over an aggregate consumption bundle. Goods are produced by monopolistically competitive firms whose elasticities of demand depend on consumers' habit formation. Firms that produce goods with a high habit level relative to consumption have low demand elasticities, set high prices for their product, have low expected returns on their stock, and have low asset pricing betas and stock return volatilities. I find supportive evidence for these predictions in the data.",
158,10.1111/jofi.12420,Why Invest in Emerging Markets? The Role of Conditional Return Asymmetry,The Journal of Finance,2016-05,https://openalex.org/W2519143511,True,"ABSTRACT We propose a quantile‐based measure of conditional skewness, particularly suitable for handling recalcitrant emerging market (EM) returns. The skewness of international stock market returns varies significantly across countries over time, and persists at long horizons. In EMs, skewness is mostly positive and idiosyncratic, and significantly relates to a country's financial and trade openness and balance of payments. In an international portfolio setting, return asymmetry leads to sizeable certainty‐equivalent gains and increases the weight on emerging countries to about 30%. Investing in EMs seems to be about expectations of a higher upside than downside, consistent with recent theories.",
159,10.1111/jofi.12419,"Capital Investment, Innovative Capacity, and Stock Returns",The Journal of Finance,2016-05,https://openalex.org/W2520357208,True,"ABSTRACT We study the dynamic implications of capital investment in innovative capacity (IC) on future stock returns, investment, and profitability by modeling the unique effects of IC investment on uncertain option generation/exercise and postexercise revenue. The model highlights the diverse effects of IC investment on expected returns in different postinvestment regimes and yields the novel prediction that, under the neoclassical assumption of nonincreasing revenue returns, IC investment is positively related to subsequent cumulative stock returns with a lag. The model also predicts a positive effect of IC investment on future investment and profitability. We find strong empirical support for these predictions.",
160,10.1111/jofi.12436,"Infrequent Rebalancing, Return Autocorrelation, and Seasonality",The Journal of Finance,2016-08,https://openalex.org/W2557106494,True,"ABSTRACT A model of infrequent rebalancing can explain specific predictability patterns in the time series and cross‐section of stock returns. First, infrequent rebalancing produces return autocorrelations that are consistent with empirical evidence from intraday returns and new evidence from daily returns. Autocorrelations can switch sign and become positive at the rebalancing horizon. Second, the cross‐sectional variance in expected returns is larger when more traders rebalance. This effect generates seasonality in the cross‐section of stock returns, which can help explain available empirical evidence.",
161,10.1111/jofi.12471,Asset Pricing with Countercyclical Household Consumption Risk,The Journal of Finance,2016-09,https://openalex.org/W3121444580,True,"ABSTRACT We show that shocks to household consumption growth are negatively skewed, persistent, countercyclical, and drive asset prices. We construct a parsimonious model where heterogeneous households have recursive preferences. A single state variable drives the conditional cross‐sectional moments of household consumption growth. The estimated model fits well the unconditional cross‐sectional moments of household consumption growth and the moments of the risk‐free rate, equity premium, price‐dividend ratio, and aggregate dividend and consumption growth. The model‐implied risk‐free rate and price‐dividend ratio are procyclical, while the market return has countercyclical mean and variance. Finally, household consumption risk explains the cross section of excess returns.",
162,10.1111/jofi.12472,Ex‐Dividend Profitability and Institutional Trading Skill,The Journal of Finance,2016-09,https://openalex.org/W3121726247,True,"ABSTRACT We use institutional trading data to examine whether skilled institutions exploit positive abnormal ex‐dividend returns. Results show that institutions concentrate trading around certain ex‐dates, and earn higher profits around these events. Dividend capture trades represent 6% of all institutional buy trades but contribute 15% of overall abnormal returns. Institutional dividend capture trading is persistent. Institutional ex‐day profitability is also strongly cross‐sectionally related to trade execution skill. The relation between execution skill and profits disappears around placebo non‐ex‐days. Results suggest that skilled institutions target certain opportunities rather than benefiting uniformly over time. Furthermore, only skilled institutions can profit from dividend capture.",
163,10.1111/jofi.12504,A Labor Capital Asset Pricing Model,The Journal of Finance,2017-03,https://openalex.org/W2978099852,True,"ABSTRACT We show that labor search frictions are an important determinant of the cross‐section of equity returns. Empirically, we find that firms with low loadings on labor market tightness outperform firms with high loadings by 6% annually. We propose a partial equilibrium labor market model in which heterogeneous firms make dynamic employment decisions under labor search frictions. In the model, loadings on labor market tightness proxy for priced time‐variation in the efficiency of the aggregate matching technology. Firms with low loadings are more exposed to adverse matching efficiency shocks and require higher expected stock returns.",
164,10.1111/jofi.12505,"Social Capital, Trust, and Firm Performance: The Value of Corporate Social Responsibility during the Financial Crisis",The Journal of Finance,2017-03,https://openalex.org/W2785606188,True,"ABSTRACT During the 2008–2009 financial crisis, firms with high social capital, as measured by corporate social responsibility (CSR) intensity, had stock returns that were four to seven percentage points higher than firms with low social capital. High‐CSR firms also experienced higher profitability, growth, and sales per employee relative to low‐CSR firms, and they raised more debt. This evidence suggests that the trust between a firm and both its stakeholders and investors, built through investments in social capital, pays off when the overall level of trust in corporations and markets suffers a negative shock.",
165,10.1111/jofi.12544,Why Does Return Predictability Concentrate in Bad Times?,The Journal of Finance,2017-08,https://openalex.org/W2741744866,True,"ABSTRACT We build an equilibrium model to explain why stock return predictability concentrates in bad times. The key feature is that investors use different forecasting models, and hence assess uncertainty differently. As economic conditions deteriorate, uncertainty rises and investors' opinions polarize. Disagreement thus spikes in bad times, causing returns to react to past news. This phenomenon creates a positive relation between disagreement and future returns. It also generates time‐series momentum, which strengthens in bad times, increases with disagreement, and crashes after sharp market rebounds. We provide empirical support for these new predictions.",
166,10.1111/jofi.12587,The Share of Systematic Variation in Bilateral Exchange Rates,The Journal of Finance,2017-10,https://openalex.org/W3125313973,True,ABSTRACT Sorting countries by their dollar currency betas produces a novel cross section of average currency excess returns. A slope factor (long in high beta currencies and short in low beta currencies) accounts for this cross section of currency risk premia. This slope factor is orthogonal to the high‐minus‐low carry trade factor built from portfolios of countries sorted by their interest rates. The two high‐minus‐low risk factors account for 18% to 80% of the monthly exchange rate movements. The two risk factors suggest that stochastic discount factors in complete markets' models should feature at least two global shocks to describe exchange rates.,
167,10.1111/jofi.12603,Option Mispricing around Nontrading Periods,The Journal of Finance,2017-12,https://openalex.org/W2782775150,True,"ABSTRACT We find that option returns are significantly lower over nontrading periods, the vast majority of which are weekends. Our evidence suggests that nontrading returns cannot be explained by risk, but rather are the result of widespread and highly persistent option mispricing driven by the incorrect treatment of stock return variance during periods of market closure. The size of the effect implies that the broad spectrum of finance research involving option prices should account for nontrading effects. Our study further suggests how alternative industry practices could improve the efficiency of option markets in a meaningful way.",
168,10.1111/jofi.12617,"Real Options Models of the Firm, Capacity Overhang, and the Cross Section of Stock Returns",The Journal of Finance,2018-02,https://openalex.org/W3021860846,True,"ABSTRACT We use a stochastic frontier model to obtain a stock‐level estimate of the difference between a firm's installed production capacity and its optimal capacity. We show that this “capacity overhang” estimate relates significantly negatively to the cross section of stock returns, even when controlling for popular pricing factors. The negative relation persists among small and large stocks, stocks with more or less reversible investments, and in good and bad economic states. Capacity overhang helps explain momentum and profitability anomalies, but not value and investment anomalies. Our evidence supports real options models of the firm featuring valuable divestment options.",
169,10.1111/jofi.12718,Anomalies and News,The Journal of Finance,2018-08,https://openalex.org/W2895704686,True,"ABSTRACT Using a sample of 97 stock return anomalies, we find that anomaly returns are 50% higher on corporate news days and six times higher on earnings announcement days. These results could be explained by dynamic risk, mispricing due to biased expectations, or data mining. We develop and conduct several unique tests to differentiate between these three explanations. Our results are most consistent with the idea that anomaly returns are driven by biased expectations, which are at least partly corrected upon news arrival.",
170,10.1111/jofi.12737,(Almost) Model‐Free Recovery,The Journal of Finance,2018-10,https://openalex.org/W3122771045,True,"ABSTRACT Under mild assumptions, we recover the model‐free conditional minimum variance projection of the pricing kernel on various tradeable realized moments of market returns. Recovered conditional moments predict future realizations and give insight into the cyclicality of equity premia, variance risk premia, and the highest attainable Sharpe ratios under the minimum variance probability. The pricing kernel projections are often U ‐shaped and give rise to optimal conditional portfolio strategies with plausible market timing properties, moderate countercyclical exposures to higher realized moments, and favorable out‐of‐sample Sharpe ratios.",
171,10.1111/jofi.12748,Equity Misvaluation and Default Options,The Journal of Finance,2018-12,https://openalex.org/W2557535705,True,"ABSTRACT We study whether default options are mispriced in equity values by employing a structural equity valuation model that explicitly takes into account the value of the option to default (or abandon the firm) and uses firm‐specific inputs. We implement our model on the entire cross section of stocks and identify both over‐ and underpriced equities. An investment strategy that buys undervalued stocks and shorts overvalued stocks generates an annual four‐factor alpha of about 11% for U.S. stocks. The model's performance is stronger for stocks with a higher value of the default option, such as distressed or highly volatile stocks.",
172,10.1111/jofi.12766,Labor‐Technology Substitution: Implications for Asset Pricing,The Journal of Finance,2019-02,https://openalex.org/W3122016225,True,"ABSTRACT This paper studies the asset pricing implications of a firm's opportunities to replace routine‐task labor with automation. I develop a model in which firms optimally undertake such replacement when their productivity is low. Hence, firms with routine‐task labor maintain a replacement option that hedges their value against unfavorable macroeconomic shocks and lowers their expected returns. Using establishment‐level occupational data, I construct a measure of firms' share of routine‐task labor. Compared to their industry peers, firms with a higher share of routine‐task labor (i) invest more in machines and reduce more routine‐task labor during economic downturns, and (ii) have lower expected stock returns.",
173,10.1111/jofi.12771,Real Anomalies,The Journal of Finance,2019-03,https://openalex.org/W4249749652,True,"ABSTRACT We examine the importance of cross‐sectional asset pricing anomalies (alphas) for the real economy. To this end, we develop a novel quantitative model of the cross‐section of firms that features lumpy investment and informational inefficiencies, while yielding distributions in closed form. Our findings indicate that anomalies can cause material real inefficiencies, which raises the possibility that agents who help eliminate them add significant value to the economy. The model shows that the magnitude of alphas alone is a poor indicator of real outcomes, and highlights the importance of the alpha persistence, the amount of mispriced capital, and the Tobin's q of firms affected.",
174,10.1111/jofi.12784,"Reassessing False Discoveries in Mutual Fund Performance: Skill, Luck, or Lack of Power?",The Journal of Finance,2019-05,https://openalex.org/W2944091614,True,"ABSTRACT Barras, Scaillet, and Wermers propose the false discovery rate (FDR) to separate skill (alpha) from luck in fund performance. Using simulations with parameters informed by the data, we find that this methodology is conservative and underestimates the proportion of nonzero‐alpha funds. For example, 65% of funds with economically large alphas of are misclassified as zero alpha. This bias arises from the low signal‐to‐noise ratio in fund returns and the resulting low statistical power. Our results question FDR's applicability in performance evaluation and other domains with low power, and can materially change the conclusion that most funds have zero alpha.",
175,10.1111/jofi.12818,Stock Returns over the FOMC Cycle,The Journal of Finance,2019-05,https://openalex.org/W3123846085,True,"ABSTRACT We document that since 1994, the equity premium is earned entirely in weeks 0, 2, 4, and 6 in Federal Open Market Committee (FOMC) cycle time, that is, even weeks starting from the last FOMC meeting. We causally tie this fact to the Fed by studying intermeeting target changes, Fed funds futures, and internal Board of Governors meetings. The Fed has affected the stock market via unexpectedly accommodating policy, leading to large reductions in the equity premium. Evidence suggests systematic informal communication of Fed officials with the media and financial sector as a channel through which news about monetary policy has reached the market.",
176,10.1111/jofi.12833,Diagnostic Expectations and Stock Returns,The Journal of Finance,2019-07,https://openalex.org/W2758449449,True,"ABSTRACT We revisit La Porta's finding that returns on stocks with the most optimistic analyst long‐term earnings growth forecasts are lower than those on stocks with the most pessimistic forecasts. We document the joint dynamics of fundamentals, expectations, and returns of these portfolios, and explain the facts using a model of belief formation based on the representativeness heuristic. Analysts forecast fundamentals from observed earnings growth, but overreact to news by exaggerating the probability of states that have become more likely. We find support for the model's predictions. A quantitative estimation of the model accounts for the key patterns in the data.",
177,10.1111/jofi.12870,Consumption Fluctuations and Expected Returns,The Journal of Finance,2019-12,https://openalex.org/W2971717653,True,"ABSTRACT This paper introduces a novel consumption‐based variable, cyclical consumption, and examines its predictive properties for stock returns. Future expected stock returns are high (low) when aggregate consumption falls (rises) relative to its trend and marginal utility from current consumption is high (low). We show that the empirical evidence ties consumption decisions of agents to time variation in returns in a manner consistent with asset pricing models based on external habit formation. The predictive power of cyclical consumption is not confined to bad times and subsumes the predictability of many popular forecasting variables.",
178,10.1111/jofi.12876,What Drives Anomaly Returns?,The Journal of Finance,2020-01,https://openalex.org/W3122991171,True,"ABSTRACT We decompose the returns of five well‐known anomalies into cash flow and discount rate news. Common patterns emerge across the five factor portfolios and their mean‐variance efficient (MVE) combination. Whereas discount rate news predominates in market returns, systematic cash flow news drives the returns of anomaly portfolios and their MVE combination with the market portfolio. Anomaly cash flow and discount rate shocks are largely uncorrelated with market cash flow and discount rate shocks and with business cycle fluctuations. These rich empirical patterns restrict the joint dynamics of firm cash flows and the pricing kernel, thereby informing models of stocks' expected returns.",
179,10.1111/jofi.12878,Insider Investment Horizon,The Journal of Finance,2020-01,https://openalex.org/W2610851087,True,"ABSTRACT We examine the relation between insiders’ investment horizon and the information content of their trades with respect to future stock returns. We conjecture that an insider's investment horizon establishes a benchmark for expected patterns of continued trading behavior and thus helps identify unexpected insider trades, which should be more informative in efficient markets. Consistent with this conjecture, the trades of short‐horizon insiders are both more unexpected and more informed, on average, than those of long‐horizon insiders. Short‐horizon insiders and their firms also tend to display characteristics that are associated with a greater focus on short‐termism.",
180,10.1111/jofi.12885,Lazy Prices,The Journal of Finance,2020-01,https://openalex.org/W4252402383,True,"ABSTRACT Using the complete history of regular quarterly and annual filings by U.S. corporations, we show that changes to the language and construction of financial reports have strong implications for firms’ future returns and operations. A portfolio that shorts “changers” and buys “nonchangers” earns up to 188 basis points per month in alpha (over 22% per year) in the future. Moreover, changes to 10‐Ks predict future earnings, profitability, future news announcements, and even future firm‐level bankruptcies. Unlike typical underreaction patterns, we find no announcement effect, suggesting that investors are inattentive to these simple changes across the universe of public firms.",
181,10.1111/jofi.12890,How Skilled Are Security Analysts?,The Journal of Finance,2020-02,https://openalex.org/W2795099695,True,"ABSTRACT The majority of security analysts are identified as skilled when the cross‐section of analyst performance is modeled as a mixture of multiple skill distributions. Analysts exhibit heterogeneous skill—some are high‐type, and some are low‐type. On average, the recommendation revisions of both types exhibit positive abnormal returns. The heterogeneity stems from differential ability to produce new information; all analysts can profitably process news. Top analysts outperform because more of their recommendations are influential (i.e., associated with statistically significant returns) and both their influential and noninfluential recommendations are more informative. A majority of research firms are also identified as skilled.",
182,10.1111/jofi.12898,Understanding Systematic Risk: A High‐Frequency Approach,The Journal of Finance,2020-03,https://openalex.org/W3121287929,True,"ABSTRACT Based on a novel high‐frequency data set for a large number of firms, I estimate the time‐varying latent continuous and jump factors that explain individual stock returns. The factors are estimated using principal component analysis applied to a local volatility and jump covariance matrix. I find four stable continuous systematic factors, which can be well approximated by a market, oil, finance, and electricity portfolio, while there is only one stable jump market factor. The exposure of stocks to these risk factors and their explained variation is time‐varying. The four continuous factors carry an intraday risk premium that reverses overnight.",
183,10.1111/jofi.12901,Cash Flow News and Stock Price Dynamics,The Journal of Finance,2020-04,https://openalex.org/W2807003334,True,"ABSTRACT We develop a new approach to modeling dynamics in cash flows extracted from daily firm‐level dividend announcements. We decompose daily cash flow news into a persistent component, jumps, and temporary shocks. Empirically, we find that the persistent cash flow component is a highly significant predictor of future growth in dividends and consumption. Using a log‐linearized present value model, we show that news about the persistent dividend growth component predicts stock returns consistent with asset pricing constraints implied by this model. News about the daily dividend growth process also helps explain concurrent return volatility and the probability of jumps in stock returns.",
184,10.1111/jofi.12960,"Inalienable Customer Capital, Corporate Liquidity, and Stock Returns",The Journal of Finance,2020-07,https://openalex.org/W2900224555,True,"ABSTRACT We develop a model in which customer capital depends on key talents' contribution and pure brand recognition. Customer capital guarantees stable demand but is fragile to financial constraints risk if retained mainly by talents, who tend to quit financially constrained firms, damaging customer capital. Using a proprietary, granular brand‐perception survey, we construct a firm‐level measure of the inalienability of customer capital (ICC) that captures the degree to which customer capital depends on talents. Firms with higher ICC have higher average returns, higher talent turnover, and more precautionary financial policies. The ICC‐sorted long‐short portfolio's spread comoves with financial constraints factor.",
185,10.1111/jofi.12962,Measuring Mutual Fund Flow Pressure as Shock to Stock Returns,The Journal of Finance,2020-07,https://openalex.org/W2905355500,True,"ABSTRACT A large and rapidly growing literature examines the impact of misvaluation on firm policies by using mutual fund outflow‐induced price pressure to isolate nonfundamental price variation. I demonstrate that the standard approach to computing outflow‐induced price pressure produces a measure that is inadvertently a direct function of a stock's actual realized return during the outflow quarter, raising doubts about its orthogonality to fundamentals. After removing these direct measurements of return, outflows generate a fairly negligible quarterly decline in returns, with no subsequent reversal, and many established results in this literature no longer hold. I provide suggestions for future analysis.",
186,10.1111/jofi.12968,Stock Market Returns and Consumption,The Journal of Finance,2020-07,https://openalex.org/W2784956653,True,ABSTRACT This paper employs Swedish data on households' stock holdings to investigate how consumption responds to changes in stock market returns. We instrument the actual capital gains and dividend payments with past portfolio weights. Unrealized capital gains lead to a marginal propensity to consume of 23% for the bottom 50% of the wealth distribution and about 3% for the top 30% of the wealth distribution. Household consumption is significantly more responsive to dividend payouts across all parts of the wealth distribution. Our findings are consistent with households treating capital gains and dividends as separate sources of income.,
187,10.1111/jofi.12993,"The Perception of Dependence, Investment Decisions, and Stock Prices",The Journal of Finance,2020-11,https://openalex.org/W3125196500,True,"ABSTRACT How do investors perceive dependence between stock returns; and how does their perception of dependence affect investments and stock prices? We show experimentally that investors understand differences in dependence, but not in terms of correlation. Participants invest as if applying a simple counting heuristic for the frequency of comovement. They diversify more when the frequency of comovement is lower even if correlation is higher due to dependence in the tails. Building on our experimental findings, we empirically analyze U.S. stock returns. We identify a robust return premium for stocks with high frequencies of comovement with the market return.",
188,10.1111/jofi.13036,The Limits of <i>p</i>‐Hacking: Some Thought Experiments,The Journal of Finance,2021-04,https://openalex.org/W3159930119,True,"ABSTRACT Suppose that the 300+ published asset pricing factors are all spurious. How much p ‐hacking is required to produce these factors? If 10,000 researchers generate eight factors every day, it takes hundreds of years. This is because dozens of published t ‐statistics exceed 6.0, while the corresponding p ‐value is infinitesimal, implying an astronomical amount of p ‐hacking in a general model. More structure implies that p ‐hacking cannot address 100 published t ‐statistics that exceed 4.0, as they require an implausibly nonlinear preference for t ‐statistics or even more p ‐hacking. These results imply that mispricing, risk, and/or frictions have a key role in stock returns.",
189,10.1111/jofi.13095,Cultural Biases in Equity Analysis,The Journal of Finance,2021-11,https://openalex.org/W3213315438,True,"ABSTRACT A more positive cultural trust bias by an equity analyst's country of origin toward a firm's headquarter country is associated with significantly more positive stock recommendations. The cultural bias effect is stronger for eponymous firms whose names mention their home country and varies over time, increasing with negative sentiment. I find evidence of a negative North‐South bias during the European debt crisis and United Kingdom‐Europe divergence amid Brexit. Share price reactions to recommendations by more biased analysts are weaker, and more biased recommendations are worse predictors of monthly stock returns. More positively biased analysts also assign higher target prices.",
190,10.1111/jofi.13098,Stock Market and No‐Dividend Stocks,The Journal of Finance,2021-12,https://openalex.org/W3191112823,True,"ABSTRACT We develop a stationary model of the aggregate stock market featuring both dividend‐paying and no‐dividend stocks within a familiar, parsimonious consumption‐based equilibrium framework. We find that such a simple feature leads to profound implications supporting several stock market empirical regularities that leading consumption‐based asset pricing models have difficulty reconciling. Namely, the presence of no‐dividend stocks in the stock market leads to a lower correlation between stock market returns and the aggregate consumption growth rate, a nonmonotonic and even negative relation between the stock market risk premium and its volatility, and a downward‐sloping term structure of equity risk premia.",
191,10.1111/jofi.13120,Volatility Expectations and Returns,The Journal of Finance,2022-02,https://openalex.org/W4211080641,True,"ABSTRACT We provide evidence that agents have slow‐moving beliefs about stock market volatility that lead to initial underreaction to volatility shocks followed by delayed overreaction. These dynamics are mirrored in the VIX and variance risk premiums, which reflect investor expectations about volatility, and are also supported in both surveys and firm‐level option prices. We embed these expectations into an asset pricing model and find that the model can account for a number of stylized facts about market returns and return volatility that are difficult to reconcile, including a weak or even negative risk‐return trade‐off.",
192,10.1111/jofi.13119,Common Risk Factors in Cryptocurrency,The Journal of Finance,2022-02,https://openalex.org/W3139542328,True,"ABSTRACT We find that three factors—cryptocurrency market, size, and momentum—capture the cross‐sectional expected cryptocurrency returns. We consider a comprehensive list of price‐ and market‐related return predictors in the stock market and construct their cryptocurrency counterparts. Ten cryptocurrency characteristics form successful long‐short strategies that generate sizable and statistically significant excess returns, and we show that all of these strategies are accounted for by the cryptocurrency three‐factor model. Lastly, we examine potential underlying mechanisms of the cryptocurrency size and momentum effects.",
193,10.1111/jofi.13123,Luck versus Skill in the Cross Section of Mutual Fund Returns: Reexamining the Evidence,The Journal of Finance,2022-03,https://openalex.org/W4220973125,True,"ABSTRACT While Kosowski et al. (2006, Journal of Finance 61, 2551–2595) and Fama and French (2010, Journal of Finance 65, 1915–1947) both evaluate whether mutual funds outperform, their conclusions are very different. We reconcile their findings. We show that the Fama‐French method suffers from an undersampling problem that leads to a failure to reject the null hypothesis of zero alpha, even when some funds generate economically large risk‐adjusted returns. In contrast, Kosowski et al. substantially overreject the null hypothesis, even when all funds have a zero alpha. We present a novel bootstrapping approach that should be useful to future researchers choosing between the two approaches.",
194,10.1111/jofi.13128,The Wisdom of the Robinhood Crowd,The Journal of Finance,2022-03,https://openalex.org/W4220739030,True,"ABSTRACT Robinhood investors increased their holdings in the March 2020 COVID bear market, indicating an absence of collective panic and margin calls. This steadfastness was rewarded in the subsequent bull market. Despite unusual interest in some “experience” stocks (e.g., cannabis stocks), they tilted primarily toward stocks with high past share volume and dollar‐trading volume (themselves mostly big stocks). From mid‐2018 to mid‐2020, an aggregated crowd consensus portfolio (a proxy for the household‐equal‐weighted portfolio) had both good timing and good alpha.",
195,10.1111/jofi.13131,Factor Momentum and the Momentum Factor,The Journal of Finance,2022-04,https://openalex.org/W4226129903,True,ABSTRACT Momentum in individual stock returns relates to momentum in factor returns. Most factors are positively autocorrelated: the average factor earns a monthly return of six basis points following a year of losses and 51 basis points following a positive year. We find that factor momentum concentrates in factors that explain more of the cross section of returns and that it is not incidental to individual stock momentum: momentum‐neutral factors display more momentum. Momentum found in high‐eigenvalue principal component factors subsumes most forms of individual stock momentum. Our results suggest that momentum is not a distinct risk factor—it times other factors.,
196,10.1111/jofi.13130,Are Analyst Short‐Term Trade Ideas Valuable?,The Journal of Finance,2022-04,https://openalex.org/W4223417475,True,"ABSTRACT Short‐term trade ideas are a component of analyst research highly valued by institutional investors. Using a novel and comprehensive database, we find that trade ideas have a stock price impact at least as large as recommendation and target price changes. Trade ideas based on expectations of future events are more informative than those identifying incomplete incorporation of past information in stock prices. Analysts with better access to a firm's management produce better trade ideas. Institutional investors trade in the direction of trade ideas. Investors following trade ideas can earn significant abnormal returns, consistent with analysts possessing valuable short‐term stock‐picking skills.",
197,10.1111/jofi.13135,A New Test of Risk Factor Relevance,The Journal of Finance,2022-04,https://openalex.org/W4226466877,True,"ABSTRACT Textbook models assume that investors try to insure against bad states of the world associated with specific risk factors when investing. This is a testable assumption and we develop a survey framework for doing so. Our framework can be applied to any risk factor. We demonstrate the approach using consumption growth, which makes our results applicable to most modern asset‐pricing models. Participants respond to changes in the mean and volatility of stock returns consistent with textbook models, but we find no evidence that they view an asset's correlation with consumption growth as relevant to investment decisions.",
198,10.1111/jofi.13173,CEO Political Leanings and Store‐Level Economic Activity during the COVID‐19 Crisis: Effects on Shareholder Value and Public Health,The Journal of Finance,2022-08,https://openalex.org/W4290786623,True,"ABSTRACT Maintaining economic output during the COVID‐19 pandemic results in benefits for firm shareholders but comes at a potential cost to public health. Using store‐level data, we examine how a CEO's political leaning impacts this trade‐off. We document that firms with a Republican‐leaning CEO experience a relative increase in store visits compared to firms with a Democratic‐leaning CEO. The increase in store visits is associated with higher sales and positive abnormal stock returns. However, we also document higher COVID‐19 transmission rates and more employee safety complaints in communities where establishments with higher store traffic are managed by a Republican‐leaning CEO.",
199,10.1111/jofi.13181,Stock Market Spillovers via the Global Production Network: Transmission of U.S. Monetary Policy,The Journal of Finance,2022-09,https://openalex.org/W4296376914,True,"ABSTRACT We quantify the role of global production linkages in explaining spillovers of U.S. monetary policy shocks on country‐sector stock returns. We estimate a structural spatial autoregression (SAR) model that is consistent with an open‐economy production network framework. Using the SAR model, we decompose the total impact of U.S. monetary policy on global stock returns into direct and network effects. Nearly 70% of the total impact is due to the network effect of global production linkages. Empirical counterfactuals show that shutting down global production linkages halves the total impact of U.S. monetary policy shocks.",
200,10.1111/jofi.13183,Attention‐Induced Trading and Returns: Evidence from Robinhood Users,The Journal of Finance,2022-09,https://openalex.org/W4298146935,True,"ABSTRACT We study the influence of financial innovation by fintech brokerages on individual investors’ trading and stock prices. Using data from Robinhood, we find that Robinhood investors engage in more attention‐induced trading than other retail investors. For example, Robinhood outages disproportionately reduce trading in high‐attention stocks. While this evidence is consistent with Robinhood attracting relatively inexperienced investors, we show that it is also driven in part by the app's unique features. Consistent with models of attention‐induced trading, intense buying by Robinhood users forecasts negative returns. Average 20‐day abnormal returns are −4.7% for the top stocks purchased each day.",
201,10.1111/jofi.13198,Beyond Basis Basics: Liquidity Demand and Deviations from the Law of One Price,The Journal of Finance,2022-12,https://openalex.org/W4311309506,True,"ABSTRACT Deviations from the law of one price between futures and spot prices—the futures‐cash basis—capture information about liquidity demand for equity market exposure in global markets. We show that the basis comoves with dealer and investor futures positions, is contemporaneously positively correlated with futures and spot market returns, and negatively predicts futures and spot returns. These findings are consistent with the futures‐cash basis reflecting liquidity demand that is common to futures and cash equity markets. We find persistent supply‐demand imbalances for equity index exposure reflected in the basis, giving rise to an annual premium of 5% to 6%.",
202,10.1111/jofi.13199,Principal Portfolios,The Journal of Finance,2022-12,https://openalex.org/W4311416814,True,"ABSTRACT We propose a new asset pricing framework in which all securities' signals predict each individual return. While the literature focuses on securities' own‐signal predictability, assuming equal strength across securities, our framework includes cross‐predictability—leading to three main results. First, we derive the optimal strategy in closed form. It consists of eigenvectors of a “prediction matrix,” which we call “principal portfolios.” Second, we decompose the problem into alpha and beta, yielding optimal strategies with, respectively, zero and positive factor exposure. Third, we provide a new test of asset pricing models. Empirically, principal portfolios deliver significant out‐of‐sample alphas to standard factors in several data sets.",
203,10.1111/jofi.13216,Duration‐Driven Returns,The Journal of Finance,2023-02,https://openalex.org/W4322492524,True,"ABSTRACT We propose a duration‐based explanation for the premia on major equity factors, including value, profitability, investment, low‐risk, and payout factors. These factors invest in firms that earn most of their cash flows in the near future and could therefore be driven by a premium on near‐future cash flows. We test this hypothesis using a novel data set of single‐stock dividend futures, which are claims on dividends of individual firms. Consistent with our hypothesis, the expected Capital Asset Pricing Model alpha on individual cash flows decreases in maturity within a firm, and the alpha is not related to the above characteristics when controlling for maturity.",
204,10.1111/jofi.13220,Who Owns What? A Factor Model for Direct Stockholding,The Journal of Finance,2023-03,https://openalex.org/W3190938980,True,"ABSTRACT We build a cross‐sectional factor model for investors' direct stockholdings and estimate it using data from almost 10 million retail accounts in the Indian stock market. Our model identifies strong investor clienteles for stock characteristics, most notably firm age and share price, and for particular clusters of stock characteristics. These clienteles are intuitively associated with investor attributes such as account age, size, and diversification. Coheld stocks tend to have higher return covariance, inconsistent with simple models of diversification but suggestive that clientele demands influence stock returns.",
205,10.1111/jofi.13248,"Liquidity, Volume, and Order Imbalance Volatility",The Journal of Finance,2023-05,https://openalex.org/W4377987782,True,"ABSTRACT We examine the dynamics of liquidity using a comprehensive sample of U.S. stocks in the post‐decimalization period. Motivated by a continuous‐time inventory model, we compute a high‐frequency measure of order imbalance volatility to proxy for the inventory risk faced by liquidity providers. We show that high‐frequency order imbalance volatility is an important driver of liquidity and explains the often positive time‐series relation between spread and volume for large stocks, which seems to run counter to most theoretical models. Furthermore, order imbalance volatility is priced in the cross‐section of stock returns.",
206,10.1111/jofi.13253,Retail Derivatives and Sentiment: A Sentiment Measure Constructed from Issuances of Retail Structured Equity Products,The Journal of Finance,2023-05,https://openalex.org/W4378549151,True,"ABSTRACT We use retail structured equity product (SEP) issuances to construct a new sentiment measure for large capitalization stocks. The SEP sentiment measure predicts negative abnormal returns on the SEP reference stocks based on a variety of factor models, and also predicts returns in Fama‐MacBeth regressions that include a wide range of covariates. Consistent with our interpretation that SEP issuances reflect investor sentiment, aggregate SEP issuances are highly correlated with the Baker‐Wurgler sentiment index. Tobit regressions reveal that proxies for attention and sentiment predict SEP issuance volumes, providing additional evidence consistent with the hypothesis that SEP issuances reflect sentiment.",
207,10.1111/jofi.13272,Global Pricing of Carbon‐Transition Risk,The Journal of Finance,2023-08,https://openalex.org/W4385782790,True,"ABSTRACT The energy transition away from fossil fuels exposes companies to carbon‐transition risk. Estimating the market‐based premium associated with carbon‐transition risk in a cross section of 14,400 firms in 77 countries, we find higher stock returns associated with higher levels and growth rates of carbon emissions in all sectors and most countries. Carbon premia related to emissions growth are greater for firms located in countries with lower economic development, larger energy sectors, and less inclusive political systems. Premia related to emission levels are higher in countries with stricter domestic climate policies. The latter have increased with investor awareness about climate change risk.",
208,10.1111/jofi.13275,Operating Hedge and Gross Profitability Premium,The Journal of Finance,2023-09,https://openalex.org/W4386699314,True,"ABSTRACT We show theoretically that variable production costs reduce systematic risk of firms' cash flows if capital and variable inputs are complementary in firms' production and input prices are procyclical. In our dynamic model, this operating hedge effect is weaker for more profitable firms, giving rise to a gross profitability premium. Moreover, gross profitability and value factors are distinct and negatively correlated, and their premia are not captured by the capital asset pricing model (CAPM). We estimate the model by simulated method of moments, and find that its main implications for stock returns and cash flow dynamics are quantitatively consistent with the data.",
209,10.1111/jofi.13287,Front‐Page News: The Effect of News Positioning on Financial Markets,The Journal of Finance,2023-11,https://openalex.org/W4388130299,True,"ABSTRACT This paper estimates the effect of news positioning on the speed of price discovery, using exogenous variation in prominent (“front‐page”) positioning of news articles on the Bloomberg terminal. Front‐page articles see 240% higher trading volume and 176% larger absolute excess returns during the first 10 minutes after publication than equally important non‐front‐page articles. Overall, the information in front‐page articles is fully incorporated into prices within an hour of publication. The response to non‐front‐page information of similar importance eventually converges but takes more than two days to be fully reflected in prices.",
210,10.1111/jofi.13298,The Virtue of Complexity in Return Prediction,The Journal of Finance,2023-12,https://openalex.org/W4389490991,True,"ABSTRACT Much of the extant literature predicts market returns with “simple” models that use only a few parameters. Contrary to conventional wisdom, we theoretically prove that simple models severely understate return predictability compared to “complex” models in which the number of parameters exceeds the number of observations. We empirically document the virtue of complexity in U.S. equity market return prediction. Our findings establish the rationale for modeling expected returns through machine learning.",
211,10.1111/jofi.13312,Dissecting the Long‐Term Performance of the Chinese Stock Market,The Journal of Finance,2024-03,https://openalex.org/W4392356645,True,"ABSTRACT Domestically listed Chinese (A‐share) firms have lower stock returns than externally listed Chinese, developed, and emerging country firms during 2000 to 2018. They also have lower net cash flows than matched unlisted Chinese firms. The underperformance of both stock and accounting returns is more pronounced for large A‐share firms, while small firms show no underperformance along either dimension. Investor sentiment explains low stock returns in the cross‐country and within‐A‐share samples. Institutional deficiencies in listing and delisting processes and weak corporate governance in terms of shareholder value creation are consistent with the underperformance in stock returns and net cash flows.",
212,10.1111/jofi.13324,Modeling Conditional Factor Risk Premia Implied by Index Option Returns,The Journal of Finance,2024-03,https://openalex.org/W4392620617,True,"ABSTRACT We propose a novel factor model for option returns. Option exposures are estimated nonparametrically, and factor risk premia can vary nonlinearly with states. The model is estimated using regressions with minimal assumptions on factor and option return dynamics. We estimate the model using index options to characterize the conditional risk premia for factors of interest, such as the market return, market variance, tail and intermediary risk factors, higher moments, and the VIX term structure slope. Together, market return and variance explain more than 90% of option return variation. Unconditionally, the magnitude of the variance risk premium is plausible. It displays pronounced time variation, spikes during crises, and always has the expected sign.",
213,10.1111/jofi.13377,Business News and Business Cycles,The Journal of Finance,2024-08,https://openalex.org/W4401461043,True,"ABSTRACT We propose an approach to measuring the state of the economy via textual analysis of business news. From the full text of 800,000 Wall Street Journal articles for 1984 to 2017, we estimate a topic model that summarizes business news into interpretable topical themes and quantifies the proportion of news attention allocated to each theme over time. News attention closely tracks a wide range of economic activities and can forecast aggregate stock market returns. A text‐augmented vector autoregression demonstrates the large incremental role of news text in forecasting macroeconomic dynamics. We retrieve the narratives that underlie these improvements in market and business cycle forecasts.",
214,10.1111/jofi.13381,Currency Management by International Fixed‐Income Mutual Funds,The Journal of Finance,2024-08,https://openalex.org/W4401867857,True,"ABSTRACT Investments in international fixed‐income securities are exposed to significant currency risks. We collect novel data on currency derivatives used by U.S. international fixed‐income funds. We document that while 90% of funds use currency forwards, they hedge, on average, only 18% of their currency exposure. Funds' currency forward positions differ substantially based on risk management demands related to portfolio currency exposure, return‐enhancement motives such as currency momentum and carry trade, and strategic considerations related to past performance and fund clientele. Funds that hedge their currency risk exhibit lower return variability, but do not generate inferior abnormal returns.",
215,10.1111/jofi.13391,Putting the Price in Asset Pricing,The Journal of Finance,2024-10,https://openalex.org/W4403250258,True,"ABSTRACT We propose a novel way to estimate a portfolio's abnormal price, the percentage gap between price and the present value of dividends computed with a chosen asset pricing model. Our method, based on a novel identity, resembles the time‐series estimator of abnormal returns, avoids the issues in alternative approaches, and clarifies the role of risk and mispricing in long‐horizon returns. We apply our techniques to study the cross‐section of price levels relative to the capital asset pricing model (CAPM) and find that a single characteristic, adjusted value, provides a parsimonious model of CAPM‐implied abnormal price.",
216,10.1111/jofi.13410,The Disappearing Index Effect,The Journal of Finance,2024-12,https://openalex.org/W4405680601,True,"ABSTRACT The abnormal return associated with a stock being added to the S&amp;P 500 has fallen from an average of 7.4% in the 1990s to less than 1% over the past decade. This has occurred despite a significant increase in the share of stock market assets linked to the index. A similar pattern has occurred for index deletions, with large negative abnormal returns during the 1990s but an average return of only 0.1% between 2010 and 2020. We investigate the drivers of this phenomenon and discuss implications for market efficiency. We document a similar decline in the index effect among other families of indices.",
217,10.1111/jofi.13416,Pricing Poseidon: Extreme Weather Uncertainty and Firm Return Dynamics,The Journal of Finance,2025-01,https://openalex.org/W4406319749,True,"ABSTRACT We empirically analyze firm‐level uncertainty generated from extreme weather events, guided by a theoretical framework. Stock options of firms with establishments in a hurricane's (forecast) landfall region exhibit large implied volatility increases, reflecting significant uncertainty (before) after impact. Volatility risk premium dynamics reveal that investors underestimate such uncertainty. This underreaction diminishes for hurricanes after Sandy, a salient event that struck the U.S. financial center. Despite constituting idiosyncratic shocks, hurricanes affect hit firms' expected stock returns. Textual analysis of calls between firm management, analysts, and investors reveals that discussions about hurricane impacts remain elevated throughout the long‐lasting high‐uncertainty period after landfall.",
218,10.1111/jofi.13437,Intrahousehold Disagreement about Macroeconomic Expectations,The Journal of Finance,2025-03,https://openalex.org/W4408309652,True,"ABSTRACT This paper highlights the simple fact that households typically consist of multiple members who may hold divergent views, a fact that existing approaches to measuring and modeling household macroeconomic expectations largely abstract from. Using unique data on the macroeconomic expectations of both spouses, I document substantial intrahousehold disagreement about inflation, economic recessions, and stock market returns. I further show that household asset allocation decisions are shaped by disagreement between spouses about future stock returns, and a preregistered randomized survey experiment confirms the causal impact of such disagreement on portfolio choice.",
219,10.1111/jofi.13474,Investor Factors,The Journal of Finance,2025-08,https://openalex.org/W4413135983,True,"ABSTRACT This paper develops an empirical methodology for extracting pricing factors from investor portfolio data. We apply this approach to the stockholdings of Norwegian individual investors from 1997 to 2017. A two‐factor model, featuring the market portfolio and a long‐short portfolio constructed from the holdings of investors sorted by age or wealth, explains both the common variation in portfolio holdings and the cross section of stock returns. Portfolio tilts toward the long‐short investor factor correlate with indebtedness, macroeconomic exposure, gender, and investment experience. Our paper illustrates the benefits of using holdings data for explaining the risk premia of financial assets.",
220,10.1111/jofi.13479,Superstar Returns? Spatial Heterogeneity in Returns to Housing,The Journal of Finance,2025-08,https://openalex.org/W4413308426,True,"ABSTRACT This paper makes the first comprehensive attempt to study within‐country heterogeneity of housing returns. We introduce a new city‐level data set covering 15 OECD countries over 150 years and show that national housing markets are characterized by systematic spatial variation in housing returns. Total returns in large agglomerations are close to 100 basis points lower per year than in other parts of the same country. Excess returns outside the large cities can be rationalized as compensation for higher risk, especially higher covariance with income growth and lower liquidity. Real estate in diversified large agglomerations is comparatively safe.",
221,10.1111/jofi.13484,Pockets of Predictability: A Replication,The Journal of Finance,2025-08,https://openalex.org/W4413533667,True,"ABSTRACT Farmer, Schmidt, and Timmermann (FST) document time‐variation in market return predictability, identifying “pockets” of significant predictability through kernel regressions. However, our analysis reveals a critical discrepancy between the method outlined by FST and the code actually implemented. Instead of using a one‐sided kernel, which guarantees out‐of‐sample forecasts, they perform in‐sample estimation with a two‐sided kernel. As a result, future information leaks into the forecasting model, undermining its reliability. Rectifying this error qualitatively alters the findings, invalidating most conclusions of the FST study. Thus, attempts to exploit such “pockets”—should they exist—offer little help in forecasting market returns.",
222,10.1111/jofi.13482,War Discourse and the Cross Section of Expected Stock Returns,The Journal of Finance,2025-09,https://openalex.org/W4413894216,True,"ABSTRACT A war‐related factor model derived from textual analysis of media news reports explains the cross section of expected stock returns. Using a semisupervised topic model to extract discourse topics from 7,000,000 New York Times stories spanning 160 years, the war factor predicts the cross section of returns across test assets derived from both traditional and machine learning construction techniques, and spanning 138 anomalies. Our findings are consistent with assets that are good hedges for war risk receiving lower risk premia, or with assets that are more positively sensitive to war prospects being more overvalued. The return premium on the war factor is incremental to standard effects.",
223,10.1111/jofi.13477,Forest through the Trees: Building Cross‐Sections of Stock Returns,The Journal of Finance,2025-09,https://openalex.org/W4413910745,True,"ABSTRACT We build cross‐sections of asset returns for a given set of characteristics, that is, managed portfolios serving as test assets, as well as building blocks for tradable risk factors. We use decision trees to endogenously group similar stocks together by selecting optimal portfolio splits to span the stochastic discount factor, projected on individual stocks. Our portfolios are interpretable and well diversified, reflecting many characteristics and their interactions. Compared to combinations of dozens (even hundreds) of single/double sorts, as well as machine‐learning prediction‐based portfolios, our cross‐sections are low‐dimensional yet have up to three times higher out‐of‐sample Sharpe ratios and alphas.",
224,10.1111/jofi.13501,Anomalies and Their Short‐Sale Costs,The Journal of Finance,2025-09,https://openalex.org/W4414672604,True,"ABSTRACT Short‐sale costs eliminate the abnormal returns on asset pricing anomaly portfolios. While many anomalies persist out‐of‐sample before accounting for short‐sale costs, they cannot be exploited with long‐short strategies due to stock borrow fees. Using a comprehensive sample of 162 anomalies, the average long‐short portfolio return is a significant 0.14% per month before short‐sale costs, and the returns are due to the short leg. However, the average is −0.01% once returns are adjusted for borrow fees. Moreover, anomalies are not profitable even before fees if the high‐fee observations, representing 12% of stock dates, are excluded from the analysis.",
