stock,window_size,n_lags,lambda,r2_insample_stage1,r2_oos_stage1,r2_insample_stage2,r2_oos_stage2,kappa,kappa_tstat,intercept,intercept_tstat,n_observations,n_windows,n_oos_predictions_stage2,avg_selection_rate
90444,231,1,0.003505898780188227,0.010166354003280363,-0.002502128602297704,-1.3655743202889425e-11,-0.004767567876803991,7.573201240156948e-09,2.4647739048988994e-08,0.0006274759293115294,1.3448343954437416,1642,1645,,0.00963847726111395
81540,231,1,0.003505898780188227,-0.006191620766052839,-0.003725447794115766,-8.091682879296513e-11,-0.0004523563090583771,7.19027721961165e-07,1.794079653636194e-07,0.0007668872638638179,2.3720107225045077,1642,1645,,0.00012135922330097087
70519,231,1,0.003505898780188227,0.024766996762906276,-0.013042725920660692,-1.663219428849061e-08,-0.008218698506174071,7.308176028557756e-06,5.541603078696954e-05,0.00044085558078055606,0.8746268308265769,1642,1645,,0.01888732754215636
90825,231,1,0.003505898780188227,0.06482555385003191,-0.021997257430280248,1.7453695510760703e-05,-0.002500071171677165,0.01870693027116691,0.17249224679009498,0.000534092200828447,0.7920030296904587,1642,1645,,0.04834248850281042
83976,231,1,0.003505898780188227,0.08394148994986858,-0.029143160414695446,-1.3451462166358397e-12,-0.005759578564259682,9.85300489726612e-11,7.734469042564547e-10,-0.00037302559415022915,-0.5058740815395029,1642,1645,,0.05891032192130813
77857,231,1,0.003505898780188227,0.009493529408658417,-0.010599557032094253,-4.29284829905896e-09,-0.0007419583529406637,5.599646511328642e-07,1.912310623835565e-06,0.0006351023766001162,1.6340897644378776,1642,1645,,0.004445579969340828
12490,231,1,0.003505898780188227,-0.0030069999776266058,-0.00032735183549337243,0.0020345412609279467,-0.0014372443516885713,0.9750140573302569,73.64519084193887,0.00020477635588056085,0.6962730463036807,1642,1645,,5.109862033725089e-05
23085,231,1,0.003505898780188227,-0.001695348582419038,-0.0025717244758585167,0.0003785246114269558,-0.001204449317360412,0.982401745640946,45.99759718516542,0.0005234613040828762,2.0030358565033253,1642,1645,,6.387327542156361e-06
53225,231,1,0.003505898780188227,-0.0029264876662721314,-0.0016062866746486826,8.864503519001588e-07,-2.4230941930936112e-05,0.0365396588066943,0.039887218306456876,0.0006518682801227047,1.7542991482649521,1642,1645,,0.0017980327031170158
89882,231,1,0.003505898780188227,-0.0053915957390549794,-0.0012182953883133063,-1.511430980372097e-10,-0.006971719065589799,0.5,,0.0003008170846660148,1.5665680103411566,1642,1645,,0.0
92655,231,1,0.003505898780188227,-0.0007785092027569592,-0.005157371790744936,-7.5702932811339e-10,-0.00034750085312840184,5.700435578967402e-07,4.812388005959115e-07,0.0011637684338826721,3.3372542724414007,1642,1645,,0.000530148185998978
10952,231,1,0.003505898780188227,0.025996821406105784,-0.024087893286578232,-4.257798558171544e-10,-0.005748873272300337,2.4816669591393712e-08,1.7287498107441272e-07,0.00019829250462119092,0.4093047941479321,1642,1645,,0.016667731221257025
83856,231,1,0.003505898780188227,0.008131018305625333,-0.0064972154332569865,-4.864031399876012e-10,-0.0011289884455507604,9.77519901769518e-08,2.479180130584503e-07,0.0012366940889712514,2.720747489882523,1642,1645,,0.00854943791517629
29647,231,1,0.003505898780188227,-0.0021053338924457957,-0.0033663371318517488,-5.262680291551192e-09,-0.0001433985109917657,9.63222097324426e-05,4.503227399915204e-06,0.0003891371114944459,1.7170073469479623,1642,1645,,1.9161982626469086e-05
62068,231,1,0.003505898780188227,-0.0017853253458726833,-0.002762729971667044,1.1102230246251565e-16,-4.032576246415509e-05,1.1162516765951536e-12,2.6953477525444057e-16,0.00047673918337311677,1.8212787970593889,1642,1645,,3.1936637710781807e-06
81044,231,1,0.003505898780188227,0.011546463873826329,-0.006889771386171528,-1.3193619530227352e-09,-0.005849030710078917,1.5346607293943498e-07,5.231827849576473e-07,-6.375380872045647e-05,-0.13921500136201165,1642,1645,,0.008341849770056208
93094,231,1,0.003505898780188227,0.02276262750119445,-0.010106338118841096,-2.4158453015843406e-13,-0.0017916473390446885,2.4078219103593174e-11,1.0351998522520754e-10,-0.0005526624009750298,-1.0053550332599641,1642,1645,,0.01775038323965253
79235,231,1,0.003505898780188227,0.0017606897763634852,-0.0022161112383962678,-4.646061313451355e-12,-0.00823963428731056,3.961161754604202e-09,4.288212291286654e-09,0.000488455210238166,1.6122620161871557,1642,1645,,0.0019385539090444556
35124,231,1,0.003505898780188227,0.04429956708699085,-0.03906748609853805,-6.113554107400887e-12,-0.0001347188845746139,4.838177377863344e-10,5.614574152841095e-09,0.0007456953077391998,1.407217280812066,1642,1645,,0.019126852324987224
88281,231,1,0.003505898780188227,0.01083897564083707,-0.007333922256874903,5.590285290990593e-05,-0.0004948185848479003,0.0923607213546632,0.33445297795386564,0.0007794058712280946,1.8690042977027137,1642,1645,,0.006294711292795095
18956,231,1,0.003505898780188227,-0.0021810726521506864,-0.004464271143592713,-2.6804147790215893e-09,-0.005477218505132386,0.5,,0.0005311685893507068,2.5362437280666392,1642,1645,,0.0
91707,231,1,0.003505898780188227,0.06551730314271174,-0.056709053967745504,-3.1818991885756986e-13,-0.003219209629655939,2.3301158094814772e-11,2.596865443125465e-10,-0.0003348567946373982,-0.49239464876510886,1642,1645,,0.045273377618804296
23931,231,1,0.003505898780188227,-0.000996669122035345,-0.003804798071414872,-2.220446049250313e-16,-2.6705593480835788e-05,0.5,,0.0006063864896977958,2.501204875655864,1642,1645,,0.0
78059,231,1,0.003505898780188227,-0.0052492788525060835,-0.0024958548489497634,-2.0595525285216354e-10,-0.0016165124811171605,0.5,,0.000308427462174605,1.9806696300734175,1642,1645,,0.0
91567,231,1,0.003505898780188227,-0.002359892367663109,-0.002113594216691439,-3.688550509473032e-08,-0.009662105376570196,0.00021877622980657693,0.00010122849023039653,0.00035982998172013074,1.6715795261061093,1642,1645,,0.00012455288707204906
52936,231,1,0.003505898780188227,0.007277370905934172,0.0025365637533117935,7.359196500367204e-05,-0.00010255556837113211,0.1102189314541621,0.390232366872238,0.0004424277879341867,1.3509428151093161,1642,1645,,0.0009133878385283598
62092,231,1,0.003505898780188227,-0.0018623246163847053,-0.0035544294867801973,-1.2412818550799898e-08,-6.307473391808927e-05,0.000149227558865251,7.584446977094914e-05,0.0008125076173076266,2.3269312892085185,1642,1645,,0.000951711803781298
76136,231,1,0.003505898780188227,0.016423742117787268,0.0035295791270136823,8.200500151489543e-06,-0.002185288520224704,0.028260992922669072,0.11939857493459523,0.0005349969127099797,1.2572161165698101,1642,1645,,0.008594149207971385
75183,231,1,0.003505898780188227,-0.0029133352686352637,-0.0026724397350406104,-4.1321747579203816e-08,-0.009969887771420716,7.578397733162042e-05,5.736756297835063e-05,0.00027650396099939084,1.3934511555251885,1642,1645,,9.580991313234543e-06
87043,231,1,0.003505898780188227,0.15230397342313776,-0.06432296844659469,-6.251423601000283e-09,-0.006609164466594208,5.497991448245583e-07,7.846520523587446e-06,-2.193175453405516e-05,-0.022488768125568798,1642,1645,,0.12455608073582013
18964,231,1,0.003505898780188227,-0.0030104885789980027,-0.0008181659535759778,-2.0193269278934167e-10,-0.0008847348605915961,4.314690274714937e-07,3.5950122230308813e-07,0.00011252650822650061,0.35839386807983276,1642,1645,,0.0005429228410832907
77920,231,1,0.003505898780188227,0.008068302160588082,-0.001643346024862602,0.000285825744664403,-0.00041374077723643765,0.17707043541032347,0.8285046750363988,0.0005859936441777745,1.4160933395307733,1642,1645,,0.002947751660705161
89056,231,1,0.003505898780188227,0.0116173784275279,-0.003771070913693775,-3.6822149773740875e-08,-0.004207860263215846,1.8173342523354532e-05,6.020850871979718e-05,0.0007726965091932756,1.7448566226592854,1642,1645,,0.007441236586612161
84385,231,1,0.003505898780188227,0.01676294617084906,-0.007103409177460218,-3.126514336315722e-08,-0.0008730951967568235,1.0526938256094414e-05,4.068330261111469e-05,0.0008742742079085489,1.8348960486993804,1642,1645,,0.012397802759325498
27909,231,1,0.003505898780188227,0.024427923092832936,-0.002544378351357901,-1.0489376922606652e-08,-0.0001267990512470174,1.200107559012648e-05,5.750972832436541e-05,0.0009649878046494878,1.9415860417389814,1642,1645,,0.017335206949412367
84781,231,1,0.003505898780188227,-0.003984400688651769,-0.002695737687608668,-4.377387341492067e-12,-0.0020253562238434775,0.5,,0.0003869262990116063,2.146416103100135,1642,1645,,0.0
86754,231,1,0.003505898780188227,-0.003653746618143054,-0.0017793923386906219,-1.2059877319003931e-08,-0.0008032836582636538,0.5,,0.0003604133520072349,1.9367339089996753,1642,1645,,0.0
39731,231,1,0.003505898780188227,0.15976422748843502,-0.05130515067426833,-2.8279822927856912e-11,-0.004455944833778869,3.999030811532484e-09,5.425326587767343e-08,0.0018647087142067578,1.9792006361434165,1642,1645,,0.12944557996934083
88310,231,1,0.003505898780188227,0.023390714604640407,0.0003457125741488376,0.00011111235940430841,-0.0003338399800070224,0.0907466996770508,0.46922355282259254,0.0008087192257324238,1.6185033517240461,1642,1645,,0.01720426673479816
90312,231,1,0.003505898780188227,0.03623611101775778,-0.016631632398441676,0.0005355620443932008,0.0005364073942185632,0.12368873422597257,1.0693896867879005,0.001001608157367018,1.7672377902849856,1642,1645,,0.027813617782319878
77120,231,1,0.003505898780188227,0.007893310143335388,0.00046489108543512625,0.0008757205584255523,0.0003649626346883261,0.2950456366062054,1.6990910456911221,0.0006977784893898029,1.8174556096007823,1642,1645,,0.005822049054675524
92854,231,1,0.003505898780188227,0.019242912272902587,-0.007857085638925954,-2.0857234828142168e-08,-6.543779457857113e-06,2.541755533296301e-06,9.715154821987408e-06,0.0002888598390701471,0.5886529172385394,1642,1645,,0.01192194685743485
90340,231,1,0.003505898780188227,0.02589313703772556,-0.012940795140420125,0.0015615620052163992,-0.17983210050371579,0.16263174210830472,1.9141992475768017,0.00020628031687995124,0.4385926979805247,1642,1645,,0.019267373530914664
10693,231,1,0.003505898780188227,0.010702764080460548,-0.005376023655364159,1.3389487976134262e-06,-0.0014129654133272496,0.011296095148009359,0.04740647692273963,0.0007345917123687696,1.5774691903086582,1642,1645,,0.010487991824220746
85636,231,1,0.003505898780188227,-0.0022431285090756662,-0.001706856710838034,-9.3608676365875e-10,-0.0016584624899620426,3.6958959383670727e-07,1.9904187601521898e-07,0.00026959597806273315,0.9763232982614362,1642,1645,,0.0003928206438426162
13928,231,1,0.003505898780188227,0.007175908751091952,-0.005584543615130277,0.00015103422534412658,-0.0005492484476514736,0.11080505082512783,0.5591750941407441,0.0001985252894576479,0.4656192431855945,1642,1645,,0.008255620848237097
91111,231,1,0.003505898780188227,0.05606126228057243,-0.10584030805645495,0.0031904705640305453,0.0022722501638398063,0.11494670315087978,2.5908818465243084,0.0010610321250193197,1.4317908802941177,1642,1645,,0.05088464486458865
91133,231,1,0.003505898780188227,0.07893913526496159,-0.03043420747963177,-8.570921750106208e-14,-0.0005090731622430233,5.886602097452534e-12,4.4399285856324994e-11,0.0008366331505179669,1.1862168637090207,1642,1645,,0.05711228921819111
80725,231,1,0.003505898780188227,-0.0026371845826769066,-0.0004953083157479554,-1.8418155889321497e-11,-0.006829924856003311,1.6384669528426987e-06,1.720758029489192e-08,0.00017700182815258355,0.7096983143275054,1642,1645,,3.1936637710781805e-05
91629,231,1,0.003505898780188227,-0.0035937119144054982,-0.004924416227073403,-6.291605458841332e-09,-0.0017632276377848033,0.5,,0.00036327420123219987,2.6809787988469624,1642,1645,,0.0
93054,231,1,0.003505898780188227,0.03623515601154232,-0.006206912454406188,2.9112778989537347e-05,-0.006868186990167002,0.041941376515942826,0.22806432409163468,0.00023015830061376647,0.380107282054226,1642,1645,,0.029745784363822175
46674,231,1,0.003505898780188227,-7.456875897776458e-05,-0.0018283816517286056,0.0006395498253204401,-0.0034584773907604394,0.5745757513738515,2.40460248871148,0.0005419134673117326,1.800702952539311,1642,1645,,0.0011465252938170668
90373,231,1,0.003505898780188227,0.0035352394219564064,-0.005450926611727969,-7.254261635836201e-10,-0.0007424234411275155,1.383489737140798e-07,2.1473537021148964e-07,0.0007948976234002514,2.176035945974215,1642,1645,,0.0024687020950434338
89049,231,1,0.003505898780188227,-0.004748330619983106,-0.002175739983754754,-7.461098405769917e-11,-0.008569544525765638,0.5,,0.0003469389391443218,2.1225271618673163,1642,1645,,0.0
86942,231,1,0.003505898780188227,-0.002851954658464462,-0.0013227325639013632,-1.0771117331387359e-10,-0.0017135474693521502,9.945719225349769e-08,3.160040195441032e-08,0.00046326569193483726,1.8764753332245288,1642,1645,,0.0005205671946857434
77925,231,1,0.003505898780188227,-0.004564719368001588,-0.002318653782677371,-4.83850737253988e-11,-0.0027906504082175765,0.5,,0.0003771514900808631,2.16252031636006,1642,1645,,0.0
62498,231,1,0.003505898780188227,-0.00019315026158700215,-0.003576847548615092,0.0046783111348323025,-0.0003449234959047587,0.8013740661669971,14.0326559198243,0.001060882387521983,3.0236935176488298,1642,1645,,0.0013317577925396015
88660,231,1,0.003505898780188227,0.008962576278053939,-0.001173366586439517,0.0011935483081262355,-0.0016691593080935263,0.3728760621924057,2.2303130218434144,0.00035696526508226684,0.812073649246418,1642,1645,,0.006853602452733776
89810,231,1,0.003505898780188227,0.029457353810626113,-0.022123503449620996,-2.9159235026554597e-09,-0.002988474157386456,7.972300859926569e-07,6.616188502028677e-06,0.0009818007326975336,1.9885111136181122,1642,1645,,0.02202989269289729
86949,231,1,0.003505898780188227,0.06250678388377676,-0.025131002485776266,0.0003836390448969107,-0.001273849220835288,0.09758589879686563,0.8792519282384326,0.0013033892085759803,1.883670673512475,1642,1645,,0.04415878896269801
75459,231,1,0.003505898780188227,-0.003075193476656099,-0.002397667955326588,-2.8150859421316454e-10,-0.001823155699267831,0.5,,0.00035421213236919575,1.9249623055040554,1642,1645,,0.0
71079,231,1,0.003505898780188227,-0.0030085847612888305,-0.001865396083281734,0.0001654816161756889,-0.011861171258901404,0.3261426757328839,0.7704775676632583,0.00041479768433881777,1.5013083246926464,1642,1645,,0.0008527082268778743
90103,231,1,0.003505898780188227,-0.0016640468109627908,-0.0020075283948488565,1.9353264948396287e-06,-0.0030173309961640804,0.12786818737769765,0.06492852122620879,0.0004081919561243144,1.7991094954231497,1642,1645,,1.5968318855390903e-05
85414,231,1,0.003505898780188227,0.000446158444749793,-0.0005123914578479827,-1.4837156392388806e-08,-0.010085547596959454,2.4478623793781906e-05,1.7850115408216268e-05,0.00029558988421373334,1.0722996558512001,1642,1645,,0.0010123914154317832
79226,231,1,0.003505898780188227,-0.005903518150361341,-0.0007264969903197915,-6.641589500588907e-10,-6.549619517115524e-05,0.5,,0.00020050166285295445,1.3474154947383414,1642,1645,,0.0
65307,231,1,0.003505898780188227,0.0011686785771777783,-0.004189194375846972,-6.6845551316419e-10,-4.231047104230612e-05,1.68356968965281e-07,2.2985698550667326e-07,0.000762717854966991,2.1707735551631373,1642,1645,,0.002178078691875319
92543,231,1,0.003505898780188227,0.220103964022606,-0.08781983830429829,0.0003762684121567661,-0.008940877547978232,0.04788909458519424,0.8242267683847045,-0.0006810732385315684,-0.5820165409813352,1642,1645,,0.18126596831885539
61815,231,1,0.003505898780188227,0.016779612112143516,-0.011245192922734182,-2.6629007887635225e-09,-0.0002150847298565406,2.76152037930594e-07,1.0224806563517602e-06,2.3588056048474755e-05,0.04562310456882917,1642,1645,,0.016552759325498212
45356,231,1,0.003505898780188227,-0.002367493718073874,-0.0020170042423861556,2.5788610580335103e-08,-0.0003283516204450887,0.024688083482211787,0.011579313646718785,0.0006589664838513099,1.9145817797599984,1642,1645,,0.000670669391926418
87666,231,1,0.003505898780188227,0.0017310492482423764,-0.0036498843065546627,-2.679052535370374e-10,-0.0003949291793063914,3.064249276137597e-07,5.330186499101078e-07,0.0004045112735725912,1.0356070345148138,1642,1645,,0.003442769545222279
89053,231,1,0.003505898780188227,-0.005188469603360471,-0.0017223065684104366,-4.5651016300496394e-10,-0.003587972859714794,0.5,,0.00031247988763262994,1.9243440438544457,1642,1645,,0.0
20053,231,1,0.003505898780188227,0.03191335455465213,-0.029315544934912063,-1.9266011008767236e-09,-0.0028864684460139234,2.255124889223581e-07,1.8189661604038703e-06,0.0008175399145209946,1.5423139842113107,1642,1645,,0.025376852324987223
88615,231,1,0.003505898780188227,0.020012886221432335,-0.015060126056566814,6.963900928214084e-05,-0.000568130539593481,0.04789037161423587,0.35487303649099483,0.0006228524426886217,1.1952895356383464,1642,1645,,0.01671244251405212
24969,231,1,0.003505898780188227,-0.0013543253768595247,-0.0027897016283091602,-3.8123793011379803e-10,-0.00042663207549531457,0.5,,0.0006104856047343135,2.186834526518165,1642,1645,,0.0
85663,231,1,0.003505898780188227,0.07828958741851262,-0.03793212523934453,-3.361755318564974e-13,-0.0014996203790400564,3.4621128062396726e-11,3.2721860037075983e-10,0.0013836081657525629,1.9282447309104105,1642,1645,,0.0561318344404701
79918,231,1,0.003505898780188227,-0.0032987629873804554,-0.0010189221292953299,-7.040967808791265e-10,-0.00409667403757874,9.644864162892779e-06,1.1727865213628614e-06,0.0002376544789768945,1.1871468518400403,1642,1645,,0.00011177823198773634
86349,231,1,0.003505898780188227,0.01773589948065928,0.0024142334001082677,-2.535459331376444e-08,-0.00021700328299267824,8.38299590925184e-05,0.0002801675660850601,0.0005759067665778927,1.1695819084536947,1642,1645,,0.01297266223811957
24272,231,1,0.003505898780188227,0.008713024541348023,-0.00479907297304738,0.0003840882404997359,-0.0002385118321273083,0.18666223418465733,0.9751463643885729,0.0007546201657108469,1.8689364234170327,1642,1645,,0.0075178845171180375
14752,231,1,0.003505898780188227,0.017923575160567504,-0.006584515749712416,7.662922200113442e-06,-0.0022564136396954204,0.024346516443731852,0.1150326470024333,0.0014857945886186442,2.9307741724656062,1642,1645,,0.012943919264179867
91801,231,1,0.003505898780188227,0.020146905413302146,-0.026162070493032097,-2.9611868512802175e-12,-0.13194144723268142,3.3466279483239863e-10,2.19374864597758e-09,0.00046145155393044766,0.903017064608438,1642,1645,,0.01627491057741441
71722,231,1,0.003505898780188227,-0.0023958073608747097,-0.0015780985205693376,-5.624347654276107e-10,-0.0014003779617750567,0.5,,0.00035707214777729176,1.6479104340064497,1642,1645,,0.0
16555,231,1,0.003505898780188227,0.006670185712228645,0.00015762965124566097,0.000410022776097696,0.00044649844932165283,0.29082540118123035,1.1563811896879395,0.0005426087194711894,1.4259958546918394,1642,1645,,0.003299054675523761
32942,231,1,0.003505898780188227,0.0006776875499776908,-0.005482920849360973,-2.0341062167972268e-10,-4.6145246969997444e-05,4.0796348253595294e-08,5.7882845475008854e-08,0.0005591779402801242,1.6309829739535397,1642,1645,,0.0022515329586101176
80204,231,1,0.003505898780188227,0.005554530328807671,-0.0021550653571296152,0.0005658519984063082,-0.001567813167030696,0.3579940970130377,1.5022487231806798,0.0007519155022849449,1.6733523525926322,1642,1645,,0.005087506387327542
26403,231,1,0.003505898780188227,-0.002449708543356312,-0.0034367845816689613,0.00024905841729694345,-0.005328300456044266,0.5870534402515918,1.5509130229632493,0.0007641230953327097,2.3828947610891427,1642,1645,,0.00037046499744506896
92010,231,1,0.003505898780188227,0.02856686164770504,-0.01661256547435519,-6.523601658869893e-09,-0.0012446290800791626,3.450144746633952e-07,1.8068475879900284e-06,0.00018250700770777836,0.33582615403562205,1642,1645,,0.021158022483392946
89236,231,1,0.003505898780188227,0.010176264751156837,-0.010876566104289553,-2.1836088492932504e-11,-0.01856694463028452,3.5995652975019687e-09,1.3958020095897435e-08,0.00022186654479410453,0.48471851839764446,1642,1645,,0.009868421052631578
90050,231,1,0.003505898780188227,-0.005104277421887958,-0.003061512654102705,-1.60578661478894e-10,-0.010360292796692816,0.5,,0.00047730743554011873,1.9553513457778446,1642,1645,,0.0
23393,231,1,0.003505898780188227,-0.0007614155296722923,-0.004888024596258145,-5.729507757123997e-08,-0.0009618841059759742,0.00018523762827626564,6.233321577054492e-05,0.0007811291895214177,2.999558591209458,1642,1645,,0.00015968318855390904
60206,231,1,0.003505898780188227,0.00010467824986568064,-0.004691063315552357,-6.400022733998867e-10,-0.0037917531325988296,3.045958085362479e-06,2.908269696474868e-06,0.0007840542352218674,2.249632309651434,1642,1645,,0.0017054164537557487
85254,231,1,0.003505898780188227,0.004318565848847601,-0.0005616301073423369,0.0006388567322299643,-0.001374838202601092,0.42813535622142007,1.7877954098676128,0.00035016651433346954,0.7643771734859781,1642,1645,,0.004940597853857946
79644,231,1,0.003505898780188227,0.0002447701723979671,-0.00045304386375533134,1.2117006762291105e-05,-0.0006048707605919024,0.11091606750082474,0.15839946451945866,0.00021635747509009249,0.5407853297066619,1642,1645,,0.0027497445068983134
77878,231,1,0.003505898780188227,-0.0012803596490050565,-0.002452841368352887,0.00019972587133743058,-1.091297568978078e-06,0.527173185391809,1.2072700281506639,0.0006607544178472913,2.0681224154255564,1642,1645,,0.00015968318855390904
82932,231,1,0.003505898780188227,-0.003382451657834593,-0.00046300328696924353,0.0001455372357042073,-0.0007378799950767956,0.9496734403624459,9.771052324934066,0.00027345460084754784,0.7492213339923774,1642,1645,,0.00010858456821665816
17830,231,1,0.003505898780188227,-0.0019487303819075079,-0.0018567917056777627,-3.162293760183843e-09,-0.0037564870361026514,5.523731085722242e-06,3.5279186389785054e-06,0.0004247708714180823,1.4393184644146195,1642,1645,,0.0006227644353602453
79663,231,1,0.003505898780188227,0.01665221287591732,-0.007113624404485819,-2.7680968628374103e-11,-0.014824182687692922,1.2076072633976928e-08,4.4975715737368614e-08,6.372699573193537e-05,0.12079655032413092,1642,1645,,0.01271078180889116
93093,231,1,0.003505898780188227,0.21055216797580395,-0.0839757250603137,0.001954054271500194,-0.035878091073568985,0.08839232171854156,1.9696439476435963,-0.0010487897886783497,-0.8658228550029989,1642,1645,,0.16574476239141545
79461,231,1,0.003505898780188227,-0.0024547148972159662,-0.0026630874325337395,-3.104472900972155e-09,-0.004527919320824969,1.7782451716599063e-06,9.0886020839508e-07,0.0003539530773908964,1.7167135395703497,1642,1645,,0.000654701073071027
85905,231,1,0.003505898780188227,-0.0011204282571313953,-0.0018186178487920035,-1.981703445785854e-08,-0.004105154420686041,1.8190657549026906e-05,9.066742745854125e-06,0.0003517282145067654,1.5620298387559959,1642,1645,,0.0006483137455288707
82855,231,1,0.003505898780188227,-0.0013655406134778004,-0.0030602774393686527,-2.341181359888367e-08,-0.0003439292245017711,4.777043075940464e-05,1.7547139538432363e-05,0.0005600883607539647,1.8665043894093956,1642,1645,,0.0005141798671435871
90056,231,1,0.003505898780188227,0.02586128456858887,-0.01528889838334968,-7.2121699723481925e-09,-0.0039920474779948645,0.00017704780687448671,0.0010451052994109049,0.00025626691042014916,0.5806039880609464,1642,1645,,0.0125
34032,231,1,0.003505898780188227,0.036622325575581816,-0.01961252627637622,0.0008154130704959295,2.6214200889773664e-05,0.15465730785673273,1.3670135701927566,0.0010307740414218067,1.9670729786427823,1642,1645,,0.02345426673479816
84386,231,1,0.003505898780188227,0.0017057530701131353,-0.0027118158692458483,-1.1090484086651031e-10,-0.01707893895582635,1.5029658520282528e-07,2.3355627092307277e-07,9.393113952883448e-05,0.24282815354790563,1642,1645,,0.003136177823198774
86556,231,1,0.003505898780188227,-0.0046211258722242965,-0.0019078137507255732,-1.4012191407175578e-10,-0.007179782128073686,0.5,,0.00040385822848689856,1.940759929755844,1642,1645,,0.0
32870,231,1,0.003505898780188227,-0.0028291122075882824,-0.004548846685509922,-3.2054632281841577e-09,-0.015144539632157894,0.5,,0.000730454216137427,2.445190024944041,1642,1645,,0.0
28484,231,1,0.003505898780188227,0.01906317871594141,-0.004269839616676041,7.393299241709173e-07,-1.4107544546115847e-05,0.007647429984853738,0.0350867908005152,-5.102884447082606e-05,-0.09332613974495481,1642,1645,,0.01801226366888094
47941,231,1,0.003505898780188227,0.034301565520853186,-0.01674483800028126,-7.09038827650943e-10,-0.0019449403073015237,2.2434955677102391e-07,1.624858739492481e-06,0.000713113954242487,1.337599000789599,1642,1645,,0.018823454266734797
32678,231,1,0.003505898780188227,0.02776598355442809,-0.01315524463462081,-8.25983725860624e-12,-0.0022838382831360526,5.925921441157339e-10,3.2828740064285254e-09,0.0009453424741009995,2.0460598872928766,1642,1645,,0.011401379662749105
91547,231,1,0.003505898780188227,0.0007689234516965452,-1.3606077000405392e-05,0.001492094168511704,-0.010127841678662541,0.5997518238307602,3.901665666031078,0.0005689957342035904,1.3835505635967997,1642,1645,,0.0033820899335717932
89428,231,1,0.003505898780188227,-0.003346125276999237,-0.001280785356745584,-3.844155660459592e-08,-0.007619039906875846,0.0001530028227971908,1.666740061877204e-05,0.0002793589274771534,0.9285840213213999,1642,1645,,0.00017245784363822177
93026,231,1,0.003505898780188227,-0.005006661327597694,-0.0018491004147735968,-3.30590665953423e-10,-0.010752289315830277,0.5,,0.0003695220975015264,2.0737911701160248,1642,1645,,0.0
90993,231,1,0.003505898780188227,0.008448146160217676,0.00507903254087827,0.0016482814354537023,-0.0009145584145984209,0.3839673316451262,2.6720041184537124,0.0007460578927219739,2.109825307685554,1642,1645,,0.0036088400613183444
31500,231,1,0.003505898780188227,0.01027332394392526,-0.002525816873255593,-1.267613347621932e-09,-0.006587436693555437,4.115694237786572e-07,1.362381140276351e-06,0.0005338202313880549,1.2386723057758808,1642,1645,,0.007157000510986203
83011,231,1,0.003505898780188227,0.013975195122455453,-0.0026103227527600747,-2.5364277345119035e-09,-0.0020972581770899446,5.249894811409624e-06,1.768656051452181e-05,0.0004441431953014529,0.9640810813980362,1642,1645,,0.010031297904956566
89541,231,1,0.003505898780188227,0.01598591964763905,-0.00370367349802736,0.003223536795236459,-0.051082439861648066,0.38419618821669455,3.7419717800068617,3.802975590436442e-05,0.08569741568865696,1642,1645,,0.009660832907511498
77605,231,1,0.003505898780188227,0.009155332036570069,-0.00684276907601955,-2.5493418487343433e-09,-0.0018757504020967541,8.032121483093489e-07,2.780568882201055e-06,0.0009418628878472766,2.133872175996723,1642,1645,,0.0074795605518651
92271,231,1,0.003505898780188227,-0.001400523046931388,-0.0008617294623118887,-5.9825477904951185e-12,-0.0004803704175464496,1.757997301111286e-06,1.0280080295864674e-08,0.0003245551492881159,1.0379577351026001,1642,1645,,2.5549310168625446e-05
75152,231,1,0.003505898780188227,0.050973749443827605,-0.014659541818441424,3.613183392714436e-05,-0.003531603015658913,0.030522406639914255,0.25042046064139195,0.0003740468407991794,0.6643626246434617,1642,1645,,0.027443152784874806
91237,231,1,0.003505898780188227,0.08054943461593046,-0.028353579190957046,-2.5157653738006047e-13,-0.00022161460758174378,1.2640134058533996e-11,1.1361612570536843e-10,0.0010538336380255433,1.436238385737526,1642,1645,,0.06080097087378641
88593,231,1,0.003505898780188227,0.0033558171307679855,-0.001991465242918933,-2.178390801077512e-11,-0.0007089090854299762,2.47160856011331e-08,3.908353461777941e-08,0.0010712437538132737,2.4561070144559465,1642,1645,,0.0033661216147164025
90041,231,1,0.003505898780188227,-0.0019299632848029584,-0.005326943799849548,0.0004187192213525037,-9.344965426461016e-05,0.7495866761375486,3.3152744209246836,0.0006447574647876848,2.834064291904717,1642,1645,,0.0003672713336739908
54199,231,1,0.003505898780188227,0.00856142897256992,0.0017635897141236034,0.0014209211635294317,-0.0015246307112095625,0.4036232864379056,2.5656245933144852,0.0006211475578239953,1.5100838832760686,1642,1645,,0.0018491313234542666
79444,231,1,0.003505898780188227,0.22183962141962554,-0.23303873457124835,1.1029319635369461e-05,-2.470269894661037e-05,0.00480062181980681,0.1347791717578341,-0.000645474528219457,-0.4163228804142363,1642,1645,,0.18191428206438426
89840,231,1,0.003505898780188227,-0.001957383724593944,-0.00294350869033444,-8.575140597599784e-12,-0.004320030947769116,0.5,,0.00022994622822735663,2.1061874102262803,1642,1645,,0.0
90965,231,1,0.003505898780188227,0.14145303532016915,-0.08345615123732775,0.0017282274067482728,-0.009182238931018105,0.08414342380372918,1.8354510551985221,0.000236357774308805,0.2169770648306096,1642,1645,,0.12048415942769546
22293,231,1,0.003505898780188227,0.014122704064922581,-0.011519669002805655,-2.96325186610602e-11,-0.010817067897779253,4.724563140784063e-09,1.874048588365433e-08,0.0005145703839105531,1.1936637221561546,1642,1645,,0.009986586612161471
89858,231,1,0.003505898780188227,0.021560971271212936,-0.019121980646891634,0.00011200534785638094,-0.002447557267519773,0.04429866958342458,0.44855051721575884,0.0003573593673217394,0.6916915078427152,1642,1645,,0.02189895247828309
21152,231,1,0.003505898780188227,0.0014640040704364187,0.0023337582440695614,0.0004733811146890865,-0.00526453026879814,0.43585210484141224,1.5622382431056014,7.943673785172508e-06,0.022845094270495546,1642,1645,,0.0014435360245273377
88391,231,1,0.003505898780188227,0.022620199262794773,-0.012456031145755109,-2.1902080149516223e-10,-0.0009016514253219476,2.5275474484654642e-08,1.252315246767542e-07,9.105606337538785e-05,0.1626089130337886,1642,1645,,0.02071410321921308
90796,231,1,0.003505898780188227,0.07038219643863619,-0.015064236544890974,0.0002677138065814155,-0.003220197842521033,0.08842658661176422,0.7272511456481445,7.144068272824385e-05,0.1022865272385845,1642,1645,,0.04970937659683189
46578,231,1,0.003505898780188227,-0.0010053231511223525,-0.003317652619752698,-2.2896351481449528e-11,-0.0019646137366242655,1.0735744492148484e-07,1.517013692621957e-08,0.0006206422912859473,2.4449959946907005,1642,1645,,0.00043433827286663265
89812,231,1,0.003505898780188227,0.014268003946589263,-0.025533655422385282,-1.2916939962082097e-08,-0.006709542208132024,3.963629591831959e-06,3.389802067163386e-05,0.0005488403312272783,1.4960807507538123,1642,1645,,0.014543944813490035
85645,231,1,0.003505898780188227,-0.001037193909793806,-0.0034541881435627975,0.0002703652401850887,-0.0007846376859941273,0.48208351118693743,1.2819585144936256,0.0007481659123466627,2.002692594680833,1642,1645,,0.0015137966274910576
75825,231,1,0.003505898780188227,0.015572018505456689,-0.00023790957958813586,0.000266623884653594,-0.0014146786320072824,0.18551632457167802,0.8111193032544559,0.0006468914310720329,1.281988429666615,1642,1645,,0.013218574348492591
87659,231,1,0.003505898780188227,-0.0001557933757598877,0.0015390721511927552,0.0030407572316376585,0.003283008714607516,0.6647114623012935,6.687990969721052,0.0003333729433148922,0.8911096074175584,1642,1645,,0.0015265712825753704
86223,231,1,0.003505898780188227,0.011555266905994371,-0.003480176583519068,0.0025331794064041846,-0.11975933835454966,0.35334583383547263,3.1537950994389967,0.0004832218159658746,1.2517899137479014,1642,1645,,0.007840444557996934
39642,231,1,0.003505898780188227,-0.0021289660145366544,-0.003530715508065496,-1.1111729314450258e-09,-0.0008392391256373255,0.5,,0.0006374185742609684,2.4002029676884975,1642,1645,,0.0
65541,231,1,0.003505898780188227,0.0018243370913856149,-0.0062765807992244405,-2.614529570621471e-08,-0.0026733935061196146,1.8999708852564332e-05,3.363639005776598e-05,0.0010025222412867302,2.534278670457396,1642,1645,,0.004084695963208994
89016,231,1,0.003505898780188227,0.014570498490627411,-0.0026825809182835503,-9.590375160684061e-10,-0.0008121561174312397,1.4736958553959192e-06,5.333153051778727e-06,0.00017793052986094809,0.3795270385988849,1642,1645,,0.01134070005109862
89437,231,1,0.003505898780188227,-0.0037442087401162857,-0.0028009148008862894,-5.209455089527637e-11,-0.0008413058814349395,0.5,,0.0004509457750799771,2.513819657426623,1642,1645,,0.0
77691,231,1,0.003505898780188227,-0.0024332549465425654,-0.00013898298257286612,0.0004408518429298569,-0.017567239974455973,0.7353812811502964,3.2177727630440285,-0.00015346429484839485,-0.41256168483156325,1642,1645,,0.0007473173224322942
82298,231,1,0.003505898780188227,0.03717906938142514,-0.0070385823357164146,-1.1528555887707626e-11,-0.0038486610819468137,3.321918274550194e-09,2.1500173730384992e-08,-0.0006253199268780132,-1.0375735117229823,1642,1645,,0.0253513030148186
79909,231,1,0.003505898780188227,0.06971739900739823,-0.02068589653557651,0.0006078113704750532,-0.002774625959861554,0.08947370020559689,1.098646593560552,0.0007498608473172918,1.1093202646523548,1642,1645,,0.05233456821665815
78077,231,1,0.003505898780188227,0.03962123035684093,-0.012425629545576022,-9.776952580864418e-10,-0.004236028413421078,2.7851612542827077e-07,2.151814931041322e-06,0.00101073186985277,1.7519985058020942,1642,1645,,0.03322687787429739
50702,231,1,0.003505898780188227,0.025726814119331018,-0.01645508219876657,4.654499288581082e-05,-0.012963838891539403,0.03572939926922871,0.2864068680627891,0.00023366041719146763,0.4627508564170148,1642,1645,,0.018778742973939704
89766,231,1,0.003505898780188227,-0.002242528188778066,-0.0030125986955245043,-2.3839890062049562e-09,-0.00013515039632450154,0.5,,0.0004687243978552789,2.15744998693456,1642,1645,,0.0
59408,231,1,0.003505898780188227,0.0328732141194615,-0.019992843205383082,3.5221991316114476e-05,-0.009644170233992444,0.025986509576129392,0.24552349986516864,0.0006527497287344463,1.2053381632910545,1642,1645,,0.025086228921819113
87445,231,1,0.003505898780188227,0.008531476844376103,-0.00875106409464621,-1.103095392807063e-10,-0.0020527456499201957,2.852937314040964e-08,9.505452454647041e-08,0.000738790371724549,2.0149168742954378,1642,1645,,0.005556974961676035
89139,231,1,0.003505898780188227,0.2057723519346202,-0.08486634664872716,-2.2210611128059554e-09,-0.00013289620839462835,6.754240743175486e-07,1.1460307727814929e-05,-0.0006629847661175359,-0.5645233136761513,1642,1645,,0.17212570260602963
35991,231,1,0.003505898780188227,0.018398346936864277,-0.006470981124850672,-1.3795631303992195e-11,-0.00393845293942463,3.0499650693809944e-09,1.0134067676196678e-08,0.0008713589274831439,1.6603065844776896,1642,1645,,0.015422202350536535
10874,231,1,0.003505898780188227,0.05334829104986136,-0.029641912444280383,-5.2169690789583e-10,-0.00018382498698543692,2.465975788790506e-07,2.1699453041683916e-06,0.0010267696521855175,1.814304562480519,1642,1645,,0.03797266223811957
64929,231,1,0.003505898780188227,0.03165677883206651,-0.016560810377284296,-7.049694161764819e-11,-0.005426724865796206,1.8558398177339252e-08,1.329972802286165e-07,0.0010249713589394515,1.9646483648866888,1642,1645,,0.023585206949412366
37284,231,1,0.003505898780188227,0.037053480386147676,-0.012501963857272758,0.000978531653029524,-0.006251841232072897,0.18652029540297074,1.5565670985234343,0.001350653604251807,2.240243437489018,1642,1645,,0.029784108329075114
80008,231,1,0.003505898780188227,-0.004381123584530619,-0.002664230010930302,-8.847589327842798e-12,-0.007213401425453236,1.7593051179288013e-08,3.3053843383818808e-09,0.0004504229128579974,1.6316167606481695,1642,1645,,0.0003960143076136944
46340,231,1,0.003505898780188227,0.022665612185701497,-0.009733817766692132,-8.607115020708989e-12,-2.3286941988054366e-06,3.4501651783982784e-09,1.8936460057456848e-08,-2.137842778817793e-05,-0.04338235920335826,1642,1645,,0.014636561062851303
88873,231,1,0.003505898780188227,0.0011988066924290728,-0.004689077585691814,3.225683865681894e-05,-0.0012953395516563937,0.1454866447213235,0.26881718280255923,0.0009691841932657404,2.4515405061306783,1642,1645,,0.0015776699029126213
62391,231,1,0.003505898780188227,0.03140761858974513,-0.008684055774448751,0.0008986718036938512,-0.1217596789148967,0.13890148491433835,1.410118382056247,-0.0002651694265759692,-0.45354583380891356,1642,1645,,0.025661088400613184
90685,231,1,0.003505898780188227,-0.0018097881272428433,-0.000712821002931685,-1.1853002801487378e-08,-8.865766083854254e-05,0.5,,0.00013923538787346894,0.7486036481188597,1642,1645,,0.0
78170,231,1,0.003505898780188227,0.13244114374718707,-0.06570511734363005,0.0010282311482330275,-0.000648347576350794,0.07968830079149644,1.408306478008304,-4.769568712614853e-05,-0.05016363269781471,1642,1645,,0.0967073326520184
79667,231,1,0.003505898780188227,0.13088430495823095,-0.04596906792518696,5.196852697064713e-07,-0.00555994345366706,0.002257763578860595,0.029493685604977386,0.0005640879050333958,0.6224636324626579,1642,1645,,0.10119762391415431
90067,231,1,0.003505898780188227,0.09502096769047452,-0.040239060695041795,0.0010739639452505,-0.0029735595898747746,0.1113748472224469,1.4931631975661122,-0.0004513341322339538,-0.4605885814924476,1642,1645,,0.08488758303525805
65947,231,1,0.003505898780188227,-0.00037492098585493544,-0.003929980973404801,-1.4819813154431927e-08,-1.797992350516253e-05,4.505750915270203e-06,3.4311428865179467e-06,0.000565604509439643,1.729669033596137,1642,1645,,0.0011209759836484415
64194,231,1,0.003505898780188227,0.011029644848737433,-0.006228067081223587,-1.9152316843573658e-08,-0.002787902441871548,6.101849195202765e-06,1.5160102698141885e-05,0.0008770030469245988,2.1971620772032905,1642,1645,,0.004461548288196219
40539,231,1,0.003505898780188227,-0.001916478472777746,-0.004159882633239631,-7.589262551732645e-11,-0.011821791073575838,3.1431944255678156e-07,5.158994012898791e-08,0.0008401322364417462,2.614474935481047,1642,1645,,0.0001309402146142054
79049,231,1,0.003505898780188227,-0.003478674742275564,-0.00100999602843177,-1.2410585892297377e-09,-0.0021642158799257682,0.5,,0.0002545696692177659,1.4573407631527948,1642,1645,,0.0
84588,231,1,0.003505898780188227,0.01099358348943317,-0.003692204068191929,0.0006180113090656913,-0.0020766472698119376,0.23627274383502597,1.3178246184445908,0.0010328127000731099,2.3846906516982354,1642,1645,,0.009456438426162493
89199,231,1,0.003505898780188227,0.051917464395966,-0.01876884968573389,2.283838417493911e-06,-0.0008966876656817391,0.007761500303832403,0.06156088720508556,-0.0001161175277484091,-0.18025531763422403,1642,1645,,0.03959504343382729
27511,231,1,0.003505898780188227,0.0031698282204394583,-0.00365414633363792,-6.248982664658342e-09,-0.0008801424690048076,6.1266321604376735e-06,1.3440880915194645e-05,0.00046176416759855703,1.1671772220775278,1642,1645,,0.005518650996423097
91516,231,1,0.003505898780188227,0.012898490397945028,0.001072441048660222,0.0016187533745266602,-0.0019032124483098212,0.3410562426638056,2.472234397903123,0.0003823538664175797,0.8238666766026229,1642,1645,,0.010219724067450179
91392,231,1,0.003505898780188227,0.004682185676456399,-0.0042215516766057615,6.427802033970309e-07,-9.900614545355069e-05,0.014380710624462055,0.03388561760877326,0.0009413559350468192,2.315795614272214,1642,1645,,0.006610884006131834
82642,231,1,0.003505898780188227,0.006251375825544126,-0.007481951412191767,-2.8791591333288125e-10,-0.003793477201791129,1.4055175999675026e-07,3.617581108301794e-07,0.0006923887873592001,1.8529352453435275,1642,1645,,0.00491504854368932
66245,231,1,0.003505898780188227,0.03375893108366132,-0.009149839870199239,0.003681835207545614,-0.0071107678288502285,0.2786444512175948,3.4118216001137096,0.0005435820315848405,0.9951496595014597,1642,1645,,0.024900996423096577
28345,231,1,0.003505898780188227,0.03194663122853853,0.001553120054084589,0.004149229127457188,0.00424670821479034,0.26262055043775323,3.5435110276563733,-0.00011596832718455787,-0.19257389002203798,1642,1645,,0.026219979560551866
69761,231,1,0.003505898780188227,0.05299533051970244,-0.008825625272505633,0.0003896245807316623,-0.001976986293805494,0.08768616014418557,0.8753209744002299,0.00020507636809986176,0.324664032559474,1642,1645,,0.03557422074603986
88673,231,1,0.003505898780188227,0.015454588522821557,-0.004017045656833584,-1.2643042168747343e-10,-0.002107806963800085,3.9614415324991186e-08,1.2102895515900292e-07,6.129616088689944e-05,0.12156489693542191,1642,1645,,0.010676417986714358
92528,231,1,0.003505898780188227,0.04121905836483156,-0.006961265301521635,0.001479907177523776,0.0018342193364684345,0.20373381825492878,1.9540481787449469,0.000437509324301661,0.7039100811774301,1642,1645,,0.037484031681144614
12076,231,1,0.003505898780188227,0.012789293755971001,-0.007603594385056089,-5.0796662431906725e-09,-0.009370453583495086,1.1156640052143027e-06,3.0407824403186775e-06,0.00047660694768910083,0.9496085293252364,1642,1645,,0.011950689831374553
38093,231,1,0.003505898780188227,-0.002406982878851212,-0.004860941346505054,-5.505824685059224e-10,-0.0038387635430781053,1.6866967110637163e-06,3.7096694083574285e-07,0.0006020426569156505,2.3212722073465644,1642,1645,,0.0005109862033725089
75274,231,1,0.003505898780188227,-0.0017944720304646684,-0.00037751736952240655,-7.039737459635376e-09,-0.0021384930092054333,0.0005988296885411082,1.81452617899986e-05,8.99835466178504e-05,0.39138901484374256,1642,1645,,7.345426673479817e-05
85246,231,1,0.003505898780188227,0.020950239985834344,-0.011268053280370838,0.00021194881688579859,0.0005116528470215931,0.10449311255201647,0.6584575886155154,0.0004511848970821553,0.9055151997237437,1642,1645,,0.01741504854368932
75269,231,1,0.003505898780188227,0.008617172900942062,-0.0033010653022860215,-2.368748175385349e-08,-0.0022798123059131203,5.672426439367294e-06,1.6191160848718105e-05,0.00029168372943278034,0.9375005561722911,1642,1645,,0.0014754726622381194
89892,231,1,0.003505898780188227,-0.005008159386700748,-0.0013124337823782195,-2.6374613604218666e-10,-0.015455652772174533,0.5,,0.00021504688588085317,1.125978874105509,1642,1645,,0.0
47706,231,1,0.003505898780188227,0.06198856732192699,-0.018219411268623142,0.0003657690500696864,0.0009948444994931638,0.08243212451728948,0.8435598845039047,0.0009263759211394539,1.4701822768016057,1642,1645,,0.0430473939703628
86305,231,1,0.003505898780188227,0.006541154982146663,-0.005429538342745843,-1.666122129151404e-08,-0.0024927537093337726,4.0935567069974935e-05,9.764432576633625e-05,0.0005418062500918827,1.3060063146601824,1642,1645,,0.0056527848748083795
75157,231,1,0.003505898780188227,-0.003635667035409452,-0.00207872279691812,-1.225250345626705e-09,-0.0003672163405159523,0.5,,0.00038096835445728403,2.0793076809453463,1642,1645,,0.0
77860,231,1,0.003505898780188227,0.0035148527235606534,-0.002580932036452932,-1.4487566701859578e-10,-0.0016422196381113974,9.780122643671509e-08,1.356215416484547e-07,0.00035713162705671076,1.3411341850325036,1642,1645,,0.0006866377107818089
92261,231,1,0.003505898780188227,0.010878401405177597,-0.0012155315817745649,0.0009464184822032262,-0.0013653196189888916,0.27627019145363846,1.7216447490231606,0.0005540024375380864,1.5544800389238678,1642,1645,,0.0025325753704649972
85265,231,1,0.003505898780188227,0.014243765370696583,-0.013521242971242797,-1.2950773786712944e-10,-5.607672896679183e-05,8.857942777507782e-09,3.490012523629425e-08,0.0004804162096294051,1.2839004695268283,1642,1645,,0.008523888605007666
86560,231,1,0.003505898780188227,0.08522868491016952,-0.02999399216255849,0.0015155300724049026,-0.003454023401209705,0.12116394380485515,1.7980862323457247,0.0003665720406335368,0.5191463120861154,1642,1645,,0.0574061062851303
82646,231,1,0.003505898780188227,0.004097319730341613,-0.0016305756755934375,0.00018585535571613576,-0.0008198292239363081,0.2426519962858943,0.7288027609118425,0.0006956794637416209,1.708941960713997,1642,1645,,0.003174501788451712
92618,231,1,0.003505898780188227,-0.0017462119287186737,-0.004977626509927946,-5.1974879955452025e-09,-0.0053032479569570246,1.2148855243669307e-05,3.6470595186999593e-06,0.0007358592286230218,2.643024000823127,1642,1645,,0.00012455288707204906
70228,231,1,0.003505898780188227,0.018415698402785667,-0.0005605508512602775,0.0022953781564936104,-0.0011292975883141487,0.34336385417883697,2.9601141034285403,0.0006174747176888805,1.275452606248791,1642,1645,,0.013189831374552888
93123,231,1,0.003505898780188227,0.07891064815508288,-0.02256364581314818,-5.179279227718325e-11,-0.0011598715662077819,1.9453374579910985e-08,1.7140127550220338e-07,0.0009814564290916274,1.369204102217509,1642,1645,,0.05793944813490036
61508,231,1,0.003505898780188227,-0.00018285114285597536,-0.001497672770613745,1.0488765330052274e-05,-0.008649798936700925,0.22910966245296055,0.17037544515203662,0.000580120048750762,1.537230786361977,1642,1645,,0.0012391415431783342
18649,231,1,0.003505898780188227,0.018201700594585944,-0.0013644355471773562,0.0003162277602722918,-0.014382584473030313,0.15022463758063156,0.8478842778349707,0.0008257996604104209,1.597093779564605,1642,1645,,0.014039345937659682
89217,231,1,0.003505898780188227,0.025079053818636485,-0.005701662523895035,-1.2479177913249373e-08,-0.011030938700369974,7.495755783985792e-06,3.2020814180101344e-05,0.0004986770262038065,1.1615535875337948,1642,1645,,0.0069526060296372
48506,231,1,0.003505898780188227,0.0086997062788095,-0.010948546842538986,-1.3948096011517919e-08,-0.0004926051308957735,2.7819676784274997e-06,8.355970106703028e-06,0.001135773308210162,2.6907707315015736,1642,1645,,0.007310296371997956
79210,231,1,0.003505898780188227,0.007296107969387026,-0.002794968783935481,-8.414824392843911e-12,-0.0021051378957051003,2.945370045326053e-09,7.76652559662907e-09,0.0006798202315660664,2.003256713288611,1642,1645,,0.0034715125191619824
23229,231,1,0.003505898780188227,-0.0009994910939062796,-0.005458682656131808,-5.2505344516617924e-09,-0.0006732568295473307,0.5,,0.0007380794013698677,2.832711206785851,1642,1645,,0.0
90698,231,1,0.003505898780188227,0.018850580717792678,-0.00623897142747265,2.6993500278571503e-05,-0.00044647562936872554,0.040974495968409984,0.2191742787055363,0.0005360353111808315,1.1301834255002814,1642,1645,,0.014189448134900359
50585,231,1,0.003505898780188227,0.001204854561674146,-0.0030295799647472865,-3.7340978309430284e-08,-8.299979481485309e-08,4.324567442306852e-05,3.9326200339587966e-05,0.000365215112741284,0.9899369228594604,1642,1645,,0.0010986203372508941
89244,231,1,0.003505898780188227,0.14858296642851773,-0.1318287548856516,-2.713167468471056e-10,-0.006239970259860339,1.9438393292222993e-08,3.8804341291254196e-07,0.0009246812918923947,0.7904907019135545,1642,1645,,0.11893523249872254
14277,231,1,0.003505898780188227,0.0020133080884121982,0.0005850009337541318,-3.337264242730953e-08,-0.000719854405349718,7.47827232323024e-05,0.00012951217608772725,7.441194393753187e-05,0.17932240939556296,1642,1645,,0.0048639499233520695
92493,231,1,0.003505898780188227,0.11153730193999949,-0.025159657590120066,0.0004987734702965874,-0.006704577159398317,0.08457243206966311,0.9878938929581568,0.00024765968940226244,0.31967728906772314,1642,1645,,0.07014243740419009
84365,231,1,0.003505898780188227,0.01940365088252607,-0.0027601212033399047,-3.528906056260439e-10,-0.0014651878321336742,1.1520130393492822e-07,5.40906078794439e-07,0.00034891102987653113,0.7290111248321096,1642,1645,,0.01290240163515585
10065,231,1,0.003505898780188227,-0.0018871142676499184,-0.0029461064910962786,-1.5376322437532508e-10,-0.002201799242146807,0.5,,0.0004759982623243667,2.1924867577794647,1642,1645,,0.0
79777,231,1,0.003505898780188227,0.024666268043075625,-0.018046189508901023,-2.2740298533108216e-10,-0.0004180458670848264,1.95044660381981e-08,1.1125319382099921e-07,1.06489944618029e-05,0.02214269188219689,1642,1645,,0.014927184466019417
77124,231,1,0.003505898780188227,-0.005681260793686465,-0.001601085820886139,-6.918337014383269e-10,-0.001201052054787377,0.5,,0.00024389230113903816,1.6345550615350504,1642,1645,,0.0
90999,231,1,0.003505898780188227,0.1124869330618104,-0.03884244182356622,5.78242243323146e-05,-0.0001294569656720146,0.025572987492167947,0.31625153669437644,-6.726398900584144e-05,-0.0818881901808065,1642,1645,,0.08352388860500766
89304,231,1,0.003505898780188227,0.01833877948173024,-0.013543716785474613,4.820393313575977e-05,-0.006738028732425239,0.04318166882374952,0.2938727463505407,0.0006500808463866416,1.2951507209714717,1642,1645,,0.017552376085845683
86033,231,1,0.003505898780188227,-0.004413108763089434,-0.001131125136658584,-1.1212017980710698e-09,-0.008366028909534196,0.5,,0.00027316417350688253,1.305657115337959,1642,1645,,0.0
77649,231,1,0.003505898780188227,-0.0010737558712030687,-0.0033156363635657993,-3.3463609661055216e-10,-1.2894238166749616e-05,3.0525326893591186e-07,1.0663253684836821e-07,0.0006583217553893757,1.8285916757452914,1642,1645,,0.0005429228410832907
91684,231,1,0.003505898780188227,0.003216311434540191,-0.002990740711992901,-1.1189760229513013e-10,-0.011565755331143457,2.1392532283944854e-08,5.2198784091142466e-08,0.00027349664838496467,1.0758150695006123,1642,1645,,0.001644736842105263
80681,231,1,0.003505898780188227,0.001529400173107864,-0.007872173686279904,-8.082556846034095e-11,-8.61514429018051e-06,1.965296063632634e-08,2.4401431412764852e-08,0.0007043698964048042,2.279509113554645,1642,1645,,0.001427567705671947
90548,231,1,0.003505898780188227,0.09944175819589285,-0.022198323085254268,0.0004707806699592032,-0.0017296446789114572,0.08557388082479628,0.9611787310530839,0.00019223249373489265,0.23550470201167792,1642,1645,,0.07694813490035769
26710,231,1,0.003505898780188227,-0.0023426114687160634,-0.0003870018009561882,-3.5556446675855113e-11,-0.005356648263685759,5.4012645965551e-07,1.1382019756087356e-08,0.00019699695307588612,0.7254699315360086,1642,1645,,9.580991313234543e-06
92793,231,1,0.003505898780188227,0.021176965104715974,-0.013190976607372118,0.00159465501998457,0.0021641823604535704,0.23024182628079395,2.098952897113897,-0.0005106151692123055,-0.9435724473438117,1642,1645,,0.022566428206438425
10294,231,1,0.003505898780188227,0.028961886318737005,0.002590103027469981,0.004075937153869447,-0.00034539329732874435,0.35211453285200517,4.006970393948995,0.0007277710184470558,1.2933439474412713,1642,1645,,0.019832652018395503
81655,231,1,0.003505898780188227,0.0042053843214148595,-0.003136860560833732,4.7172395704841996e-05,-0.0014128387060039493,0.1312466953196666,0.31994635496080187,0.0007366193955268905,2.0208126828460635,1642,1645,,0.0022898569238630558
66376,231,1,0.003505898780188227,0.0029845747751254008,-0.0003961959144505034,0.0008881818729615798,5.545512834215227e-05,0.46478930213416214,2.2548456181646737,0.0007845722120658136,2.1836441294368094,1642,1645,,0.001960909555442003
19583,231,1,0.003505898780188227,0.016569781224667356,0.00031769017934568655,2.576624261518834e-05,-0.0002412708011787501,0.038100919547104664,0.21322443050224607,0.0005328463521982531,1.1380230085852605,1642,1645,,0.01214550332141032
91321,231,1,0.003505898780188227,0.10943848059177524,-0.04234806879350006,-7.953111502700949e-10,-0.011593042815185584,1.373511149514671e-07,1.933281184401057e-06,-1.586776402880078e-05,-0.018037668160608863,1642,1645,,0.08761177823198774
85257,231,1,0.003505898780188227,0.006347611820059741,-0.007275085093091382,-5.4017772477266135e-09,-0.00016283524093374524,1.5733385097525029e-06,5.872031139505998e-06,0.000637140767824807,1.7491622989500184,1642,1645,,0.004621231476750127
61516,231,1,0.003505898780188227,-0.0008012391964855646,-0.0028291760173331237,-6.578125000267221e-08,-0.012066705177481873,3.848468573372857e-05,2.5832381528662073e-05,0.000550959780618502,1.7022792295505682,1642,1645,,0.0010475217169136433
88853,231,1,0.003505898780188227,0.01249361070150692,-0.0022136975810578274,-3.6555203308807904e-12,-0.00019821579084000618,7.178031645430787e-10,2.4174685317288184e-09,5.92748324250178e-06,0.012427833451459761,1642,1645,,0.00991951967296883
77548,231,1,0.003505898780188227,-0.003932174690893657,-0.002279341367857235,-1.620716671979494e-09,-0.002374963015609799,0.5,,0.0003723836544644946,2.1030598515035654,1642,1645,,0.0
68021,231,1,0.003505898780188227,0.004638620713318983,-0.002511740581196964,-1.0182454879270608e-09,-0.0018062827859022246,2.8405691683785995e-07,6.416008970556576e-07,0.00037955149299189443,1.3786377173283204,1642,1645,,0.0013189831374552888
76224,231,1,0.003505898780188227,0.01206643939306984,-0.0036975618701955426,-6.230814975083376e-09,-0.004232528337883457,2.3404672399322726e-06,7.852647867603761e-06,0.000527806214282164,1.1513914459026324,1642,1645,,0.010602963719979562
75844,231,1,0.003505898780188227,0.03213678041979438,-0.008693600077126717,6.452198125783681e-07,-0.000452083337878717,0.0051612814927189605,0.03283689747323162,-0.0003428510183234938,-0.7258300903956553,1642,1645,,0.014486458865610627
80168,231,1,0.003505898780188227,0.06717499734009748,-0.024685202918649063,-3.334998943671508e-11,-0.002653926124468242,2.486805762451488e-08,2.2786674799766748e-07,0.0014470865325085017,2.1428207674701034,1642,1645,,0.047199156872764436
88845,231,1,0.003505898780188227,-0.0002382995399930298,-0.0038381824449751356,-1.345983546841012e-09,-0.0002725796359361876,1.018874354213016e-05,5.361303578186196e-06,0.0011492833644137625,2.8783711659080273,1642,1645,,0.0017309657639243742
86896,231,1,0.003505898780188227,0.009719098351742835,0.0040177259574118995,0.001711709713744014,-0.0034878232131085873,0.32811061678592857,2.4976137631482724,0.0006748740533436681,1.828525764520615,1642,1645,,0.002858329075114972
81046,231,1,0.003505898780188227,-8.952353090387702e-05,-0.004021640719761965,-5.101906008775359e-09,-0.00010359250939129261,9.91840540729566e-06,6.244606171290831e-06,0.0007906861669702682,2.547134146435125,1642,1645,,0.0009740674501788452
80169,231,1,0.003505898780188227,0.0422346346462356,-0.016476193705099007,7.928955627944934e-05,-0.005133472504430081,0.03471557823917164,0.3740065771013984,0.0011826692886017242,2.1335680159864854,1642,1645,,0.029883111905978536
10890,231,1,0.003505898780188227,0.11316671749640841,-0.03645407534972778,2.2383749459287117e-05,-0.006638997429236682,0.017277060431318773,0.19503448331423187,8.324442511408156e-05,0.10483859423506121,1642,1645,,0.0769768778742974
90885,231,1,0.003505898780188227,0.12119515465572553,-0.04302219480291636,3.2806090399795096e-08,-0.004523141785967022,0.0006863443940265302,0.007992413205454869,0.0011324216915040632,1.3233080805912831,1642,1645,,0.08809721512519163
85349,231,1,0.003505898780188227,0.10395917059687432,-0.03537450144765697,-4.742206627383894e-12,-0.010853912875302685,4.4776855242015506e-10,4.744293412853134e-09,0.0003889725776971189,0.4764541982408407,1642,1645,,0.08192705671946858
89842,231,1,0.003505898780188227,-0.001718187128412673,-0.002984994362704718,-8.155476294291475e-12,-0.0021287197315520423,1.6608868244616382e-07,2.4784271668234975e-09,0.0005248305910275413,2.2221949372934833,1642,1645,,6.387327542156361e-06
58675,231,1,0.003505898780188227,0.12057549079472814,-0.03626591842122728,-8.697909059662834e-11,-0.00024108993838378723,9.912347433891467e-09,1.0601536188836154e-07,-0.00010738817794126422,-0.12047791220174546,1642,1645,,0.09408214103219212
91374,231,1,0.003505898780188227,0.0016618931440110216,-0.0025758266538820074,-3.713219176582072e-08,-0.01808793828883526,1.2905864231879324e-05,3.1971880362734524e-05,0.0002003668485194129,0.7062777863928981,1642,1645,,0.002471895758814512
16678,231,1,0.003505898780188227,-0.005846824413124224,-0.0014306441952851578,0.00028062512566850994,-165.73002481276043,0.6288294409056052,1.8321247762111392,0.0006263400364092671,1.8094232620895754,1642,1645,,0.0003225600408788963
36468,231,1,0.003505898780188227,0.00040636966274692826,-0.00693315020373686,-6.816769371198461e-14,-0.0066146419863060135,8.978111738044525e-11,6.830301126338293e-11,0.0010164405850091218,3.004137361745846,1642,1645,,0.0006642820643842616
79665,231,1,0.003505898780188227,-0.004435372650615677,-0.0007656052405242697,-1.6135981439902025e-12,-0.006235984933717464,0.5,,0.0001850685164822213,0.7982564555295573,1642,1645,,0.0
58771,231,1,0.003505898780188227,0.012411301147283274,-0.0037704383099039784,-1.4589049968094514e-09,-0.004141246756406813,2.6581806479396416e-06,9.126933286136341e-06,0.00029263375985976684,0.678755031138013,1642,1645,,0.007332652018395503
88683,231,1,0.003505898780188227,0.004900266281127758,-0.0036235904097490224,-2.0946488987760858e-10,-0.001827042292507297,6.868284809934035e-08,1.3440930670072761e-07,2.42583790702449e-05,0.05744100910620639,1642,1645,,0.004701073071027083
15202,231,1,0.003505898780188227,0.014369911359064931,-0.00997186000537531,-1.160027629509841e-11,-4.63643064612107e-05,1.9868577733175895e-09,7.390728023994809e-09,0.0008574984765386569,1.7406950738948304,1642,1645,,0.012260475217169137
22779,231,1,0.003505898780188227,0.000809418759897717,-0.005621230729259574,-1.7139334396176764e-10,-2.2713570890786627e-05,3.9423709859913274e-08,5.2187103303037365e-08,0.0006889457647800444,2.109495353667244,1642,1645,,0.0008367399080224835
90756,231,1,0.003505898780188227,0.03753620965075398,-0.01598731213677662,0.0008296650538811567,-0.0051488953325589115,0.17746117651289478,1.419120675709632,0.0007196870829726446,1.219027498956706,1642,1645,,0.029388094021461423
11731,231,1,0.003505898780188227,0.015564613649682943,-0.012060959255315584,-1.2632583867855374e-10,-0.0014955535009910648,6.807150123312982e-08,2.435968054180424e-07,0.0007158196220930498,1.487411239316884,1642,1645,,0.012812979049565661
83264,231,1,0.003505898780188227,0.014773793333944714,-0.0033631757730270273,0.0006399411523627663,-0.08126722120765839,0.20661922250410988,1.2906422203118382,0.000341255577796072,0.750888876897093,1642,1645,,0.010590189064895247
92406,231,1,0.003505898780188227,-0.004178291739266556,-0.005207903417315585,-5.07003328209521e-11,-0.021766758217545146,0.5,,0.0005255687046090502,2.5566356730232545,1642,1645,,0.0
84660,231,1,0.003505898780188227,0.0008146230846343492,-0.003006595998832129,-8.12039324671332e-12,-0.006678292429364685,2.7578012800307037e-09,4.670224038672317e-09,0.0002450298598415261,0.5527504415209622,1642,1645,,0.004640393459376597
71271,231,1,0.003505898780188227,0.013554329874792843,-0.0028213119238074125,0.0002644023592160982,-0.0005975941536484619,0.12525665794400878,0.7530535649665844,0.0004835569774527725,1.7232075091978036,1642,1645,,0.0008079969340827797
83822,231,1,0.003505898780188227,0.04521856914627398,-0.007371974135713666,0.0005204404189877998,1.2410582003408166e-05,0.1503596822528506,1.0878307911390495,-0.00031319646545427854,-0.5133716303807178,1642,1645,,0.03297457843638222
89155,231,1,0.003505898780188227,-0.0003324705871455125,-0.0036802243520446254,0.0005596936770313476,-0.0032272791042440296,0.5899707099865364,2.3401856193857338,0.0005662576592172395,2.2040922815494293,1642,1645,,0.0005525038323965253
89349,231,1,0.003505898780188227,0.05188771061028569,-0.011604688428260346,0.00043433152817151655,-6.175973969169135e-05,0.1217984624692015,0.9618093117746449,0.00011028919039811804,0.16394746954981945,1642,1645,,0.037822560040878896
24942,231,1,0.003505898780188227,-0.0031245860277319525,-0.004453892922978486,-4.1171510645199305e-12,-3.089542797596323e-06,7.230908003657069e-09,1.3477720372695115e-09,0.0009490402193783904,3.3048006561358965,1642,1645,,1.9161982626469086e-05
89063,231,1,0.003505898780188227,0.09316916257807369,-0.03892890090101009,2.5668816547197437e-05,-0.003114003384999009,0.016757998880713932,0.20882953649411162,0.0005664992822684501,0.739974488284742,1642,1645,,0.07012966274910577
91974,231,1,0.003505898780188227,-0.004089926553472101,-0.0007255670427257499,-1.936228954946273e-13,-0.015307392408836495,3.0249927847851707e-09,4.275142884998923e-10,0.00016467032297377653,0.6913480817043582,1642,1645,,0.0001980071538068472
83445,231,1,0.003505898780188227,0.08731109684143391,-0.029773192074588728,4.93529519852709e-05,-0.013883953820355233,0.029805421133500744,0.2932580004574392,-0.0004011641636517583,-0.5305124057045667,1642,1645,,0.06688809402146141
89952,231,1,0.003505898780188227,0.0026667670109948153,0.00012254754625407038,0.0009095964763385922,-1.4817294870628217e-05,0.4992647804061462,2.4383592816752744,4.902091018363348e-05,0.13153600927879794,1642,1645,,0.002596448645886561
88885,231,1,0.003505898780188227,0.005763177440940114,-0.004238710353466457,-6.6414813648663085e-09,-0.0012980595290261743,1.4132177789995e-06,2.3733107621530975e-06,-0.00011781962218392143,-0.265688907745634,1642,1645,,0.0051673479816044966
76082,231,1,0.003505898780188227,0.037381963652074884,-0.007561810495980481,0.00011780089072466193,-0.00029918968863773543,0.07099002297918638,0.4726461048447161,0.0009109778852429875,1.507500589195885,1642,1645,,0.028378896269800717
92154,231,1,0.003505898780188227,0.27640037802815787,-0.1168723296323666,-6.854516954035716e-13,-0.0001695029450372587,4.24555150921213e-11,7.600369640976092e-10,-0.0010231974405849901,-0.8165957353098681,1642,1645,,0.20910513541134387
85269,231,1,0.003505898780188227,0.024874097289369092,-0.010721223332207597,1.3004525012405566e-08,-0.0027403328341120137,0.0016605453086917625,0.007496522134456206,0.0010479609689655028,1.9351502533309188,1642,1645,,0.01785577414409811
78876,231,1,0.003505898780188227,0.03735170511072684,-0.013811905271633895,-7.125233736360315e-11,-0.0030090702907399347,5.652874815933865e-09,3.197497978837516e-08,0.0011230712979798964,1.9010972212713764,1642,1645,,0.024801992846193156
84381,231,1,0.003505898780188227,0.009220009937189503,-0.014371585502007234,-1.4871881504063822e-11,-0.0037528216020104033,1.161373017157972e-09,3.976242309631128e-09,0.000723776355880582,1.6878839448086729,1642,1645,,0.010040878896269801
90507,231,1,0.003505898780188227,0.010441467379646524,-0.009500846591458112,-1.765171431244994e-08,-0.0009252799641277232,9.58807916817293e-06,2.9048389162977468e-05,0.0011420274239216978,2.965040285217725,1642,1645,,0.007987353091466531
27334,231,1,0.003505898780188227,0.010084761759403739,-0.013081244223188015,-7.440981164563709e-11,-0.0044982831612065954,5.3162972348474134e-09,2.011705333091599e-08,0.0006978909201706732,1.738589730698763,1642,1645,,0.007188937148696985
66800,231,1,0.003505898780188227,0.015417149517358932,-0.005469462930110192,0.0014480697075743842,-0.0010380675198553568,0.2424896420920206,2.0347584801414116,0.0003986267144063124,0.9056663097591606,1642,1645,,0.014128768523249872
35044,231,1,0.003505898780188227,0.028714750024080676,-0.004070894235461253,0.0017397445431769354,-0.007318514167050205,0.20024794564533122,2.104908493662598,0.0007683655985045737,1.437381342886476,1642,1645,,0.026884261624936127
80193,231,1,0.003505898780188227,0.11188306907039851,-0.0311667022611406,0.002043623756919133,-0.003123298647460526,0.13656119601044225,2.1248661547116243,0.00011902984600815162,0.14701473413974214,1642,1645,,0.08741057741440982
83450,231,1,0.003505898780188227,0.03676610780107428,-0.00013670471436633136,0.004010666177332367,-0.012833573346035632,0.3230329519188696,3.7915615629695716,0.0005040968921389394,0.942266355436235,1642,1645,,0.021110117526826774
76478,231,1,0.003505898780188227,0.00586507150765914,0.002895699601133228,5.7198913611666846e-05,-0.011746037206372018,0.10336353192195798,0.3414192049860725,0.00043102904479444174,1.0994520839913868,1642,1645,,0.007268778742973939
90376,231,1,0.003505898780188227,-0.002602491879358333,-0.0018659144936776784,-3.3306690738754696e-15,-0.0006528546360515808,0.5,,0.00042937650297357954,1.8970053406321747,1642,1645,,0.0
81061,231,1,0.003505898780188227,0.0026264763616042973,-0.002414589354596819,1.85377609696058e-05,-0.0006490195947388422,0.07013078851982858,0.18734789576892916,0.0006584985099401738,1.7392897839385568,1642,1645,,0.0037174246295350027
91575,231,1,0.003505898780188227,0.07344757662087058,-0.03820807698422435,-7.433571536097361e-10,-0.0006339300759090616,6.390701446245433e-08,5.711598691384298e-07,0.00034751797667715727,0.49018572109270064,1642,1645,,0.05855263157894737
65294,231,1,0.003505898780188227,-0.0009859649592544918,-0.002865871980687329,-6.944667063635279e-12,-0.008108748060521753,8.720509611274225e-09,4.576540640591527e-09,0.0007917964655697438,2.437341120537789,1642,1645,,0.0006291517629024016
87268,231,1,0.003505898780188227,0.052934579235401465,-0.018276444422140825,4.553133962181821e-05,-0.001823736053355951,0.03551979813936772,0.2827460583134975,0.0005152368264800393,0.8367581338926237,1642,1645,,0.03204202861522739
51423,231,1,0.003505898780188227,0.017170900375724635,-0.007245780447555639,3.4598084841519494e-08,-0.0035419336422353176,0.002024656145237667,0.009268871159924084,0.0008341372659435287,1.6287691196653808,1642,1645,,0.015131578947368421
79225,231,1,0.003505898780188227,-0.0049164114496141765,-0.0008607357974828034,-3.5649239116253284e-10,-0.0006976805182903334,0.5,,0.0001952599589288408,1.4702144961754728,1642,1645,,0.0
18622,231,1,0.003505898780188227,-0.002875505801870518,-0.0025316363489598093,-7.968803394931001e-11,-0.002441548611779476,0.5,,0.00043378584220654193,1.9117520355194995,1642,1645,,0.0
88590,231,1,0.003505898780188227,0.011270382793716264,-0.002820512315705015,-4.831668398708189e-11,-1.8495812032393033e-05,2.5201441648464522e-08,8.832478625984056e-08,0.00036106703229763014,0.9437469050972779,1642,1645,,0.003180889115993868
85449,231,1,0.003505898780188227,0.0029225889976601956,0.0004668308744184557,3.499282649432889e-05,-5.76438696018311e-05,0.1428974827336163,0.27891017119287426,0.0006020895795246803,1.6151339547662256,1642,1645,,0.0013956310679611652
82196,231,1,0.003505898780188227,0.1333383628199911,-0.1031941200170885,0.0014357173964473224,0.0006448509333909502,0.07120526820384052,1.650582281559906,-0.0004674425926797001,-0.41218337546976924,1642,1645,,0.11588208993357178
79244,231,1,0.003505898780188227,0.0682672100171297,-0.04575825274127454,1.3650737896053755e-05,-0.00023446664981907617,0.015138120964359411,0.15177420841329428,0.0007301218359336382,1.0657705816076462,1642,1645,,0.052650740929994895
44601,231,1,0.003505898780188227,0.0062967472907605425,-0.004874580789587135,-1.0430805552630318e-08,-0.0004935151059013432,2.115212457780985e-06,6.2129930352158645e-06,0.0006732187684728103,1.759235401205028,1642,1645,,0.004346576392437404
59185,231,1,0.003505898780188227,0.010129017321355948,-0.005058019294656768,1.4928465619234998e-07,-0.015509384560919326,0.006341189426071351,0.016480240755317215,0.0007005033829838633,1.4984914663042517,1642,1645,,0.006036024527337762
23182,231,1,0.003505898780188227,0.01285975133637452,-0.0004408250753138443,0.0015261609039637358,0.0008623730362761206,0.362236699275889,2.4797877657351055,0.000825887263863498,2.2474982612692553,1642,1645,,0.002564512008175779
58683,231,1,0.003505898780188227,-0.0004797345764569267,-0.003816094957481253,0.0004374214467278703,0.0004837636594279271,0.3563697311608623,1.316101123606484,0.0011434753199268738,2.5551322188850913,1642,1645,,0.005208865610628513
85942,231,1,0.003505898780188227,-0.002980999921382878,-0.0018545638653029162,-5.150959658806187e-10,-0.006544178283343749,0.5,,0.00028365138429777616,1.2358124914070856,1642,1645,,0.0
56223,231,1,0.003505898780188227,0.04735308115780369,-0.01845828165522123,-7.779998867363247e-12,-0.0013121523314438832,1.7488357523945202e-09,1.2534399948814952e-08,0.0008439073735423412,1.3896919944751824,1642,1645,,0.0360213336739908
77309,231,1,0.003505898780188227,0.001615184631448588,-0.003996765311099493,-3.491258304677558e-08,-3.734416930756268e-05,2.5104341409393563e-05,2.776748495014877e-05,0.0005468775136744045,2.304392176030086,1642,1645,,0.0009740674501788452
82800,231,1,0.003505898780188227,0.014725410128971373,-0.007104589686666385,-3.228333156357621e-09,-0.0033611509824567065,5.30628855306475e-07,1.6098669916020124e-06,0.00014899573388955917,0.29801985412381665,1642,1645,,0.014301226366888095
91594,231,1,0.003505898780188227,0.025899911516390782,-0.023415383920654564,-2.4064723547212452e-09,-7.490960965217397e-05,2.527130234669943e-07,1.4422495761215304e-06,0.0008511560021574928,1.6513133983512147,1642,1645,,0.016635794583546245
83671,231,1,0.003505898780188227,0.03812526215061741,-0.016610219016551575,-3.06253333803852e-09,-2.489274183914425e-05,2.7201840566338674e-07,1.6909913114945278e-06,0.0005084710542892232,0.8425038941835099,1642,1645,,0.03256578947368421
67360,231,1,0.003505898780188227,0.0030910276623493235,-0.0030476110594794825,2.184225583845567e-06,-3.0673763871780224e-05,0.0498614688204434,0.06306740671812754,0.0006977111517367459,2.402252419835504,1642,1645,,0.000654701073071027
75466,231,1,0.003505898780188227,0.012272823961103975,-0.007643259095184041,-1.0445977416395635e-10,-0.0002804177404143182,8.322378254927332e-09,3.031365175992299e-08,0.00039988360755347115,0.983713532105674,1642,1645,,0.0062883239652529385
91125,231,1,0.003505898780188227,0.047750741928296106,-0.009856802472203219,2.6764453581629155e-05,-0.007389952772769659,0.031237839555932977,0.21623874164055168,0.0001835201967334947,0.30058963188929455,1642,1645,,0.03587442514052121
91579,231,1,0.003505898780188227,0.0328346690842987,-0.00377067225548422,0.0007672890613997785,-6.447152486721563e-05,0.18280967647806123,1.3741485279312318,-7.798208535208217e-05,-0.13544283018981787,1642,1645,,0.024006770567194684
86810,231,1,0.003505898780188227,0.0619576587572647,-0.019778350818141277,-3.269828852126011e-12,-9.873719714681428e-05,4.2899956031555676e-10,2.6190402961417713e-09,0.001415309567336971,2.158637966858089,1642,1645,,0.042676928972917735
39917,231,1,0.003505898780188227,0.005534008363883222,-0.0026430541861248713,-2.0169367953570827e-08,-8.326378553524805e-06,5.990886460505184e-05,0.00013489615235265652,0.0006078555910881334,1.5571868002879024,1642,1645,,0.005183316300459888
89783,231,1,0.003505898780188227,-0.00404566806573505,-0.0021315490117888025,-6.310836297984679e-10,-0.002126245978696595,0.5,,0.0002824594598583815,1.8059812047620862,1642,1645,,0.0
24440,231,1,0.003505898780188227,-0.0033410945359874903,-0.0022208458650780916,-3.343685328616175e-09,-0.003487496079757735,2.218613940889458e-05,1.33188922608808e-06,0.00045576660568889257,1.5166875585158504,1642,1645,,8.942258559018906e-05
92902,231,1,0.003505898780188227,0.0749144086436715,-0.02154314052876316,-2.5312796303467167e-10,-0.0032868033993089796,1.2237814670824492e-07,1.0272739296170375e-06,0.00031430652025334874,0.4298660987935292,1642,1645,,0.05813745528870721
90066,231,1,0.003505898780188227,-0.0027702740511323315,-0.003322205236816256,-2.7465141272386973e-11,-0.0046572073359345545,2.6115421863503064e-07,5.925934941171281e-08,0.0005951687994915195,2.3513284552213407,1642,1645,,0.00023633111905978538
87356,231,1,0.003505898780188227,0.05172231402131097,-0.03239584981392518,0.0005570554944612782,0.0014506416317837667,0.09792448782592986,1.0605061762354397,0.0007428835214168218,1.1577802105838761,1642,1645,,0.03702095043433827
89406,231,1,0.003505898780188227,0.022038028619164825,-0.005309179681026288,-1.8480574848211972e-09,-0.0007812416361976382,1.9997278325602046e-06,8.759077154562987e-06,0.0005289213893963407,1.163350665061418,1642,1645,,0.011257664793050588
83443,231,1,0.003505898780188227,0.012084186692285172,0.0043440349649678245,0.0005924684662550472,-0.00022633280199824135,0.1628283183597856,1.1772039510239096,0.0005184046245069719,1.9060788337692307,1642,1645,,0.0010379407256004088
71176,231,1,0.003505898780188227,-0.002114454413723402,-0.0018854514350807872,-9.984328919188101e-10,-2.654099368948337e-06,0.5,,0.0004458170918120291,1.5672169256606028,1642,1645,,0.0
88895,231,1,0.003505898780188227,0.08825470701354611,-0.02150813551541564,0.0006809057099691485,-0.007320526065821786,0.0952644303122033,1.1675710553892362,0.001075313146394333,1.51293063000204,1642,1645,,0.0619730454777721
75065,231,1,0.003505898780188227,0.004842994977080896,-0.004336106824739394,-4.4258342990488586e-08,-0.00029950290682667635,1.3744972952826374e-05,3.63550482626373e-05,0.0008566556977484199,2.153826559494925,1642,1645,,0.004148569238630557
19350,231,1,0.003505898780188227,0.0015056470039928316,-0.0010255613827678811,0.0006031845814042924,-0.0069434208874237235,0.40662937111385233,1.675468102865424,0.00043760993920640144,1.2010477540640063,1642,1645,,0.0029094276954522227
75082,231,1,0.003505898780188227,-0.003308923427133931,-0.0014700617765941448,-4.039155898638569e-09,-0.001280284522148234,0.5,,0.0002583843646330352,1.9386525955949878,1642,1645,,0.0
38295,231,1,0.003505898780188227,0.029736928036900447,-0.011553715088706173,-1.1815437517270766e-11,-0.0003168369783288494,7.995552379428121e-10,4.598012161497458e-09,0.0008822608165752946,1.6340529503149042,1642,1645,,0.021068599897802756
91390,231,1,0.003505898780188227,0.02116188989485005,-0.008198751522508596,0.0005312476229768492,-0.0012704683017337182,0.1737255670724352,1.128425607175239,0.0008098348134569492,1.818716541877758,1642,1645,,0.01185168625447113
77638,231,1,0.003505898780188227,-0.004859046499686849,-0.0017353155371675477,-3.1931390864770037e-10,-0.0014134227129161125,2.212737535137177e-05,4.109784965487908e-07,0.00029863132235646123,1.7447505458476358,1642,1645,,2.5549310168625446e-05
87137,231,1,0.003505898780188227,0.026406564857414962,-0.0024631001873482994,0.00233820802497986,-0.12988413508737762,0.21763054566330792,2.5035196858991497,-0.00021065639566874105,-0.3630879768054273,1642,1645,,0.02471895758814512
71159,231,1,0.003505898780188227,-0.0026740829969889935,-0.0008518611317605007,0.0001839644776900906,-0.006551604821724011,0.9207407110509509,6.973188815448736,0.00021489945155179832,0.7703527111270146,1642,1645,,3.1936637710781805e-05
84181,231,1,0.003505898780188227,-0.0003997043420071795,-0.0037437485837263917,-4.2804582101041433e-10,-0.00141831353026034,3.5158488322485724e-07,2.7682289479012766e-07,0.0006958561852531114,2.1993911985516124,1642,1645,,0.000760091977516607
32803,231,1,0.003505898780188227,0.048113355185920303,-0.013876539591619608,0.0004600541340227249,-0.002145930833139076,0.11900132125814541,0.9845572169122973,0.0007456197750193511,1.2039045486401125,1642,1645,,0.035050459887583034
92913,231,1,0.003505898780188227,0.07654512098182235,-0.015682326898835086,1.3066509777948099e-05,-0.0058168118227397425,0.017840606317364366,0.1489781087314217,2.448635279610877e-06,0.003562614390631125,1642,1645,,0.05243995912110373
82292,231,1,0.003505898780188227,-0.0025570400069091035,-0.0020145357391638807,-3.6844904904853593e-10,-0.001231447986631995,2.997243599969432e-07,1.1055092667931093e-07,0.0005772730042654541,1.7909672977226894,1642,1645,,0.0008750638732754216
38746,231,1,0.003505898780188227,0.06490033487321964,-0.019056098270363142,-4.005684672847565e-13,-0.008135194760108932,7.05176632639573e-11,5.207326911100609e-10,5.2363802559398455e-05,0.07084978934650177,1642,1645,,0.057667986714358715
89436,231,1,0.003505898780188227,-0.002486161345135025,-0.002891391919437547,-1.4127425895793522e-09,-0.0020097346194507537,0.5,,0.0004114859247074255,2.2914826419936793,1642,1645,,0.0
76602,231,1,0.003505898780188227,0.0013273873755519502,-0.0044868512310829445,-7.476130825523342e-11,-0.0019673861514009072,2.7033287190757812e-08,2.797416185854707e-08,0.0007327434491162779,2.3917464195577494,1642,1645,,0.0017341594276954523
76605,231,1,0.003505898780188227,-0.002899862804761876,-0.0037447446558538378,0.002952762493057648,-0.01925854001700622,0.9013387194413857,22.383070167486583,0.0005101618622029329,1.751691959845097,1642,1645,,7.664793050587634e-05
89438,231,1,0.003505898780188227,-0.004965504679101599,-0.0017909572722680789,-8.058602674054782e-10,-0.005764424156523562,0.5,,0.00035015947833828007,1.8883969395742315,1642,1645,,0.0
75239,231,1,0.003505898780188227,-0.003131516695184467,-0.001522705849831052,-2.6928326235520217e-10,-0.0033100464854727285,0.5,,0.00032427372566670194,1.9025276515319536,1642,1645,,0.0
61567,231,1,0.003505898780188227,0.013972445897860656,-0.009779480892908143,-1.6684920112197688e-10,-0.00033732608167791334,3.125022996492278e-08,1.228001830836275e-07,0.0008044942108571049,1.8688976488319895,1642,1645,,0.010839294839039346
17929,231,1,0.003505898780188227,-0.002117463207689449,-0.0039235263529968645,0.0013231025384963235,-0.00016870554633330315,0.9830450421036186,91.45966866555348,0.0006937787934186474,2.3170726382494577,1642,1645,,4.151762902401635e-05
41080,231,1,0.003505898780188227,0.011445444477610343,-0.011339911389738111,-5.031546290723554e-10,-0.007692259522596556,3.2250217321623314e-08,1.3822852828234358e-07,0.00048122486286656107,1.0609303418870102,1642,1645,,0.009721512519161982
77768,231,1,0.003505898780188227,-0.001924426534189978,-0.0014816855750521274,-3.9873684132274434e-08,-0.0019682722541423114,0.00042316474174943636,8.643123342769619e-05,0.0003457611212636566,1.2584016529753932,1642,1645,,0.000265074092999489
24248,231,1,0.003505898780188227,-0.001497013915341233,-0.0037867316585047384,-3.1781799414432044e-10,-0.0018395656966572194,0.5,,0.0006192996804358177,2.3194914730937453,1642,1645,,0.0
56274,231,1,0.003505898780188227,-0.002440245237483718,-0.0022346927027414587,-4.4612742389205096e-09,-0.001010695181745458,0.5,,0.0006350339330144958,2.1754481888661408,1642,1645,,0.0
90520,231,1,0.003505898780188227,0.020959116278404223,-0.013158348049215896,-2.5558121397040168e-08,-0.0024284405070287285,4.775781216806896e-06,2.365204632224188e-05,0.0007680371673347387,1.5169514758073432,1642,1645,,0.01671244251405212
89973,231,1,0.003505898780188227,0.09372397603572764,-0.05088344123248656,0.0020793035866669696,-0.00018315076932817753,0.11717084575797637,2.0942377453288894,-0.00046673531055528653,-0.5801291692957783,1642,1645,,0.06609606540623404
77469,231,1,0.003505898780188227,-0.004288908963021946,-0.002410676657117028,-6.189666557077089e-10,-0.003992252649447581,0.5,,0.00029581068595339313,1.9688220118770015,1642,1645,,0.0
69892,231,1,0.003505898780188227,0.0497123050551114,-0.013242804423752252,0.00016076785481533573,-5.085943233895662e-06,0.07662198292123606,0.5566043562584646,-0.0003349088452746703,-0.5094749647906323,1642,1645,,0.0360660449667859
82924,231,1,0.003505898780188227,-0.0032093949938623682,-0.00041385740302568585,0.0004792044465752321,-0.0010083835635561478,0.8402960676190914,5.5539828567214125,0.0002701803778130763,0.7663298631415632,1642,1645,,0.00043433827286663265
86115,231,1,0.003505898780188227,0.024888723554982978,-0.009514634570432445,0.00012126951611002301,-0.0009304410779547023,0.0827724384846876,0.485507909352105,0.0004124886389952353,0.8304180390974303,1642,1645,,0.01648569238630557
80072,231,1,0.003505898780188227,0.0044333832178625075,-0.0014602886783461333,-7.548196512274785e-09,-0.003673061650999232,5.5671289845031415e-06,9.05464608687314e-06,0.0002646130411028855,0.7157667780610013,1642,1645,,0.0034108329075114973
91301,231,1,0.003505898780188227,0.007177896236615869,-0.012719503503030971,0.0014982225414291728,-0.010152783650832164,0.15529797525546146,1.8574533111059086,0.0002500804387568555,0.7153389052040355,1642,1645,,0.005033214103219213
92517,231,1,0.003505898780188227,0.11288463859929128,-0.03402822130482508,-8.800475903569804e-10,-8.029081475902089e-06,2.5302485046818163e-06,2.2673787590973648e-05,0.001126216947220342,1.4730158475126216,1642,1645,,0.07677567705671946
89581,231,1,0.003505898780188227,0.025012302831990837,0.0011563655509745363,8.390256173873567e-05,0.0002798601238859222,0.0869111349986777,0.4056442721835772,0.0002356744053070742,0.5096120517256473,1642,1645,,0.011765457332652017
77236,231,1,0.003505898780188227,0.07787286081894858,-0.02171486567476366,-9.201528428093297e-13,-0.0005045581105265207,1.356366725334648e-10,1.1185232819677052e-09,0.0007455795246799035,1.0451168554086807,1642,1645,,0.05644161982626469
91119,231,1,0.003505898780188227,0.04102869295622672,-0.01349667653022757,-3.504820877964221e-10,-0.0003089135368443685,2.735051900512256e-07,1.8741744564808348e-06,9.28293724315908e-05,0.18942794497596133,1642,1645,,0.014179867143587122
38703,231,1,0.003505898780188227,0.010590345692739079,-8.358773435124256e-05,0.0002019415634010313,-8.947930288716321e-06,0.12920863580762826,0.6597509308794273,0.000571599817813759,1.5717218826717219,1642,1645,,0.005700689831374553
92597,231,1,0.003505898780188227,-0.0010029682903757405,-0.002452598966854902,-3.1111344833689714e-08,-0.0006541253577598827,3.010571834392156e-05,1.534752847719694e-05,0.0005752065813549211,1.5282652969158166,1642,1645,,0.0008335462442514052
75275,231,1,0.003505898780188227,-0.005728009312419665,-0.003576243377571675,0.004070128662404415,-0.0008036669069053648,0.9339538386862661,39.56147738729581,0.000581984765386959,1.9358584247027661,1642,1645,,0.00011816555952989269
92044,231,1,0.003505898780188227,0.05435244655660518,-0.01698736086503505,7.544875024190212e-05,-0.0019495094031831695,0.047122428016719564,0.3693900756032039,0.001045962028155595,1.6044588207189627,1642,1645,,0.03803334184977006
86416,231,1,0.003505898780188227,-0.004615174396868852,-0.002081667784629593,-1.66500790932389e-09,-0.011778730862572306,0.5,,0.00028126967837234767,1.5480522949351658,1642,1645,,0.0
66616,231,1,0.003505898780188227,-0.0017279495296157053,-0.0009719110284902577,-7.487896636071412e-08,-0.006078860472936043,0.004456269380889506,0.0016098775984481877,0.00019674588665447896,0.649971629576571,1642,1645,,0.0004918242207460399
43449,231,1,0.003505898780188227,-0.002868986548791457,-0.004796900534566273,-2.7267077484793845e-13,-0.0012647546910358187,0.5,,0.0005883942417506228,2.535677755363652,1642,1645,,0.0
89550,231,1,0.003505898780188227,-0.003225702085352822,-0.0022473226283035164,-1.6109336087311021e-12,-0.0010029101061708179,0.5,,0.00037479772584818614,1.9668090038797446,1642,1645,,0.0
51925,231,1,0.003505898780188227,0.10118469179866545,-0.03208738489782181,2.3425280984756824e-05,-0.020986526294650476,0.019176132983296592,0.19953144106930104,0.0014304390305574057,1.9300102092846063,1642,1645,,0.06690725600408788
82649,231,1,0.003505898780188227,0.008589098046392385,-0.00038694538269856693,0.0007747696127448078,-0.002978140427750686,0.275119716049883,1.5543093520086038,0.0003686511278611531,0.8398178395533645,1642,1645,,0.009191364333163005
75642,231,1,0.003505898780188227,-0.0025801786411786785,-0.002008578888268886,-1.9924173422225522e-10,-0.004714546139332976,0.5,,0.00027912421073438893,1.7201091921947849,1642,1645,,0.0
89238,231,1,0.003505898780188227,0.05341852149164125,-0.021758944412024972,-1.8893977493661396e-09,-0.0001472444800485473,0.0002801193722658113,0.002676957682824131,0.00027270571211163283,0.4436703319191334,1642,1645,,0.040578691875319366
11628,231,1,0.003505898780188227,0.058591642589367054,-0.09836550757059181,-6.677154384959749e-10,-0.006093429164091058,4.2526800695287666e-08,6.426985121965358e-07,0.0003999061543839244,0.657431343979986,1642,1645,,0.04484542667347982
64805,231,1,0.003505898780188227,0.009664038301785792,-0.005434652111660387,-4.963252031586762e-11,-0.003995665067761278,1.6625583394719182e-08,4.762889941013632e-08,0.00018547531992702123,0.43657057904946395,1642,1645,,0.007703117015840572
85517,231,1,0.003505898780188227,-0.002776516549275733,-0.0023556277207523735,-4.155311650322346e-09,-0.0001811289898174806,1.3499309858281544e-05,1.0629036211159342e-06,0.0006470158438061799,1.832217631993227,1642,1645,,0.0002203628002043945
83188,231,1,0.003505898780188227,0.02994602369196898,-0.007515545272427371,0.00014346971375356343,0.00021066887828580239,0.09112030051068773,0.5334529196533334,-0.0005131608677888429,-0.8905898549073483,1642,1645,,0.022432294328053146
75341,231,1,0.003505898780188227,0.011308392832095764,-0.00952268168210657,-1.840081731430132e-08,-0.0003542383036376773,5.414126724543971e-06,2.1554247418980547e-05,0.0007754460709119056,2.06041414353213,1642,1645,,0.007070771589167092
89183,231,1,0.003505898780188227,-0.0009157210982861186,-0.0004697665984398913,-2.2980479741363524e-09,-0.0014161312734712883,0.5,,9.894235977082103e-05,0.8529988305813996,1642,1645,,0.0
91991,231,1,0.003505898780188227,-0.0007310379403739038,-0.00046992612892138297,0.0008791567406952749,-0.006100800763271241,0.47161337539813136,2.255319064296655,0.0004270439006238708,1.136425099576636,1642,1645,,0.0016543178334184978
52695,231,1,0.003505898780188227,-0.002362121440174398,-0.0015639956041879621,-2.5086859922751614e-08,-0.004478832376850761,0.00012196180068336886,5.904566401374321e-05,0.00033144241316402186,0.9402829978465258,1642,1645,,0.0004630812468063362
89068,231,1,0.003505898780188227,0.018596364922820376,-0.0021859326499125142,0.0029006418030013137,-0.012982974478883413,0.3018607750066747,3.126025242501705,-0.0002963791323068691,-0.6005946294851502,1642,1645,,0.017194685743484928
10629,231,1,0.003505898780188227,0.010342470359836662,0.001318730493871878,9.93842622347696e-05,0.00014380433789629166,0.11260718556315064,0.4542061299589446,0.0005065915011401827,1.248761782760264,1642,1645,,0.005544200306591722
81774,231,1,0.003505898780188227,0.09358817973250971,-0.04272966100870357,0.003311918871099495,0.009960128864494822,0.13988020373777135,2.7216979867196254,-0.0003232515222152326,-0.4049711714123464,1642,1645,,0.06928653551354114
85763,231,1,0.003505898780188227,0.0030542805775013383,-0.008258539368593443,-7.695606596413995e-09,-0.0003923671720242883,1.3512121773422321e-06,2.4883976889618663e-06,0.0007830871419873424,2.357427787568828,1642,1645,,0.0012614971895758816
22592,231,1,0.003505898780188227,-0.0009292405376784428,-0.0026592118659318764,-1.4790254576624307e-08,-0.0011526521873135298,8.998021788478479e-05,3.792472575793244e-05,0.0006952675198038345,2.55023004995372,1642,1645,,0.0006451200817577926
78927,231,1,0.003505898780188227,0.007096086663775788,-0.008655109405332428,-2.795141806899437e-08,-0.014909710864249304,5.1535949854521115e-06,1.6664978680714535e-05,1.6976841151846714e-05,0.04660738375830768,1642,1645,,0.005799693408277976
75075,231,1,0.003505898780188227,-0.0026968334724558865,-0.0004259637663772686,-2.673949950349197e-11,-3.8059582876837084e-05,0.5,,0.0001330358327216113,0.8655601327954067,1642,1645,,0.0
85627,231,1,0.003505898780188227,0.046026666874662586,-0.0007100810257028023,0.002290893729632981,0.0034176749352832214,0.24266336196212046,2.5580079956657458,0.0004988009638943598,0.8933674373881887,1642,1645,,0.02838528359734287
76185,231,1,0.003505898780188227,0.00782929575421663,-0.008543687895219865,-6.955953590903619e-10,-0.0007263699749777697,1.1489750528944059e-06,2.6622316139392273e-06,0.0014515082266915937,3.275617539339543,1642,1645,,0.006224450689831375
12008,231,1,0.003505898780188227,0.07188022841293197,-0.020430006788767052,-1.3702326384645858e-08,-0.00011093724104038749,9.971340986583699e-07,7.273427377149911e-06,0.0014779670928741166,2.188861731918044,1642,1645,,0.04534363822176801
79859,231,1,0.003505898780188227,0.0045567319069997935,-0.0005878104817647056,-5.801910063496507e-10,-0.001401891969095237,3.832302351546306e-07,8.861719746036277e-07,0.00011266422912862608,0.3330042920188712,1642,1645,,0.002507026060296372
50550,231,1,0.003505898780188227,0.0670921065989963,-0.01525880951467884,0.0005112166381492367,-0.016256254084733524,0.1160269551429424,1.0361830477968914,0.0005796305291552287,0.8203261963892424,1642,1645,,0.050689831374552886
85951,231,1,0.003505898780188227,0.09070675006299184,-0.01643188919066585,0.0003128237766660824,-0.0013306690755949813,0.07840801002058148,0.7773637128609195,0.0010047176957469783,1.3137623290295055,1642,1645,,0.06731285130301483
76083,231,1,0.003505898780188227,-0.0017983149483837737,4.8428390714616576e-05,0.00016194119774615157,-0.01004050847508342,0.31021484395640947,0.744681962505953,-0.00012775264153312574,-0.3842772495549469,1642,1645,,0.0013349514563106796
91416,231,1,0.003505898780188227,0.00896516910071932,-0.007196622002501485,5.03080834003411e-05,-0.010071311927530191,0.08151893701006542,0.3126453412367845,0.0010145639504727825,2.125835404395818,1642,1645,,0.00920094532447624
49322,231,1,0.003505898780188227,0.2203428606869081,-0.13152828816489204,-4.0148462332467716e-10,-0.0030609472156468698,1.6615469143625697e-07,3.258209813031922e-06,0.00135632845686112,1.0596856890724349,1642,1645,,0.17670222278998468
87033,231,1,0.003505898780188227,-0.001398307235642205,-2.5885328651886752e-05,-1.5684944454363858e-09,-0.011642637375951503,4.896610311850322e-06,5.958329862927724e-06,0.0002496032906757027,0.720884142470243,1642,1645,,0.0016351558507920285
90783,231,1,0.003505898780188227,0.15804887954479968,-0.08928616877789008,0.000679568810705411,-0.0019365717608048616,0.059416460087429374,1.122936636388677,0.0012508655783789963,1.2600956895167492,1642,1645,,0.13050587634133878
49015,231,1,0.003505898780188227,0.0241417348514115,-0.01266467879965294,-2.2533326315965496e-09,-0.004389728555805883,6.590068775304682e-07,3.5369271114186182e-06,0.0008189646545508255,1.541751236103124,1642,1645,,0.021145247828308636
62367,231,1,0.003505898780188227,0.011329864592487863,0.0058115062733516964,0.0019206205463486725,-0.015621245858514765,0.26724234933427937,2.419985317305464,0.00020798350529599663,0.5171998133465042,1642,1645,,0.009082779764946347
51131,231,1,0.003505898780188227,0.011690942586942917,-4.875372254531385e-05,0.0006383426870357756,-0.008351093147448196,0.22689681125777106,1.3225362774990388,0.00031729970838582184,0.5940930839892438,1642,1645,,0.011640904445579971
46922,231,1,0.003505898780188227,0.10487827407464613,-0.03430568882421747,-2.738209659014501e-11,-0.016496211484279044,2.0474994838359946e-09,1.73544454534816e-08,0.0012203759902436632,1.5207723714762098,1642,1645,,0.06517309657639243
85917,231,1,0.003505898780188227,-0.005290552769623246,-0.0030830904203258402,-1.288242845731702e-10,-0.0014663384564812532,0.5,,0.00039396394126358584,2.392369954799692,1642,1645,,0.0
78916,231,1,0.003505898780188227,0.003320587624360262,-0.00684282105817835,7.512716283941678e-05,-0.00990626511872228,0.1656832875391317,0.42093996985640425,0.0010981285801340643,2.5821575880490375,1642,1645,,0.005378129790495657
40125,231,1,0.003505898780188227,0.041907667074059955,-0.023427470987682275,0.00014150520655298315,-0.06004529157009775,0.056913808867770276,0.510524951275128,0.0011204046313223795,1.9980571701361052,1642,1645,,0.02318919264179867
32707,231,1,0.003505898780188227,0.04505433438808435,-0.008997501302348887,0.000552747057876668,-0.009682249647516183,0.13299075921114256,1.0974761007267375,0.00046491301595259825,0.7752731963983464,1642,1645,,0.030442003065917222
75240,231,1,0.003505898780188227,-0.0021168462551656923,-0.0010477143828198088,-4.536313547021109e-10,-0.000282397967809489,0.5,,0.0002588611401836254,1.512745957708074,1642,1645,,0.0
91135,231,1,0.003505898780188227,0.08683186706050938,-0.05795297439268121,-2.960542921925935e-11,-0.00029324120707907575,7.0281820508093245e-09,1.0914369609655136e-07,-0.0009663607556198542,-1.0635736613066251,1642,1645,,0.07989269289729177
50876,231,1,0.003505898780188227,-0.0013861442216425832,-0.0024177805890430726,0.002299999528063368,-0.0004491609267707197,0.8280767095976189,11.317328605410092,0.0007454576474671662,2.355529386402516,1642,1645,,0.00046627491057741444
90753,231,1,0.003505898780188227,-0.0014064484316215267,-0.0029110630747040123,-3.7969627442180354e-14,-8.000422520915151e-06,0.5,,0.0005197587661089781,2.343894619126484,1642,1645,,0.0
89788,231,1,0.003505898780188227,-0.005714638178536962,-0.0020172874410138153,-1.1005232281036115e-09,-0.011710416863695006,0.5,,0.0002855583285092454,1.4199596589813623,1642,1645,,0.0
77895,231,1,0.003505898780188227,0.02825108642408967,-0.007964324300357317,1.864910560589461e-05,-0.0063919567954418,0.03991576502794141,0.18219267433262082,0.00023269952671687303,0.4086584180250629,1642,1645,,0.017878129790495655
80717,231,1,0.003505898780188227,-0.001058724662126723,-4.340182462492237e-05,5.047292707560658e-06,-0.0004983170688093175,0.2611904471882872,0.12350695019601379,-9.038025594149898e-05,-0.2533060169830449,1642,1645,,0.00047266223811957077
77516,231,1,0.003505898780188227,0.08059371319143559,-0.02377423187590466,-9.18755582723918e-09,-0.00012448993179270396,9.316702535530933e-07,8.617924550435867e-06,0.0001209530853899534,0.15456224977243901,1642,1645,,0.058131067961165045
56936,231,1,0.003505898780188227,-0.0018317193921363743,-0.0019837403365143835,-5.003915060086683e-10,-0.002790257973636079,0.5,,0.00029318894981092067,1.6022789899225893,1642,1645,,0.0
91453,231,1,0.003505898780188227,0.14252105458865055,-0.06372255711075647,0.0010901654633916902,-0.00045987030675398444,0.08348781846577545,1.458667067599716,-9.408879724883624e-05,-0.0999422923474337,1642,1645,,0.10297330097087379
89269,231,1,0.003505898780188227,0.030957395440885115,-0.010960967673458333,0.00015609310074449212,8.159874857072147e-05,0.0973474264321376,0.5607577203589175,0.001392107871532957,2.3729643025734086,1642,1645,,0.02559721512519162
78763,231,1,0.003505898780188227,0.006285206472313108,-0.005686873611217447,-3.521516411808534e-11,-9.015280848290175e-06,7.129060965882115e-09,1.6234626613863232e-08,0.0005453796465574014,1.1642368741429754,1642,1645,,0.007307102708226878
64186,231,1,0.003505898780188227,2.7290216604380534e-05,-0.002969051463377115,-6.702305377359608e-11,-0.002152796508019028,5.376984714468573e-08,6.663221083267978e-08,0.00104891712370485,2.711691622545372,1642,1645,,0.0021653040367910067
20204,231,1,0.003505898780188227,0.0008825396612419974,-0.003373167821612455,-1.6613999065384633e-10,-0.004693763628245584,1.7064168162959155e-07,3.058934525019083e-07,0.000608727604936563,1.547709411042115,1642,1645,,0.003519417475728155
89653,231,1,0.003505898780188227,0.010634684508729321,-0.0032199889443709218,-6.416822628807495e-11,-0.0020953063935935656,1.5876278505790324e-08,5.276874434328247e-08,0.0005730444850771237,1.4925071497446631,1642,1645,,0.006463975472662238
89011,231,1,0.003505898780188227,-0.005119728997938807,-0.0018192018294926893,-1.2765959400695692e-09,-0.00405965453386381,0.5,,0.00035421213236919575,1.7557059118691962,1642,1645,,0.0
51625,231,1,0.003505898780188227,0.004719767196911159,-0.007395017226330847,-4.580291701472561e-11,-0.00019087158773634094,8.265769797056533e-09,1.9999669534012515e-08,0.0010240975015236079,2.8307898353826544,1642,1645,,0.003701456310679612
83604,231,1,0.003505898780188227,-0.0026490815349717593,-0.0007954328471744265,-2.0548420742727558e-09,-0.001540608016442624,1.6765049153599342e-05,8.7762506875004e-06,0.0005093241925660791,1.318098538290972,1642,1645,,0.0012135922330097088
92570,231,1,0.003505898780188227,0.04642778843782722,-0.013890658545881118,-8.209251056712219e-10,-0.006596969972519684,4.419782697336522e-06,3.0446519271733752e-05,0.0004885033499658554,0.8144406905749617,1642,1645,,0.033418497700562086
67467,231,1,0.003505898780188227,0.0397023841068715,-0.020675553267177182,-1.2944250116220246e-09,-7.257207562094692e-05,1.4316266092822367e-06,8.988208868940284e-06,0.0005614692261070858,1.0256963280065192,1642,1645,,0.0184721512519162
89335,231,1,0.003505898780188227,-0.0012113946287354333,-0.0023907899452080272,-2.8143043451223093e-11,-322.2299172851978,1.6966576386022447e-08,1.3290262540973198e-08,0.0004034978671541475,1.3058371001688749,1642,1645,,0.0004854368932038835
85653,231,1,0.003505898780188227,0.015383697441014203,0.00036230100692613565,0.0041927056091900505,-0.005294389764324947,0.34767755473110185,4.02286528813417,0.0004106960719646902,0.9408290539966437,1642,1645,,0.011516351558507922
76127,231,1,0.003505898780188227,0.13106015887929948,-0.018636960670782354,0.0006761720620444001,-0.002067866050090572,0.08425574869010721,1.14954298458674,-0.00028647990027106784,-0.337875225843551,1642,1645,,0.09096512519161984
76246,231,1,0.003505898780188227,-0.003738251588284706,0.0006729202454108796,0.003269203016988076,-0.01002755168017666,0.8469089215711013,15.01737270453576,0.00012216392443631916,0.478451775349624,1642,1645,,0.0002203628002043945
91355,231,1,0.003505898780188227,0.14691704974564926,-0.06156807661507724,2.192172800141723e-05,-0.0031063949242371436,0.01164826132652018,0.1920934297497175,0.0005426041943409955,0.5879637746938322,1642,1645,,0.10655020439448135
92157,231,1,0.003505898780188227,0.0012027508605843092,-0.002898245828316215,0.00047370996776463503,-0.0011447793147609797,0.42514856814995405,1.5307117482690216,0.0006694776735012943,1.8461709488722444,1642,1645,,0.002558124680633623
87204,231,1,0.003505898780188227,0.06697879502980725,-0.03587804247444093,-1.0417820606178907e-08,-0.0043656107213696504,1.7664296985163484e-06,1.9417010685351764e-05,0.0004967452793055836,0.701001366087383,1642,1645,,0.05505876341338784
34497,231,1,0.003505898780188227,0.004552974738151957,0.0038986998362058323,0.001395523943258592,-0.00696860121547882,0.42666448979655386,2.6413455422075636,0.0003079790117059221,0.7994360993171151,1642,1645,,0.00233456821665815
90562,231,1,0.003505898780188227,0.021663121257522348,-0.01107379441863543,-5.282555060048821e-09,-0.0008867678396569101,1.5736855471940926e-06,8.749488878056783e-06,0.0006924856831320915,1.3432947088913914,1642,1645,,0.013496423096576393
92648,231,1,0.003505898780188227,0.01942412754503877,-0.013995279225283763,2.881794300801932e-05,-0.00092907643930773,0.04377133704910669,0.22750183497927415,0.0006855201568783484,1.2612152623124169,1642,1645,,0.019832652018395503
89398,231,1,0.003505898780188227,0.04627006163292675,-0.017655938342964417,-1.986014908084144e-09,-0.008144257941925082,2.3497680299823997e-07,1.2576161222837866e-06,-0.0001035173676474717,-0.160751823046678,1642,1645,,0.039371486969851814
11691,231,1,0.003505898780188227,0.02025392845258111,-0.005212756013111219,0.0001437877201280191,-0.002591666102297552,0.12727019270087134,0.5567742790636017,0.000533458841369147,1.0038752233542767,1642,1645,,0.013608201328564128
89002,231,1,0.003505898780188227,0.004318606398269734,0.00024269575880964123,0.0012359093008960098,0.003788692071840738,0.3382542197465882,2.151568643807762,0.0009232038052059535,2.3376261231486746,1642,1645,,0.004078308635666837
92729,231,1,0.003505898780188227,0.016332236299542818,-0.0023162865422849954,-1.0312447118465684e-08,-0.002103941623986083,4.9010474655817845e-06,1.5247620201003728e-05,0.0011699128586698563,2.449766161564636,1642,1645,,0.01286727133367399
75263,231,1,0.003505898780188227,-0.0039329817080227016,-0.0027047318412749544,0.00013205658785919727,-0.007784487766853365,0.8822893401794348,3.966514713407831,0.00038359963434764265,1.8906189790805275,1642,1645,,8.30352580480327e-05
75887,231,1,0.003505898780188227,0.0025070120385523894,-0.0011963232192999662,0.0003879909248981628,-0.0001761866668219536,0.2608274393417405,1.078719068707347,3.2300417420582724e-05,0.07649352160465822,1642,1645,,0.0043178334184977
42585,231,1,0.003505898780188227,-0.002141104510184298,-0.00197729299324223,-1.0866862965031032e-12,-0.005276624298675703,0.5,,0.0005125939323558021,1.8337608928935223,1642,1645,,0.0
89282,231,1,0.003505898780188227,-0.004341488342431568,-0.0016229421571369862,-4.716216306377419e-10,-0.0021451564852772442,0.5,,0.00030723555250509,1.8282233691836953,1642,1645,,0.0
85419,231,1,0.003505898780188227,0.03249729362902026,-0.019097935959480505,7.628012537630458e-05,-0.0037908119516267824,0.048372950694992464,0.37131762504610094,0.0007570088707637675,1.323931724583671,1642,1645,,0.028212825753704648
91635,231,1,0.003505898780188227,0.014076957248710038,-0.021398816203091586,-4.539744136167201e-10,-0.002140811985302804,2.806214230099643e-08,1.2181074201959163e-07,0.0008209597806215717,2.226262080827654,1642,1645,,0.008019289729177313
59619,231,1,0.003505898780188227,-0.000132502611492057,-0.0033239993565943315,-4.2159609137115694e-12,-0.0007352020596005371,2.03105516321969e-09,1.6055675189216538e-09,0.0006437081048141604,1.8350861751919059,1642,1645,,0.0014403423607562598
42550,231,1,0.003505898780188227,0.013042255980006544,-0.013253264117249142,-2.474467297730598e-09,-0.0021064721563190947,8.108902405183074e-07,2.7620317725288756e-06,0.0010428427795029017,2.4683555085268445,1642,1645,,0.009175396014307615
81132,231,1,0.003505898780188227,0.04001293365316698,-0.01763189094767248,-3.711100315939575e-10,-0.016696376372629107,8.160270324717475e-08,4.5950867161404765e-07,0.0007160822670291371,1.140624471152602,1642,1645,,0.03367079713847726
36003,231,1,0.003505898780188227,0.003045934235900594,-0.0035379830351194297,-2.3392177084247123e-11,-0.0027923120205091134,6.2398632301891585e-09,1.2288074464011153e-08,0.0008385313833029045,2.4317200911379517,1642,1645,,0.0031042411854879915
80828,231,1,0.003505898780188227,0.018622715653164035,0.0029722573385089213,0.0017882266716224837,0.0019304574179566103,0.3268800275849829,2.547089732961702,0.0006648217467427923,1.3712527633736122,1642,1645,,0.011573837506387328
92530,231,1,0.003505898780188227,0.004948136820699064,-0.0017771988836428054,3.233452742068543e-05,-0.006198493643780889,0.09305762351609381,0.253736515680674,0.000176509503905625,0.3797772163664821,1642,1645,,0.006821665815022995
62359,231,1,0.003505898780188227,0.013651832181757848,-0.012281301240433917,-2.226663298188214e-11,-0.012182869752813463,1.3552180558318305e-09,5.286870304140889e-09,-0.00014005850091403514,-0.30267411604490085,1642,1645,,0.01271078180889116
29612,231,1,0.003505898780188227,0.0015836544953314593,-0.003960155665156506,-1.0081624424174151e-10,-0.004286915654728274,4.0668838607768295e-08,7.017279692296673e-08,0.0005643936623970139,1.427441115168711,1642,1645,,0.003672713336739908
54594,231,1,0.003505898780188227,0.0243138806766407,-0.005918861590374469,-1.2540277705141989e-09,-0.006816095694026192,2.878210579632096e-06,1.3095552630864234e-05,0.00042235954343519374,0.7619014004002331,1642,1645,,0.01848811957077159
91875,231,1,0.003505898780188227,-0.0015812314201957274,-0.003151225926416812,-4.626901084492374e-10,-0.0001406003273036749,2.116013728514776e-06,1.0233903830135461e-07,0.000534526508144208,2.1199330144164,1642,1645,,1.9161982626469086e-05
90114,231,1,0.003505898780188227,-0.004450662149683767,-0.0014548245892549438,-3.0577607113002614e-10,-0.015782274637590188,0.5,,0.00038430575887628363,1.6073928976191825,1642,1645,,0.0
89361,231,1,0.003505898780188227,-0.005838531100854575,-0.002549733997354142,-1.0880185641326534e-14,-0.008214049553731728,0.5,,0.00037858185190320706,2.2483330879188004,1642,1645,,0.0
25785,231,1,0.003505898780188227,0.009848547172660147,-0.0036618488894524237,-2.413704236481351e-08,-0.0005033864986001557,6.0633947374293205e-06,1.697131207471923e-05,2.2118216817162156e-05,0.053620579863714345,1642,1645,,0.007744634644864588
89648,231,1,0.003505898780188227,0.11387438113877735,-0.04190811672897543,-1.1356870999179591e-10,-0.00027747862178406635,6.3881257018587735e-09,6.474562267922443e-08,-0.0005447093235839205,-0.6299416192229531,1642,1645,,0.08912557485947879
79356,231,1,0.003505898780188227,-0.004987186210469383,-0.0020411961450301774,-1.8527046563576732e-10,-0.004942883317763824,0.5,,0.0003551642870150256,2.064118482540055,1642,1645,,0.0
61778,231,1,0.003505898780188227,-7.639965164373027e-05,0.00012467868893362155,0.00019707412241021238,-0.004000778795469229,0.4784926416007996,1.0899435191801885,0.0002717324801895524,0.707918064148753,1642,1645,,0.000990035769034236
51086,231,1,0.003505898780188227,0.06289219776317767,-0.022333041596342973,0.0006616130739607318,-0.006058089750502038,0.12339879984329297,1.187846887113792,0.0008826973245220798,1.3252824011008149,1642,1645,,0.044082141032192136
77928,231,1,0.003505898780188227,-0.0006012992966633232,-0.0017856035876757659,-1.0064882260962804e-10,-0.0018264158100198546,3.4778425525019366e-07,2.2567788328900967e-07,0.0003871541742865811,0.9856606561999585,1642,1645,,0.001271078180889116
91037,231,1,0.003505898780188227,0.06332225881912665,-0.015277801521347723,-7.758609310570819e-10,-0.0007529969840864847,8.408901552939838e-08,6.776265762488107e-07,0.00034368190099665985,0.5290401227045916,1642,1645,,0.04077031170158406
78841,231,1,0.003505898780188227,0.17564389699781793,-0.0416071478429183,0.0002951635039369904,-0.000967104019964582,0.049102819447703006,0.731145172840716,-0.00040417460865686843,-0.39771362038735714,1642,1645,,0.133741057741441
93150,231,1,0.003505898780188227,0.014964571655287306,-0.004969649482474692,-3.165800954718634e-11,-0.008188302790553825,1.3831139223249259e-08,5.1745482194159704e-08,0.00020943266300494832,0.503435926033543,1642,1645,,0.006390521205927441
77369,231,1,0.003505898780188227,0.021266360920707186,0.0013597337984410096,0.0012291670105055719,-0.029690826608365528,0.2112790143267474,1.7996228973591069,-6.820750880743085e-05,-0.13083490631328928,1642,1645,,0.01658469596320899
70033,231,1,0.003505898780188227,0.011186039992400882,-0.004323384623175164,-3.1579685533245083e-09,-4.857202038355268e-05,1.1878986629545313e-06,3.853895146151457e-06,0.0005199494234516485,1.128724292811224,1642,1645,,0.010727516607051608
89745,231,1,0.003505898780188227,-0.0014478095226850539,-0.004077812255462554,-8.183056454669213e-10,-0.0035354986793729726,3.122708657854554e-07,1.6879208105176975e-07,0.0003485076173067888,1.8044386394751066,1642,1645,,0.00041198262646908535
90703,231,1,0.003505898780188227,0.03297518901969421,-0.03499565941718341,0.001079911506551734,-0.03408664889929369,0.1016103862725806,1.4822621110546927,0.00010235518110616974,0.16337475916450137,1642,1645,,0.03262008175779254
76613,231,1,0.003505898780188227,0.19135741202088724,-0.06955032280813889,0.0008560182372009395,0.003541480533606367,0.05812250381347906,1.2603857074086002,-0.000913543446090489,-0.7705392906118858,1642,1645,,0.1569078947368421
19561,231,1,0.003505898780188227,-0.002707995135693282,-0.0035780334299739813,-1.3085599936957237e-08,-0.006055265116957198,1.4539882976936404e-05,6.44573096230473e-06,0.0008773217550321039,2.526695257891909,1642,1645,,0.0009676801226366888
92949,231,1,0.003505898780188227,-0.0002352617574625313,-0.004131529554228797,6.796321583912857e-05,-0.008980954290479515,0.16982045845130125,0.4019034420545801,0.0005807087141986594,1.692975018592713,1642,1645,,0.0013509197751660706
17961,231,1,0.003505898780188227,0.012751018480317896,-0.006527396551610609,-1.3533396625575733e-10,-3.8927756329520946e-07,9.038657524389649e-08,2.9327979585817184e-07,0.0003922163313762111,0.8271409080956522,1642,1645,,0.009833290751149719
82213,231,1,0.003505898780188227,-0.0013589333297032633,-0.002963065872613857,-9.288296132226037e-09,-0.007129204112997112,1.1115877701807844e-05,1.4811321092143679e-05,0.0004797263863478077,1.210797251993652,1642,1645,,0.00338847726111395
37584,231,1,0.003505898780188227,0.007847139169599908,0.0011334858325507957,4.358502847223722e-05,-0.0007134973942173328,0.07927623900975045,0.2904133531075457,0.00034843625615418373,0.8479255527458912,1642,1645,,0.0064799437915176285
75622,231,1,0.003505898780188227,0.05359787824095943,-0.03162895556821255,-4.614841841998896e-11,-0.0037201880679538224,2.4488278839854743e-08,2.6825986018069094e-07,-0.0002691663618397963,-0.39264815064441966,1642,1645,,0.04274399591211037
92240,231,1,0.003505898780188227,0.039603654039288484,-0.015775590624886426,-3.1635538633167926e-10,-0.014489678192632471,2.3197396082505419e-07,1.6276943933030307e-06,-0.000285265691427487,-0.5992329120096633,1642,1645,,0.013921180378129791
45495,231,1,0.003505898780188227,0.05318225739693647,-0.0075866502146748616,0.0002882454857002781,0.00032339568820582976,0.09203002462557204,0.7574350054936837,-0.0003717557895777638,-0.5835079004541034,1642,1645,,0.037822560040878896
61807,231,1,0.003505898780188227,0.005785106162414551,-0.0026993683054237216,8.719015599356617e-05,-0.006737462426172458,0.13246043258000348,0.43535543448768493,0.0005207674433573036,1.1935018613854813,1642,1645,,0.005869954011241696
75885,231,1,0.003505898780188227,-0.0033110133736395857,-0.005026637277347312,-2.0497936681351803e-09,-0.0005192493819441424,0.5,,0.0006074585408825848,2.7536346230022146,1642,1645,,0.0
71563,231,1,0.003505898780188227,0.003514052777243877,-0.0005450248301070992,-2.141089527896156e-09,-0.0025081902417547486,8.899100132345487e-06,2.20066812922088e-05,0.0005533028670363437,1.5331699033250996,1642,1645,,0.002098237097598365
89125,231,1,0.003505898780188227,0.0021538523198357316,-0.00396527688784909,-3.127942349578916e-12,-1.1117360776413676e-06,1.3330672037021934e-09,1.963869575296343e-09,0.0007472925045703542,1.791353593789573,1642,1645,,0.005438809402146142
21207,231,1,0.003505898780188227,0.03795519334001351,-0.01191362594549128,1.660529141855882e-05,-0.0023974923150495986,0.02958982791908936,0.17003917850570124,-2.8192303992625147e-05,-0.04757734914179641,1642,1645,,0.02735053653551354
92602,231,1,0.003505898780188227,-0.0030592475769257894,-0.0042294213163562855,-6.5914589342241925e-09,-0.0005237905276900268,0.5,,0.000646456178780138,2.4562082436806154,1642,1645,,0.0
88411,231,1,0.003505898780188227,0.006457735977887888,-0.00012224552581097115,0.0003977155834872237,-0.005048056392728206,0.3075248577777864,1.1651532599928562,-0.00017631273654038313,-0.3927628936986248,1642,1645,,0.003586484414920797
81133,231,1,0.003505898780188227,0.029230038060835385,-0.016532451084130706,-6.267108165758373e-09,-0.0023884048244373624,5.208709314004053e-07,2.218971405429032e-06,0.0004099390615484394,0.729090063862142,1642,1645,,0.021365610628513033
76477,231,1,0.003505898780188227,0.0006060144030795632,-0.004210391121812762,1.4349182650530423e-05,-0.0011072773017739568,0.06045467066859745,0.16315035731514388,0.0008691304082876296,2.033460195903825,1642,1645,,0.0034683188553909046
89301,231,1,0.003505898780188227,0.030523524388301557,-0.008628598075349547,-6.094613702600782e-11,-0.003472145958701933,1.660275491255223e-08,7.934381669639909e-08,0.00039507921996850327,0.6866090245445622,1642,1645,,0.020512902401635155
81284,231,1,0.003505898780188227,-0.0023540634235167976,-0.0010949174255729943,0.002144173409442729,-0.004007764023760352,0.8333493299136808,11.286031052905987,0.00038950380884763094,1.448248888803841,1642,1645,,0.0004055952989269289
75465,231,1,0.003505898780188227,-0.004554157416617387,-0.001528795904824909,-1.0424114904594717e-09,-0.0047908316853904065,0.5,,0.00032367900988533685,1.8021197177919233,1642,1645,,0.0
61743,231,1,0.003505898780188227,0.016674276056619548,-0.013493994702455048,-1.835043672571146e-09,-0.0012637949942304605,2.741474384777994e-07,1.322847880061109e-06,0.0009305716024632175,2.094033502297006,1642,1645,,0.011870848237097598
28302,231,1,0.003505898780188227,-0.0002545292335354212,-0.001872426792651538,2.455798473577353e-06,-0.000462847466508709,0.12130767667475022,0.07223045010541085,0.0005447093407051175,1.8409031374261826,1642,1645,,0.0003065917220235054
16126,231,1,0.003505898780188227,0.026305196356010085,-0.006940511645585845,9.719930691098888e-06,-0.0018668859631567614,0.030922201564293806,0.1302928017387506,0.0008947004267635152,1.7403462900508098,1642,1645,,0.015022994379151763
17144,231,1,0.003505898780188227,-0.0018735983102985021,-0.0018108050276870458,-3.1028513092223875e-12,-0.004833702343314705,0.5,,0.0004305683398280045,1.8420336698235071,1642,1645,,0.0
90386,231,1,0.003505898780188227,0.03700607170773827,-0.007608183768561316,-9.228107833436638e-09,-1.482483555692582e-06,3.3705140600648505e-06,1.760654841233543e-05,-0.00038598415096139244,-0.7356462626161463,1642,1645,,0.02254726622381196
89901,231,1,0.003505898780188227,0.1317031402030619,-0.07312171890423391,0.002421311646280788,-0.00012199798806311613,0.10444448208894398,2.226272457393766,-0.000617392216360718,-0.6147190580203001,1642,1645,,0.10662046499744507
41187,231,1,0.003505898780188227,-0.0016494567755782888,-0.0016830518108486014,-6.619882420011436e-11,-0.00021696231496681762,0.5,,0.0004687243978552789,1.6164771096903645,1642,1645,,0.0
89786,231,1,0.003505898780188227,-0.004410788162726369,-0.0010648648210811462,-8.185452315956354e-11,-0.005776269269793355,0.5,,0.0002531398222078525,1.3775943100970063,1642,1645,,0.0
91582,231,1,0.003505898780188227,0.0006282309082145614,-0.00044510450199730656,4.256632216259604e-06,-0.0007512039001873472,0.07192251603241147,0.09018905533095188,0.0002891657525898843,0.7053931300947058,1642,1645,,0.0026922585590189066
10866,231,1,0.003505898780188227,0.06265746234812325,-0.032404852316783916,-7.356337761166287e-13,-0.0009201469777981863,4.9166347643758056e-11,3.9676044774317715e-10,0.0007986514320536966,1.2360605500863227,1642,1645,,0.04185296371997956
52476,231,1,0.003505898780188227,-0.0005749274295160714,-0.005729677354805229,-6.2017058155561244e-12,-0.00038953867657332,5.0695633481212055e-09,3.212063714223412e-09,0.0009624424131627325,3.017910502053282,1642,1645,,0.0004566939192641799
52708,231,1,0.003505898780188227,0.03043288009128817,-0.010183485478677978,0.0006611064894569418,-0.0005693187345618966,0.1706295707972578,1.2556342557433768,0.0008872972983814762,1.7177939266771596,1642,1645,,0.02266543178334185
86869,231,1,0.003505898780188227,-0.0011100845332426485,-0.0006535203481559115,-1.0002720651769437e-08,-0.006780478826505787,2.67035153060681e-05,1.5412369003933215e-05,7.937964659153114e-05,0.21801630186864468,1642,1645,,0.0008079969340827797
90253,231,1,0.003505898780188227,0.004169815594889492,-0.003989528060788672,-5.885113285586385e-09,-3.104256499386615e-05,6.338333276999361e-06,1.3270250572368935e-05,0.0005438970140151935,1.2796589145451807,1642,1645,,0.005378129790495657
76644,231,1,0.003505898780188227,0.10670971272475406,-0.02233692860132752,0.0008295748636859557,-0.004121140988888605,0.0928826628864429,1.2861556713876912,0.00011415504072521908,0.12759231042401484,1642,1645,,0.0881291517629024
85427,231,1,0.003505898780188227,0.022865774245138706,-0.007933528458285544,-6.213602965488008e-10,-1.0550349068161324e-05,2.1025129498566096e-07,9.935133440482083e-07,0.0005110883602781868,0.9896382930227186,1642,1645,,0.017868548799182423
79139,231,1,0.003505898780188227,-0.004640474640665505,-0.00216188171884113,-2.6239233008595875e-11,-0.002864232633879693,0.5,,0.0003716675556981819,2.057998356310997,1642,1645,,0.0
86979,231,1,0.003505898780188227,0.0297918701183994,-0.014289862171624756,0.00035147560099912933,-0.001214148319487851,0.1138136630352245,0.8579694787228215,9.754900682680122e-05,0.18029462987381137,1642,1645,,0.021336867654573325
81035,231,1,0.003505898780188227,-0.004264416668620802,-0.0031703363565684928,-4.360265482006298e-10,-0.006420820776343428,0.5,,0.0005678844027337471,1.91820463387542,1642,1645,,0.0
73219,231,1,0.003505898780188227,0.04508188823591688,-0.014816932833253027,0.0002756597836429675,-0.0040102102104830895,0.10657174662636833,0.7526994502530838,0.0013658745006106324,2.2291458485060347,1642,1645,,0.03130109862033725
89630,231,1,0.003505898780188227,0.1541809057099844,-0.06723014296615015,-1.021405182655144e-13,-0.010734292650728117,4.9293836306313986e-12,6.524539262028862e-11,7.937111517365122e-05,0.0804835882851088,1642,1645,,0.12590700051098622
82634,231,1,0.003505898780188227,0.016073380733953757,-0.0032587742205116843,-3.1341131467854666e-08,-0.006570355706822184,2.2131246977619232e-05,6.204498265960632e-05,0.00037328092655917105,0.7830155693070845,1642,1645,,0.010989397036280022
81299,231,1,0.003505898780188227,-0.002043224214751882,-0.0008304611595464362,0.00012151146010874747,-0.0059675505470251355,0.7744996891594919,1.988611193238524,0.00029385679462996177,1.0114065790678242,1642,1645,,0.00010219724067450178
85925,231,1,0.003505898780188227,0.008654566912513154,-0.0033139198051024277,-5.848099782213012e-11,-0.00043320899563559223,8.535065069078542e-08,2.753190667241644e-07,0.0004169622182712898,0.9230843936727773,1642,1645,,0.004381706693919264
86871,231,1,0.003505898780188227,-0.005378508075792902,-0.002750990655820962,-1.5343564196967918e-09,-0.0011849559392611564,0.5,,0.00029795648797872475,2.2319281272425378,1642,1645,,0.0
78852,231,1,0.003505898780188227,-0.00272608592489555,-0.000626286521471231,-4.838351941316432e-13,-0.00013240224129296152,0.5,,0.0001677197770595057,1.1321396359984601,1642,1645,,0.0
11018,231,1,0.003505898780188227,0.11112528535978848,-0.12886296435032896,-6.727951529228449e-14,-0.0070876344393489,1.5237001546473626e-12,2.8246599548180574e-11,0.000536541133455202,0.6792946884165604,1642,1645,,0.08725728155339807
49680,231,1,0.003505898780188227,-0.0006568714838166611,-0.0032012746983358653,-8.966272169175227e-11,-5.789813552814493e-06,1.7810121908041002e-07,4.0290272638983325e-08,0.0006035393053017516,2.012782113301598,1642,1645,,0.0003640776699029126
87280,231,1,0.003505898780188227,-0.0021541738452315515,-0.001528903940716031,-2.686679767549549e-10,-0.002588772470590417,0.5,,0.00047254178618051304,1.7329804783660863,1642,1645,,0.0
10606,231,1,0.003505898780188227,0.007082314007471003,-0.0003562370852732144,-1.0233147662574993e-10,-0.00018449148736454646,1.0696430333428811e-07,2.7999320833482974e-07,0.0005165722120659247,1.1894960436762945,1642,1645,,0.007329458354624426
86339,231,1,0.003505898780188227,-0.0015899416455573947,-0.0027501051650544728,-7.064032248038643e-09,-4.479873099727527e-05,0.0001369210929950196,1.8217174252316764e-05,0.0006736855575792762,2.215818372564468,1642,1645,,0.0003289473684210526
58413,231,1,0.003505898780188227,0.005760259044713706,-0.007945356758203515,-9.982076054626532e-09,-0.009811777837698488,1.2559300308293952e-06,2.720288237216638e-06,0.0004910700792194613,1.7581538545020785,1642,1645,,0.001338145120081758
28804,231,1,0.003505898780188227,0.014170424531820372,-0.010043395727990623,-6.1737281953355705e-12,-0.004252966268909697,1.9545281718176175e-09,5.350435710181986e-09,0.0013304801950018486,2.7899806163069303,1642,1645,,0.010245273377618805
79903,231,1,0.003505898780188227,0.0916800068725687,-0.06518946249806135,0.00016065292384381813,-0.01029368647129636,0.03002226083695999,0.5292996190463938,-0.0007855723465214807,-0.9231071564480938,1642,1645,,0.06757473173224322
65875,231,1,0.003505898780188227,-0.0027359848534946715,-0.0022102429887407293,-2.702371659779601e-11,-0.007924131589755135,0.5,,0.00037375481727539315,1.489582036327579,1642,1645,,0.0
47511,231,1,0.003505898780188227,0.023580614835167563,0.001753220945682754,0.00042289368514292214,-0.00030152823913209836,0.1431465591355245,0.9715892938155534,0.0004757700183194614,0.96330140330325,1642,1645,,0.015604241185487991
83509,231,1,0.003505898780188227,0.014533968963401313,-2.7185055933909297e-05,0.0004299593435633797,0.00025340595225709084,0.17922701138970026,1.0229575470389447,0.0001663911279867087,0.354860360258838,1642,1645,,0.008070388349514563
92121,231,1,0.003505898780188227,0.0035602605205131916,-0.002879403912728007,-7.893498965572121e-09,-2.59483658380244e-05,7.894634176437319e-06,1.739292469923113e-05,0.0009197921941312929,2.370931053323225,1642,1645,,0.004356157383750638
80779,231,1,0.003505898780188227,0.004554501710801759,-0.005999999155803293,-6.208054736944746e-09,-0.003951945101535959,6.879496143737639e-07,1.5324118776566495e-06,0.00017207982937105152,0.48556777391673855,1642,1645,,0.001181655595298927
85237,231,1,0.003505898780188227,0.048802090638801025,-0.01941412748219018,-2.2683521727628886e-10,-0.001150218177555118,1.4745420019677142e-07,1.0774479761632762e-06,-0.00016868738561331265,-0.2579455537879857,1642,1645,,0.035564639754726624
61313,231,1,0.003505898780188227,0.0009952145216293794,-3.525862695141768e-06,-1.7312595801399766e-11,-0.00592762120220236,5.993163050576657e-09,1.0340226403922644e-08,0.0004303345521023495,1.1566148399189722,1642,1645,,0.0028519417475728155
84372,231,1,0.003505898780188227,0.029821803568276278,-0.00478928523301736,0.001403790542267247,0.0007712499855024868,0.20140521937511746,1.9082372585908813,0.0008263553849114362,1.5969458585411418,1642,1645,,0.013189831374552888
85348,231,1,0.003505898780188227,0.007131501427753354,-0.004422128313023466,-5.038239758725638e-08,-0.019280409042024216,5.515980862476561e-05,0.0001328828017116982,0.0006542376599640034,1.7560281839049288,1642,1645,,0.0033788962698007153
87128,231,1,0.003505898780188227,0.07081400200048654,-0.023165253874333214,0.0007660876738635469,-0.0005778178369497677,0.11342757232750476,1.2655419291496428,0.0002920261815725829,0.4094689339040542,1642,1645,,0.05353538579458354
89070,231,1,0.003505898780188227,-0.0014204712134503665,-0.0013161841799436136,-5.427058136220353e-09,-7.295381224037278e-05,0.00037918950119126583,0.00013722775856268632,0.0006472138753620951,1.8968516209538404,1642,1645,,0.0005844404701073071
52396,231,1,0.003505898780188227,0.013395604418006607,-0.0028239462054377995,-4.9885426900431185e-09,-0.00020574226738134804,0.00013617683022913761,0.0004206099542080162,0.00029708955759909976,0.6031000817840144,1642,1645,,0.011628129790495656
90267,231,1,0.003505898780188227,-0.00154255590123243,-0.0014660075428756247,-6.763036797252653e-10,-0.0019600142597753223,0.5,,0.00030177075897159947,1.4316097333935147,1642,1645,,0.0
91859,231,1,0.003505898780188227,0.13075985368581958,-0.04339717342984639,-1.212363542890671e-13,-0.00038567441101222677,9.939518809958415e-12,1.0282572549664592e-10,-0.0011934034125533175,-1.2981675212936004,1642,1645,,0.09590572304547777
42614,231,1,0.003505898780188227,0.0031356122356359646,-0.0004133641470780436,0.0018781703794498172,-0.00593955079666153,0.4731252982234159,3.3352084740934207,0.0005043314081021114,1.1706968381711476,1642,1645,,0.004733009708737864
76711,231,1,0.003505898780188227,0.022721710795783275,0.0007179360987664696,0.0029338507693329463,0.004677392703515637,0.4046615489050561,3.6870315918212313,-6.069768326937471e-05,-0.12554835937337552,1642,1645,,0.01537749105774144
92257,231,1,0.003505898780188227,0.03732288952884007,-0.019200881109070256,-2.4632442752192674e-09,-0.016794626341695373,2.812132834087628e-07,1.5454315368269294e-06,0.0002308056060209982,0.4253092245094333,1642,1645,,0.021835079202861523
43772,231,1,0.003505898780188227,-0.0010744513622425202,-0.002767107952972525,-4.676681264470517e-11,-0.0035638712932219985,3.801489007772534e-08,2.671330017400822e-08,0.0003897306520414338,1.3468866328651399,1642,1645,,0.00030978538579458354
89348,231,1,0.003505898780188227,-0.0028160701702752908,-0.0021893635040113324,-1.8159498349490377e-09,-0.005391731519402532,9.371962188894738e-06,1.85153460156011e-06,0.00034617428397057496,1.6181027196280307,1642,1645,,0.0003161727133367399
90073,231,1,0.003505898780188227,-0.004671808224569571,-0.002198281910090527,-6.733291701976896e-10,-0.010185965037162958,0.5,,0.00032320224979078216,1.6787632339114726,1642,1645,,0.0
89517,231,1,0.003505898780188227,-0.0017674892459382887,-0.0039953717790377485,4.064377555301757e-05,-0.0010421233648760797,0.8021878444008431,1.3078838869486074,0.0005083101766547855,2.497528505921712,1642,1645,,0.00017245784363822177
58819,231,1,0.003505898780188227,-0.0010773716855049845,-0.004284393083038962,-6.55906440272247e-11,-0.00011615111744900375,0.5,,0.0006791756938419567,2.579124917654588,1642,1645,,0.0
41355,231,1,0.003505898780188227,0.0026025041217726825,-0.004672050435891473,-6.00074501200254e-09,-0.004642092012667076,1.1404082073964393e-06,2.000684747052336e-06,0.0005806532602074707,1.4443604600774458,1642,1645,,0.004563745528870721
86111,231,1,0.003505898780188227,0.0031801306859909834,-0.0039023280308194686,-6.604436997292851e-09,-0.0016613660954925002,8.913568251340664e-06,1.705154373182689e-05,0.0007309518586229846,2.31250517278344,1642,1645,,0.0013541134389371487
93071,231,1,0.003505898780188227,0.0384621026953501,-0.007891787372016568,-7.775935451093119e-11,-0.0078045497097625205,1.1687416822624673e-07,5.541156440420611e-07,-0.00034224436304998505,-0.5609965431285222,1642,1645,,0.022496167603474705
21186,231,1,0.003505898780188227,0.005482690344481922,-0.005022920354318172,-5.442313266712517e-13,-0.005918795926390885,7.977438559556179e-11,1.8208113911918062e-10,0.0007472790981108958,1.7303623139272588,1642,1645,,0.00503960143076137
91044,231,1,0.003505898780188227,0.01995299132062213,-0.008259325568529707,0.0012975727883259847,-0.06688002782536318,0.18376496063098804,1.788445880019308,0.00045623948811700167,0.8897192347789783,1642,1645,,0.020599131323454267
86802,231,1,0.003505898780188227,0.09079786748124888,-0.04031637416378686,0.0007215295231604024,-0.004718457789505859,0.07816279858150127,1.180921415603749,-0.0006981637214185842,-0.8800279980180284,1642,1645,,0.0658661216147164
79447,231,1,0.003505898780188227,-0.0037468565026428174,-0.001802879987996997,-4.432099132145595e-11,-0.00828010508922361,0.5,,0.0002669027898208845,1.5435441711771074,1642,1645,,0.0
11809,231,1,0.003505898780188227,0.004011323818248887,-0.0032278958328677554,-5.395706104138753e-11,-0.0008109719848603536,1.7697624771627232e-08,3.271859448380224e-08,0.0003407513711147625,0.7381385412033873,1642,1645,,0.004097470618293306
90700,231,1,0.003505898780188227,0.09544830579117318,-0.03428075901845595,-6.597544732755978e-11,-0.0035482372123745165,1.8867471490302686e-08,1.9010089090129754e-07,1.74418037609183e-05,0.022197460035620436,1642,1645,,0.0793465763924374
50017,231,1,0.003505898780188227,0.05309771101519803,-0.0020813146351807976,0.00147314091716777,-0.00038810011871714956,0.15743081167569087,1.8462702817429584,-2.471860460398832e-05,-0.037688144103791364,1642,1645,,0.042185104752171694
57154,231,1,0.003505898780188227,0.022526409607998447,-0.0024599353312013683,-5.408518077842928e-10,-0.0010045490543366675,1.1085367760775425e-06,5.051909165252728e-06,0.0005744680095264772,1.1471977386544363,1642,1645,,0.015776699029126214
79048,231,1,0.003505898780188227,-0.005547836848984145,-0.001197856208404957,-1.2852003905550191e-09,-6.118931672460803e-08,0.5,,0.00021218586340270118,1.464816242896517,1642,1645,,0.0
29938,231,1,0.003505898780188227,-0.0022751756448933665,-0.0032034369192892598,-3.384381663806835e-11,-0.005129359424532742,0.5,,0.0006276464872377165,2.0753548619688287,1642,1645,,0.0
56565,231,1,0.003505898780188227,0.00020148850182922858,-0.0016354938519715922,0.0014343746678484592,-0.0015617106387302293,0.7150286670541176,5.392026771083628,0.00038103534428118326,1.2806892658477556,1642,1645,,0.0005716658150229944
21936,231,1,0.003505898780188227,-0.000629822380631997,-0.0018001271705154753,-8.023415465352457e-08,-8.695644243239542e-05,6.850841960848869e-05,4.034924005907752e-05,0.0006023485679531185,2.1630027892721064,1642,1645,,0.0008111905978538578
21371,231,1,0.003505898780188227,-0.0030690769452747053,-0.0022977120429346076,0.00021408152886770448,-0.07328131780168046,0.9206119226811865,7.506349547008035,0.0006044649602565857,1.8015843088450259,1642,1645,,5.748594787940726e-05
75104,231,1,0.003505898780188227,0.01416073412627856,-0.009002780407400435,-2.652145170145559e-11,-0.002230674712479619,3.5653757564518026e-09,1.527356422156413e-08,0.0009369024984765398,2.146548080920032,1642,1645,,0.010210143076136945
52337,231,1,0.003505898780188227,0.09100769208226728,-0.024071114561268425,0.0014197537608696686,-0.001971123577715117,0.11254536334698953,1.7190789768972656,0.0002159510072956079,0.3052854486238242,1642,1645,,0.059434082779764946
80307,231,1,0.003505898780188227,0.10685021726106378,-0.1188164572325694,-3.740754372927313e-09,-0.005780967088482303,4.3382939640962775e-05,0.0007447470553598182,0.0004168855570522119,0.4522243873956018,1642,1645,,0.08043561573837507
90701,231,1,0.003505898780188227,0.023414127742260156,-0.013292986168323528,-9.442646664581389e-11,-0.0011452985786060133,1.1561242050857378e-08,5.404619547355787e-08,0.0005072157221186206,0.9630351744359374,1642,1645,,0.018146397547266224
72696,231,1,0.003505898780188227,0.07139346814189874,-0.044098392347117876,-2.4837909506914002e-11,-0.00015328849419060653,5.824122874488732e-09,6.226894254623068e-08,0.0006213089579301462,0.9820415177853858,1642,1645,,0.05183635666836995
85926,231,1,0.003505898780188227,0.0025266221652125525,0.00012621493315001509,0.0017252734911838985,-0.002579435302420663,0.4602041213853788,3.118327482022258,0.0005810975015234616,1.3187537106764784,1642,1645,,0.005014052120592744
63467,231,1,0.003505898780188227,5.800013106667565e-05,-0.003024885037403946,-8.210394586427583e-10,-0.0019931443874745547,5.437272079173491e-07,8.225885723839548e-07,0.0004887824497258924,1.6352818481052322,1642,1645,,0.0009932294328053144
91305,231,1,0.003505898780188227,0.10901373346360854,-0.0698382288029138,-2.8398556839448474e-09,-0.006101096454677046,4.1776400863948143e-07,6.736346755448058e-06,-0.0007941633151082818,-0.7990246295687728,1642,1645,,0.09958801737353092
81521,231,1,0.003505898780188227,0.0022084410645220967,-0.0012987041842738023,-4.532196840045799e-11,-0.0008966259881826311,3.578001690017333e-08,4.385486403108271e-08,0.0003445350396098372,1.0583454263456378,1642,1645,,0.0012646908533469597
89327,231,1,0.003505898780188227,0.02972869739167893,-0.010887273161686473,-2.2342876659919853e-08,-0.002709732438462842,9.171418089082219e-06,4.808343088408653e-05,0.0009429530923660271,1.6934583748045533,1642,1645,,0.024425140521205927
79547,231,1,0.003505898780188227,0.005019620405341071,-0.009017533411371126,-3.810320770014641e-08,-0.002096689719894629,5.107807807393748e-06,1.1706973924201948e-05,0.00045253443011026423,1.4442102599435296,1642,1645,,0.002149335717935616
92143,231,1,0.003505898780188227,0.09021798419657885,-0.026827146936693635,0.001228001617750163,-0.0064185343530578365,0.13173084526076584,1.6355081122942867,0.0010141377985090295,1.3631593828755677,1642,1645,,0.06870848237097599
24643,231,1,0.003505898780188227,0.027315355575603006,-0.00876031275090039,-1.0495981861424752e-10,-0.0005330001474719293,7.616237387895422e-08,3.4914857637644934e-07,5.1800731273677225e-05,0.09218541049476588,1642,1645,,0.02351814001021972
92123,231,1,0.003505898780188227,-0.0026778356382120205,-0.003401741095685029,-1.5061285552064874e-12,-0.00048712503679304575,0.5,,0.0006259780794520617,2.5554406708335375,1642,1645,,0.0
17750,231,1,0.003505898780188227,-0.0016930383902978453,-0.0039759479939698306,-8.298929765615526e-09,-0.00673814253500038,0.5,,0.0006388486300866704,2.742903764986101,1642,1645,,0.0
85592,231,1,0.003505898780188227,0.012108847383834132,-0.012983602609454747,-3.2204949818037676e-10,-0.0037270579213166677,2.2950450142736984e-08,9.199919965067298e-08,0.0006417221206595475,1.6736200508298742,1642,1645,,0.007798926928972917
85914,231,1,0.003505898780188227,0.046974735126350954,-0.015611131742848228,5.7869631384321885e-05,-0.004724296147143869,0.0513354642839805,0.3246564818607198,0.0007819854739626611,1.2146997770012784,1642,1645,,0.032945835462442515
91233,231,1,0.003505898780188227,0.009680067718438077,-0.0032362317219709613,-3.3700995327734518e-09,-0.0003363889962484379,1.598854976967416e-05,5.768118334650344e-05,0.0011834783673393752,3.1255409134536514,1642,1645,,0.006243612672457844
84820,231,1,0.003505898780188227,0.06273446161511381,-0.024847499413723995,-3.3530112020230263e-09,-2.1515809634609084e-05,1.3171444668669372e-06,1.374157986718979e-05,-0.0005059341991117334,-0.8029883135467307,1642,1645,,0.04021461420541645
70295,231,1,0.003505898780188227,-0.0025294386165639676,-0.0016833080470117778,1.8285980389887158e-06,-0.001574363907604459,0.705403910636649,0.1859317161832358,0.0003885807434263256,1.6430734080730904,1642,1645,,1.5968318855390903e-05
88284,231,1,0.003505898780188227,0.10358625633406655,-0.06557627901873797,-7.188835970950436e-09,-0.004055449589576154,3.5626477974659825e-07,4.500166230671517e-06,9.13345101266932e-06,0.010481557705889738,1642,1645,,0.07069174757281554
43350,231,1,0.003505898780188227,0.012192164092434956,-0.009126138708286158,-7.335332341540379e-11,-0.0035041797050452406,1.1427794131970521e-08,3.014896203959753e-08,0.0006585472273005047,1.7103578927206302,1642,1645,,0.006326647930505877
93013,231,1,0.003505898780188227,0.001293998879385269,-0.002165347460898026,1.174217783783682e-06,-0.0028009180959476243,0.034813091050777616,0.04589811980938999,0.0006097899733176563,1.8011909098862005,1642,1645,,0.0007984159427695452
89879,231,1,0.003505898780188227,-0.0033081139535195386,-0.001650110648692804,-1.8281471891867795e-09,-0.004802101538537995,0.5,,0.00022029152822043246,1.310753413038508,1642,1645,,0.0
80928,231,1,0.003505898780188227,0.02699722321092914,-0.01424071534857152,-9.567235892404824e-12,-0.0019621135736060946,1.7170280371973034e-09,9.370190560092187e-09,0.0003140457038394285,0.5965271910943578,1642,1645,,0.022860245273377617
77129,231,1,0.003505898780188227,0.009288085017618594,-0.010055532645627308,-1.375788372115494e-12,-0.013638297177160918,1.1308049667917749e-10,3.484671982376674e-10,0.00031020475319926296,0.8773832675812347,1642,1645,,0.00487991824220746
85616,231,1,0.003505898780188227,0.007149341703676968,-0.008233554060588899,-1.4873791309710782e-08,-0.015925684826005426,2.627554009579803e-06,8.361513856005901e-06,-0.0003861261427257742,-0.7539443603443535,1642,1645,,0.010730710270822688
76732,231,1,0.003505898780188227,0.02202343346450742,-0.014334418225996126,-2.411066901686354e-10,-0.027827818785687963,2.3028820785770158e-07,1.4167052215066923e-06,0.00021530164568511428,0.4678680228676554,1642,1645,,0.021806336228921818
79145,231,1,0.003505898780188227,0.026319188948261386,-0.015767189203801824,-4.025353605996429e-09,-0.00194022552224693,6.177813952637176e-07,3.033524243704454e-06,0.0008372614262213699,1.524663275728998,1642,1645,,0.025552503832396527
91978,231,1,0.003505898780188227,0.0022477465637641457,-0.0006289412481734757,-1.815348915634729e-08,-0.0037944521061525904,4.157706472230878e-05,6.77956637363019e-05,0.0001697623400356843,0.6320747302033359,1642,1645,,0.0014595043433827286
89207,231,1,0.003505898780188227,0.09232222707622005,-0.036065447715234455,0.0001358915921195747,-4.546429588714318e-05,0.04288373798076203,0.49286550691957265,0.0003060712343456805,0.38430363495157654,1642,1645,,0.06795797138477261
90042,231,1,0.003505898780188227,0.0023685189820110185,-0.006443930140400678,-9.348679608223165e-10,-9.853997344744236e-05,1.2448818843938158e-07,2.2988091539089864e-07,0.00033871115173674367,1.2407526174114107,1642,1645,,0.0009229688298415943
86341,231,1,0.003505898780188227,0.09331247735431906,-0.025090318418744983,0.00243234764683653,0.000858099211093033,0.15517201979589693,2.3693394015256017,-0.00044698754971769046,-0.5714662787266194,1642,1645,,0.06939512008175779
89784,231,1,0.003505898780188227,-0.004702085966716997,-0.0009577912501292918,5.510478878512082e-05,-0.019112500328584137,0.3461490435171156,0.45952249499753445,0.00030506459475929294,1.0639260289203711,1642,1645,,0.000635539090444558
86889,231,1,0.003505898780188227,0.14432356416753145,-0.036940160291984325,0.00041312902355783443,-0.00587129762422256,0.06337961806422986,0.8782911910962641,0.0019763838156240895,2.3421564686168685,1642,1645,,0.09532447623914155
51692,231,1,0.003505898780188227,0.0682934379504987,-0.029963672532959507,-8.437657239568352e-10,-9.693682477607268e-06,3.847926414435581e-07,3.5092293568975428e-06,5.155149187692886e-05,0.07032522006103097,1642,1645,,0.0589135155850792
89256,231,1,0.003505898780188227,0.024927956221424456,-0.0014286558406466643,7.551821975082529e-05,-0.002071719788024673,0.07638555485675341,0.38055489178360513,0.00029458715752321216,0.5463390465738408,1642,1645,,0.019823071027082268
29209,231,1,0.003505898780188227,0.010422081661108475,-0.009114907906156988,-3.6218139598531707e-11,-0.00028380748407697,4.813993610710524e-09,1.3295904326825275e-08,0.0006765240706882414,1.4968666588676056,1642,1645,,0.008670797138477262
84776,231,1,0.003505898780188227,0.0773203957589638,-0.02379042815083543,4.82468978002526e-06,-0.005332937349907585,0.009087042404240929,0.08984517518927145,0.00010776255786442846,0.14123247030360098,1642,1645,,0.06186126724578436
90612,231,1,0.003505898780188227,-0.00016225252768798607,-0.0009638527274544728,-3.5619907023942687e-10,-0.006187715432139251,3.9174687243735337e-07,2.682448954754682e-07,0.0002617324801946746,1.1326726634112592,1642,1645,,0.0007824476239141543
20765,231,1,0.003505898780188227,0.026898756964699472,-0.006444810091606357,-2.472293481048382e-10,-0.00011023161538026294,5.963468115502413e-08,3.167283848326654e-07,0.0010775124922777321,2.043991357237379,1642,1645,,0.0226430761369443
91568,231,1,0.003505898780188227,-0.0034753220537575742,-0.003827059016942469,0.00012437592595337943,-0.0045391939468810705,0.644951249177028,1.2706350225306278,0.0003547562461755135,2.179530224984293,1642,1645,,1.5968318855390903e-05
80575,231,1,0.003505898780188227,0.012184900376501747,0.002414281700051868,0.0030048488681430063,-0.0011360556055068916,0.4065035995925703,3.744944834332185,0.00042431094941736044,1.0062473569057917,1642,1645,,0.007361394992335207
70797,231,1,0.003505898780188227,-0.0019102131998589003,-0.0023231281156350647,5.19153913747239e-06,-0.004800562901665417,0.3433230293383489,0.141034232618719,0.0004445374771480805,1.773482166698161,1642,1645,,0.00015648952478283088
90829,231,1,0.003505898780188227,0.03604477928897563,-0.005808601950110681,0.0001715656560272727,-0.0013233248957429389,0.08112382642544548,0.5766902578240315,0.00038020269355186335,0.6392076806715656,1642,1645,,0.02881004087889627
60687,231,1,0.003505898780188227,-0.0007174810287317927,-0.007418555358623902,-3.848060314837198e-09,-0.002787549763398234,2.8756865857173727e-06,1.3417460351101859e-06,0.0008556873857388554,3.265580262537502,1642,1645,,0.0009453244762391415
63132,231,1,0.003505898780188227,0.09234068523593048,-0.019812330088662122,0.00023523156993909833,-0.0059919270318842255,0.07458528687204762,0.6715091308348987,0.0006191575414698171,0.8350479767281048,1642,1645,,0.0636401379662749
32986,231,1,0.003505898780188227,-0.0011684051237620737,-0.0045949782807142014,-5.628053578732306e-11,-0.0005060462708306179,8.343006192238628e-07,1.9144137974781606e-08,0.0007862638631172986,2.785889479812619,1642,1645,,1.9161982626469086e-05
26470,231,1,0.003505898780188227,0.037877753335660604,-0.011602873148215842,0.00012240680922792624,-0.0035359352611805672,0.06454608069927491,0.4791930798351219,0.00033589339434905317,0.5583303311128893,1642,1645,,0.027832779764946348
92945,231,1,0.003505898780188227,0.004017019435757542,-0.003719021387478705,-3.2281788353571983e-09,-0.0021488481490476996,6.962701656289174e-07,1.1124716330943932e-06,0.0004100383912247996,1.2747109338108962,1642,1645,,0.001516990291262136
92999,231,1,0.003505898780188227,0.011149857903213222,-0.011763482392169067,-6.965317211893307e-12,-0.004225971092614245,3.9425054924001595e-10,1.525117380154796e-09,0.0005809329677026255,1.944019211761195,1642,1645,,0.0019066172713336738
75034,231,1,0.003505898780188227,0.030718220140398107,-0.0037695843486891256,8.964560549595824e-05,-0.001784004040183751,0.07167191307476695,0.41250357636098206,0.0002371720998586022,0.45101564383414744,1642,1645,,0.021234670413898826
77661,231,1,0.003505898780188227,0.027124318985980563,-0.0098029826788546,3.705919063268226e-05,-0.0009155602390567008,0.05935644031791388,0.2618016920287625,0.0009063058240073842,1.7082663801442248,1642,1645,,0.0192035002554931
84319,231,1,0.003505898780188227,0.05540047211558355,-0.0034614913636128453,0.0021070488471192084,-0.0030916494225838864,0.18254585613597749,2.2760854242233797,0.0015140201674056627,2.4018008102820634,1642,1645,,0.04489652529381707
79237,231,1,0.003505898780188227,0.07508725617802932,-0.02872584003582901,-6.490807891168515e-12,-0.00020989446763231,1.7252308278592558e-09,1.661845588004909e-08,-0.0007484064594857864,-1.0635171463146007,1642,1645,,0.054039984670413904
87184,231,1,0.003505898780188227,0.011055547933664775,-0.006685168775101946,-9.511629484038053e-09,-0.000765744517166489,2.051500708973508e-06,5.824635496016551e-06,0.000637780620985783,1.2868234953785396,1642,1645,,0.011037301992846194
70420,231,1,0.003505898780188227,0.0035323660054934606,-0.004526461213699262,-8.355898195588907e-09,-0.0058711557308330775,4.306358747665725e-06,1.2773124609928243e-05,0.0003492821450338562,0.9273803857368264,1642,1645,,0.004931016862544712
21928,231,1,0.003505898780188227,-0.0004797274842207721,-0.004098561182846128,-9.07718344933528e-13,-7.890956102785118e-05,1.3834525083140058e-09,2.4379178375432833e-10,0.0006852608165752582,2.494280199639543,1642,1645,,0.00020120081757792538
17523,231,1,0.003505898780188227,0.02660118284111647,-0.006837694980279085,-1.9453329391794227e-08,-0.0028051198882583783,0.0001375015346266864,0.0005202524425975239,0.0008685124623304781,1.504909159098159,1642,1645,,0.02114844149207971
51369,231,1,0.003505898780188227,0.023921103605770124,-0.0038405627357140926,0.002887062669248208,-0.0045289857195698335,0.29780528973646675,3.1058563733018314,0.0006698946211864593,1.376613262620341,1642,1645,,0.016821027082268777
85259,231,1,0.003505898780188227,0.00189544647475381,-0.003236118122997178,-1.2498180268494252e-10,-0.00033530498719547275,7.093684630844754e-08,1.0557915706513504e-07,0.0005492870201096484,1.669379617937609,1642,1645,,0.0011561062851303016
46463,231,1,0.003505898780188227,0.040895133464894325,-0.01598221927860166,0.000789778226874871,-0.004415361886710434,0.1504154534379386,1.339293463909069,0.0006385676713936756,1.1604130410810392,1642,1645,,0.026852324987225343
90675,231,1,0.003505898780188227,0.0012689951773557152,-0.0018933964985965446,-9.725176219887999e-09,-0.007620016135616803,2.5886935031667682e-06,4.0345279616958335e-06,0.0002521237050580196,1.038785532106074,1642,1645,,0.000986842105263158
28388,231,1,0.003505898780188227,0.0025860313330674754,-0.005357221489398878,-1.0484422219292355e-09,-0.00021575794178940733,1.9346716922008685e-07,3.1080088536158564e-07,0.00034873979278691086,1.0970056520050242,1642,1645,,0.0014914409810935106
81055,231,1,0.003505898780188227,0.010526539475424672,0.0017943526484152095,0.0019093420922240423,-0.0009725024412854388,0.3231118881648427,2.612082199363902,0.0005932727865995551,1.4387127733873917,1642,1645,,0.006617271333673991
88659,231,1,0.003505898780188227,0.026503070640349655,0.003026566312009593,0.0013999589325101036,0.003956935848215104,0.2563366404903355,2.040364970299447,0.0005747825130748222,1.1255312100568187,1642,1645,,0.01604816044966786
11891,231,1,0.003505898780188227,0.04255275752640191,-0.021073701556632907,-7.288214476375288e-11,-0.0035748660023962042,1.194856162015445e-08,1.0698724575683232e-07,0.0007735405239717602,1.3315849186910853,1642,1645,,0.03331949412365866
77607,231,1,0.003505898780188227,-0.005267489598254213,-0.002487583892198275,-5.0389026284847205e-11,-0.0007860610073855412,0.5,,0.0003723836544644946,2.2393027192989003,1642,1645,,0.0
80688,231,1,0.003505898780188227,0.008685300555061769,-0.012879715531329605,-3.1017410861977623e-12,-4.459772118625693e-05,2.3154991950890137e-10,7.664979545581523e-10,0.0005566715417428396,1.7699105936861061,1642,1645,,0.0020343638221768014
76123,231,1,0.003505898780188227,0.032741129700893934,-0.01465321151853427,-1.2421437212140063e-09,-0.0016148297974576398,4.636968091806129e-07,3.202459684266118e-06,0.00010988665375844598,0.21672755057354348,1642,1645,,0.018849003576903424
91457,231,1,0.003505898780188227,0.06922762123527425,-0.022360728278438158,-4.22395673993492e-10,-0.005777541643747108,3.653035555016451e-08,3.1770697995302933e-07,0.0010760572821358783,1.498915586594005,1642,1645,,0.05308507920286152
93117,231,1,0.003505898780188227,-0.0022118154597119684,-0.0017230842107365252,-6.515765704762089e-10,-0.0022023217631956804,8.391319428879135e-05,1.443435694733414e-06,0.0005642961607761735,1.8237548495451492,1642,1645,,1.5968318855390903e-05
90979,231,1,0.003505898780188227,0.04443754895135592,-0.010309928346859731,0.0004181467373369774,-0.01620774332747099,0.11647760499503046,0.9369964420407694,0.0010051800364947582,1.6331765072748392,1642,1645,,0.02934977005620848
92259,231,1,0.003505898780188227,0.046635809725273376,-0.022290548605661265,-1.164822904797802e-08,-0.005943497772664008,8.991991618453876e-07,6.345326072369004e-06,-3.121450389639089e-05,-0.048887726786351865,1642,1645,,0.03567322432294328
90068,231,1,0.003505898780188227,-0.0035760968161348923,-0.0014087793824655304,-1.099120794378905e-13,-0.0014526596220938437,5.767731124791623e-10,5.1126734617170794e-11,0.0003658104814135486,1.3303790061686556,1642,1645,,0.00015968318855390904
76655,231,1,0.003505898780188227,-0.0026312156147753167,-0.0009184140455362755,-2.081710581691709e-09,-0.0010763873962336135,2.1718160155355555e-06,8.372062231068105e-07,0.0003599213893964696,1.0795524688455715,1642,1645,,0.0003960143076136944
88373,231,1,0.003505898780188227,-0.002584520168900366,-0.0025993839748794656,-4.120490837422608e-09,-0.003956833905123025,3.256205360845435e-05,1.9145589208584335e-06,0.0005165484459897129,1.7209256005712823,1642,1645,,0.00011497189575881452
91602,231,1,0.003505898780188227,0.02573193997781819,-0.006593316575276287,0.00028141470798281887,-4.901147550318008e-05,0.12448485093917294,0.776039676997112,0.0009560009299361868,1.8479972854085918,1642,1645,,0.01922266223811957
30680,231,1,0.003505898780188227,0.04027054887414989,-0.017634940072019267,-7.017963987721032e-11,-0.0005869534848659264,2.2530455133690003e-08,1.4719085704009586e-07,0.0004503784276982364,0.8091135881680026,1642,1645,,0.02293369954011242
71175,231,1,0.003505898780188227,0.0064438575889093205,-8.04092093091846e-05,-3.6430270355936045e-08,-0.004119618236400058,2.4326642613369063e-05,7.094499270367216e-05,0.0005935051797727624,1.5511171192483617,1642,1645,,0.004011241696474195
79362,231,1,0.003505898780188227,0.07569447628342192,-0.018413253731170753,0.001047551710464556,-0.0012861484432071801,0.1385438111484448,1.5215229395199878,9.076636471522143e-06,0.012481214986871585,1642,1645,,0.056380940214614206
77478,231,1,0.003505898780188227,0.18449087965642258,-0.061910685245659236,3.938070691333895e-05,-0.002144937215548648,0.017465875557204073,0.2582082304716965,0.0001674673855093199,0.15238949127726076,1642,1645,,0.1525485436893204
75100,231,1,0.003505898780188227,0.013127464656276002,-0.011215870310621323,-1.717207487317296e-09,-0.0019292296141970589,2.695352465355771e-07,8.108907314034487e-07,0.00046095368677651907,1.0354421652401542,1642,1645,,0.008926290240163516
92118,231,1,0.003505898780188227,0.11947477838722975,-0.06943081663183448,1.3048570742801857e-05,-0.0029547968395646773,0.011200502123851385,0.14779197246097894,0.0005677995935136319,0.5957072068255274,1642,1645,,0.09461228921819112
86121,231,1,0.003505898780188227,0.01844818410292593,-0.007199130880264359,0.0025791383161271053,-0.0012062993392074617,0.21851431613425548,2.6327732618532966,0.0006794686166971321,1.495430431485536,1642,1645,,0.009654445579969341
37875,231,1,0.003505898780188227,0.016622028274780588,-0.008074175450312415,-8.006761920142935e-10,-0.00019785106878034142,1.609661597364964e-07,6.502502803733048e-07,0.0007495460084534593,1.7160307565202466,1642,1645,,0.009763030148185999
22103,231,1,0.003505898780188227,0.003428340338473102,-0.00022688684209293264,-1.756570044975092e-08,-0.0012824923700254232,0.0001925574085018724,0.00039227838076395295,0.0002359073852468164,0.6659408206795945,1642,1645,,0.0030467552376085847
80866,231,1,0.003505898780188227,-0.0024835429323628827,-0.0008222393690726637,3.691927928339833e-05,-0.012680532918529774,0.8504234837388744,1.6490828529898258,0.00023003290676136876,0.8477571784642208,1642,1645,,0.0001660705160960654
46077,231,1,0.003505898780188227,0.004229391847509997,-0.00422361910567659,-1.2646936831117728e-09,-0.007370697331435361,6.827444770230568e-07,1.7973627748665935e-06,0.00040325167580665465,0.8767315977721784,1642,1645,,0.009341466530403679
17743,231,1,0.003505898780188227,-0.001099846951334935,-0.0040502612105830504,-1.937502869253649e-08,-0.0011193025699491876,0.0021192744101109703,0.00016702309346390171,0.0007010554539914686,2.676963657836349,1642,1645,,0.00028742973939703624
75819,231,1,0.003505898780188227,0.0004881583626491304,-0.0013596870270797812,-1.5229726368914953e-09,-0.00020011892196958314,1.2683702328775744e-06,1.068416369749329e-06,0.0005320146252293573,1.575004631023509,1642,1645,,0.0014818599897802758
92980,231,1,0.003505898780188227,0.0004059396419777689,-0.0030099569116435188,-5.576066941515023e-09,-0.01032647142311749,3.1801484940635963e-06,3.431582955522839e-06,0.0002616093845226853,0.8990648165980206,1642,1645,,0.001587250894225856
84176,231,1,0.003505898780188227,0.04638316201522066,-0.008910403911934761,-8.842466758807177e-10,-0.00043120051670397785,1.0771167590513918e-06,6.374150940441079e-06,0.0006490140134977684,1.1088699275024758,1642,1645,,0.03000127746550843
86136,231,1,0.003505898780188227,-0.002309176168332941,-0.003049654318580064,-3.924674807365136e-09,-0.00018245175766229416,1.9222686055104382e-05,1.3101966483374972e-06,0.0006509975622824258,2.4455918651005213,1642,1645,,1.9161982626469086e-05
75346,231,1,0.003505898780188227,-0.003200584394255681,-0.00273644329331324,-1.3554071198740303e-09,-0.004103020325946449,0.5,,0.00038430575887628363,1.9390620520862503,1642,1645,,0.0
43481,231,1,0.003505898780188227,0.040178231059385006,-0.0029816289921094086,0.0007512808426811679,-2.4568084123099965e-05,0.1516710693899769,1.3084380250578578,0.0008608496334565127,1.7605542084203663,1642,1645,,0.019794328053142563
53197,231,1,0.003505898780188227,0.08008157593818213,-0.023773768038297893,0.00011503976835813834,-0.0009533419620695316,0.04418448169455827,0.4543486089928171,0.0011646521156013655,1.6108133697405893,1642,1645,,0.05845682166581503
11267,231,1,0.003505898780188227,0.02414580128551577,0.003984834021323769,0.0005097865941379176,-0.010258775617701499,0.16464897030359274,1.094743858511307,0.00013534010883098206,0.26542947925957816,1642,1645,,0.010063234542667348
76226,231,1,0.003505898780188227,0.014249300310022644,-0.009370442108206367,-1.885558376102381e-11,-0.0006778185157048089,2.462559907488867e-09,1.0573234177274652e-08,0.0009246057282143293,2.1216886808227784,1642,1645,,0.010545477772100152
59555,231,1,0.003505898780188227,0.0006476478564026454,0.00014422295849891853,-3.8183872952402e-08,-0.00013899896264368827,4.1393375119882884e-05,3.876925262201216e-05,-1.7149299191163335e-05,-0.046219530218985096,1642,1645,,0.0016128002043944813
17478,231,1,0.003505898780188227,0.0016185333599885007,-0.0054508028326207825,8.674435456901275e-05,-0.0019475512689723917,0.220408066037422,0.48350189327345616,0.0010557111517367462,2.892855956561841,1642,1645,,0.0018778742973939704
20512,231,1,0.003505898780188227,0.0019314667891823579,-0.0025253141613723606,0.00015813179717449888,-0.0001613339139614478,0.28601299124328183,0.7130551156294982,0.0006569061547836687,1.6124096725783115,1642,1645,,0.0033597342871742467
75649,231,1,0.003505898780188227,0.03735395608146662,-0.009087298049573533,-2.231869578039891e-09,-3.06254192543598e-05,3.5777031821875504e-07,1.6754094459778419e-06,0.0002651072526835427,0.4233556796399485,1642,1645,,0.030729432805314257
89946,231,1,0.003505898780188227,0.01914356377372431,-0.02401963775600091,-5.641201061834522e-09,-0.0038193049655577127,4.277844174011632e-06,2.3464909616230673e-05,0.000687001219187611,1.3584915930795802,1642,1645,,0.015281681144609094
92550,231,1,0.003505898780188227,-0.0024862340625380723,-0.005789619005709179,0.000511467462632087,-0.00490727055779594,0.7501299885455003,3.657866887981865,0.0009325362576234968,3.0323059412680364,1642,1645,,1.5968318855390903e-05
84042,231,1,0.003505898780188227,0.018334925772106807,-0.007644158062461992,-5.971265704118878e-10,-0.00028690836318712165,5.1253517857629844e-08,1.9361680273032271e-07,0.0008787294332515034,1.6537515802464484,1642,1645,,0.017185104752171693
83421,231,1,0.003505898780188227,0.055179811422711465,-0.03359226271184923,-5.552225346150408e-12,-0.004504733495816815,7.842557273745227e-10,6.923280880669429e-09,0.0007723120048759815,1.3520510015773308,1642,1645,,0.02605710270822688
64653,231,1,0.003505898780188227,0.006613103651406523,-0.006239426027988326,-2.1453949727856525e-12,-0.013204875828725982,3.5248405715019725e-10,7.977228137471384e-10,0.0006456819012797476,2.153364837871274,1642,1645,,0.0019002299437915176
40416,231,1,0.003505898780188227,0.094389015062667,-0.042617187041515736,0.0007895656854820521,0.0016136347264636974,0.09063239741866361,1.2521905940007678,-0.0006461663191987989,-0.8278316341235477,1642,1645,,0.06288962698007154
29867,231,1,0.003505898780188227,0.10179980674575956,-0.007199591269872574,1.291369284284194e-06,-0.00042075947357211874,0.004476477357649222,0.046207931274494664,-9.955437668460787e-05,-0.12003252072400568,1642,1645,,0.06827095043433827
90037,231,1,0.003505898780188227,0.008209220663674308,-0.0037374767321718405,-1.2030964002818223e-08,-0.0015144154343431637,2.615885580003509e-06,7.493602081204828e-06,0.0007543619744076076,1.7038493347889636,1642,1645,,0.004493484925907
77117,231,1,0.003505898780188227,0.1018266321904302,-0.03790315323439941,-9.450218385609332e-13,-0.003950123613652989,1.7106900397766093e-10,1.8568397317384468e-09,0.0008025124923838068,1.095166561361611,1642,1645,,0.06414154317833418
70578,231,1,0.003505898780188227,-0.0018636540753968912,-0.0032444174944632476,-1.5124568264468508e-11,-0.00022598840371657047,0.5,,0.0007061235393151478,2.377758660328851,1642,1645,,0.0
18973,231,1,0.003505898780188227,0.010261653946451085,0.00030382248914073706,0.0003435494100211267,-0.0025651394921799575,0.2258945672499867,0.9698688749906879,0.00028137045021684983,0.6275679019108149,1642,1645,,0.0063521972406745016
75401,231,1,0.003505898780188227,-0.0034689369596491463,-0.0021583338851494105,-8.489544622847234e-10,-0.002119375609606289,0.5,,0.00040385822848689856,2.1222914146929313,1642,1645,,0.0
90162,231,1,0.003505898780188227,0.13450097596674607,-0.053195979585708875,1.2508057326998667e-05,-0.004934377446575544,0.010155007662133479,0.14465184902508366,-0.00011655058299085733,-0.13230455841360608,1642,1645,,0.09151762902401635
79611,231,1,0.003505898780188227,0.08038382870546992,-0.020336803168658824,6.332990592838872e-05,-0.003643849973794744,0.039506356561112115,0.3358013625852888,0.0007456591312532828,1.0640479913213403,1642,1645,,0.0541421819110884
91977,231,1,0.003505898780188227,0.009188841208355149,-0.007574988161952456,-1.242026481662606e-10,-0.0005964855285329751,1.8382325473863953e-08,5.068484422563004e-08,0.0009254125533211681,2.0100072093724797,1642,1645,,0.007291134389371487
10516,231,1,0.003505898780188227,0.0011142766822597179,-0.0023122744533103923,0.0005159170192230444,-0.00013955405307664037,0.30441577349539695,1.3231731112398664,0.0003989622181596584,1.037049030072302,1642,1645,,0.0020567194685743484
25582,231,1,0.003505898780188227,-0.000460051930710705,-0.0015884893619424467,-5.7330584724013534e-11,-0.001844646153212226,7.045555791782292e-08,7.140882112034665e-08,0.0007320950639852699,2.0789821617037934,1642,1645,,0.0017022227899846703
63781,231,1,0.003505898780188227,0.10727718505083389,-0.09438448546190736,9.243097571176584e-05,-0.10134338657358088,0.021686331583611197,0.3973537037034712,0.00017857851175441,0.18804861970330672,1642,1645,,0.08708801737353092
79323,231,1,0.003505898780188227,0.0010807087688537716,-0.003920696309169358,-2.240883034687613e-10,-0.0016301170345136562,1.3504881039871387e-07,2.0073339960281997e-07,0.0007770712979890988,2.603393759305582,1642,1645,,0.0015106029637199797
79094,231,1,0.003505898780188227,0.028239178373226977,-0.0035431814030391084,-8.451461752656542e-12,-0.0017562030369324688,3.838913853552442e-09,1.9887384932502775e-08,0.0005194996953006942,0.9855776763814188,1642,1645,,0.019254598875830354
57904,231,1,0.003505898780188227,0.0076597661759501045,0.001426283977370546,1.4864260213132141e-05,-0.003814577500690808,0.043349202900879596,0.1630212986082645,0.0003946841699793091,1.0936557039946084,1642,1645,,0.0066747572815533986
11533,231,1,0.003505898780188227,0.01810996953088956,-0.016251741465301395,0.00010137032871893048,-0.0007709203002066456,0.07221673492804061,0.4396160614615988,0.001266565746257006,2.6858015180646,1642,1645,,0.012512774655084312
75381,231,1,0.003505898780188227,0.052482191276264016,-0.013837569064884425,0.0006794500859876873,-0.0007154399324722505,0.10993084275700757,1.1821221783445717,0.00040440381361987694,0.6899660922596691,1642,1645,,0.033460015329586104
88392,231,1,0.003505898780188227,0.018479716498530734,-0.006934934341578325,-2.6550761589305694e-11,-0.0013233872870546115,2.117192064542947e-08,8.846939406034663e-08,-1.7405240727781845e-05,-0.033990387553916375,1642,1645,,0.010682805314256517
91234,231,1,0.003505898780188227,0.06693290820427725,-0.02508903665345774,0.00039124832823944633,-0.00010557232564445407,0.0724233493846559,0.8628164175160291,0.0009737348951180822,1.53880076782275,1642,1645,,0.04864269289729178
90998,231,1,0.003505898780188227,-0.001330975266567278,-0.0028240805405128633,-1.3233858453531866e-13,-0.003397399320703265,0.5,,0.00041004021438832835,1.9852971349310435,1642,1645,,0.0
80401,231,1,0.003505898780188227,-0.001842777280149179,-0.002030289885543546,4.918622891658675e-05,-0.0020712486931617757,0.9311877893632615,4.151909747383259,0.0004994747104801455,1.855312360628576,1642,1645,,2.2355646397547266e-05
34948,231,1,0.003505898780188227,0.04106584870758567,-0.014679974039587318,0.00039637282272408925,-0.004837391618809583,0.10432881896882454,0.901041634428708,0.0008432215952872383,1.4530930651243537,1642,1645,,0.03220809913132345
15456,231,1,0.003505898780188227,0.007197383509494749,-0.0041334892861040196,-2.5685453763912847e-11,-0.008708160755900085,9.992148514568924e-09,2.6045238527635443e-08,0.0008046617915777944,1.7873789128350663,1642,1645,,0.006294711292795095
76804,231,1,0.003505898780188227,0.14593961574280537,-0.13988231890687808,0.00018030809820024363,-0.0003267117479073267,0.025260589774148277,0.5563048212121431,0.0010841491855820562,1.0263759432898854,1642,1645,,0.12244506898313746
84656,231,1,0.003505898780188227,0.01021100622715825,-0.003203730422832729,-2.9996138906085434e-10,-0.000765758738454636,4.437182091996143e-08,1.2697740008028213e-07,0.00043413650215013886,0.9821526681517728,1642,1645,,0.00907639243740419
84772,231,1,0.003505898780188227,0.16072685988352672,-0.06677372901380974,3.974134340722912e-06,-0.007105414227343454,0.0056348981572593585,0.08122382884889,-0.002228674354383012,-2.2382881503138687,1642,1645,,0.1231987736331119
40272,231,1,0.003505898780188227,-0.0007901655569051095,-0.002701978658960158,-4.562272315489224e-08,-1.4435200318185792e-05,0.0005809253735642311,0.00020270836860700688,0.0007028628884752994,2.1491534703998822,1642,1645,,0.000846320899335718
28310,231,1,0.003505898780188227,0.00050644891896003,-0.0018779299119047188,5.991793371462606e-06,-0.14579775758899105,0.12551403888159282,0.1133913712692731,0.0005537373907244139,1.7985499330877253,1642,1645,,0.0004982115482881962
83728,231,1,0.003505898780188227,-0.0008317848786307245,-0.0036559031831315814,-1.1962431045731137e-11,-0.0003208460844295047,0.5,,0.0005852925933658539,2.312944267706301,1642,1645,,0.0
89854,231,1,0.003505898780188227,0.0075872450224969525,-0.0008929419889533996,0.0009349647246565951,-0.002571922743626942,0.3282122691485365,1.8430006280266262,0.00021845654180042726,0.47718530764295786,1642,1645,,0.006901507409299949
34673,231,1,0.003505898780188227,0.08753101756668664,-0.034257491696535025,-4.353550853153365e-10,-0.0031636412809139536,6.902430028963376e-08,6.704946192660612e-07,0.0005947410114392201,0.7807948398869499,1642,1645,,0.07101430761369443
60442,231,1,0.003505898780188227,0.001799507283973172,-0.0033559863265435474,-5.444492412465252e-09,-0.004474144237713862,2.6276347356163354e-06,5.096062945657791e-06,0.0006421249226774462,1.809698868248646,1642,1645,,0.0023601175268267755
12503,231,1,0.003505898780188227,0.1277881901820065,-0.05378327699976104,-7.547296121401814e-13,-0.007371453628443714,9.916052770250996e-11,1.2488398858083341e-09,0.00016278549664851038,0.18169858811352851,1642,1645,,0.09314639754726621
25419,231,1,0.003505898780188227,0.01976636675022066,-0.005996193165554553,0.00029822764767140075,-0.0003530904996993378,0.14607097677562414,0.818486834783846,0.000741533553113561,1.49889881842158,1642,1645,,0.014486458865610627
84392,231,1,0.003505898780188227,0.003997171434568635,-0.008122607810744142,-2.935518494950884e-10,-0.001921102647266304,3.898223155976129e-08,6.783376600645464e-08,0.000671521023748577,1.9818749529564743,1642,1645,,0.0035130301481859994
91584,231,1,0.003505898780188227,0.10193042205026531,-0.02691245756223526,0.00038901176807681903,-0.02024447098132609,0.06781124200764159,0.8567642542380124,-1.883548484506273e-05,-0.023334141640747205,1642,1645,,0.07452733776188043
76573,231,1,0.003505898780188227,0.009087424532690853,-0.010559716692090548,-9.470202400052585e-13,-0.000867598083974741,7.11247520162597e-11,2.2599612326779314e-10,0.0006912589884216853,1.5992166463648876,1642,1645,,0.008795350025549311
89551,231,1,0.003505898780188227,-0.003441014421643969,-0.003921241507415463,-1.7763568394002505e-15,-0.00010642376927161301,0.5,,0.0005101800588168403,2.7518596200810506,1642,1645,,0.0
24459,231,1,0.003505898780188227,0.019168196883112637,-0.002559078290420569,0.00012158477625656694,-0.0024799230248586657,0.10310330579204492,0.4981257462980604,0.0001439550817578057,0.28511179496705197,1642,1645,,0.012931144609095554
78947,231,1,0.003505898780188227,0.0017334879725755467,-0.007233811764229436,-2.2650326059192594e-11,-0.0004260611391906366,4.979413454969054e-09,6.080682042669866e-09,0.0008664277879341535,2.896690504983622,1642,1645,,0.0012998211548288197
61188,231,1,0.003505898780188227,0.0025982640580172827,-0.004398052048327994,-2.641564744720881e-10,-2.255594201416855e-06,7.131353556370226e-08,8.980347880091985e-08,0.0005974747105422148,1.9772389624167928,1642,1645,,0.0014946346448645885
78854,231,1,0.003505898780188227,-0.00493354841427743,-0.0024418959879908275,-1.4052781160955874e-10,-0.0037306039617106546,0.5,,0.00034813252410868345,2.0229944767259282,1642,1645,,0.0
79770,231,1,0.003505898780188227,0.012524214420281066,-0.01817553292444929,-8.487366365272919e-11,-0.0011145472905471632,1.0956971089504553e-08,4.9820077735090794e-08,0.0005379207799930444,1.3088546712149558,1642,1645,,0.011225728155339804
14541,231,1,0.003505898780188227,0.0009052330326055242,-0.0019838356054422412,5.409711097048575e-05,-0.0007054980720011539,0.14633912171738364,0.3492013222350518,0.0003210347349177328,0.9633353294585884,1642,1645,,0.0019161982626469086
89051,231,1,0.003505898780188227,-0.005049721276054188,-0.0024848126175047724,-2.6674884523458786e-11,-0.001574966589864335,0.5,,0.00039527630298168186,2.245005174212564,1642,1645,,0.0
79238,231,1,0.003505898780188227,0.0072888677931436776,-0.012690948982241768,-7.251976796851523e-13,-0.006302728085603837,5.682597818306757e-11,1.7533936526448645e-10,0.0002330274223034718,0.7568362346709339,1642,1645,,0.0015648952478283086
81292,231,1,0.003505898780188227,0.003842507384564902,-0.0007264170267047287,0.0003553770300183112,0.0009598772878480766,0.3404353702195318,1.1580784974108853,0.0003468988562758605,0.8127684459253803,1642,1645,,0.003474706182933061
86563,231,1,0.003505898780188227,0.014727099627178932,-0.006197694764417561,-1.77935000067464e-10,-8.095618693082507e-05,3.606048125823712e-08,1.367195776865097e-07,0.00018081048141483895,0.3837620243468925,1642,1645,,0.016543178334184977
90552,231,1,0.003505898780188227,-0.00212832207616791,-0.001479596474966094,-6.3122707061324945e-09,-0.0070208205803325985,0.5,,0.00018596250344459547,1.3149370744767512,1642,1645,,0.0
88487,231,1,0.003505898780188227,0.00918561714959931,0.000811419524612722,4.614964104521224e-05,-0.004137792017652853,0.0846705209261756,0.30030587158456395,0.0004091090841907319,0.9473554933229658,1642,1645,,0.00893587123147675
87212,231,1,0.003505898780188227,0.009952504549849606,-0.001298102342282892,0.0008893727190566469,-0.0048936892547739586,0.282085514966783,1.6793761119665802,0.00036555570401131327,0.8062203400952468,1642,1645,,0.01128960143076137
58501,231,1,0.003505898780188227,0.04005574477654001,0.0012801867046768889,0.0005554584002290808,-0.0014252067051452322,0.140088390785803,1.1079759000586187,0.0008272399790557514,1.4962154938717653,1642,1645,,0.023198773633111906
81912,231,1,0.003505898780188227,-0.00021441898305089467,-0.001359094649010295,-1.7857093581596928e-10,-0.0059416830250351715,9.790868626827556e-08,8.800242064915484e-08,0.0002514229128577711,0.6951252301869589,1642,1645,,0.0021621103730199284
93174,231,1,0.003505898780188227,0.0038972164892448927,-0.007995808666750648,-2.2393731313741227e-08,-0.0012139113338998087,3.5983649363127788e-06,1.2211221352641802e-05,0.0008760871415499624,2.3269551669093027,1642,1645,,0.003426801226366888
21231,231,1,0.003505898780188227,-0.0020799180870686254,-0.003222004415317725,-3.5681901877637756e-11,-3.705316125257596e-06,5.29970104883341e-08,1.2563517720105615e-08,0.0007355472273002923,2.386395440052772,1642,1645,,4.790495656617271e-05
91114,231,1,0.003505898780188227,0.038986334255711616,-0.013473870568504243,-5.703171268578444e-11,-0.009150969904503148,9.970978033456402e-09,5.8354795732372115e-08,0.00039472943326319124,0.6396568589975056,1642,1645,,0.03183444047010731
72980,231,1,0.003505898780188227,0.012000360903987994,-0.007522072444080097,-9.07496300328603e-13,-0.0004082638460274346,1.8512117142860287e-10,5.871290618021753e-10,0.0010252778793418355,2.271632881028449,1642,1645,,0.008246039856923864
90927,231,1,0.003505898780188227,-0.0021362750903798564,-0.001052831801685139,8.719756624608888e-05,-0.005537100613158152,0.7242473298667437,1.3697082005567873,0.00028071968311384074,1.199716394440307,1642,1645,,9.580991313234543e-06
93175,231,1,0.003505898780188227,0.08964630140684286,-0.012558701866005606,1.2172599696880226e-05,-0.010111007433148966,0.015409250058375266,0.14344314660957877,0.0004634758528894581,0.6618809532351074,1642,1645,,0.059472406745017886
88668,231,1,0.003505898780188227,0.007786698366845758,-0.004155237933192613,-1.1230175900323047e-08,-0.0024124592733358874,2.600993845886185e-06,7.222683058485712e-06,0.0005242772711414389,1.4559230398596472,1642,1645,,0.003832396525293817
83834,231,1,0.003505898780188227,0.22585219630110512,-0.06722514310644767,0.0013923546778605855,0.0025270379631093798,0.07634698001240701,1.637658386636052,0.00043371872523787186,0.3568797755629939,1642,1645,,0.17518203883495148
68187,231,1,0.003505898780188227,0.009018944290463697,-0.012252825182671678,-6.668932073239375e-11,-0.006734731383685855,5.955300135828171e-09,2.024509051100972e-08,0.00043209689213945685,1.2723959471976989,1642,1645,,0.0031489524782830863
85604,231,1,0.003505898780188227,0.003580754512391544,-0.007933220970798072,-2.382305019921205e-09,-2.46558797130092e-05,4.4221529291697814e-07,7.420636843757857e-07,0.0006316002437873693,1.8784358688382226,1642,1645,,0.002414409810935105
75650,231,1,0.003505898780188227,0.03157018617183406,0.0027215314785415945,0.0018293199017300754,0.0008820646237077678,0.24600714871194335,2.301244405022477,0.000669540454522351,1.3661541206416918,1642,1645,,0.019985947879407256
80682,231,1,0.003505898780188227,0.026139039843492647,-0.015154741319838294,0.000505726861088962,-0.009230217488777503,0.12351531333448439,1.0424044496076996,-0.00047025794802717203,-0.9283576600706125,1642,1645,,0.014611011752682677
91975,231,1,0.003505898780188227,0.008195840384829702,8.87323310624355e-05,0.0007001813268542323,-0.004434335444672088,0.3416258231561461,1.625080609097102,0.0002922569065414096,0.5767684814984368,1642,1645,,0.00804164537557486
69980,231,1,0.003505898780188227,-0.0035818242267883172,-0.0025772851018988074,0.0002377366805234038,-0.00521765470745561,0.7862387475200057,2.9274688422106374,0.0004950658134682969,1.7290036493961196,1642,1645,,0.00019481349003576902
79646,231,1,0.003505898780188227,-0.0011906737378791167,-0.002461180499491178,-1.2881584687818304e-10,-2.8131387110885697e-06,1.3551484698498886e-07,4.119630003149047e-08,0.0003549932967703282,1.165323171095242,1642,1645,,0.000530148185998978
90120,231,1,0.003505898780188227,0.03827678944711712,-0.03100827075089141,0.0006421309827412403,-0.005943093395175181,0.11373714527249026,1.1566149303891209,0.0008499334722970537,1.5312678694484605,1642,1645,,0.030378129790495655
18438,231,1,0.003505898780188227,0.03166141717219702,-0.007774906988501362,0.00012081259756802076,-0.0005528937146404012,0.07741576259562699,0.4828017846551691,0.00021449567392012333,0.371080856977441,1642,1645,,0.02132728666326009
25081,231,1,0.003505898780188227,0.009431730925847781,-0.003742398494740895,-3.001587867146327e-10,-0.014194694568468114,2.2249703729299562e-07,7.138691309457944e-07,0.0005587708712997887,1.2659792903548734,1642,1645,,0.009826903423607562
91655,231,1,0.003505898780188227,0.11478024523227562,-0.03292405532908527,0.000184784524358661,0.0003065980302756621,0.04609298848708756,0.5764914154455387,0.00028643138473042544,0.3276171836155115,1642,1645,,0.08620017884517119
84083,231,1,0.003505898780188227,0.14604539262563845,-0.06341104399996778,-2.873346005571875e-10,-0.0008144858845926528,2.2290831494941753e-08,2.9624578910287495e-07,-0.00044034734952187244,-0.4549000237443982,1642,1645,,0.11090316811446091
89855,231,1,0.003505898780188227,-0.002854189426041964,-0.0004433753065107293,-5.759259735782507e-11,-0.001644858946772132,0.5,,6.872019538314096e-05,0.5759209374967599,1642,1645,,0.0
92611,231,1,0.003505898780188227,0.005413583817388235,-0.00381187740243516,0.00033550426060402483,-0.0008974001082735494,0.2062451440455573,0.9344265352974461,0.001170865155385958,3.306647352149832,1642,1645,,0.002261113949923352
56856,231,1,0.003505898780188227,0.008622612129424355,-0.010164945104119472,-1.3989878144826662e-09,-0.002291631119091919,2.4146980678158535e-07,1.0716251538020075e-06,0.00014321267564020506,0.41459370205046475,1642,1645,,0.004365738375063873
59774,231,1,0.003505898780188227,0.054774708648653636,-0.0036467069215591064,0.00026373503003374044,-0.0005798514086681195,0.0680483770169938,0.7032801725165737,0.0014421898805601473,2.24852127191394,1642,1645,,0.0393012263668881
85440,231,1,0.003505898780188227,0.05850231346646339,-0.022122941687054754,0.0010276383427220148,-0.0004603125684436993,0.127990713052619,1.4911831038326926,0.0003427075469331814,0.5037857194438697,1642,1645,,0.049801992846193154
86117,231,1,0.003505898780188227,-0.0046110277097744234,-0.0013097807202115952,-9.322564942237932e-11,-0.007065821396359029,0.5,,0.0002655317002403451,1.162797111779535,1642,1645,,0.0
58334,231,1,0.003505898780188227,-0.00041134321358089456,-0.000307441537336528,-4.497966443750556e-10,-0.0011498598651611402,3.357706941850818e-07,2.7658312276221377e-07,0.00035738391224831873,1.3040454974531832,1642,1645,,0.0007121870209504343
91979,231,1,0.003505898780188227,0.07721258499034607,-0.011164078324294113,0.0008200658493620061,-0.00964639364722042,0.11078130523659721,1.3053987667889455,0.0005767778122427519,0.7685101533928642,1642,1645,,0.06186765457332652
80113,231,1,0.003505898780188227,0.061554148629768296,-0.01938270443231671,-2.364461959558639e-10,-0.0009666596300976771,1.1168557371910492e-07,9.419122466478237e-07,-0.00028340767994134407,-0.3384954678625228,1642,1645,,0.04947623914154318
76515,231,1,0.003505898780188227,-0.0006080990259862728,-0.0008180623677798149,-9.272360657064382e-12,-0.011290347184687466,7.220807690438893e-09,8.373384361690463e-09,0.000117875685558149,0.31638057924331275,1642,1645,,0.001341338783852836
83233,231,1,0.003505898780188227,0.009500194098193908,0.00017420276836255244,-1.1305201219613537e-10,-0.018190904241648598,1.761064798782929e-07,5.69035263665873e-07,0.0002578232784436144,0.5328596424686416,1642,1645,,0.009437276443536025
90346,231,1,0.003505898780188227,0.03317526769927757,-0.011033241697113727,-5.730454999408607e-09,-0.0008125822978592989,4.190237845106944e-07,1.8855679392007998e-06,0.0003767020111285566,0.6454092458050174,1642,1645,,0.028647164026571286
80054,231,1,0.003505898780188227,0.05449074711379492,-0.018425757783938845,0.0006980029162824142,-0.007791088656176504,0.11343101233805034,1.2087247939496562,0.00048571994944190044,0.8383403618026954,1642,1645,,0.03259453244762392
93104,231,1,0.003505898780188227,-0.005518137523702816,-0.002741042782875791,-7.772167354147541e-10,-0.006258318919216688,0.5,,0.0003515899896771882,2.10177602605306,1642,1645,,0.0
79915,231,1,0.003505898780188227,0.07183153358867801,-0.009319417904189331,0.0008267736068384712,0.001700684668853869,0.13259419846281334,1.3417983974089807,-0.00019979386378472146,-0.2983057824607596,1642,1645,,0.04865546755237608
76119,231,1,0.003505898780188227,-0.0018693276326941376,-0.0010096991505421649,3.1485320815094475e-05,-0.006232715560966273,0.3408323524572698,0.3442586258829749,0.0003809884216940889,1.483525495040666,1642,1645,,0.00016926417986714358
89184,231,1,0.003505898780188227,-0.0009801069919521538,-0.0009536470964590649,-8.266864970352117e-10,-0.0010894456601586722,0.5,,0.00014710237219521204,1.0563179864784258,1642,1645,,0.0
24766,231,1,0.003505898780188227,-0.0026893068910830782,-0.007603230890181001,-1.2253309478182928e-11,-5.495837902080858e-05,2.447164027504292e-07,3.934411671186405e-09,0.001063539304023583,3.6780818851278894,1642,1645,,6.387327542156361e-06
91854,231,1,0.003505898780188227,0.013332588930487024,-0.005327548721895781,0.00021863508858699365,-0.0006452882284087025,0.14988169013425948,0.7043667058506513,0.0003144472557437309,0.6635737649582742,1642,1645,,0.01150038323965253
85442,231,1,0.003505898780188227,0.0004555072843448501,-0.0035400083626138112,1.0627129508278266e-05,-0.0013649502224140075,0.1419128145623558,0.15397993416845038,0.0008980349490630311,2.324842564985355,1642,1645,,0.001181655595298927
43123,231,1,0.003505898780188227,0.10624738580050896,-0.0346918800266276,2.442802053526094e-06,-0.001414999422961749,0.005681111199002688,0.06377947121789972,-0.00014522143867374402,-0.18155924464556775,1642,1645,,0.07629343382728666
91426,231,1,0.003505898780188227,0.014603333637070743,-0.008286204830557864,6.0013177131668094e-05,-0.0006207242106985866,0.07363313625893042,0.3377575408731271,0.0008070747563032593,1.7002020490136973,1642,1645,,0.011912365866121613
93065,231,1,0.003505898780188227,0.0362492240904814,-0.015982642528363566,-1.229139012792757e-10,-0.0013090278500345054,2.6815733088718765e-08,1.4540474931925025e-07,0.0005945752590162624,0.9828176074487264,1642,1645,,0.025392820643842618
91040,231,1,0.003505898780188227,0.23875305960326243,-0.21956269298747588,6.915391248740743e-05,-0.0022530609967192916,0.012739469456694541,0.3405182307110676,-0.0012349899697654,-0.7833610032068832,1642,1645,,0.19874808380173734
47730,231,1,0.003505898780188227,0.012337892866089908,-0.0006567483134163332,9.233586158230445e-06,-0.0032573082095201933,0.026805695606943982,0.12630484997667243,0.0004806248195118173,1.279491196998343,1642,1645,,0.005486714358712315
84026,231,1,0.003505898780188227,0.10883881385592259,-0.05461721882223647,-8.610223645177939e-12,-0.001085418693373752,5.73153322268045e-10,7.329611652335081e-09,0.000607953077393116,0.8159719192234733,1642,1645,,0.05731987736331119
27828,231,1,0.003505898780188227,0.017424385973725535,-0.0031117013592616427,0.00013569478659858358,-0.01010979760932984,0.11459271878807485,0.5325500011917105,0.00023268751667731007,0.4488868323437948,1642,1645,,0.014195835462442513
77157,231,1,0.003505898780188227,0.015813112124210466,-0.010024782453405878,-2.7123281398644394e-10,-0.009233484201443876,2.9600614632067424e-08,1.5195888977405406e-07,7.200548446792903e-05,0.13790442385167745,1642,1645,,0.014719596320899335
65330,231,1,0.003505898780188227,0.009294932660067043,0.0020000000683506602,-8.084994895796171e-09,-0.0009599404985243254,6.764629021519366e-06,2.4456588918227353e-05,0.00027203412302839166,0.5831630465431242,1642,1645,,0.010353857945835463
66835,231,1,0.003505898780188227,0.005205899627526668,-0.001808049591617067,0.0004775503791791813,-0.009942203946809558,0.31944152203235227,1.3007179265649822,0.00046186455769003606,1.063643741875451,1642,1645,,0.005962570260602964
78089,231,1,0.003505898780188227,0.003764076789506234,-0.006017765561389332,-9.297848713174517e-09,-0.005037154477042671,1.4685437202623022e-06,2.8662960648233263e-06,0.0003695600244066738,1.1237271733992975,1642,1645,,0.0024080224833929486
75443,231,1,0.003505898780188227,-0.005766479830064534,-0.0019087265474257986,-9.124700994789237e-12,-0.007128503033839939,0.5,,0.0002531398222078525,1.2877849232330112,1642,1645,,0.0
89475,231,1,0.003505898780188227,0.00037107384988719776,0.0005256156486727059,-2.6629809468659005e-12,-0.000518283210892978,1.9877991870126356e-09,2.243154136898205e-09,0.00051798781230954,1.3824521800720462,1642,1645,,0.0018587123147675013
22509,231,1,0.003505898780188227,-0.0019140907888578452,-0.0040418180054668795,-2.2003066035836127e-10,-0.002413253755118694,8.560187332392775e-07,5.470334734170031e-07,0.0007755411334551393,2.1970747041377425,1642,1645,,0.000795222278998467
14816,231,1,0.003505898780188227,-0.00039400630949006814,-0.0012911458480002747,-3.616977273246391e-08,-2.46434512445326e-05,0.00014398075322496692,7.807312534461047e-05,0.00037825167580743445,1.175043467781541,1642,1645,,0.0005109862033725089
89728,231,1,0.003505898780188227,0.0020764412469845947,0.0012196887883575425,-4.293743138816808e-11,-0.0027881945605077174,6.332907705121522e-08,9.091856810407416e-08,0.000459823887873235,1.116055307697117,1642,1645,,0.003445963208993357
90850,231,1,0.003505898780188227,0.0030810714063746283,0.0003249384974518543,1.0154298624165392e-08,-0.015827659993463028,0.0034745434319886017,0.005965843608112353,0.0005699742288747178,1.3004230314474319,1642,1645,,0.00459887583035258
67774,231,1,0.003505898780188227,-0.0019695264128723206,-0.00033657655642627127,0.0011574747513564132,-0.05197356419839072,0.6474980517938254,3.9083975123721406,0.0003753650213086133,1.1892319367470574,1642,1645,,0.000565278487480838
85789,231,1,0.003505898780188227,0.015601228187403534,-0.005392402239004168,0.00023717543788037698,-0.0025410474357974167,0.10915268078209278,0.6997299267200279,0.0006361676911647295,1.3260574456418144,1642,1645,,0.014135155850792027
78045,231,1,0.003505898780188227,0.010356107121460062,-0.00770971205742943,-1.8102197518743424e-09,-3.500264897748906e-05,1.9709966408965572e-07,7.01082484250952e-07,0.0006047050579075149,1.2974614304427055,1642,1645,,0.010440086867654574
75416,231,1,0.003505898780188227,0.009551430089358836,-0.007252894769288254,-1.980476005414289e-09,-0.006880212294706922,7.063480613854348e-07,2.29066765726664e-06,0.0003571663620096234,1.0028780629878822,1642,1645,,0.006473556463975473
89598,231,1,0.003505898780188227,-0.0028137496692871174,-0.0035726166159610884,-1.13509202037676e-12,-0.00014279329539435004,0.5,,0.00046532791884784826,2.3720152550619438,1642,1645,,0.0
83366,231,1,0.003505898780188227,0.13958980254755005,-0.0650083259506331,-3.109510426924089e-10,-0.0009248220276434349,2.380888197330694e-08,3.2110541502492885e-07,-0.0007967836684307453,-0.8002986322683954,1642,1645,,0.10618293306080735
89731,231,1,0.003505898780188227,0.032168735549921355,-0.005037576192910231,0.001966053866767181,0.000535266271468271,0.2473966085419116,2.3880983282531276,0.0009202962346839278,1.7317343841411363,1642,1645,,0.024051481859989777
85081,231,1,0.003505898780188227,0.0652968395425338,-0.024262296801748295,9.223616059483852e-06,-0.0012293937256826482,0.010848152109160928,0.12405828068588937,0.0007759129817869749,1.2014018634281323,1642,1645,,0.046132473173224324
80774,231,1,0.003505898780188227,0.024413543652780933,-0.018370285361756222,0.001632388169140575,-0.011828187723017747,0.14836117566740284,1.9229125920477301,0.0008882656957114222,1.762002777699907,1642,1645,,0.015013413387838528
79360,231,1,0.003505898780188227,-0.006174654470970875,-0.0013731846499904776,-2.2395485466120135e-10,-0.003201677792824764,0.5,,0.0002756676173810281,1.666698485425834,1642,1645,,0.0
89876,231,1,0.003505898780188227,0.003778388398921914,-0.006489361898283974,-8.871681167477163e-11,-0.008217305348980686,2.395837148116975e-08,4.931266523768413e-08,0.0008150432663009558,2.0131670320825212,1642,1645,,0.004736203372508942
77073,231,1,0.003505898780188227,-0.003912102650349409,-0.000752111770015107,-4.2249914677938705e-10,-0.0005504573710777283,0.5,,0.0001864392962638213,1.0979318918441867,1642,1645,,0.0
91938,231,1,0.003505898780188227,-0.005729714185486928,1.4959382127477383e-06,0.0004799093579707092,-0.007129803283041358,0.9209079517986467,11.222137441454146,-1.4948811700182728e-05,-0.059053463581939414,1642,1645,,0.00014690853346959633
77131,231,1,0.003505898780188227,-0.00497148004357873,-0.001746176159666435,-7.279210567645578e-10,-0.0006045487904651203,0.5,,0.000308427462174605,1.8838062820305332,1642,1645,,0.0
91461,231,1,0.003505898780188227,0.015445076441497337,-0.013355283345745761,-1.6931789303953337e-11,-8.391063319534986e-05,1.6919251673378757e-09,8.20670177506464e-09,0.0002726526508227006,0.6791621923616834,1642,1645,,0.0049278231987736325
12650,231,1,0.003505898780188227,0.009612962749934562,-0.0015912384200211793,0.00017036136131765023,-0.00039968904804776884,0.14418445522732246,0.6176782854380939,0.0006845721189833261,1.4693767448472554,1642,1645,,0.009022100153295862
87267,231,1,0.003505898780188227,0.007593111581372861,0.0010412649831232912,5.36662041954461e-05,-0.00016306052491477097,0.08882484983137301,0.3252089063028659,0.0007264173269357073,1.8422309582135867,1642,1645,,0.004726622381195708
75331,231,1,0.003505898780188227,-0.001966916970839469,-0.0023618787526071827,-5.154763282888553e-10,-0.0014167139470817602,0.5,,0.00020193203068303618,1.6422975894940777,1642,1645,,0.0
86486,231,1,0.003505898780188227,-0.0030222837995070658,-0.00273970365738907,-1.5842340772564967e-09,-0.0004957903908180405,0.5,,0.00025385450418640365,1.9699071187990989,1642,1645,,0.0
91656,231,1,0.003505898780188227,0.07544117788918529,-0.08313339977141809,0.007212475981389965,-0.0377942286698052,0.14323690197658723,4.025188160995373,-0.0004300714757290508,-0.4886554579430853,1642,1645,,0.06076903423607563
84576,231,1,0.003505898780188227,0.08276180042889204,-0.019517158583354455,-6.225599369358292e-09,-8.500486300277998e-05,1.524710812657792e-06,1.383789057302985e-05,0.0005463376041387858,0.7535004428714402,1642,1645,,0.0602612416964742
77501,231,1,0.003505898780188227,0.0552215262482187,-0.01762957313029223,9.981196308106455e-05,-0.0006084921479510008,0.04670721506463511,0.4245325141302229,0.000497370371698195,0.7630796990662229,1642,1645,,0.04250127746550843
59396,231,1,0.003505898780188227,0.003311493323484958,-0.0034118146286477025,-1.4833378969569821e-09,-4.1907887971870394e-05,4.563084597030082e-07,1.0045464302432729e-06,0.0005444223034643597,1.459800039212765,1642,1645,,0.0035289984670413897
78061,231,1,0.003505898780188227,-0.005414316037576795,-0.0022148082368329547,-2.837241552811065e-11,-0.002164981165321711,0.5,,0.00031188371077276134,1.976816250403689,1642,1645,,0.0
89708,231,1,0.003505898780188227,-0.002701525730533978,-0.004350737358308265,-2.3434409968103864e-10,-0.00036988743977928173,0.5,,0.0004973351546935931,2.4914621175875418,1642,1645,,0.0
82694,231,1,0.003505898780188227,0.005156703209492899,-0.000504782197628284,1.77625520706437e-05,-0.0016583048731160233,0.07666076552404154,0.1847799824350178,0.0006429085923217553,1.5854958495209681,1642,1645,,0.005541006642820644
90630,231,1,0.003505898780188227,0.07879151383064774,-0.022542008207490083,0.0012853604135697472,-0.02553459509362499,0.10276118342649876,1.6185385336259972,-0.00014210984430523718,-0.1732627533573672,1642,1645,,0.06244570771589167
80303,231,1,0.003505898780188227,0.17519006513191246,-0.03796651200069734,0.0011219245962443836,-0.008613703413599794,0.09502497785181462,1.498696952277507,0.00026325054246045744,0.2681003244569293,1642,1645,,0.13023441492079713
60628,231,1,0.003505898780188227,0.0009174731985104749,-0.003540193196586605,-2.077316096915638e-11,-0.00461119800063492,2.768396991410392e-08,4.0475102067519666e-08,0.0006438372943326787,1.7800946619165507,1642,1645,,0.0017149974450689832
89839,231,1,0.003505898780188227,-0.001132565134320779,-0.0015232538344478463,-3.572742102164739e-11,-0.0024891006920193526,0.5,,0.000259099527902077,1.7535380818793393,1642,1645,,0.0
27975,231,1,0.003505898780188227,0.10396232844392438,-0.05031491170984026,0.00015655513002865717,-0.01140120579002546,0.035623287892555096,0.5252986880058469,0.00013138335400508555,0.16415242466773275,1642,1645,,0.07528104241185488
23579,231,1,0.003505898780188227,0.02182964287624746,-0.01188601225254815,-4.757616522965691e-11,-0.0017679394659226855,2.86104010517325e-08,1.3847698156261854e-07,0.0006138324192122985,1.2581252208177494,1642,1645,,0.01583099131323454
76274,231,1,0.003505898780188227,0.05650440931837541,-0.022567431200313903,0.00018763770676788472,0.0005188627486867325,0.07296482129488403,0.5983902063123006,0.0011960352426599442,1.785992024985628,1642,1645,,0.04921755237608585
85918,231,1,0.003505898780188227,-0.005944191803349592,-0.0021773407989786886,-4.3588688214413196e-10,-0.0012405671534985174,0.5,,0.00031104915289981925,2.1080512295204943,1642,1645,,0.0
89808,231,1,0.003505898780188227,-0.0016948932911644964,-0.004834939186418419,-9.739776363204555e-08,-0.0002413641604126493,0.005073107573142319,0.0006697326273004601,0.0005201748933577089,2.407740013978101,1642,1645,,0.00037046499744506896
34817,231,1,0.003505898780188227,0.00045915878615251097,-0.0015920784432235102,-5.510933487329339e-09,-0.0018345022970349678,5.550568336477706e-06,4.668296443661843e-06,0.00043611578294263883,1.0528502782313036,1642,1645,,0.0022515329586101176
92951,231,1,0.003505898780188227,-0.00027549550551642397,-0.0014768073423190309,-5.465483621236444e-10,-0.013206160589170235,1.5290245920416244e-07,1.9694233032441992e-07,0.00044283180987284427,1.282477774929913,1642,1645,,0.00247508942258559
42286,231,1,0.003505898780188227,0.00350121405563735,0.00016038085859360063,-1.1785818987419816e-09,-0.0029645361497228073,7.163526037151039e-07,1.1476162772619603e-06,0.0005400609384940855,1.1557013675340422,1642,1645,,0.005946601941747572
90607,231,1,0.003505898780188227,-0.00031100392675520737,-0.0038747366710920605,-1.5983769863225916e-10,-0.0005423195274727455,2.4917007437425193e-07,2.3675367349666868e-07,0.000700893967093212,2.140388677191966,1642,1645,,0.0007185743484925907
72996,231,1,0.003505898780188227,0.018048359059183353,-0.014139942628058177,-2.851052727237402e-13,-0.004021291255247528,2.812777764068901e-11,1.216706292343562e-10,0.0002803235831809784,0.5421112061817426,1642,1645,,0.014633367399080225
53065,231,1,0.003505898780188227,0.018928542048034354,-0.021036257723267227,-2.101081975069974e-09,-0.00022543835688293434,2.3083436289996775e-07,1.2827636613397416e-06,0.0007728964050144875,1.6728196687718273,1642,1645,,0.015652146142054166
91106,231,1,0.003505898780188227,-0.004619423085100393,-0.002556798618210232,-4.281128784811017e-10,-0.0006323033615802665,0.5,,0.00038192202875634527,2.2240751448338694,1642,1645,,0.0
84769,231,1,0.003505898780188227,0.008136643026746774,-0.002598081452716672,-7.67232721798905e-10,-0.000556085209109991,3.971136340113427e-07,1.03983466066499e-06,0.0007653656307137211,2.121064115393552,1642,1645,,0.0042667347981604495
89704,231,1,0.003505898780188227,0.008790161037912726,-0.008728385924750004,-2.3381296898605797e-12,-0.00046888225661212424,3.567739604250675e-10,8.384409338160803e-10,0.0008684076782448252,2.1817340595068297,1642,1645,,0.006173352069494124
75367,231,1,0.003505898780188227,-0.0032136937160320814,-0.0022224763360962907,-1.2073764210640547e-10,-0.00879590999398494,0.5,,0.00034467439231397037,2.13813038159653,1642,1645,,0.0
76592,231,1,0.003505898780188227,-0.0021992471549479235,-0.0017344362515248068,-1.906725888289884e-10,-5.57410861734553e-06,0.5,,0.00047730743554011873,1.6617164270917573,1642,1645,,0.0
30940,231,1,0.003505898780188227,0.011992940596289392,-0.006589132940731712,-7.367439991412539e-12,-9.239479969336273e-06,3.184652945125338e-09,1.1397576566615637e-08,0.0003122492382697291,0.6844783350603239,1642,1645,,0.00990035769034236
91692,231,1,0.003505898780188227,0.041024089665139034,-0.01593911815161997,-4.1808778661334145e-12,-0.00026503246329845354,2.546579004476633e-10,1.490921868526521e-09,0.0012676020719073013,2.178267619776114,1642,1645,,0.02931463975472662
10375,231,1,0.003505898780188227,0.009612359009411433,-0.0025601972733648726,9.178166266221588e-06,-0.002503524956781522,0.02923514584010447,0.12623418377469067,0.0002943606977936527,0.6568898707766198,1642,1645,,0.008578180889115994
90307,231,1,0.003505898780188227,0.0281591286280154,-0.0076937683344029395,0.000180190925263779,-0.009355325777278933,0.06894619149468136,0.5828331459485586,0.00026656765154418373,0.5933572580524453,1642,1645,,0.01755556974961676
90434,231,1,0.003505898780188227,-0.005960064094750126,-0.0008777541808380196,-7.09666547749066e-10,-0.00979410096826161,0.5,,0.000182147808014113,0.9693671490733112,1642,1645,,0.0
88612,231,1,0.003505898780188227,0.01800400699947161,-0.006925761032331446,-1.2796941284420882e-09,-0.0013809122617640668,4.6187004198788503e-07,1.4607061247788068e-06,0.00019823217512406036,0.4174475441181947,1642,1645,,0.012065661727133366
84172,231,1,0.003505898780188227,0.0663267556195385,-0.021663964514521794,-1.4053054053775327e-08,-0.004926037693631091,1.4678288735704681e-05,0.00011247027187930745,0.000951063986060569,1.3450450183937155,1642,1645,,0.04957204905467552
89540,231,1,0.003505898780188227,0.00921372213200879,-0.0058275555889517605,-4.043654300289745e-12,-0.0010604496667399044,7.099921258213264e-10,1.5925562149310947e-09,0.0002878330286411353,0.6031407760795445,1642,1645,,0.008048032703117016
79057,231,1,0.003505898780188227,0.002257369696084628,-0.001959487737109189,-2.019765021898934e-09,-4.36007764426094e-05,3.769930038632625e-06,5.835095225111047e-06,0.0006717659963444034,2.4295746243053915,1642,1645,,0.0008750638732754216
80683,231,1,0.003505898780188227,0.03349912863800435,-0.03832978773933937,-1.2919221248353097e-09,-1.5720467150259765e-06,5.273597402151865e-08,4.528483040985078e-07,0.0009767818402530307,2.227272349252792,1642,1645,,0.02159555442003066
52679,231,1,0.003505898780188227,-0.005205148840863861,-0.0014452753739344626,-5.186346907493089e-10,-0.007771420783393657,0.5,,0.000305566877285203,1.346883614680329,1642,1645,,0.0
77078,231,1,0.003505898780188227,0.0015281937889905896,-0.0015766188894814626,-4.689182375727796e-10,-0.0003394070226701018,6.395401083637733e-07,1.0550680667756415e-06,0.0003097410115772398,0.7970825548425364,1642,1645,,0.00215891670924885
79891,231,1,0.003505898780188227,-0.003017195420386627,-0.0001627729114790366,-1.9128217454422725e-08,-0.01769583271831543,0.00011970739011771259,2.7634191588007056e-05,0.00010235161487376727,0.37640298724500515,1642,1645,,0.0001341338783852836
24109,231,1,0.003505898780188227,-0.0012387198538145754,-0.0031044624561136214,-4.485698257283843e-09,-0.0006842885024340717,0.5,,0.0006197751883584953,2.429873109620892,1642,1645,,0.0
85939,231,1,0.003505898780188227,0.013822020453730072,-0.0035657201737995248,-1.2293753126613183e-08,-0.00011701807469233216,9.263965457377262e-06,2.3735654808339474e-05,0.0001439280972813711,0.2842946470953284,1642,1645,,0.012263668880940213
89179,231,1,0.003505898780188227,0.0004345409746412621,-0.0023891432144100833,0.0005455805229775956,-0.0018284503469876423,0.44130988938540344,1.6926950430543324,0.0009093068088671048,2.3723539303503336,1642,1645,,0.002241951967296883
90160,231,1,0.003505898780188227,-0.003134873433977204,-0.0018047176033701984,-5.647282641518814e-11,-0.0016849015278141977,0.5,,0.00024706089505688046,1.327306773637065,1642,1645,,0.0
68830,231,1,0.003505898780188227,0.06914220942755024,-0.041039163094006126,-7.969411797148496e-10,-0.0005338077865308932,3.28888354196561e-08,2.7510819609128384e-07,0.0014702760512172314,2.168880291377989,1642,1645,,0.05079202861522739
75313,231,1,0.003505898780188227,-0.0015422191613154992,-0.0005873074196689476,-6.512568262451168e-13,-0.005654774029859588,0.5,,0.00015472668005099698,0.8716071400444582,1642,1645,,0.0
88495,231,1,0.003505898780188227,0.04537298908978738,-0.020184560418566422,-1.4421994709579167e-09,-0.0038409419955793833,1.984284650815302e-07,1.4697887575439498e-06,0.00029822303511871736,0.49919224389268935,1642,1645,,0.03402848748083802
92188,231,1,0.003505898780188227,0.019836559526973503,-0.014947861994926814,-8.030465181718682e-12,-0.00022057856227020167,1.5368359305866126e-09,8.07982819868344e-09,0.0006610895795250858,1.3464490722192068,1642,1645,,0.017280914665304035
75475,231,1,0.003505898780188227,-0.004886146048596359,-0.003167626414769087,-7.864773277077575e-10,-0.006353125327950293,0.5,,0.0003141486310439059,1.9184001233038657,1642,1645,,0.0
21055,231,1,0.003505898780188227,0.03237276016861988,-0.011919287710366655,0.0005934276087566914,-0.004032098297839459,0.1506063299649735,1.161488362233708,0.00023945406450225426,0.4135061035343677,1642,1645,,0.021534874808380174
59628,231,1,0.003505898780188227,0.032803371265505955,-0.013696554067896827,0.00042926084459904423,-1.2243075508955314e-07,0.09697251771004776,0.9293112332599573,0.0005828696470844349,1.4890422459693602,1642,1645,,0.006607690342360756
87540,231,1,0.003505898780188227,0.05238306153183252,-0.013428049484439208,0.002488669523868725,-0.011342876547102199,0.2474804887166237,2.6877749473013233,0.00040398687233078926,0.6078513510315865,1642,1645,,0.03583290751149719
90839,231,1,0.003505898780188227,-0.002272891110339373,-0.0013157421002378822,-2.3678292659923272e-09,-0.00478276300489533,2.593084850449536e-06,1.9912364821591466e-06,0.0005410792199511944,1.926565429131081,1642,1645,,0.0006483137455288707
85421,231,1,0.003505898780188227,-0.001603606072066199,-0.00023252185398781045,-1.4250025826001433e-08,-0.0008418042837308182,0.0013080251189702997,0.00018641794953637672,0.00027037233394604194,0.8216568938760979,1642,1645,,0.0002682677567705672
85172,231,1,0.003505898780188227,0.04103056542729096,-0.012431021418510602,0.0004792529256172351,-8.026768051672128e-05,0.10317730677020767,0.9861309204817189,0.0003518951592457424,0.5991750960307574,1642,1645,,0.033083163004598876
91065,231,1,0.003505898780188227,0.019612333837094358,0.001905357477771763,0.0002503341707862372,-0.005779333353516991,0.1313615592224884,0.7366061359057811,0.0008164662944865627,1.4433812301825193,1642,1645,,0.0201552120592744
77763,231,1,0.003505898780188227,0.0823811789154833,-0.020151828562176455,8.801687007886638e-05,-0.02479195834030512,0.03875854140520764,0.3951115635075946,-0.00023101087421685158,-0.30052080041300694,1642,1645,,0.06153551354113439
91456,231,1,0.003505898780188227,0.005454849678785289,0.0032004409749438745,0.006053505223624689,0.019854358806799977,0.556905537515786,7.145909829144316,0.0004791504715271767,1.1057770411904566,1642,1645,,0.005889115993868166
90569,231,1,0.003505898780188227,0.014014029065688363,-0.00699340466642151,-1.1940081146022408e-08,-0.0006426920622482069,1.7104568236647614e-06,5.90461036517473e-06,0.0006802949422875695,1.43912985218432,1642,1645,,0.010143076136944302
91525,231,1,0.003505898780188227,0.007913745607763442,-0.005948045312601957,-7.007505686829063e-12,-0.0076525647792362594,1.0895257085852955e-09,2.638167323835615e-09,-5.376477757464706e-05,-0.16800674724525233,1642,1645,,0.0015265712825753704
91914,231,1,0.003505898780188227,-0.0028709791377173562,-0.0015202861412857427,0.00048768822489553276,-0.01656268669911043,0.7854948208278718,4.173176179213603,0.0003712886879642249,1.340825452040984,1642,1645,,0.0003864333163004599
75168,231,1,0.003505898780188227,-0.004162701883126981,-0.001976643741964823,-2.531308496145357e-14,-0.0062926485439800395,0.5,,0.0003433037210095617,1.5123771696219983,1642,1645,,0.0
92426,231,1,0.003505898780188227,0.09825666863525938,-0.09185528660971043,-8.203948631546609e-10,-0.06433957556430725,1.3483510330549337e-07,1.946206941214979e-06,-0.0005407617295933185,-0.6244655083980264,1642,1645,,0.0756004087889627
25232,231,1,0.003505898780188227,0.012038183441886285,-0.0049469361562271,0.0018748015538462282,-0.07026600590365861,0.24587401041818863,2.3289092189187968,0.0008466999610421525,1.631019470304068,1642,1645,,0.014738758303525805
76221,231,1,0.003505898780188227,0.04050082503126006,-0.007819937363174434,-7.524521894453073e-09,-0.006259304105026953,4.985924792249229e-06,2.9494047688670073e-05,9.968250443771397e-05,0.1765755210971402,1642,1645,,0.02550459887583035
90302,231,1,0.003505898780188227,-0.003026725300152015,-0.0014451687542642588,-8.336129564412431e-10,-0.005333624953061777,0.5,,0.00020503097398467403,1.023703976213978,1642,1645,,0.0
91872,231,1,0.003505898780188227,0.0010616427242341065,-0.0008675615772288925,-1.6103340882978046e-11,-0.012131439731306592,7.91356249849268e-09,1.1595278351750803e-08,9.586654478980705e-05,0.3072103593899382,1642,1645,,0.002152529381706694
80191,231,1,0.003505898780188227,0.022960204517495097,-0.016710643695342142,-2.1442847497610273e-12,-0.008656043291469517,1.7877367749378548e-10,8.85616650420614e-10,0.0006330450944546056,1.3166487115502215,1642,1645,,0.013183444047010731
14795,231,1,0.003505898780188227,0.026222249964874964,-0.012596854838150096,-2.290656553327608e-11,-0.004271768270104337,2.522463116272464e-09,1.183016022369844e-08,0.0004831645338210181,0.9357452860139436,1642,1645,,0.020337250894225858
65306,231,1,0.003505898780188227,-0.0006105094482327588,-0.001681834391749737,-4.010938248200091e-10,-0.0003019571207329985,2.6790119124194076e-07,2.3055376343788702e-07,0.0007004619134674568,1.8582304952254818,1642,1645,,0.0013828564128768525
83987,231,1,0.003505898780188227,-0.0007502831058239233,-0.000528455275254025,0.0003958750346556572,-1.338058880606674e-05,0.6789147036356906,2.5090009197187273,0.0004659616087280178,1.3734717624410633,1642,1645,,0.00046627491057741444
41217,231,1,0.003505898780188227,0.04129547002716177,0.013646637208675427,0.014340864393619923,0.001597516620885031,0.3971695869104041,8.121834056957589,0.0007786890712981361,1.3415529691234618,1642,1645,,0.026287046499744504
59300,231,1,0.003505898780188227,0.004684334306798626,-0.011044619526823674,-8.152936548100342e-09,-0.0002440997366699449,1.0263630152945822e-06,2.195719640085248e-06,0.0005454741013325728,1.6680329396069076,1642,1645,,0.0021748850281042413
90827,231,1,0.003505898780188227,-0.0016953206858708637,-0.0017994606366125154,-9.691181190873976e-11,-0.008082671146180775,8.344360283678298e-07,2.513174198394905e-08,0.00034494028030141236,1.6006818521136355,1642,1645,,6.387327542156361e-06
27991,231,1,0.003505898780188227,-0.001357774962313404,-0.004110990922670199,-2.204416649220775e-10,-7.484272250590784e-05,0.5,,0.0006450261283975283,2.513564438292034,1642,1645,,0.0
79452,231,1,0.003505898780188227,0.008553530154811967,-0.009341637249682178,-5.545341963397732e-12,-6.087692219325369e-05,6.226869826411925e-10,1.7376893930383148e-09,0.000549475929311404,1.7427953237432363,1642,1645,,0.0028008431272355644
75306,231,1,0.003505898780188227,-0.003811227570259346,-0.0010842260173942186,-9.754783647508702e-09,-0.0029683064206342813,0.5,,0.00033369473020113387,1.6946349028971215,1642,1645,,0.0
75415,231,1,0.003505898780188227,-0.0020955258536704043,-0.0018789910264533916,-3.8330227880578605e-11,-0.0006394336914425924,0.5,,0.00021755001356385656,1.2354454195744697,1642,1645,,0.0
64995,231,1,0.003505898780188227,0.013015795146813896,0.0007458500714342398,0.000360448398659563,-0.006442870145052515,0.13741417854382415,0.8907026026837086,0.0007189475375739446,1.6284055597088627,1642,1645,,0.008859223300970874
85935,231,1,0.003505898780188227,0.003442024031356443,-0.0048938512790654976,-2.2939598665061567e-08,-0.004935173617887756,3.4371416659287855e-06,7.256830061491685e-06,0.0006328129189493871,2.2509882829966337,1642,1645,,0.001628768523249872
25320,231,1,0.003505898780188227,-0.0029830554187558252,-0.001427411113336552,-3.157916150797746e-10,-0.008341419345901935,0.5,,0.0004181693589552774,1.5676639368892311,1642,1645,,0.0
89553,231,1,0.003505898780188227,-0.0030909292474367574,-0.0015152295693421358,-4.955341137424796e-08,-0.001099605682726823,0.5,,0.0003699990228662125,1.7619330381107712,1642,1645,,0.0
76838,231,1,0.003505898780188227,0.006874095484229964,0.004758909867665584,0.0014174806702506038,-0.0012794716082094038,0.33081033806541876,2.279307221461186,0.0006799512492382694,2.532808252092809,1642,1645,,0.0007984159427695452
89629,231,1,0.003505898780188227,-0.005099350818867468,-0.0015769270059058371,-7.791345346674916e-11,-0.0032947988162850272,0.5,,0.00033131078175598343,1.8680002829828888,1642,1645,,0.0
70332,231,1,0.003505898780188227,0.03580474097075396,-0.0062896846170190646,0.0013998976398031937,0.003982520358587371,0.19296042357547347,1.8796644143663648,3.4201731507236505e-05,0.060883000443885234,1642,1645,,0.026417986714358712
85947,231,1,0.003505898780188227,0.014382873799114624,-0.0022877418652871295,0.00011197066113921572,-0.002522150641305343,0.09070517562507542,0.4707769091772008,0.000443157065089421,0.9484055856452731,1642,1645,,0.012717169136433316
44329,231,1,0.003505898780188227,-0.0011201126941541805,-0.004478699523588814,0.00013385227643925024,-0.00037359040551043776,0.7714474955853494,2.056051935943397,0.0009391517359686826,3.113358024886953,1642,1645,,0.000265074092999489
92518,231,1,0.003505898780188227,0.09220637764999956,-0.029546654465732347,-4.1102676817672545e-12,-0.0024213110926956105,5.599252844411205e-10,4.980221738400093e-09,-0.0003882559414991999,-0.4976604242400164,1642,1645,,0.0691140776699029
86876,231,1,0.003505898780188227,0.012932086946686827,-0.008314454788665326,-3.8917677969152464e-09,-0.00035442580815647773,9.168032528359391e-07,3.700643948201287e-06,0.00024475929197205595,0.4964021050741287,1642,1645,,0.011564256515074093
19880,231,1,0.003505898780188227,0.0595878674540413,-0.010109916164050325,0.0004800531588633472,-0.007275997192032424,0.10716060391077249,0.9938407903361036,0.0010541687450659877,1.5715524581424254,1642,1645,,0.043813873275421564
93001,231,1,0.003505898780188227,0.03446707931701646,-0.005816435050664426,9.461724643367031e-05,-0.0018603651845576774,0.07065333879259972,0.4237846201651601,8.527980687898845e-05,0.14763625436199146,1642,1645,,0.028184082779764946
89960,231,1,0.003505898780188227,0.0727235947619572,-0.026185886808515857,-7.544120883551386e-11,-0.020642408404690782,1.1267525403008154e-08,1.053500134899697e-07,0.0004975070079579387,0.6942583506283657,1642,1645,,0.05784044455799693
81784,231,1,0.003505898780188227,0.05607771470717536,-0.06462533286615968,0.002746866056107966,8.058421149081951e-05,0.12094042675150969,2.4167037852122677,-0.00023027054169632961,-0.28724453146780893,1642,1645,,0.054761752682677564
81134,231,1,0.003505898780188227,0.0378061021775162,0.008027253462256634,0.010720034235370268,-0.014189262566048022,0.32806881873129917,6.238805596825796,0.0002111320727470408,0.360257601030733,1642,1645,,0.03254662749105774
27430,231,1,0.003505898780188227,0.054333586105181554,-0.013855602090554697,0.000725499333718238,-0.001608060679439749,0.13259323329224265,1.2584604463095697,0.0006315415832212718,1.0201789601139104,1642,1645,,0.0387583035258048
90305,231,1,0.003505898780188227,0.00524195469698005,-0.014975190776957525,-1.3152612332589797e-10,-0.013120286880667464,1.2393404632925339e-08,2.4168329306305084e-08,0.0011423686776627277,3.2507219783743513,1642,1645,,0.004030403679100665
55597,231,1,0.003505898780188227,0.059437664989675315,-0.023606507468381777,-1.3303426360522508e-08,-0.004461296482941135,6.752864862744306e-07,5.795141044318094e-06,0.00033093967202352476,0.5278621707682674,1642,1645,,0.03776188042922841
78044,231,1,0.003505898780188227,0.05719956014933924,-0.016370363646230013,0.0003296547841368236,-5.090194886103738e-05,0.08505679844865846,0.8034599414892721,0.0006816346408493916,1.0811931709036038,1642,1645,,0.03739141543178334
18411,231,1,0.003505898780188227,-0.002193477428728723,-0.0022812836837089456,-3.7909231309640745e-11,-0.0012700195492982846,0.5,,0.00036065172761784485,1.68626015716549,1642,1645,,0.0
90371,231,1,0.003505898780188227,0.115108212152666,-0.04434233131905052,-3.83320131192022e-09,-0.001528933159355983,2.881433695617818e-07,2.9296146244450874e-06,0.0007100847028497181,0.8835938596733166,1642,1645,,0.08191747572815535
92927,231,1,0.003505898780188227,-0.003914632899974547,-0.00196453079626413,-2.7950930459041956e-10,-0.0006872558740811385,0.5,,0.00033011841223909417,1.9785934923988422,1642,1645,,0.0
75278,231,1,0.003505898780188227,0.005194158297124694,-0.0019768800397930164,3.0082705453349234e-06,-7.978843304523586e-05,0.030008890628215847,0.07232580133130655,0.0004783628050830587,1.0336092094021476,1642,1645,,0.00814384261624936
93096,231,1,0.003505898780188227,0.0010906833532478796,-0.0025089559448481236,-3.858587760419141e-08,-0.0055456585218987,9.749632000056411e-05,0.00010438329368776204,0.0006533991468624112,1.6542976096652153,1642,1645,,0.0016607051609606543
82775,231,1,0.003505898780188227,0.02700508252289256,-0.008251704516974767,-2.8144466757140663e-09,-4.437072062879466e-06,7.194148484617857e-06,5.000232743728592e-05,0.0006714606694633354,1.4200991869432336,1642,1645,,0.0183986969851814
54578,231,1,0.003505898780188227,0.1479249349946895,-0.05028221318806536,-1.9917401061775308e-13,-0.008780141892538618,2.101462760026949e-11,2.844904992723405e-10,0.0004828604509443492,0.5038434056230934,1642,1645,,0.1108169391926418
88490,231,1,0.003505898780188227,0.08109142668084668,-0.05518847449019826,-3.587574681773731e-12,-0.005886195090690993,6.241576758051376e-10,7.1991028341813075e-09,-0.00028534125533242083,-0.3486908364921518,1642,1645,,0.06694557996934083
72726,231,1,0.003505898780188227,0.007511164618573249,-0.00811082661227891,1.5227295387054696e-05,-0.0060142505986167105,0.04128653858882555,0.16453145786288878,0.0006041676203589946,1.4675518898214743,1642,1645,,0.00605518650996423
79561,231,1,0.003505898780188227,-0.0046084591261834965,-0.004972159638660267,-1.0391687510491465e-12,-0.007167970201955587,0.5,,0.0005053835619737873,2.3481125385137736,1642,1645,,0.0
62930,231,1,0.003505898780188227,-0.003329500626264649,-0.00046799229129423914,4.104918563951898e-07,-0.00017189872018086305,0.06498625046390509,0.028027065982072122,0.00017532297379646564,0.4964717377156176,1642,1645,,0.0008782575370464998
89281,231,1,0.003505898780188227,-0.005551905654832448,-0.0018792953834956272,-2.2613870775956e-09,-0.0035696950474004563,0.5,,0.00029080483383333027,1.7761178702015872,1642,1645,,0.0
87842,231,1,0.003505898780188227,0.009932012198839197,-0.008492509155725525,-4.655444918455487e-10,-0.0016852239440547923,5.771807116164386e-08,1.8250330736655439e-07,0.000408314442415887,0.8859719077991952,1642,1645,,0.009529892692897292
89814,231,1,0.003505898780188227,-0.005449048843550015,-0.0031514920615305364,-6.306066779870889e-14,-0.01658637190243306,0.5,,0.0004616017479856195,2.2234849950392346,1642,1645,,0.0
29102,231,1,0.003505898780188227,0.08703079783760756,-0.01871807494004729,0.0027838913034795576,0.005792455765157634,0.1855945537061251,2.623575845316977,-6.620705527978773e-05,-0.08337733445555537,1642,1645,,0.07116760347470619
40440,231,1,0.003505898780188227,0.005036076127453786,-0.0023154405004164325,-2.552669187139145e-11,-0.0006075235446172389,3.172749244479843e-08,4.831864082199889e-08,0.00022075441803635313,0.48897180455395,1642,1645,,0.005595298926928973
86872,231,1,0.003505898780188227,-0.005164949157323483,-0.0032463828727711252,-1.4916068380443903e-11,-0.005089302936886808,0.5,,0.0004128038221251675,2.526187913952391,1642,1645,,0.0
80183,231,1,0.003505898780188227,0.0065679209289449415,-0.011868690247544667,-1.7687292297452473e-08,-4.817114378519172e-05,1.5133796257285007e-06,4.019746527643067e-06,0.0005544649603907931,1.7740719131791536,1642,1645,,0.0011912365866121614
46703,231,1,0.003505898780188227,0.008909864336373216,-0.0037098851384422815,0.0001580426212292041,-0.0009327957933760178,0.1263508717420079,0.5822445664900968,0.0003109428571336856,0.7198757258852698,1642,1645,,0.00867399080224834
79213,231,1,0.003505898780188227,0.10667867368693607,-0.014253930884154942,0.0018456717049716298,-0.00037475062067304776,0.14294484930996262,2.0314334958753157,0.00040544648331455505,0.4942368112709585,1642,1645,,0.07763796627491057
61735,231,1,0.003505898780188227,0.0019160792709776216,-0.0039988394258114734,-1.9888259483735737e-08,-0.0006989915017161508,3.513549371959813e-05,4.158091176708096e-05,0.0007663308957957893,2.5928467978168945,1642,1645,,0.0007728666326009198
21792,231,1,0.003505898780188227,-0.0015097713076741074,-0.0027057474510114865,-1.04995412364417e-09,-0.004429952051395292,2.1570191652833196e-06,1.1954691962529207e-06,0.0005788647166361235,1.900066248212519,1642,1645,,0.0008048032703117015
92672,231,1,0.003505898780188227,0.023986275585920445,-0.024678107160891694,-3.5887959271008185e-11,-0.0016924931029311807,3.219528100155644e-09,2.5323136456251218e-08,0.0007335850091407291,1.6323870996239012,1642,1645,,0.016163132345426674
32651,231,1,0.003505898780188227,0.13204095302521646,-0.02776610479477748,0.0023462322758882603,-0.014322224624159663,0.15070244141026526,2.3101127214033768,0.00015958014691342315,0.18730701379260245,1642,1645,,0.09561509964230966
91068,231,1,0.003505898780188227,0.0157842882402619,0.0004026087633925979,0.00022275119063197568,-0.005390849266656339,0.1485827422292034,0.7098457344544282,0.0005719239474249941,1.1594616144320047,1642,1645,,0.012749105774144098
13936,231,1,0.003505898780188227,0.018643409995816186,-0.005297998133929838,-2.7606805730329143e-12,-0.0007818262636378748,4.2656995884484924e-10,1.5939330642862027e-09,0.0005524460694699229,1.088551555481785,1642,1645,,0.013735947879407255
90689,231,1,0.003505898780188227,0.008444067678168195,-0.002703041864749345,-8.19038170618569e-11,-8.98785140661662e-05,5.988092191308689e-08,1.2181077840046709e-07,0.00046420780011739964,1.088756863254212,1642,1645,,0.006294711292795095
91749,231,1,0.003505898780188227,-0.0017950715612560742,-0.0011807700666508492,0.0007820644573084401,-0.0015656268107164806,0.9672338216488285,34.880874427190406,0.000411702620353443,1.6399274021814423,1642,1645,,7.345426673479817e-05
90925,231,1,0.003505898780188227,0.0008463277543860014,-0.004903075130446188,-7.719818118090416e-10,-0.0005637912636644593,7.360632821701817e-07,9.41295487728455e-07,0.0010117806215721294,3.137037980702907,1642,1645,,0.0017022227899846703
64020,231,1,0.003505898780188227,0.034034664055471966,0.0048680632017465975,0.0024632667040078715,-0.00642780142172783,0.2826893298016684,2.8053917633069085,-0.00018775898452226954,-0.3190218157745383,1642,1645,,0.026568088911599386
79767,231,1,0.003505898780188227,0.0023905405719076393,-0.0006807729641569171,0.00013058599663562376,-0.005285349873462408,0.21438331018453774,0.5890538799417729,6.252468007312601e-05,0.1657713487666708,1642,1645,,0.001568088911599387
89852,231,1,0.003505898780188227,-0.002108016104525729,-0.002972976112109782,0.000794447463255632,-0.004519011815157237,0.9914206905361438,141.30538174833964,0.0004971297989031077,2.038040069645155,1642,1645,,9.580991313234543e-06
57007,231,1,0.003505898780188227,0.009405129749578413,0.0014855336198896785,0.0009181239668337726,0.00030232790611628424,0.33054677139293615,1.8339483533807206,3.95252894576475e-05,0.08119944906683736,1642,1645,,0.008121486969851814
88661,231,1,0.003505898780188227,0.010727144949291327,-0.0031401440422353932,-2.1246004955344233e-10,-0.002083903679876764,2.403338242934147e-07,6.247386009225436e-07,0.0001986148688848099,0.40880220542291307,1642,1645,,0.010404956566172713
23799,231,1,0.003505898780188227,0.0630618284678811,-0.011205435794680696,-1.9673151996357774e-13,-0.0031808679119118555,2.0034926973839368e-11,1.2785363470899237e-10,0.0003929347958561921,0.5561681008172207,1642,1645,,0.04558955033214103
76932,231,1,0.003505898780188227,0.004031894149649563,-0.0019860009973147186,-4.406985887328574e-11,-1.0175397236134032e-05,4.505048229259858e-08,1.1516281916680268e-07,0.00045612309567341625,1.2620219114515292,1642,1645,,0.003832396525293817
59248,231,1,0.003505898780188227,0.005616020358635074,-0.002370780367514813,-8.367893933325377e-09,-0.0031251348166421167,1.2173702882349851e-05,2.282443849050574e-05,0.0005182199878105905,1.464859231889671,1642,1645,,0.0019960398569238633
85077,231,1,0.003505898780188227,0.1054592346634363,-0.06040793620296081,-5.504057432048626e-09,-0.014222890583146963,2.902354360329051e-07,3.5237727993994368e-06,0.0009764801956354295,1.2392872429106052,1642,1645,,0.07221193152784876
50286,231,1,0.003505898780188227,0.18268281474352813,-0.11125625616650092,-2.650371033752208e-10,-5.20333709050913e-05,5.870527131924261e-09,9.465806981710766e-08,0.0008066587445650976,0.7377133022447706,1642,1645,,0.1401315789473684
38762,231,1,0.003505898780188227,-0.0010081259004841468,-0.0077152853592787896,4.081237968689422e-07,-0.003848713287812666,0.16676997723711162,0.032097375620866085,0.0010509177330895794,3.602721375541837,1642,1645,,0.00012455288707204906
86372,231,1,0.003505898780188227,0.008352056042286879,-0.0029940175843667927,0.000775289432444759,0.0015002571440421164,0.35153746017159804,1.7400675643114807,0.0008193861943371066,1.9437431897247712,1642,1645,,0.004857562595809913
28118,231,1,0.003505898780188227,0.03564591996989216,-0.016341708618961004,-4.1238124026676815e-12,-0.0008203563010871218,1.0139049991720364e-09,6.821312216187395e-09,0.0007293991468552655,1.2724308693911537,1642,1645,,0.030895503321410323
42200,231,1,0.003505898780188227,2.3664024957120682e-05,-0.0020843450133523067,0.00019025861704580205,-0.001294206539705689,0.445967887068491,1.0071260771304698,0.0007283101928697699,1.9402786989251486,1642,1645,,0.0015776699029126213
91560,231,1,0.003505898780188227,0.11869438625385315,-0.0338391964532061,-3.929976344352326e-10,-0.0021500521494870473,4.774007684314643e-08,5.262448308022726e-07,0.0001721535649301391,0.1857103644033399,1642,1645,,0.08772994379151763
65365,231,1,0.003505898780188227,0.019099620581567972,-0.0027413032602494614,-1.7776009553216454e-09,-0.0020142870168382565,3.962727517361391e-06,1.2613629073479842e-05,0.000731174887444297,1.3233272629634905,1642,1645,,0.01688490035769034
92170,231,1,0.003505898780188227,-0.00327616611061655,-0.003923297336082099,0.00016323718096811213,-0.021808776793577733,0.9147633678511042,6.100554260963652,0.0004990213283962761,2.2916681614083383,1642,1645,,0.00011497189575881452
77816,231,1,0.003505898780188227,-0.0026508007574418675,-8.302408610383338e-05,0.00025588457419034594,-0.021061033278705343,0.9580719586535673,15.460892603994054,0.00013024497257740884,0.4608979867818391,1642,1645,,7.345426673479817e-05
50788,231,1,0.003505898780188227,0.020692108305369303,-0.008471863781478461,-9.112681720324645e-10,-0.004333101542248974,3.197272341246536e-07,1.514101748945545e-06,0.00042401828153453637,0.8222592834497588,1642,1645,,0.0147834695963209
67598,231,1,0.003505898780188227,0.010869137433080144,-0.005772096530629378,-5.881073406044379e-12,-0.0004146990163576003,8.18569824556902e-10,2.071443035772661e-09,0.00030222242535050573,0.8267808340324673,1642,1645,,0.003966530403679101
92120,231,1,0.003505898780188227,-0.0033446676758565304,-0.0012960464604754307,0.00010784047376066752,-0.012976442671472466,0.8236979942957114,2.3912317484130785,0.0003361304082748686,1.3729163215515463,1642,1645,,8.942258559018906e-05
84103,231,1,0.003505898780188227,0.027250474563574777,-0.005974641038574591,0.0018283247123070945,0.0006295295094297382,0.2667964807808968,2.362683259417181,0.0006265966308260351,1.3026619077771577,1642,1645,,0.015201839550332141
85067,231,1,0.003505898780188227,0.008494839197290235,-0.002080065499094008,0.0005828177397000367,-0.0036919640165811174,0.3045972064016551,1.4053025380253907,0.0009991895562938289,2.2213294610285206,1642,1645,,0.006630045988758304
38156,231,1,0.003505898780188227,0.06493661778348546,-0.0721004779062695,3.039565821261192e-09,-0.013658496376262041,0.0003756783353373801,0.0052611269484639026,0.0008215472090979566,1.191163986035416,1642,1645,,0.04611011752682678
80185,231,1,0.003505898780188227,0.013460425727025601,-0.009040305047873343,-7.581979488691104e-11,-0.0033576216452866348,9.895887277550368e-09,2.836542153764157e-08,0.0004249914686139732,0.92945577002876,1642,1645,,0.01012710781808891
75846,231,1,0.003505898780188227,0.06742503332599602,-0.05764757165394463,-7.507328092515309e-13,-0.00038674511678249424,4.2584940972178917e-11,5.480632555416841e-10,0.0005652333942718218,0.9852322214723441,1642,1645,,0.04192003065917221
79758,231,1,0.003505898780188227,0.08441409574036256,-0.03299002323830913,-2.623430139792049e-09,-8.241857294644106e-06,2.2474893547738597e-07,2.116769556023757e-06,0.0009707769649132365,1.380759353235407,1642,1645,,0.06104368932038835
85426,231,1,0.003505898780188227,0.02710322885473458,-0.011972032156867485,-8.352785130227858e-09,-0.001069890259898898,7.099396847888529e-07,4.71985673193707e-06,0.0007807720897567002,1.6746365185044583,1642,1645,,0.01785258048032703
71298,231,1,0.003505898780188227,0.05680889675999635,-0.013730240476860889,0.0012261428407405184,-0.0007542510784457335,0.15810294223720403,1.685754225842827,-0.000281158936096909,-0.4115359164778943,1642,1645,,0.044803909044455796
75837,231,1,0.003505898780188227,-0.0032715535026694377,-0.0019613453658662294,-4.281908161374304e-12,-0.0005309902100594233,0.5,,0.00037479772584818614,1.9131440688644132,1642,1645,,0.0
89964,231,1,0.003505898780188227,0.009150721685109676,-0.00015635959635718066,0.0003299906058843449,0.000419484749569099,0.20689443059330978,0.928730154496951,0.0006452625146616453,1.469745601997872,1642,1645,,0.005809274399591211
88818,231,1,0.003505898780188227,0.07166470920023658,-0.033867286186682,0.0011986458821939827,-0.011157207252787238,0.09915238827707559,1.5557175442490718,-7.015206996916596e-05,-0.09227566578958049,1642,1645,,0.056559785385794585
60943,231,1,0.003505898780188227,-0.00022118462634900578,-0.0038585810596656334,-3.433475725955759e-12,-0.0008415997266857378,1.562978727874336e-09,1.2553798322636578e-09,0.0007438805606328013,2.1454243504368633,1642,1645,,0.00212378640776699
88822,231,1,0.003505898780188227,0.007511124104696341,-0.0051398387232497456,-3.1320723792305216e-11,-7.371423030422264e-06,4.021138948469912e-09,1.12286657022742e-08,0.0005146099939061312,1.3057055472982821,1642,1645,,0.005860373019928462
91691,231,1,0.003505898780188227,-0.0008169539843980877,-0.001218197649657471,-1.1976508673683384e-10,-0.0038069165977447916,0.5,,0.00019156480201800916,1.4382143957423505,1642,1645,,0.0
83720,231,1,0.003505898780188227,0.01590850832891969,3.4683606298213654e-05,0.0005840148105641374,-0.0005476159629431709,0.19646564873297176,1.219565235512071,0.0007628469762757216,1.8569518193075183,1642,1645,,0.008201328564128769
68144,231,1,0.003505898780188227,0.019076443064412696,-0.004284869092448629,-2.0035968439913177e-08,-0.005200135749857893,1.6372989187131795e-05,9.599257675835901e-05,0.0006496800462103149,1.4155222980556634,1642,1645,,0.01534236075625958
91683,231,1,0.003505898780188227,0.009490176025111546,-0.003654398755157162,-3.008913118662804e-10,-0.009978567368197355,5.489688139831482e-07,1.7337977037394962e-06,0.00036608775157907786,0.8208284402851308,1642,1645,,0.009363822176801226
63765,231,1,0.003505898780188227,0.06466631202956398,-0.021867054261928143,0.006491716686063409,-0.0005549896868040083,0.211962341083599,4.151789911948416,-0.0006108197369355747,-0.8116479549089178,1642,1645,,0.054046371997956054
30796,231,1,0.003505898780188227,0.11202780131300842,-0.05124163522220826,-8.307165400012195e-09,-0.0009974557948750906,1.2570335523861892e-06,1.4363392386895204e-05,-0.0003057245618752592,-0.3723499421103878,1642,1645,,0.07915176290240164
86593,231,1,0.003505898780188227,0.03983119426880747,0.004238190001807363,0.005556209390438771,-0.005430106236006482,0.29397533013273786,4.290444179547428,0.00044843527337090264,0.7582599031324926,1642,1645,,0.028758942258559017
84375,231,1,0.003505898780188227,0.06130916371320183,-0.04135577267535573,-4.805785325245893e-09,-0.00015008331000121444,2.2650815512662752e-07,1.920411369778891e-06,0.0005046154780081121,0.8271458210170209,1642,1645,,0.041575114971895755
90271,231,1,0.003505898780188227,0.08279431786713637,-0.06620567717843606,-1.8981702876175177e-09,-0.015872495963211497,2.2400368224996991e-07,2.6510614098293723e-06,-0.0008407404025007852,-1.0049604096095701,1642,1645,,0.07102069494123658
58318,231,1,0.003505898780188227,0.10172540240735868,-0.026028898887333396,0.0010927692566924385,-0.006543496587352315,0.09701595278141292,1.4821772917260456,0.000638797315232651,0.7942319433242567,1642,1645,,0.07339039345937659
89893,231,1,0.003505898780188227,-0.0028728680717359915,-0.003402681081674741,-1.5558256905023882e-09,-0.0033910938535983703,0.5,,0.0005407160810370263,2.183547427934574,1642,1645,,0.0
90105,231,1,0.003505898780188227,-0.0015494006982338005,-0.002501304607053445,-6.887179715420189e-10,-0.5099670057664045,3.673640797197033e-06,1.3081154612617642e-06,0.0005282973796465571,1.9875258740228627,1642,1645,,0.0003672713336739908
86313,231,1,0.003505898780188227,0.0063536164094181655,-8.496138174640677e-05,-1.4684083282645588e-08,-5.5930579593965746e-05,1.7898771639746156e-05,3.765702305202047e-05,0.0003200268129093238,0.9557895083876071,1642,1645,,0.0028519417475728155
84780,231,1,0.003505898780188227,0.020636085743098203,-0.01990430662566567,-5.029263672184925e-10,-4.4001521640302244e-05,3.158367025329683e-08,1.365352936675659e-07,0.00043938452163308093,0.8414953433678757,1642,1645,,0.01678589678078692
86408,231,1,0.003505898780188227,0.02994070707858896,-0.003077793744747259,0.0010068594283418886,0.00023900215599492736,0.19377004193202385,1.5950848280204886,0.0011889786155332134,2.0874502995495567,1642,1645,,0.022061829330608074
54148,231,1,0.003505898780188227,0.05443210460804534,-0.02381042317897175,0.005658457087990509,-0.0007847199898929347,0.24953827704290193,4.075204142147305,0.0010744496450060797,1.7354050621315174,1642,1645,,0.041195068983137455
90303,231,1,0.003505898780188227,0.011994391173072346,-0.008027625668707072,-4.5331960407679617e-11,-0.000323060258301755,8.902421250821095e-09,3.25459517760523e-08,0.0006211066422876691,1.3292905808784183,1642,1645,,0.011379024016351557
90943,231,1,0.003505898780188227,0.09085054581651768,-0.041778384670528634,0.0033505884558863164,-0.0010076950567960985,0.1451984758518321,2.7484014077895136,-0.000790022740557931,-0.9782279053825421,1642,1645,,0.06830927439959121
80864,231,1,0.003505898780188227,0.011478776410338856,-0.006310369887923439,8.362929540650654e-06,-1.1519572338913875e-05,0.03534346000599789,0.12130822378247054,0.0004694902491974933,1.017565173399798,1642,1645,,0.010245273377618805
84032,231,1,0.003505898780188227,0.020778545942552167,-0.0034328466609252484,-1.25830457164966e-11,-0.00021001896320016478,3.965668835361532e-09,1.6762872275520612e-08,-6.593601462521174e-05,-0.12496083505117091,1642,1645,,0.01855838017373531
75342,231,1,0.003505898780188227,0.051617963177555216,-0.013801920705550197,0.0012657816605968764,-0.00530352114670074,0.1809393040157052,1.7605214866774535,0.0006807036627814357,1.1199180494358936,1642,1645,,0.0379982115482882
65285,231,1,0.003505898780188227,0.14067590321633747,-0.060123674649218195,0.00022774383595980385,-0.0068967859808615195,0.04314404550349345,0.6382285922292098,0.0004309163722904494,0.4770482460714378,1642,1645,,0.10632026060296372
78056,231,1,0.003505898780188227,-0.004652637233943373,-0.0034663379536272743,-4.4032555379658334e-11,-0.004292854717963479,0.5,,0.00036701824041694985,2.38173890870035,1642,1645,,0.0
11308,231,1,0.003505898780188227,-0.0014741492024109796,-0.0020117911434216484,-6.5045027142218714e-09,-0.0012725251325846898,0.5,,0.00035278187347347734,1.5531070309445707,1642,1645,,0.0
89284,231,1,0.003505898780188227,0.005540135870486977,-0.007780461461060817,-1.4693579686309022e-11,-0.0062422955075456255,1.706793692192671e-09,4.854120874068522e-09,0.0002821151736745488,0.8443891629175361,1642,1645,,0.0015936382217680122
11144,231,1,0.003505898780188227,0.07472066574128491,-0.017441019993577944,7.664470239465704e-05,-0.00034052252474836564,0.04467991195401819,0.3708206703097677,0.0009312834732266194,1.3347252725621583,1642,1645,,0.05292220235053653
87444,231,1,0.003505898780188227,-0.001507111326896102,-0.001668199980976226,-7.538225599290627e-10,-0.00025634031203969343,3.235901321739336e-06,1.2743728049502709e-06,0.00048787568557607326,1.4108147246509448,1642,1645,,0.0007632856412876852
48653,231,1,0.003505898780188227,0.008958809471263221,-0.0046132688229891805,0.00014883138501997628,-0.00019374707005725966,0.16478857928829796,0.5913197705080382,0.0010801301226431633,2.5021816984477288,1642,1645,,0.004614844149207971
17726,231,1,0.003505898780188227,-0.0005431565900060232,-0.002210668139805305,-3.890480604340496e-09,-0.0006516871918416101,2.9240692234612335e-06,1.362804452972669e-06,0.00042613772089769255,1.3117590856365544,1642,1645,,0.0009453244762391415
87844,231,1,0.003505898780188227,0.006856079111059365,0.0008951266043654149,0.00047719468976925583,-0.005752204852690346,0.301105943782286,1.2662124492886824,-0.0001617794028031689,-0.36848913166128877,1642,1645,,0.006336228921819111
13901,231,1,0.003505898780188227,-0.001565779668013194,-0.00928288004339084,-2.1159518581725933e-11,-0.0006664970445904306,0.5,,0.0008999981752487189,3.767925667606761,1642,1645,,0.0
85897,231,1,0.003505898780188227,0.007994790590094182,-0.0008362130967651815,-1.3368427254079052e-08,-0.013362504035575595,4.033878426847395e-06,1.005385495041061e-05,0.00043012492382653474,1.4707441721380328,1642,1645,,0.001219979560551865
90458,231,1,0.003505898780188227,-0.0007392270689734866,-0.00315727333837601,-8.413793439743245e-09,-0.0026723626376152776,6.085669764940849e-06,3.084378268107347e-06,0.0006598458257140158,2.403748732093987,1642,1645,,0.0002682677567705672
78963,231,1,0.003505898780188227,0.02373981839242015,0.00033264354797457596,0.0007024775341571976,-0.001902078688850617,0.17955405609318925,1.3073389806289017,0.0001514548114090855,0.2928248816864513,1642,1645,,0.015815022994379153
90102,231,1,0.003505898780188227,0.016910878548947378,-0.013701567788297453,-7.115374955901643e-11,-0.0025426963320167584,7.461666365525207e-09,3.7043367558670994e-08,0.0006477184643557203,1.4206151483415712,1642,1645,,0.01481859989780276
82656,231,1,0.003505898780188227,0.016396039806897657,-0.006588183339514053,-4.491980565290987e-09,-0.0031298599479339106,1.4483727978846072e-06,5.125501587137719e-06,0.0003422595981213297,0.6532556572005392,1642,1645,,0.014892054164537557
90564,231,1,0.003505898780188227,0.042983814484401424,-0.012666283533513845,0.0004363338581351295,-0.010300284079146627,0.11247790428577102,0.9519508993243498,0.0011542835381611965,2.1092022561918,1642,1645,,0.02092807869187532
80381,231,1,0.003505898780188227,0.0005307207641277606,-0.006563997161775248,-4.6712603785081797e-08,-0.0005951585383481284,8.149173269517487e-06,8.64353462810886e-06,0.0005370633775234454,1.758769552688248,1642,1645,,0.0011433316300459887
75411,231,1,0.003505898780188227,-0.0031643668855729713,-0.0007369352062580603,-9.325873406851315e-14,-0.0044374895295595795,0.5,,0.00025564290220443935,1.2960225546976356,1642,1645,,0.0
64899,231,1,0.003505898780188227,0.024095338222095947,-0.008564624029565815,0.0011141903125253538,-0.0005995823109066212,0.1758636735658577,1.6411901854124722,0.001527887273839724,3.0700828764409014,1642,1645,,0.01583099131323454
90396,231,1,0.003505898780188227,0.0018086292211268043,-0.008313175086939184,-2.3574475704890574e-12,-0.017735150844633063,3.3820604403525e-10,4.5176062025529195e-10,0.0008126977452785715,2.2174642200398487,1642,1645,,0.0034491568727644355
65402,231,1,0.003505898780188227,0.001953478234528076,-0.008822550279453,0.00026284552924227267,-1.2105744360280113e-05,0.28282116145006647,0.9137636102480307,0.0012489443222786468,3.104543613514614,1642,1645,,0.0032830863566683695
77338,231,1,0.003505898780188227,-0.00035305327882456216,-0.004683315684932188,-9.078024998387946e-09,-0.0002720175305774841,1.9870952805436937e-05,1.238664105861828e-05,0.0007763156611775702,2.424162904103794,1642,1645,,0.0010283597342871742
90338,231,1,0.003505898780188227,0.028689085090649994,-0.006580084577265,0.0034558715690934383,0.0008277679061378107,0.2863715496405746,3.3377484280683647,0.0001245942931268754,0.24349605039586644,1642,1645,,0.01768012263668881
89216,231,1,0.003505898780188227,0.025799979368937884,-0.013241918593780655,-8.301264120547103e-10,-0.0032737413928913828,1.3529846517359436e-07,6.027517307895758e-07,0.0009767958561182155,1.9037474384333886,1642,1645,,0.014515201839550332
86547,231,1,0.003505898780188227,0.05425519176210942,-0.028879070198401635,-2.608802063264193e-12,-1.8811160332976584e-05,2.2504628703746792e-10,1.665621134589308e-09,0.00044291163924506784,0.6839496422812072,1642,1645,,0.042625830352580475
39571,231,1,0.003505898780188227,-0.0006680462601159968,-0.0033610989081027665,-2.035474011563565e-10,-0.0005332138885649762,1.284989685910098e-07,1.8741119236320584e-07,0.0008147544180378364,2.010869545442894,1642,1645,,0.0028423607562595814
80719,231,1,0.003505898780188227,0.13684078507011402,-0.030132041608822657,0.0015409348026370617,-0.00552227380350212,0.12335921744072556,1.8148770567128496,0.001075078442431941,1.3193691382849733,1642,1645,,0.10135411343893715
79668,231,1,0.003505898780188227,0.035027641825971706,-0.013117151394327564,-7.320588579773357e-12,-0.00039766810347519055,9.819806612361995e-10,6.0810417726623e-09,0.0006952017062767695,1.225837668366092,1642,1645,,0.02769864588656106
90202,231,1,0.003505898780188227,-0.004230270778941753,-0.0016546370543164546,-4.0839487347454906e-10,-0.01267305688052156,0.5,,0.0002674413497708246,1.3164669160488853,1642,1645,,0.0
89971,231,1,0.003505898780188227,0.08320953535173106,-0.04873957024341502,0.0012979788395006686,-3.584733264383466e-05,0.10645656671364978,1.631090363790947,0.0006844956894152822,0.9185525258376639,1642,1645,,0.05295094532447624
34833,231,1,0.003505898780188227,0.003476266086548989,-0.0007271375888600051,0.00031775574686965236,-0.001495361980515364,0.27719130526651226,0.9982146202207663,-6.124322442514828e-06,-0.014834746529935331,1642,1645,,0.004260347470618294
39220,231,1,0.003505898780188227,0.04818690787025269,-0.021546081385954485,-1.6933787705397663e-08,-0.0015802213041806734,1.1156334209565743e-06,8.626837740660212e-06,0.0011598890945491275,1.981139140792574,1642,1645,,0.03938106796116505
90648,231,1,0.003505898780188227,-0.001591819768274438,-0.0016890144102494897,-2.0846191439716222e-10,-4.435538797520344e-05,0.5,,0.00047254178618051304,1.971324872686019,1642,1645,,0.0
91626,231,1,0.003505898780188227,0.0003837845361278948,-0.008470732670156078,-2.137592325368587e-10,-0.0008150219790334923,1.5555604432679468e-07,5.014824166426982e-07,0.000591992078001121,2.298809797494376,1642,1645,,0.0013668880940214613
89782,231,1,0.003505898780188227,-0.0033379923965108603,-0.0019040027775900636,-2.2495338924954922e-11,-0.002683925964763745,0.5,,0.00028937466881298146,1.72588826441425,1642,1645,,0.0
90390,231,1,0.003505898780188227,-0.004222927905002622,-0.003852724731917334,-3.398614722982529e-12,-0.013479557455885915,0.5,,0.0004759088766331878,2.3758724699743934,1642,1645,,0.0
26607,231,1,0.003505898780188227,0.022534342352456205,0.0024653670924436044,6.317004111788815e-05,-0.00015790253341974037,0.05168348593120453,0.33885543531149104,0.00021789694804732131,0.5021805888509868,1642,1645,,0.008590955544200307
46690,231,1,0.003505898780188227,0.014539445619535893,-0.0073185857415638544,-8.130163209330021e-12,-4.683158326224124e-05,3.6393189349193512e-09,1.2863742933141239e-08,0.00046483668494862445,0.9744716236037797,1642,1645,,0.01158980582524272
86369,231,1,0.003505898780188227,-0.004332299892419969,-0.001525496569811935,-2.5034017214764503e-07,-0.01206182964472946,0.5,,0.00023650220804037443,1.2614279012810887,1642,1645,,0.0
89637,231,1,0.003505898780188227,0.017287156649551227,-0.003124289209327724,0.0019022168214904989,-0.0007239097632925073,0.2801527496432967,2.4563775440178524,4.150134250947075e-05,0.07981018279753117,1642,1645,,0.01429164537557486
79233,231,1,0.003505898780188227,-0.0018745158944409748,-0.0025160729298632223,-2.4338087101227757e-11,-5.543909030647498e-05,3.975573795555044e-08,3.409225982622712e-08,0.0005702193784284979,1.7493251147478541,1642,1645,,0.0007696729688298415
18729,231,1,0.003505898780188227,-0.0011914971921990719,-0.0023129356772004783,-7.913047994634326e-11,-0.00029543788068964183,0.5,,0.0005133080266597431,2.0844927483204425,1642,1645,,0.0
77418,231,1,0.003505898780188227,-0.001416047324949387,-0.003690441298103586,-1.9337775825079007e-09,-0.0011149072551532857,1.4135535003038588e-05,1.1970487365101922e-05,0.0009032017062795565,2.4968540823239147,1642,1645,,0.0011465252938170668
89215,231,1,0.003505898780188227,0.07732507823779171,-0.034887974428211344,3.4862585321593365e-05,-0.0014177687704814979,0.026722856073344552,0.24584246534815213,0.0015086625465775456,2.1696200619458406,1642,1645,,0.05226750127746551
89538,231,1,0.003505898780188227,-0.005392873298442203,-0.0021870957559566584,-3.4878833155005395e-10,-0.00169387356631856,0.5,,0.0003265391126567093,2.0429428832078926,1642,1645,,0.0
92354,231,1,0.003505898780188227,0.07660556663300168,-0.022603561450009524,0.0006566213389442854,-0.0002156221653168977,0.09999574724959245,1.1527931607836461,0.0007702561591880648,1.0808930296675472,1642,1645,,0.053541773122125706
89071,231,1,0.003505898780188227,0.0008109008080266605,-0.002997634558244977,-1.6822520487735915e-08,-0.00027331159646570846,1.3256539544950936e-05,1.3388407010412676e-05,0.0007508939670958343,2.210698324639879,1642,1645,,0.0013956310679611652
72813,231,1,0.003505898780188227,-0.003973591401011928,2.9712640052359518e-05,0.00023651122201528985,-0.01687877414297323,0.7952059587021736,3.0331349341711493,7.10030469225829e-05,0.22641739566594846,1642,1645,,0.00020439448134900357
21135,231,1,0.003505898780188227,0.09781380657792858,-0.030582174433846143,7.99073570586506e-05,-0.004229751554206684,0.030767932599430833,0.3730245245715874,0.0005985441030635521,0.7773044251252389,1642,1645,,0.07537365866121615
87447,231,1,0.003505898780188227,-0.0014945845852463498,-0.0022117543605073564,-8.555292030365536e-10,-8.448639204239328e-06,0.5,,0.00041864629591609117,1.648688338036284,1642,1645,,0.0
69796,231,1,0.003505898780188227,0.02576259933749776,-0.015872479099879655,0.00012161480624706122,-0.001577302281103421,0.05856788590000295,0.474239642281024,0.0015111377209019222,3.1232290758244563,1642,1645,,0.01559146653040368
81127,231,1,0.003505898780188227,0.026045420964107488,-0.006915185750668629,6.322560164639945e-06,-0.0073069082471124425,0.024252540182429724,0.1043872204741669,0.0007077069478024931,1.2573461838627191,1642,1645,,0.01703180889115994
69999,231,1,0.003505898780188227,-0.0016096740030010106,0.0003242249625398097,0.001694082764621907,-0.0021585772224455013,0.7073053452517541,5.702164751044972,0.00026413229587348986,0.885352029983673,1642,1645,,0.0010507153806847214
89382,231,1,0.003505898780188227,0.002902319864771416,-0.0018028451576981297,-6.455058709775585e-12,-0.0016799235824893621,3.2053195243487054e-09,4.516112399423495e-09,0.0006270335161486376,1.6908629403558564,1642,1645,,0.0029126213592233006
80784,231,1,0.003505898780188227,0.0010967711016747668,-0.0021358522118597456,9.271550954115249e-05,-0.009671815065311229,0.2213364381612213,0.5001086659112157,0.0007864905545399146,2.1477725460209265,1642,1645,,0.0018299693408277975
80089,231,1,0.003505898780188227,0.006641594022735321,-0.0005878520039408475,-3.495423284149979e-09,-0.00037036357931996555,1.0225483257432e-05,2.0207946584677566e-05,0.00012913101978669664,0.3015518997353776,1642,1645,,0.004764946346448646
71810,231,1,0.003505898780188227,-0.0015945347249807916,-0.002955787334798954,-4.6164916334134887e-10,-0.0017606185916905215,0.5,,0.00045631141419269294,2.2540503858381067,1642,1645,,0.0
75938,231,1,0.003505898780188227,-0.0026653596392211677,-0.0036111329045542817,-4.8542947439500495e-11,-0.0020491901891865894,2.3632254318354346e-08,2.0944320072219334e-08,0.0005648196221805669,1.8387298678785022,1642,1645,,0.0011529126213592233
92897,231,1,0.003505898780188227,0.12415632162633422,-0.02135236740637514,0.0012430396515498154,-0.00024978954004795106,0.11393604333798439,1.6101346217529466,-0.0006364961229571715,-0.7687962360584961,1642,1645,,0.09071282575370464
76118,231,1,0.003505898780188227,-0.002352046574203275,-0.0023715426016299723,0.0008302396457571248,-3.826581975019394e-05,0.6200923897929386,3.054825252384642,0.0007134929918190315,2.4924322995477888,1642,1645,,0.0005045988758303526
80399,231,1,0.003505898780188227,0.006303913191728134,-0.009360855037751081,-3.842184659319514e-08,-0.01436165936099032,2.9534298726170867e-06,8.623121922001746e-06,0.00043868860485556723,1.2398582191100693,1642,1645,,0.003477899846704139
54253,231,1,0.003505898780188227,0.021753516884375605,-0.002312674390410052,-1.4351160260162033e-09,-0.005784218118252804,9.270829034155098e-07,5.0415693300266964e-06,0.0008863705057895942,1.7483002951497868,1642,1645,,0.014630173735309148
91138,231,1,0.003505898780188227,-0.008001332197483285,-0.0029939095020861117,-5.4551252404166917e-11,-0.017337323533376692,0.5,,0.0003988516789743907,2.160024305393434,1642,1645,,0.0
89789,231,1,0.003505898780188227,-0.0010113095258953192,-0.004769154703029299,-1.5527108487844998e-09,-0.00035234821068663713,9.532770591650416e-07,9.202144293810001e-07,0.0005322413162717257,1.8509898957018773,1642,1645,,0.0005844404701073071
88888,231,1,0.003505898780188227,0.018541971256497845,-0.0004844404627430965,0.00012996149771982157,-0.0004793637980455845,0.10632045776718609,0.5166656546102611,-0.00010839646290206035,-0.21701112257313732,1642,1645,,0.014492846193152784
90249,231,1,0.003505898780188227,0.018782639749668716,-0.007898163131893732,4.265037273376571e-05,-0.0003828644604335629,0.053044409203453796,0.2794582564632673,0.0007091509269246908,1.430380684958855,1642,1645,,0.015811829330608075
81736,231,1,0.003505898780188227,0.003177953793805299,-0.0037413682469100706,-4.6444104118137375e-09,-0.0007465225024485544,1.3780006318682685e-06,1.954691367087782e-06,0.0006713753808647157,1.6274834732128338,1642,1645,,0.0034970618293306078
90199,231,1,0.003505898780188227,0.026692140892031833,-0.019800880153660882,-1.1390888232654106e-12,-0.0009388235533756006,6.532665993269876e-11,3.793806010376237e-10,0.000561872638634998,1.0821462500790604,1642,1645,,0.02266223811957077
27633,231,1,0.003505898780188227,0.008179190942627753,-0.006004108931870533,2.611475561742349e-05,-0.005481573209651813,0.07630250917509115,0.22393948635371955,0.0004820433718977593,1.0220964192741624,1642,1645,,0.007000510986203373
75623,231,1,0.003505898780188227,-0.00423592479973887,-0.0020059001001895282,-6.4923622034029904e-12,-0.0011272921649565504,0.5,,0.0003475364154403185,2.081928043547401,1642,1645,,0.0
22111,231,1,0.003505898780188227,-0.002778825729237012,-0.0037876629939266326,-1.6060486274227515e-12,-0.0006579401162603027,0.5,,0.0006212061444264417,2.860677742760157,1642,1645,,0.0
84661,231,1,0.003505898780188227,0.016657320904332532,-0.013481209480688872,-2.1766366486986044e-11,-0.005127600277160305,3.247961078014323e-09,1.3167491741753228e-08,0.0002108500914077152,0.4262676661671371,1642,1645,,0.008632473173224322
58975,231,1,0.003505898780188227,0.018151333527255606,0.0012887738740194887,0.003650402824331267,0.007332335947931368,0.3852070379082642,3.979764712045721,-9.380221327332878e-06,-0.01802108194067976,1642,1645,,0.01720426673479816
25590,231,1,0.003505898780188227,0.0003694031760326672,-0.0031257357180811685,-2.2359438744956606e-09,-0.0018014791543909947,1.1653147575068842e-05,1.7418810359479178e-05,0.00014315112809640555,0.3735731546040555,1642,1645,,0.004761752682677567
64282,231,1,0.003505898780188227,-0.0009619673244774531,-0.004195432874616323,3.3046006020498453e-06,-0.010822989016960882,0.053157256278761035,0.077757808702662,0.0007245402407757538,1.7004125598215083,1642,1645,,0.002577286663260092
80926,231,1,0.003505898780188227,0.17793588550193135,-0.054810976865511174,0.00018416661631681652,-0.0005138583254533646,0.0387278476930826,0.5716578112666809,0.0010903428243973223,1.14319986752149,1642,1645,,0.1245464997445069
89635,231,1,0.003505898780188227,-0.002990595950165714,-0.003090896507189189,-1.7740904301177807e-09,-0.00711813595974875,3.595107521221644e-05,1.2569421023042962e-05,0.0005757001828153568,2.076498508238005,1642,1645,,0.0002682677567705672
59459,231,1,0.003505898780188227,-0.0006461567782648869,-0.0032283413860858534,-2.8773228244460824e-10,-0.0007226582558133021,4.5724185794484423e-07,2.6251538305178694e-07,0.0006606873857403198,2.410259618134078,1642,1645,,0.000705799693408278
24328,231,1,0.003505898780188227,0.009121410131532384,-0.003968214291596439,8.99003368501905e-05,-0.00035999243059037234,0.12272924617192431,0.4378671203710757,0.00038978256033029196,0.7870292934642277,1642,1645,,0.008396142054164538
82860,231,1,0.003505898780188227,0.0013736437195331784,-0.0014615958875632273,-1.1956213796793236e-11,-3.0106097992366188e-06,4.474707198119697e-09,7.343971559953203e-09,-5.479159049333978e-05,-0.1480538402877472,1642,1645,,0.0038611394992335204
92901,231,1,0.003505898780188227,-0.002185555619914818,-0.00093089670185309,-2.9882318841600863e-11,-0.00461719329942234,0.5,,0.0002832938070682759,1.4726454143699104,1642,1645,,0.0
87657,231,1,0.003505898780188227,0.016838835647739785,-0.009487847572499097,-3.411049220858331e-12,-0.00020973824072489933,4.3543337530179587e-10,1.7936411810300079e-09,0.000856493601463104,1.7049899725389046,1642,1645,,0.01062212570260603
89900,231,1,0.003505898780188227,0.008312763246895208,-0.004281391246624411,5.4328433117589725e-05,-0.0002109758610031598,0.11579778278693234,0.336954306378224,0.0010140789946098338,2.1019210867637153,1642,1645,,0.00817897291773122
12052,231,1,0.003505898780188227,-0.002617503066194085,-0.0037739991165599562,-4.7444535189455905e-08,-0.004183022995183583,3.2397354864864905e-05,1.9786942440296186e-05,0.0007932803168763664,2.60652902740347,1642,1645,,0.00041836995401124173
61946,231,1,0.003505898780188227,-0.0028207177841785103,-0.0021461442252068696,7.435887123219409e-05,-0.0003790900559723642,0.4586746037786964,0.6415931347629678,0.0007197044482389035,2.1314559101371584,1642,1645,,0.00027146142054164537
85931,231,1,0.003505898780188227,0.01834608614050418,-0.006227838606637226,-1.6691424020720547e-08,-0.0003629829353861691,3.600641563509437e-06,1.6335070466566947e-05,5.3917737608628106e-05,0.09992941187721989,1642,1645,,0.0198773633111906
75336,231,1,0.003505898780188227,-0.0029667304476256266,-0.0021835482504530823,-5.644507083957251e-11,-0.007763109645446464,1.7907574118083969e-06,3.196723137068194e-08,0.00038648385128702993,1.6508435566841944,1642,1645,,8.622892181911089e-05
79558,231,1,0.003505898780188227,0.005146250272437414,0.0004108162298116502,0.000600253130130235,-0.0005279248295648742,0.32658008156639345,1.474589448252804,0.0003689421084704445,1.0792402311071905,1642,1645,,0.0010666836995401124
90387,231,1,0.003505898780188227,0.128215024479096,-0.06310554574098659,-3.8535805657602396e-09,-0.0014005399456038514,1.4231315970193227e-07,1.9921037314950836e-06,-6.907251671381405e-05,-0.07837960180181269,1642,1645,,0.09570452222789985
84668,231,1,0.003505898780188227,0.03210972194214396,-0.011800465813402994,-1.8311130389747632e-10,-0.0023156471021965608,4.002474943684065e-08,2.2017807834731352e-07,0.0004237513711147905,0.7789887474620671,1642,1645,,0.021914920797138478
10933,231,1,0.003505898780188227,0.004826567386776565,-0.0016739375285013125,0.00024635934143979465,-0.0019992999867106676,0.28193317079090907,0.8858254198449773,0.0006326319317489338,2.3356017886439835,1642,1645,,0.0007409299948901379
90394,231,1,0.003505898780188227,0.02765304147725303,-0.025449957863246775,-3.2689184692458184e-11,-0.0003706768751230438,1.4423802886200565e-08,1.1605755563271238e-07,0.0006098086532562018,1.267815908516938,1642,1645,,0.0174469851814001
78877,231,1,0.003505898780188227,0.10627056984372837,-0.06208221293437877,0.0007069456709284383,-0.005854100982789712,0.0617949167473614,1.1504545530448231,-0.00017825985250826174,-0.18700607905197547,1642,1645,,0.08882537046499744
89258,231,1,0.003505898780188227,0.011094486214934187,-0.0014196575999898542,-1.2642566993292803e-09,-0.004621222548860882,3.7422112572740905e-07,1.2958900686505509e-06,0.0006461285801883277,1.4493333763420015,1642,1645,,0.0072336484414920795
80100,231,1,0.003505898780188227,0.00738797763775263,-0.0075304125786843645,-8.427258890719713e-12,-0.010870726071995573,1.221867927562808e-09,3.0723247863685824e-09,0.0005458689823278476,1.7984711126803947,1642,1645,,0.001989652529381707
19393,231,1,0.003505898780188227,0.0006958325261911412,-0.001840887891566556,0.00041418226860534535,-0.0036089651851565208,0.4391556671285357,1.4687278429287225,0.0006980103024339193,1.9392932839783603,1642,1645,,0.0020152018395503324
81045,231,1,0.003505898780188227,0.009013489709447408,-0.010660521754837005,-2.5322294261442835e-08,-0.002397556864603523,2.711894721951118e-06,6.676083369630912e-06,0.0005652760511880212,1.8118259540876493,1642,1645,,0.0016990291262135924
52716,231,1,0.003505898780188227,0.014183710066854847,-0.012039019949809715,-2.5728696950721996e-09,-0.008573284187230357,1.0578679518626717e-06,4.895607788623849e-06,0.0006177343082403639,1.4375554501921324,1642,1645,,0.008715508431272355
68419,231,1,0.003505898780188227,0.008311955328437903,-0.002673846733672436,7.337089468328895e-05,-0.0024153028390268005,0.12851528416479427,0.39783658939553435,0.0006544722730042657,2.323256703899727,1642,1645,,0.001625574859478794
89365,231,1,0.003505898780188227,-0.004259444774311031,-0.0009536559576042158,-2.6053768031886193e-09,-0.001181337650267844,0.5,,0.0002736410759017396,1.4966726358106248,1642,1645,,0.0
90531,231,1,0.003505898780188227,0.04458254762360351,-0.022134747244219266,3.901262067562694e-05,-0.002919652188314137,0.033461379264848524,0.2615449608777235,2.5810003349264725e-05,0.04181887890470445,1642,1645,,0.030556974961676035
88595,231,1,0.003505898780188227,0.020194280377030485,-0.0008682357287850273,0.0005422750012642474,-0.018195036798667852,0.15302282051109228,1.113060437423115,1.0969447183743387e-05,0.024322838070642137,1642,1645,,0.007246423096576392
89443,231,1,0.003505898780188227,0.02448624998774828,0.0105748259059677,0.003740520319933882,-0.00019732135680228247,0.28977910612595786,3.4986788932654145,0.0005555986058831086,1.1638686177251047,1642,1645,,0.010957460398569239
70121,231,1,0.003505898780188227,0.005037091756253495,-0.012024168460767815,-4.815842391536762e-09,-0.002810836411876183,5.131342950836799e-07,1.9425852820392896e-06,0.0005584893358206618,1.501599493213174,1642,1645,,0.0055346193152784875
85796,231,1,0.003505898780188227,0.0343164989696373,-0.020578830404336168,-5.937194069716156e-09,-0.00028830834433057895,5.474678271625818e-07,3.448796710668251e-06,0.0005634515542498031,0.993945422261093,1642,1645,,0.02524271844660194
89968,231,1,0.003505898780188227,0.035649503348600724,-0.008816505829678745,0.0010255082148711292,-0.0034602603821973776,0.16014609131027271,1.5433224297388246,0.0006207007158654105,1.046406857105625,1642,1645,,0.02854816044966786
60599,231,1,0.003505898780188227,0.005877211347961048,-0.0004682601167953493,9.614280751846227e-05,-0.0007246836038741211,0.1307058849968022,0.456616465141933,1.2658744667885725e-05,0.03269683805424973,1642,1645,,0.0036918753193663774
89911,231,1,0.003505898780188227,0.10434295975310769,-0.02142129549080618,4.278045637040595e-05,-0.002419864034760133,0.02429006304276074,0.2713233095317327,-0.0005961877166435428,-0.7569904873183532,1642,1645,,0.07678845171180378
86594,231,1,0.003505898780188227,0.04126530296995651,-0.02243790801327039,-3.566169581858958e-11,-0.001354300043162393,1.973935405435011e-08,1.4327519323662326e-07,0.0005085508835612354,0.9196072375365312,1642,1645,,0.028056336228921817
49488,231,1,0.003505898780188227,0.14069636822859224,-0.10425141702317164,0.00086583583341171,-0.06966584852310498,0.06258723052172836,1.2729874762539275,0.0004350496899997826,0.4123140480960737,1642,1645,,0.11252554931016863
39693,231,1,0.003505898780188227,0.01291259421408982,-0.002282622327377082,-2.2247093056648737e-11,-0.005488168954274952,1.9941821137118957e-08,7.786696169906146e-08,0.0008340664229128557,1.885941813872669,1642,1645,,0.00920094532447624
85792,231,1,0.003505898780188227,0.02575701424330376,-0.007419669084210101,-8.087241987198013e-11,-0.0029903110226476848,1.594834975552213e-08,8.930881739353089e-08,0.0004977001828153758,1.008088825994003,1642,1645,,0.014352324987225346
89649,231,1,0.003505898780188227,0.00020853889742592782,-0.00513382030748355,-1.1859180304440997e-11,-1.4772734185930503e-05,1.3194121904465481e-08,7.510460982340804e-09,0.0005664113345521155,2.5217283768593637,1642,1645,,0.0007089933571793562
90987,231,1,0.003505898780188227,0.027821528012748176,-0.029548090467403698,-1.9714230248268905e-11,-0.0050142284841758755,3.553940985102336e-09,2.915398636100617e-08,8.980073126144577e-05,0.18280162787598933,1642,1645,,0.0159395758814512
88282,231,1,0.003505898780188227,0.007744613977548284,-0.0023173779281155937,-2.1092729785010533e-09,-0.0019598947048513615,1.1543159759928303e-06,1.997906839762445e-06,0.0002538915292210919,0.5246505005113378,1642,1645,,0.008194941236586612
89817,231,1,0.003505898780188227,0.04456858752687542,-0.005851237226972783,1.8523875326970085e-05,-0.006112931574449476,0.030354928798770758,0.17987657212825367,0.00019959427254267887,0.32737567681977586,1642,1645,,0.03133303525804803
81043,231,1,0.003505898780188227,0.0033021675114749804,-0.0038246696608170705,0.00027727169955782394,-1.5893792809418272e-05,0.21013855810121593,0.8539112723033694,8.65813528336377e-05,0.2141364547648438,1642,1645,,0.004078308635666837
79363,231,1,0.003505898780188227,-0.001857746630406113,-0.000803354532004974,0.000824790591018365,0.0006916596441193246,0.7501722374481359,4.66361243495709,0.0005402748323340988,1.581879762603125,1642,1645,,0.00040878896269800713
57074,231,1,0.003505898780188227,-0.0026458625735811207,-0.0017675787417728017,-5.496492150314225e-11,-0.003751480077596403,0.5,,0.0003434825042528377,1.8431190137692228,1642,1645,,0.0
89692,231,1,0.003505898780188227,0.09569620675371526,-0.041862241392596644,-3.6828584626391603e-10,-0.004716485592512587,2.3200022342394775e-08,2.3320317506206975e-07,-0.0003552931141280617,-0.43016839002144763,1642,1645,,0.07878129790495657
87426,231,1,0.003505898780188227,0.02140565872094253,-0.005772015070396375,0.00011493974656984207,-0.001658850691763858,0.07971139983781349,0.47164272250583916,0.0011805677372555775,2.5189144052137857,1642,1645,,0.012880045988758304
42796,231,1,0.003505898780188227,0.0033970640199004923,-0.0007816151713324615,0.0013474137802891306,-0.004085765487965354,0.5273281586315668,3.1489930825271055,0.0006257353038354913,1.4295801596415236,1642,1645,,0.004959759836484415
86218,231,1,0.003505898780188227,-0.0024982604696682713,-0.0006348364763575365,-6.412070874262099e-11,-0.00402536107081386,0.5,,0.00027435642983508583,0.9173731411718004,1642,1645,,0.0
85425,231,1,0.003505898780188227,0.0019292756709699546,-0.0014730048658300188,-6.185559175975186e-09,-0.0007561238927682457,2.7461652692853215e-06,3.3258082845649523e-06,0.000268217550250297,0.6182805377396019,1642,1645,,0.0030116249361267244
79895,231,1,0.003505898780188227,0.08260826432021119,-0.037114151121309114,-6.373323868658076e-09,-0.0034578036952768176,3.393992745356054e-07,2.747932381242724e-06,0.0008012163310550212,1.087103126260304,1642,1645,,0.06283852835973429
25304,231,1,0.003505898780188227,0.04491217406159717,-0.012469927689277682,6.739227825780514e-05,-0.02336836023867228,0.036075075121275606,0.34498404139629646,0.0001587247130512655,0.23976217605634173,1642,1645,,0.036573837506387326
59010,231,1,0.003505898780188227,0.012752836119720985,-0.002741984728984459,-3.2510882874703384e-11,-0.0019832779329176375,2.1222579604526315e-08,6.598975718737164e-08,0.00033018220598350287,0.6567438348547707,1642,1645,,0.010737097598364843
89707,231,1,0.003505898780188227,-0.0037067304601545365,-0.0008725652235181958,0.0011923992715917597,-0.058073817584359144,0.6742829907339859,4.295010611948219,0.00031187507616360735,1.0983145759076702,1642,1645,,0.0008207715891670924
29946,231,1,0.003505898780188227,-0.0018941753872951071,-0.0034239220421947714,-2.2828550827469485e-08,-0.002468058359011094,0.5,,0.0006140607920471768,2.0588829087995313,1642,1645,,0.0
88901,231,1,0.003505898780188227,0.005295242315741841,-0.005938214909583239,0.0018414923120835258,-0.049284613559287926,0.3802974761257372,2.8082468757174532,0.0008489524680073124,2.321077624850534,1642,1645,,0.006313873275421564
70703,231,1,0.003505898780188227,0.03302094890973558,-0.04285382153665429,-1.97958607284221e-08,-3.291424714113589e-06,6.641041353686148e-07,6.985919764259617e-06,0.0004717306521287227,0.9375261308056032,1642,1645,,0.020835462442514052
86314,231,1,0.003505898780188227,0.0035932714406010095,-0.008542194782600765,-4.169109502072388e-12,-0.00047846557296105097,6.493022682391928e-10,1.5428847099884261e-09,0.0006049012797074005,1.756047467263557,1642,1645,,0.0035449667858967805
77467,231,1,0.003505898780188227,-0.003969777079733439,-0.0026949898846384546,-6.632374649484518e-10,-0.0013276054505555468,0.5,,0.0004009977801366187,2.1618531012746343,1642,1645,,0.0
72776,231,1,0.003505898780188227,-0.00336989101950776,-0.004879859803109898,-1.2295060525246981e-09,-0.0003679460486485375,0.5,,0.0003876424323376191,2.1852510250341717,1642,1645,,0.0
89257,231,1,0.003505898780188227,-0.002779929186130995,-0.0037861087416031225,-8.42370244669155e-08,-0.011204398054452724,0.0003148138048307998,0.00010462879522578223,0.0005635417428431923,2.3722244704795554,1642,1645,,0.0003065917220235054
82859,231,1,0.003505898780188227,0.025634276949008848,-0.011238075599592223,0.000480884427663808,-0.008074335831213642,0.13611012700512504,1.0247776997716034,0.0008026543460044449,1.3891130412992174,1642,1645,,0.023511752682677568
29890,231,1,0.003505898780188227,0.0059803772617215405,-0.007541677782165079,-4.3803629612426676e-09,-0.003305467718053734,4.433670730599184e-07,1.6922715284856528e-06,0.00019319926861679143,0.5096533859089898,1642,1645,,0.004895886561062851
51916,231,1,0.003505898780188227,-0.003083966627002585,-0.0017522615547400644,-1.623234879843949e-11,-0.0015277829097581908,0.5,,0.0003013237914853129,1.8060160218799197,1642,1645,,0.0
64936,231,1,0.003505898780188227,-0.0011075305142411122,-0.0033388099661748605,-7.162272996907859e-10,-0.00044358048615222856,0.5,,0.000555974862250058,2.2921788684426114,1642,1645,,0.0
89760,231,1,0.003505898780188227,0.03600047170567067,-0.00809563489278875,5.3174467445016305e-05,-0.0050138614746308985,0.0469118575051001,0.3100692016965004,-0.00012917952415932474,-0.23257155389859988,1642,1645,,0.025661088400613184
17778,231,1,0.003505898780188227,0.006777838684024524,0.0030402333197535603,0.0008279956903652907,-0.00021279753080349906,0.25859591117233793,1.57205706987767,0.0005115319926873857,1.9997804054484176,1642,1645,,0.0007441236586612161
55001,231,1,0.003505898780188227,0.05824317041743373,-0.014043201793585869,2.8630495937931322e-05,-0.0025428164035523615,0.029516563219161986,0.22303598671244726,0.0008772691224021719,1.3641036622667466,1642,1645,,0.044082141032192136
90057,231,1,0.003505898780188227,-0.004236980372773359,-0.0006812197542072074,-6.862539425611658e-10,-0.002769914869870105,0.5,,7.462084831405636e-05,0.7128219736641138,1642,1645,,0.0
92379,231,1,0.003505898780188227,0.06480290160043319,-0.002117026636260455,0.00013068864284571102,-0.010381740041908172,0.04160814192766774,0.4837017434007727,0.00019487520229927147,0.2718829107854438,1642,1645,,0.04727899846704139
60186,231,1,0.003505898780188227,0.0001002598666809447,-9.679617059488166e-05,-9.43689570931383e-13,-0.006063188266419717,4.80298453413915e-10,3.4589872474032466e-10,0.0002459603900060964,0.7542942308555699,1642,1645,,0.0012135922330097088
92467,231,1,0.003505898780188227,0.09214215138331204,-0.02663337244187791,-9.766136122024704e-09,-0.005339037988727036,1.0634379200625578e-06,9.562418917675552e-06,0.00016923704929974105,0.23878047395978522,1642,1645,,0.06069877363311191
91519,231,1,0.003505898780188227,0.01104986190105608,-0.014077443494551867,-3.4290792427782435e-11,-0.0015655115436004063,2.6740083234892318e-09,9.433266470925774e-09,0.0007104357099332144,2.112161523558986,1642,1645,,0.0035800970873786407
85339,231,1,0.003505898780188227,-0.004463819805651905,-0.0018174911046546782,-7.715679206654613e-10,-0.00408717830574612,0.5,,0.00029342733343661363,1.806477733245689,1642,1645,,0.0
86102,231,1,0.003505898780188227,0.003242577250924867,-0.003470932626526313,-1.8345769348115937e-11,-2.7416167521776558e-05,1.3128884797950022e-08,2.5477212174015198e-08,0.00039981170018266616,0.9508478356001944,1642,1645,,0.004397675012774656
88597,231,1,0.003505898780188227,0.022355075608362716,-0.005538228938539058,0.00015583671432317647,-0.0001592757895245711,0.08643268237715228,0.5534175086481788,0.000894933310854699,1.7856792564219341,1642,1645,,0.018462570260602964
75285,231,1,0.003505898780188227,0.00879986956410874,-0.0033285670783309573,-5.526690216584029e-12,-0.002745279189188876,1.6926613609045146e-09,4.688509110549873e-09,0.0005954320536254245,1.21921980508788,1642,1645,,0.010979816044966785
70092,231,1,0.003505898780188227,0.08230940872264363,-0.022025593952270883,0.0003555286982823702,-0.006707775575989672,0.07138095435641194,0.8228669403383991,0.0007782058052286459,1.1198765224629577,1642,1645,,0.05909555442003066
50606,231,1,0.003505898780188227,0.10234092072218019,-0.0789387460687545,-8.963940700823514e-13,-0.0020103031715561492,1.1870546410564845e-10,2.1593555688500413e-09,-0.0015668056063385457,-1.492911302608657,1642,1645,,0.08588400613183444
19166,231,1,0.003505898780188227,0.00041205410511208746,-0.0025468535118253754,-1.3287724698329839e-08,-0.01023565317242947,2.8038591378004053e-06,4.931863702306144e-06,0.0005613339427122091,1.3188981480884674,1642,1645,,0.004234798160449668
81598,231,1,0.003505898780188227,0.004594859898114272,-0.0003479058710738059,0.0005882113281358015,3.906528987496216e-05,0.29682786841049325,1.3980570825341663,0.00026269573643510644,0.6580562258486303,1642,1645,,0.0043593510475217175
91688,231,1,0.003505898780188227,0.012674949022849097,-0.00647746380700287,3.485624128518605e-05,-0.008350306181941658,0.07682611285087482,0.25892856125314545,0.0007697520807924432,1.661349067129261,1642,1645,,0.009839678078691875
85945,231,1,0.003505898780188227,0.026972484885569976,-0.014260179295352726,-5.710178774265273e-09,-0.0054433045849422435,8.779614408676055e-07,4.386298793918479e-06,0.0010431419863755865,2.353483797524759,1642,1645,,0.011295988758303526
90523,231,1,0.003505898780188227,-0.0022307387966304655,-0.0024418426098202772,-2.370270646423478e-10,-0.0029937753289002167,0.5,,0.0004925717356485072,2.1789356942459763,1642,1645,,0.0
81030,231,1,0.003505898780188227,-0.0013014312982978003,-0.0036886557556741195,-1.263349758140464e-08,-5.169473982813422e-05,2.5772806082489247e-05,8.910481660544907e-06,0.0008102510664242214,2.5345647725103206,1642,1645,,0.0008111905978538578
79448,231,1,0.003505898780188227,-0.003758776519066173,-0.0025442090863172506,-3.86646270555957e-12,-0.0008925649625044496,0.5,,0.00040922043368119617,2.4005781993851505,1642,1645,,0.0
90922,231,1,0.003505898780188227,-0.0009985136014976042,-0.00041488883319762415,-1.0131562255821791e-10,-2.2075395900378325e-05,0.5,,0.00010323412445922006,0.9976195183996203,1642,1645,,0.0
90989,231,1,0.003505898780188227,0.03492579851200704,0.0003022585062665284,0.0006489797983915135,-0.0006996689651914689,0.18819385332931293,1.270266834934296,0.00046166939601762917,0.730202505517581,1642,1645,,0.029103857945835462
75320,231,1,0.003505898780188227,0.010240703142731587,-0.0011958705549324211,-4.0522252220398514e-11,-0.00022388259712124992,3.517005819755404e-08,9.667928890198973e-08,0.00011416026812923183,0.25556819266715586,1642,1645,,0.005279126213592234
11850,231,1,0.003505898780188227,-0.0021272253589490137,-0.0005955916848832121,-8.645727089806599e-08,-0.0003209717704184545,0.0005353869133068422,0.00014729805582533616,0.00024487324801950017,0.8458049261545405,1642,1645,,0.00019161982626469083
90882,231,1,0.003505898780188227,-0.001667816478818599,-0.0016143766361280676,-1.2112422176357995e-10,-0.002305565209120841,0.5,,0.0004181693589552774,1.7767653189652852,1642,1645,,0.0
55213,231,1,0.003505898780188227,0.067481097572059,-0.01476496442169739,0.0012524012167004495,-0.0014143277680236377,0.1752030413548763,1.7389465678033411,-0.0007223640241001565,-1.0191237449950206,1642,1645,,0.045599131323454264
77470,231,1,0.003505898780188227,-0.004115390153198902,-0.0009063850928758832,-2.4439472667836526e-10,-0.0005423526769783305,0.5,,0.00024455780659060633,1.5839001096636667,1642,1645,,0.0
63263,231,1,0.003505898780188227,0.002370213529373114,-0.0024273584515832614,-9.747514795321877e-09,-0.008367419427754097,0.0003715326916890311,0.0004507902528639856,0.0006106641534563284,1.5063268282469995,1642,1645,,0.0028711037301992846
76712,231,1,0.003505898780188227,0.0014903675055470565,-0.0010528162229901383,0.0002021977508044337,-0.0005849053759217071,0.2321046977296035,0.7485726368475418,0.0001580826833584228,0.38517914383831636,1642,1645,,0.0028870720490546753
89781,231,1,0.003505898780188227,0.05133233711382468,-0.030348932522441974,-8.033634202320172e-09,-0.0008832379880343577,1.832948765433573e-06,1.7394791583337988e-05,0.0011890944497860263,1.7818936884803955,1642,1645,,0.03528040367910066
90761,231,1,0.003505898780188227,0.034951062056431066,-0.0246412308608428,0.0006325749431584926,-0.10106297924551333,0.08589714102436545,1.1162453976815112,-6.89750152347061e-05,-0.13307854708333539,1642,1645,,0.027395247828308635
77069,231,1,0.003505898780188227,-0.005915662252485567,-0.0026538271882770026,-5.513547396418517e-10,-0.0018914564156866653,0.5,,0.00030177075897159947,2.1612355810953945,1642,1645,,0.0
61146,231,1,0.003505898780188227,0.03654177066653591,-0.015518654108621632,-2.475797344914099e-13,-0.003387627163216722,1.2258887830073989e-11,7.325527629337548e-11,0.0004930621572211843,0.8702901912350846,1642,1645,,0.027752938170669393
64450,231,1,0.003505898780188227,0.00412362455371864,0.0010018218886393981,0.00029600823889508465,-5.013497636152664e-06,0.2937108762840876,0.984156198252925,0.000594460085313833,1.834619436292466,1642,1645,,0.0012231732243229434
18091,231,1,0.003505898780188227,0.003571020446609243,-0.006150858004640547,-3.743303889081062e-09,-0.00010188682386624848,1.4518512383655726e-06,3.0190377872450413e-06,0.000770648994514752,1.9474012195491184,1642,1645,,0.004218829841594276
91570,231,1,0.003505898780188227,-0.0020169428824264144,-0.0016164801658955508,-2.088055284232837e-09,-0.0009119494160105823,0.5,,0.0004529723598361651,1.8794979857785332,1642,1645,,0.0
80421,231,1,0.003505898780188227,-0.005737384524972258,-0.0025606943589320252,-7.269720381231082e-10,-0.004010304332913162,0.5,,0.0003129567247850042,1.7572377100283922,1642,1645,,0.0
92748,231,1,0.003505898780188227,0.06312543747626514,-0.0056402489305360515,0.0009711338145339532,0.00113182906889997,0.1682789281400556,1.5173268580583577,5.106160129638873e-05,0.07486245587768205,1642,1645,,0.04783788962698007
90762,231,1,0.003505898780188227,-0.005051978702344954,-0.0008453449509904232,0.0003456702939330647,-0.010896062896494252,0.9016448375050362,7.676406399493221,0.0002753701581496855,0.966106980720934,1642,1645,,0.00019161982626469083
49154,231,1,0.003505898780188227,-0.0030021474950157716,-0.0006134370827186597,-1.1805667554654065e-11,-0.009996188313717402,2.667116978012922e-08,1.1026800794950457e-08,0.00010746374162114427,0.33076803879217875,1642,1645,,0.00019161982626469083
82272,231,1,0.003505898780188227,-0.0013938826869136238,-0.0009378810420441752,-1.7465902057978155e-09,-0.001738195895863992,3.4390237659449874e-06,2.004151328517738e-06,0.00045025959780519846,1.3115563402193606,1642,1645,,0.001338145120081758
64311,231,1,0.003505898780188227,1.780981956675693e-05,-0.0044423981884753605,-2.778123953106615e-09,-0.0052983415113918575,3.4695042637668955e-06,4.215741483263818e-06,0.0006164052407033776,1.610777211183646,1642,1645,,0.002012008175779254
87133,231,1,0.003505898780188227,-0.004597437383211004,-0.00255536830055636,-2.0038939396727073e-09,-0.00285229204566928,0.5,,0.0003766742036728362,2.1778460676792535,1642,1645,,0.0
90533,231,1,0.003505898780188227,0.17074204167050508,-0.07753393942555098,-1.7209149660857292e-09,-0.0001220301240594246,3.2447294255413014e-07,4.564056403533895e-06,-0.0003798848291651719,-0.3776264818231198,1642,1645,,0.1322144864588656
89976,231,1,0.003505898780188227,0.09641303274023955,-0.03269610102802112,-4.714006962558415e-12,-0.00022934378814376544,5.018184353214279e-10,5.0265869687282955e-09,-0.0003547769652675248,-0.42738864711989766,1642,1645,,0.07789665304036791
78451,231,1,0.003505898780188227,0.04310269289736143,-0.008036039886409885,0.0013774898989183937,-0.0024847254738826763,0.18951143076277605,1.855223343855739,0.00011454573725514685,0.18323414972663168,1642,1645,,0.03446282575370465
20750,231,1,0.003505898780188227,0.004370355589932262,0.00017645432973711905,0.0004424013938294502,-0.001833113840379541,0.371629639602413,1.3535426815941132,0.0006251543769236674,1.785773091320728,1642,1645,,0.0014914409810935106
89012,231,1,0.003505898780188227,-0.004765824647136594,-0.002630385175715455,-7.036815574679167e-12,-0.0005632811977969165,0.5,,0.00042338425851922714,2.2909995484347725,1642,1645,,0.0
82743,231,1,0.003505898780188227,0.0030311281392570865,-0.0025823060956158272,-1.1860084692116857e-08,-0.0020601546983944896,0.000110921870471954,0.00014850393799687597,0.0007977330895798132,2.011850435077499,1642,1645,,0.003030786918753194
90988,231,1,0.003505898780188227,0.03680237380909125,-0.006660769838759739,0.0006792160382779189,0.0017196689135147158,0.1539806646523132,1.251041829423101,6.070655936625888e-05,0.1041571825493323,1642,1645,,0.02769864588656106
75041,231,1,0.003505898780188227,-0.00029740404804622534,-0.008159339042476343,6.193572213841758e-05,-0.0022439839532284456,0.26747657098324895,0.4352626621430052,0.0012622212065813527,3.8228330156362453,1642,1645,,0.0016383495145631068
78936,231,1,0.003505898780188227,-0.004646784442644755,-0.002035072491618495,-1.536334170992859e-09,-0.005555690507817346,0.5,,0.0003613668544496748,1.9522474512198733,1642,1645,,0.0
90853,231,1,0.003505898780188227,0.019802179282291856,-0.0032051499031751085,0.00022310930404023654,-0.01139011114401356,0.12395360643537706,0.6899223559905093,0.0001518371352932799,0.2716192842632096,1642,1645,,0.016552759325498212
20618,231,1,0.003505898780188227,0.03504079324015376,-0.011043986527244254,-5.392353230604385e-12,-0.0008280960071369581,3.1457577814275844e-10,1.8937336041173764e-09,0.00027271907373517236,0.47115451086699955,1642,1645,,0.0257313490035769
42439,231,1,0.003505898780188227,0.03649625513151368,-0.010830852352180065,-9.106693177329817e-11,-0.00011962635374040964,1.0603231409880007e-07,5.690397338290106e-07,0.000529810481460855,0.91075184201495,1642,1645,,0.02958290751149719
90558,231,1,0.003505898780188227,0.07369898816529519,-0.015152639837791249,0.0006396906818251225,-0.0081328112712018,0.09878764782762238,1.136727173417444,0.0007970437072912821,1.1696722661033223,1642,1645,,0.051287046499744506
89492,231,1,0.003505898780188227,-0.0026031156618030607,-0.003086523915989181,-2.5915347645621978e-09,-0.00019097864699868516,0.5,,0.00045487970660086283,2.1778178145617484,1642,1645,,0.0
91929,231,1,0.003505898780188227,0.1842652331385368,-0.09025845954193845,0.0018661574275065096,-0.004402155983135092,0.08869204035519018,1.9204677455036037,0.0014059844961555024,1.3181983482334785,1642,1645,,0.13472151251916198
85340,231,1,0.003505898780188227,-0.0036592331854520396,-0.002021551945773803,-1.66617830643645e-11,-0.0014166803517068338,0.5,,0.0003792991063585469,2.050335137354602,1642,1645,,0.0
91813,231,1,0.003505898780188227,0.04211844316968423,-0.019037369244714775,-1.3836960244262286e-08,-0.011082147092796424,2.3182656541238756e-06,1.7533766035734767e-05,-0.0002902084102378046,-0.4612911623336252,1642,1645,,0.03337378640776699
12062,231,1,0.003505898780188227,-0.0010860266344234302,-0.001344837411764832,-1.3490868422394442e-09,-0.003026716219679315,0.5,,0.00041100859737119795,1.331715597880652,1642,1645,,0.0
52230,231,1,0.003505898780188227,0.011034493884457926,-0.0011654508986340684,-8.596749978551088e-10,-6.941061042153862e-05,2.8569991586904916e-06,7.270904764694783e-06,0.000498402194035044,1.1352977915442055,1642,1645,,0.009066811446090955
85072,231,1,0.003505898780188227,0.01634998497749957,-0.007036959749814109,-5.7555293864197665e-11,-0.0018601777231295191,2.5839317508676355e-08,9.765226740645541e-08,-1.464655696800544e-05,-0.030853996367408116,1642,1645,,0.010986203372508942
89462,231,1,0.003505898780188227,0.0020522768851581404,-0.0008327718839808984,3.1536102230722562e-06,-0.011025397003000537,0.06104094191384145,0.0766151198545433,0.0004489251839868405,1.2610823216419427,1642,1645,,0.0026667092488502813
91041,231,1,0.003505898780188227,0.018559221895580087,-0.012982536624217555,-5.422118753983796e-09,-0.0028251666208032322,5.041293805357113e-07,2.0302998623486366e-06,0.0008479999989672812,1.7457440131693474,1642,1645,,0.01644736842105263
72864,231,1,0.003505898780188227,0.001748984586379567,-0.0036779284220587183,-1.9977364207335313e-09,-0.0036566251850849163,7.298679151651784e-07,8.983931688446042e-07,0.000788235831808463,2.1896226690953204,1642,1645,,0.0023952478283086357
27983,231,1,0.003505898780188227,0.007670763924515424,-0.0010302154178774003,1.271909285216477e-05,-0.018071301902682357,0.05568772450717469,0.152756461104526,0.00017894746780417885,0.40223276243146494,1642,1645,,0.00600408788962698
88485,231,1,0.003505898780188227,0.1484496090793817,-0.08694354652564851,-5.491607169005874e-11,-0.008415120519470465,2.923695513927761e-08,4.696359353268041e-07,0.0014271072516817973,1.511944985149587,1642,1645,,0.11094468574348493
78950,231,1,0.003505898780188227,0.02528883460922295,-0.0006716824965649071,0.0019319039577915254,-0.0027047661768573317,0.32041148562669813,2.6195927866014905,0.0009693950220521226,1.8458784550584446,1642,1645,,0.020710909555442004
10517,231,1,0.003505898780188227,0.023581463762260824,-0.005769382823732849,-2.2386454023859415e-08,-0.0046891572091747324,1.0239411800488235e-05,5.124512476630811e-05,0.0006359585538879343,1.2385923724034782,1642,1645,,0.016182294328053144
91414,231,1,0.003505898780188227,-0.0044727075668197095,-0.0010266802022176336,0.0004939682961343506,-0.011636350896545578,0.6497919785868973,2.5619418747507208,0.00019068616697003708,0.8037989662419973,1642,1645,,1.5968318855390903e-05
63706,231,1,0.003505898780188227,0.0221530524925943,-0.00978854135544105,8.591867242668805e-06,-0.0012461382855095682,0.020432901237935352,0.12102195534295981,-0.0003041522240344879,-0.5771959713240402,1642,1645,,0.01714997445068983
90494,231,1,0.003505898780188227,0.14434421746688175,-0.07723463448556722,0.0013215995031726768,0.0026592688441021695,0.07647193373017036,1.5998077912200446,-0.0006352552379484777,-0.5928621023956842,1642,1645,,0.11685296371997957
81584,231,1,0.003505898780188227,0.004111060264300367,0.003520698488486129,0.003558372009566435,-0.004192314642297523,0.5725165428257282,5.651490997319767,0.0006848028000650995,1.7924572707325421,1642,1645,,0.0035577414409810933
90880,231,1,0.003505898780188227,0.00937395607190509,-0.0014081579327174243,-3.4987568398037183e-12,-0.0014682041843168125,4.6356096843499204e-10,1.876725291597155e-09,0.0007417196831200625,1.662191058367201,1642,1645,,0.009466019417475728
90499,231,1,0.003505898780188227,0.020815802832920588,-0.01960459453163943,-1.3811396470941872e-11,-0.008709443474170575,9.213488142487526e-10,5.36778938735888e-09,0.00019716758074347175,0.4719116619156381,1642,1645,,0.009871614716402657
90680,231,1,0.003505898780188227,0.013428721309541728,-0.002250408817225047,0.0003641242110010712,-0.0020580513034982317,0.1388445084953382,0.8961764900590836,0.0003060117665198667,0.6621873060895646,1642,1645,,0.012720362800204395
90269,231,1,0.003505898780188227,-0.0050027770729656595,-0.0019324786952941153,-1.6607648589683777e-10,-0.008799356604392683,0.5,,0.00028937466881298146,1.4732208368317656,1642,1645,,0.0
90793,231,1,0.003505898780188227,0.0032653043019896647,-0.004680461710379946,-2.8504374416371547e-09,-0.0019047016063094002,7.854686897250515e-07,1.876971227682014e-06,0.00022317733089628563,0.5994381532667399,1642,1645,,0.00247508942258559
82311,231,1,0.003505898780188227,0.010316794769216243,-0.011325804212126034,5.7277935895272414e-05,-0.0038698092708986387,0.05600189259916037,0.3245025652358541,0.00047486654478976804,1.1361614758787544,1642,1645,,0.003794072560040879
88953,231,1,0.003505898780188227,0.008686472815298076,-0.004236895804241136,-2.905937712682771e-10,-0.008023574529817834,2.671720920573769e-08,9.496893724500503e-08,0.00033567154174278145,0.8786040232924323,1642,1645,,0.005608073582013286
89332,231,1,0.003505898780188227,0.061078909631946315,-0.010223521993016904,0.001495892321636827,-0.005726374138207424,0.18831459120711652,1.931806652244021,-0.0003147787403219397,-0.49838414177098284,1642,1645,,0.040221001532958614
81067,231,1,0.003505898780188227,0.07861853717432182,-0.023225280825647454,-7.175371408152387e-12,-0.014715423409979778,2.855700970060492e-09,2.2804899980088286e-08,0.0014239646557029136,2.027782526372843,1642,1645,,0.05764243740419008
89014,231,1,0.003505898780188227,-0.0012859281784959233,-0.0020104173084545263,-5.146780779341498e-10,-7.337989292133251e-05,2.2595993784549698e-06,8.594668105582439e-07,0.0005007867154189397,1.6196551048418897,1642,1645,,0.0007888349514563106
47677,231,1,0.003505898780188227,0.04790716822638745,-0.00369792323096485,0.0014602675675930987,0.0015255032066429086,0.23413481750343873,2.0217505289842657,0.0005836637364652104,0.9611967210607439,1642,1645,,0.029796882984159428
92355,231,1,0.003505898780188227,0.06017403860301536,-0.01496666092766974,3.878375394394951e-06,-0.0003741123507876587,0.009250470170223518,0.08030041582782169,-1.6449261850072093e-05,-0.02455785349940723,1642,1645,,0.04626980071538069
78186,231,1,0.003505898780188227,0.18544633242241998,-0.13057163586495224,-1.1381418030254054e-09,-0.0013028606127873932,3.377001788816035e-07,5.573640425385463e-06,-0.0006391310146043525,-0.5592760245972833,1642,1645,,0.14813809402146141
89733,231,1,0.003505898780188227,0.0016891532271198838,0.00011499113692881036,0.0008199070063088509,7.442719632522188e-05,0.4986204691448223,2.3147301878699436,0.0003573935697882032,1.0829823418636855,1642,1645,,0.001973684210526316
85621,231,1,0.003505898780188227,0.003703207867865655,-0.00867756295598654,-1.8889334540972413e-12,-0.007815927094926067,4.468418491056464e-10,8.500237557985435e-10,0.000935642291285796,2.442645706080831,1642,1645,,0.004416836995401124
77239,231,1,0.003505898780188227,0.0021102526483602452,-0.0034043856252767846,-2.157737988284225e-08,-0.010960135847251307,2.7162579625795557e-05,5.780331881583362e-05,0.00029659658744681867,0.8076257795528916,1642,1645,,0.004429611650485437
88897,231,1,0.003505898780188227,0.03612107059381327,-0.006230926196362674,0.001669819610722878,-0.003596830602145884,0.2377024064711643,2.1704065231222844,0.00010191449194091555,0.1692419523720515,1642,1645,,0.02874297393970363
91858,231,1,0.003505898780188227,0.0012543178615147031,-0.006561714181747558,0.00020826196346634962,-0.006814200822352179,0.1211243484540149,0.6666446101868458,0.0007364388162854735,2.1723252922561107,1642,1645,,0.003305442003065917
91973,231,1,0.003505898780188227,0.3023154271235389,-1.2361431519378812,,,,,,,1642,1645,,0.26326967296882986
51263,231,1,0.003505898780188227,0.08854746848112849,-0.02424650170341991,0.0011217204764464306,0.0002807386862291317,0.11818844955015288,1.5379493671786142,0.0009477678339979061,1.1822800159284947,1642,1645,,0.07149655084312724
44206,231,1,0.003505898780188227,-0.0010379234495689995,-0.0037119113685450955,-1.4073187060148484e-12,-0.0007350545208502091,1.145558968474944e-07,8.032404290215445e-10,0.000583212675082082,2.2237099287236823,1642,1645,,6.387327542156361e-06
43837,231,1,0.003505898780188227,0.03924324964419769,-0.01626144905764826,-7.888149911039477e-09,-8.424436742426877e-06,0.0001016792804288979,0.0007099611767659674,0.0009458260725288625,1.6352282588192626,1642,1645,,0.02908788962698007
83835,231,1,0.003505898780188227,-0.00228567872378094,-0.0018006662756457903,-1.1464162952279366e-12,-0.002544411696141502,1.0788933039876988e-09,2.374242406425606e-10,0.0004033217550274825,1.4291329246397213,1642,1645,,0.00011177823198773634
52898,231,1,0.003505898780188227,0.0030627535325016136,-0.002399851915142248,-1.7866663704069197e-10,-0.0006389856441249009,1.0275268304602405e-07,1.5447802699806427e-07,0.0005426099939058173,1.8785918941437751,1642,1645,,0.0012998211548288197
92891,231,1,0.003505898780188227,-0.002676373747618452,-0.0011631321948673001,-7.539453505955862e-10,-0.001407216403044309,0.5,,0.00029533321394651426,1.5948335632113302,1642,1645,,0.0
89444,231,1,0.003505898780188227,-0.0021312364563998674,-0.0014141097279778414,-6.592792978210582e-11,-0.0030724805105044606,4.6702406012442445e-08,1.587525418878551e-08,0.0003464381474711511,1.2100475750427395,1642,1645,,9.580991313234542e-05
16548,231,1,0.003505898780188227,0.00012869766443983772,-0.0018742826471611629,-2.336745863473766e-08,-0.0005138061734419885,5.34380596436141e-05,3.521858804440968e-05,0.000560933577087376,1.7049557986015083,1642,1645,,0.001079458354624425
93031,231,1,0.003505898780188227,0.18595239166851973,-0.18286970446318263,-1.5221157667610896e-12,-0.022613261845547017,2.3483764432787082e-11,5.66596891619524e-10,0.0007687062766604969,0.5935659734099252,1642,1645,,0.1510954266734798
87541,231,1,0.003505898780188227,-0.0009933872900808303,-0.004924916013903768,-2.842318203022387e-08,-0.012287331100022447,8.337311002013393e-05,8.17359358612671e-05,0.00114521694103605,2.8360257862506018,1642,1645,,0.0024431527848748085
60580,231,1,0.003505898780188227,-0.00023176397902334835,-0.0071388199655191276,-7.520764011559322e-10,-0.005443050944289762,5.972748371338129e-07,8.296316464247404e-07,0.0010513400364302583,3.099428320273245,1642,1645,,0.0014978283086356668
77730,231,1,0.003505898780188227,0.0004930920103117631,-0.004508023876002909,6.153855534485331e-06,-0.006535204303733666,0.0888405839851222,0.11033863660914262,0.0009519166290761358,2.2862403117130987,1642,1645,,0.002564512008175779
27422,231,1,0.003505898780188227,0.19295620121435947,-0.09947049729700574,-2.5758728483538107e-11,-0.011751941325299775,5.031643531315462e-09,8.522172473173708e-08,-0.00033508226698458245,-0.29216238550616813,1642,1645,,0.15541006642820646
75049,231,1,0.003505898780188227,0.013496821832355744,0.0013618691487926604,7.693837777988932e-08,-0.00042253375902112644,0.004257429314687144,0.01363164743320041,-5.7848855191530946e-05,-0.1307758802957783,1642,1645,,0.008827286663260093
21776,231,1,0.003505898780188227,-0.002237288032180274,9.310221611125158e-05,2.4858259994875453e-07,-0.0003357231914595804,0.08695183293125336,0.023217652098701778,0.0001611005484460695,0.5140442656361934,1642,1645,,7.664793050587634e-05
56653,231,1,0.003505898780188227,-0.0036826468712186904,-0.002768841855287585,-1.958023410075782e-08,-0.009860918405228514,0.00017417127980967617,6.434487112083571e-05,0.00045923583180758907,2.0811875307082532,1642,1645,,1.5968318855390903e-05
86128,231,1,0.003505898780188227,0.09633020146407648,-0.03065185791902869,-5.984102102729594e-13,-0.00026363675664398123,6.707320304872309e-11,6.214597360025465e-10,0.000880272394881189,1.196840000912608,1642,1645,,0.07091211037301993
76639,231,1,0.003505898780188227,-0.001292449476251357,-0.0034223789296718987,0.00020667870443569214,-0.2843078497874487,0.7622167547192795,2.454923338289802,0.0009654276890696408,2.797827077891137,1642,1645,,0.0005333418497700562
80432,231,1,0.003505898780188227,0.02312314444695607,-0.00610115797951738,0.00021933761983095046,-0.0021977222342790537,0.1476747378532154,0.7035804103810082,0.00031269560378989166,0.5482078691550204,1642,1645,,0.019034236075625956
77496,231,1,0.003505898780188227,0.015196195167876717,-0.006778616339100818,5.617357310416793e-07,-0.0002369241885995521,0.008113136587852773,0.031002297164363066,0.0010111470520184805,2.3241335529624085,1642,1645,,0.010363438937148698
15720,231,1,0.003505898780188227,-0.0013180836946621423,-0.0030594001788994962,-3.5877834037023604e-10,-0.00020079501237835196,0.5,,0.000606028753393906,2.261710634732594,1642,1645,,0.0
79037,231,1,0.003505898780188227,0.04469750150859018,-0.025534716766556498,-2.554605416094091e-10,-7.573495951485043e-05,1.4591129810767383e-08,1.0070816619807141e-07,0.0006007397927960112,1.0435062193991371,1642,1645,,0.03309593765968319
84767,231,1,0.003505898780188227,0.004497475267092379,-0.005868216482407762,-3.0986213594985657e-10,-0.005384127515970283,6.767761963881068e-08,1.619587040271934e-07,0.000528920170609642,1.608948188858353,1642,1645,,0.0033788962698007153
92128,231,1,0.003505898780188227,-0.0020067370921358907,-0.0034316622469776625,-6.315459266659218e-10,-0.005658360914416738,0.5,,0.000501866843308142,2.173467886073186,1642,1645,,0.0
86021,231,1,0.003505898780188227,-0.00295464701027742,-0.0011073018773650745,-1.185425535510376e-09,-0.002628305770531192,1.0754637097064746e-05,5.16748949677136e-06,0.0007151822059716776,2.198990840546433,1642,1645,,0.0001980071538068472
12431,231,1,0.003505898780188227,0.007422821787601984,-0.0056127346275398615,0.00047631485576415944,-0.0052062223488698045,0.21569576196365367,1.1243377981100915,0.0007452722287044586,1.8072240090880864,1642,1645,,0.007447623914154318
92405,231,1,0.003505898780188227,0.04388253417672849,-0.01701696357444793,0.000864137272989618,0.0011067448103212474,0.15094291182386066,1.403559369225866,-0.0005062182075773696,-0.8253774119868494,1642,1645,,0.03204202861522739
25953,231,1,0.003505898780188227,0.00203819858795824,-0.0020794248709394836,-7.814460190047612e-11,-0.0012249379924720305,2.266470487669232e-08,4.50127343042778e-08,0.0004981620962826105,1.2625156017040782,1642,1645,,0.0031585334695963213
80200,231,1,0.003505898780188227,-0.0026623170836815027,-0.0012986805286285819,-6.140510322438786e-11,-0.008816977987650576,9.269265032263506e-08,8.586393318552088e-08,0.0001835484460693679,0.5627914638882445,1642,1645,,0.0007217680122636688
88233,231,1,0.003505898780188227,-0.0028591671221617847,-0.002280534791868405,-2.949277422281682e-08,-0.00023451255304363094,2.217189100565259e-05,1.2448356961633046e-05,0.0004344625228543829,1.6120738625362567,1642,1645,,0.0006898313745528871
49330,231,1,0.003505898780188227,0.007679855512003538,0.0018479689573677183,0.001502810917417774,-0.004545314508552334,0.37923965303426954,2.530266453605476,0.00047508396239288777,1.1592999423061694,1642,1645,,0.007434849259070005
46877,231,1,0.003505898780188227,-0.00020772389864612314,-0.004225577604697772,-1.2273537741691598e-10,-0.0038987994473753673,5.071879487805221e-07,3.058413144454337e-07,0.0008469634370301061,2.682533137284984,1642,1645,,0.0003928206438426162
92144,231,1,0.003505898780188227,0.00028070245630324597,-0.002837459119022334,-5.127984925579199e-09,-0.00256240919562023,3.4384958409816938e-06,5.695010341253531e-06,0.0004940505789166658,1.3877588318281548,1642,1645,,0.0017916453755748593
68929,231,1,0.003505898780188227,-0.002356043611745827,-0.002392847166277967,0.00010688024339011726,-0.007628507636704862,0.5950905381348217,1.0321568604800333,0.0004896898232210144,1.7154051295453812,1642,1645,,0.0002203628002043945
75154,231,1,0.003505898780188227,0.0017977110111663632,0.002410417787622743,0.0002889413506891314,-0.0035985186175855333,0.3441122837722612,1.0487467346006603,0.0004587084062391788,1.1290561211798613,1642,1645,,0.0028327797649463464
77066,231,1,0.003505898780188227,-0.0019523928716867025,-0.00021163519374711726,-1.418198891656175e-12,-0.008293335242678168,5.4967883306254045e-08,4.940806880179114e-10,9.410542352189612e-05,0.3300585069448293,1642,1645,,6.387327542156361e-06
46392,231,1,0.003505898780188227,0.029347595445856602,-0.0011940885393222356,0.0048443575184299315,-0.014136204929591445,0.3552657670555003,4.380916894249551,0.0004612154865546485,0.7854364393431849,1642,1645,,0.02345746039856924
76282,231,1,0.003505898780188227,0.00175895610335053,0.00013306584235550645,0.0015636318632951118,-0.00535198184452268,0.5689991267475865,3.719464973516727,0.00040299243550616576,0.9173387225982401,1642,1645,,0.004413643331630046
90164,231,1,0.003505898780188227,0.024193524402340256,-0.002525816204890674,-1.259892190574874e-10,-0.0009781969678539504,5.949261460302024e-08,2.2622957730258329e-07,-0.00040153077391106684,-0.7235082852620943,1642,1645,,0.020532064384261625
79698,231,1,0.003505898780188227,0.0007608377069530199,-0.004928978470181811,0.00019517231854360162,-0.0011144630108905762,0.3585163948587279,0.883244462915194,0.0009083351614868981,2.477233031983765,1642,1645,,0.0016862544711292796
83597,231,1,0.003505898780188227,-0.0012009388233089379,-0.0018959868437469218,0.0001867176951643179,-0.00013720002089945282,0.4254758426888018,0.9616257812255765,0.0004991419865935403,1.4453148526665418,1642,1645,,0.0011656872764435361
31077,231,1,0.003505898780188227,0.013368741182777226,-0.005720367902809498,-3.321166675007703e-09,-0.0012229347702645832,5.828058651281571e-07,1.719707929221515e-06,0.00015480012181524644,0.3419631219144787,1642,1645,,0.009213719979560551
85346,231,1,0.003505898780188227,0.05056430352859814,-0.00431378433448204,0.00180001801824059,-0.0015887254114062,0.2447830297405991,2.273765329516159,-0.00020526079611493463,-0.334498926383627,1642,1645,,0.0317482115482882
75268,231,1,0.003505898780188227,-0.0018598794001464755,-0.0011639972628554318,-1.3363463891025162e-08,-0.00814839346924301,0.5,,0.00018882254869792542,0.9872975462774738,1642,1645,,0.0
86799,231,1,0.003505898780188227,0.06571032580304775,-0.023754926749578242,0.0002636591082886275,-0.0031796795014487067,0.05796796476462461,0.6978959440785941,-0.00014195097273045929,-0.18070629399799756,1642,1645,,0.058709121103730194
77520,231,1,0.003505898780188227,0.019139128109866108,-0.010606419369670439,-3.1556875779159554e-08,-0.0022741945103026406,2.64579529074614e-06,1.223068302533619e-05,0.00038099634359677536,0.7962860618169413,1642,1645,,0.011989013796627491
49656,231,1,0.003505898780188227,0.0022977314680066347,-0.004191516159044895,4.38432650124998e-05,-0.002916893251669217,0.09000419056839118,0.2944731944770968,0.0005228184034125535,1.3335514135461723,1642,1645,,0.004493484925907
87214,231,1,0.003505898780188227,0.06097742820897466,-0.00011906494557689662,0.0021570157791457323,-0.00722302838059985,0.19164148470457476,2.3303959615793834,0.00047915433369835636,0.6854061025475671,1642,1645,,0.04988822176801227
75064,231,1,0.003505898780188227,-0.0019851972242267407,-0.0007828885385838813,-5.10702591327572e-14,-0.00017959103661868703,1.95212930737855e-09,1.0105434234148918e-11,0.0003392894576343625,1.2312008123024423,1642,1645,,6.387327542156361e-06
90038,231,1,0.003505898780188227,-0.0002280285203889745,-0.0027062897425531585,9.34192676194101e-06,-0.0008928739454470147,0.113755443064108,0.13982545834054852,0.0007921943936624008,2.2628737302047384,1642,1645,,0.0011018140010219724
86228,231,1,0.003505898780188227,-0.0017164283404872813,-0.0033000327368404303,-2.429311196650019e-09,-0.004743064990918366,2.1524563681714348e-05,1.1123128087997717e-06,0.0006240712978299007,2.3603230953005316,1642,1645,,8.30352580480327e-05
62308,231,1,0.003505898780188227,0.004045049760632758,-0.0006487468550138153,-7.22031943123369e-08,-0.0023281963907209047,0.000186408313385887,0.0005033111907779767,0.0007422029250468136,2.5510693400619817,1642,1645,,0.0008527082268778743
92149,231,1,0.003505898780188227,-0.00469915880760466,-0.0021422421174581707,-5.981504180851971e-11,-0.008780280950151376,0.5,,0.00030343943735969546,1.754101252120331,1642,1645,,0.0
80711,231,1,0.003505898780188227,0.0050592291295477885,-0.00886946237392272,-1.6920609136050757e-08,-9.01417624994405e-05,2.7102732462430754e-06,5.455260537390756e-06,0.0005406697139609361,1.5217608898161707,1642,1645,,0.0037685232498722537
76558,231,1,0.003505898780188227,0.001195587408646303,-0.00316747710391585,-7.28317406384349e-11,-0.0005680719100287224,5.765994714576248e-08,7.20273885908707e-08,0.0005594795856186805,2.2215999183026685,1642,1645,,0.0007377363311190597
89138,231,1,0.003505898780188227,0.0007846386348292915,-0.001188971148636142,-6.99787494617965e-09,-0.009029139979937595,1.1865293778866911e-05,1.332445250667847e-05,0.00028725837092968034,0.7233657592900221,1642,1645,,0.0019704905467552375
45751,231,1,0.003505898780188227,0.005588056010437587,-0.004517298195454877,0.0008562862348003852,-0.0006539751361738233,0.35093627200893446,1.829272164438549,0.0007928781230956735,2.9071203835433046,1642,1645,,0.001341338783852836
64390,231,1,0.003505898780188227,0.001447457388139375,0.00039295062295863215,0.0014251691003090983,-0.0015875636273881,0.4783613736743755,2.934767448720483,0.0006970877513711151,2.48667497217144,1642,1645,,0.0007441236586612161
85916,231,1,0.003505898780188227,-0.0050083372622634756,-0.0028993069073854905,-6.132201413322491e-10,-0.004639418254842376,0.5,,0.0003296415750873773,2.1034086971464276,1642,1645,,0.0
73139,231,1,0.003505898780188227,-0.0012911329195166863,-0.0025005217031488502,-6.987481571130161e-08,-0.0009647968578507804,0.00010061402698101352,1.6893618489264224e-05,0.0007115965871904511,2.401056515873068,1642,1645,,1.9161982626469086e-05
47626,231,1,0.003505898780188227,-2.8198167622272904e-05,-0.0011653167763150396,0.00018966181392021664,-0.01176240801218964,0.28566247435602976,0.780170089868798,0.000646430225472273,1.9898235165714324,1642,1645,,0.0011944302503832398
79236,231,1,0.003505898780188227,-0.0026379475870955444,-0.001901816106743448,-4.352296301135539e-12,-0.006021099846764688,0.5,,0.00032689679899560435,1.8382513786060373,1642,1645,,0.0
76572,231,1,0.003505898780188227,-0.007240785613680852,-0.0023156475613881344,-6.75439704167502e-11,-0.002966900488809321,0.5,,0.0002748332669887946,1.964345399727522,1642,1645,,0.0
85602,231,1,0.003505898780188227,0.13527198619854292,-0.06968286818541047,0.0012411680814760073,0.0008620605783412616,0.08049765632116511,1.553806418963151,-0.0002671154835990395,-0.2678731992130139,1642,1645,,0.10410066428206438
89537,231,1,0.003505898780188227,-0.006764006399080421,-0.0016119058385768437,-8.711906751557308e-10,-0.002443843670988377,0.5,,0.00025600048437897295,1.6744466792045714,1642,1645,,0.0
11955,231,1,0.003505898780188227,-0.0008298891628865433,-0.003506588254637899,-6.874599867146003e-08,-0.0012041163653122577,9.673291922280419e-05,8.51722806670552e-05,0.0006108702011010897,2.36353675298717,1642,1645,,0.0008399335717935617
45728,231,1,0.003505898780188227,0.052230075996473994,-0.014297347986268027,-4.587703550384958e-09,-0.000760760982444042,9.76449298176489e-07,6.25818563396638e-06,-0.00016393662415500345,-0.26095138001971085,1642,1645,,0.031796116504854366
49373,231,1,0.003505898780188227,0.011464221098303517,-0.0029885658311266106,1.2757643640393113e-06,-0.00010411870110482724,0.01608281732241584,0.046514426208513385,0.0008505010349882956,1.8593395077302801,1642,1645,,0.009925907000510987
92621,231,1,0.003505898780188227,0.14143388578708369,-0.11371538263101733,0.0024959953804922774,-0.023921625714892203,0.08938271129882962,2.225476839663954,-0.0006613198980926093,-0.6115088854729922,1642,1645,,0.10131259580991314
51633,231,1,0.003505898780188227,-0.0010311748717752537,-0.004001500644917222,-6.232792060245629e-12,-8.409094605088541e-07,8.354774080139744e-09,1.8029278003840308e-09,0.0007312333942717442,2.675304244388113,1642,1645,,1.9161982626469086e-05
27684,231,1,0.003505898780188227,0.012460360091531343,-0.00614262121022624,-4.144684595530634e-12,-0.001459307541617827,7.612979739207671e-10,2.6529686556433406e-09,0.0002922468007303851,0.6874289120897487,1642,1645,,0.007141032192130812
13610,231,1,0.003505898780188227,0.015884011447059355,-0.005574519008633372,0.00010917148739320037,-0.031178408223689447,0.10695688531205547,0.4736807451526858,0.000577320145469766,1.1177995787109742,1642,1645,,0.013697623914154317
92263,231,1,0.003505898780188227,0.0014502691308777556,0.0002939946044087094,0.0005582713937981598,0.0006022249935043744,0.47326087805677836,1.8201699075463669,0.0003512852004713333,0.8586564575077877,1642,1645,,0.0024687020950434338
20415,231,1,0.003505898780188227,0.007410453671227785,-9.209657531172866e-05,0.0003499547163081651,-0.016297264153043445,0.16655106469737593,0.9073817323123256,0.00015647072652141255,0.34931679371726626,1642,1645,,0.009204138988247318
77692,231,1,0.003505898780188227,-0.0031328243560504055,-0.0018832320686217319,-5.986759976650546e-10,-0.0009511078774639969,0.5,,0.0003513516129861425,1.9165672636421203,1642,1645,,0.0
12211,231,1,0.003505898780188227,0.0248989520144347,0.00546140766323866,0.006310095932299586,-0.0009919163549316767,0.31272245136356774,4.67817147221327,0.0005103053490125713,0.9617577327554712,1642,1645,,0.020567194685743483
92728,231,1,0.003505898780188227,0.1835808496323351,-0.09027954124238136,0.0003086511396369618,-0.022452301457349,0.04153378783772586,0.7424815465034535,0.0015982023073155551,1.5754189994840084,1642,1645,,0.13443408277976493
90751,231,1,0.003505898780188227,0.048060154687673086,0.0008964402400551963,0.0007091951508967353,-0.005417655504819097,0.1439036075106872,1.259140812577832,0.00034012697077549954,0.6147374884245382,1642,1645,,0.029991696474195195
92506,231,1,0.003505898780188227,0.032003648963890616,-0.0021353943089637006,0.001490152953300239,-0.005230940800221351,0.2585791700124825,2.108260569948771,0.00017134750720224873,0.30605871116181177,1642,1645,,0.02108456821665815
43553,231,1,0.003505898780188227,-0.000930573384594055,-0.0008714909254847747,6.509890106531913e-06,-0.00818377597961839,0.0950080972168663,0.11378068142709763,0.0007890505789152955,2.0954409023380935,1642,1645,,0.0013828564128768525
77584,231,1,0.003505898780188227,0.017115324291102067,-0.0055877234751460225,0.00012362770922347277,-0.004407736680265062,0.10763864891833257,0.5044514559811462,4.098546839955327e-05,0.08020338524252127,1642,1645,,0.014192641798671435
90300,231,1,0.003505898780188227,0.0019618194234303408,-0.005608390417235043,-5.538325353882101e-10,-0.00011215765989547322,1.1294053081786163e-07,1.6763760210680275e-07,0.000480344911638213,1.5627686186521064,1642,1645,,0.001271078180889116
88924,231,1,0.003505898780188227,-0.0004457661909797232,-0.0016014105139963153,-2.5189627050892227e-08,-0.00045664043670679,3.4029996048505484e-05,4.598065679274057e-05,0.00047713772090420713,1.1898000914328541,1642,1645,,0.002436765457332652
79229,231,1,0.003505898780188227,-0.00431169473388293,-0.0026786416935253854,-7.356202313957283e-10,-0.000431177822284301,0.5,,0.0003630361722376489,2.3226209320131583,1642,1645,,0.0
83462,231,1,0.003505898780188227,0.012922200086906761,-0.0020765220273974982,8.74975945008849e-06,-0.0012242546639484875,0.04098358499396337,0.1248961236759917,0.0005282539352565501,1.1676774083479713,1642,1645,,0.008680378129790495
62922,231,1,0.003505898780188227,0.06882314063678113,-0.02429530022931181,4.22099506937057e-05,-0.01700819321101843,0.026868977059392403,0.27020525416486174,-9.694806351756898e-05,-0.13407373569863051,1642,1645,,0.049249489013796624
69032,231,1,0.003505898780188227,0.028831976005935123,-0.016417407167649722,-4.843336842696999e-10,-0.009285871332190831,3.1138293758600994e-07,2.3820999284163758e-06,0.0006061170018034849,1.0891119380761225,1642,1645,,0.02449540112416965
92385,231,1,0.003505898780188227,0.007530385600214988,-0.00153608139741368,-1.3457691849794173e-08,-0.012486032364843691,1.5448475945065415e-05,5.0156322597931636e-05,0.0006166386294916861,1.7157082519333926,1642,1645,,0.0033501532958610117
23835,231,1,0.003505898780188227,-0.0025646852261896978,-0.002160652448965239,0.00021282295052960087,-0.006775732559151759,0.299435346285225,0.8444398096786134,0.00038924801950030466,1.0938726357127382,1642,1645,,0.0018587123147675013
78038,231,1,0.003505898780188227,0.12034941902938619,-0.13161024946462763,-2.3300443796614445e-09,-1.2609311734523843e-05,8.952924744604464e-08,1.7973877949371212e-06,0.0010362370490751077,1.208733515495179,1642,1645,,0.09163260091977517
92635,231,1,0.003505898780188227,0.03913133196279134,-0.02128769796627772,9.601514584234305e-05,-0.0006271465686067401,0.053207403234531124,0.4183923963406232,0.0003287973298462199,0.5997012807302684,1642,1645,,0.02558124680633623
85261,231,1,0.003505898780188227,0.07072409574028769,-0.028793078758899915,3.9591384047077405e-05,-0.010553875410506564,0.02694075510183512,0.26194759972744946,-0.000294726567999419,-0.4091280325015238,1642,1645,,0.05743804292284108
