stock,window_size,n_lags,lambda,r2_insample_stage1,r2_oos_stage1,r2_insample_stage2,r2_oos_stage2,kappa,kappa_tstat,intercept,intercept_tstat,n_observations,n_windows,n_oos_predictions_stage2,return_variance,failed
10065,20,1,5.783055944698348e-07,0.9431951312363217,-0.6099257314704736,-2.921804576061504e-08,-0.0012898089615873687,3.034142083593031e-07,1.3100577095154932e-05,0.0004739389782658026,2.2370813866563726,1863,1866,,8.425831631311033e-05,True
10145,20,1,5.783055944698348e-07,0.9617380828481071,-0.5153280286940871,0.0002179868701144283,-0.004537308274171092,0.01458323373340891,0.6458774516442121,0.0007687507289257096,2.4802320876960673,1863,1866,,0.00018067546294153728,
10294,20,1,5.783055944698348e-07,0.953381849470125,-0.555358724983191,-1.7974993271607786e-08,-0.00019707928514622886,1.8836205580610417e-07,7.926640695407039e-06,0.00047002612433099896,0.8732109082572215,1863,1866,,0.0005373695125709369,True
10375,20,1,5.783055944698348e-07,0.9525344849536559,-0.5994564159596913,8.026120564508243e-05,-0.0012397274290412152,0.008788010639868485,0.38985050394917964,0.00013873858714680656,0.3150271924304824,1863,1866,,0.00036093622604451987,
10516,20,1,5.783055944698348e-07,0.9461935893819123,-0.46495812498960687,7.766975033784984e-05,-0.013954961197967464,0.009198668613482572,0.38396265640420757,0.0002604918689188407,0.7217064000487161,1863,1866,,0.00024248942024945403,
10517,20,1,5.783055944698348e-07,0.9466903909600783,-0.5489288223498752,-8.843337173658483e-10,-0.004745727369070307,1.6954466731502527e-08,7.007281917715761e-07,0.000501835469888523,1.0054776337714681,1863,1866,,0.0004615584000907445,True
10606,20,1,5.783055944698348e-07,0.943208346495114,-0.595517952135781,-2.538191878898033e-12,-0.0014563271327223681,3.1972093812221756e-11,1.3417811155873737e-09,0.00046744740289825036,1.1265922043356444,1863,1866,,0.0003192979089069723,True
10629,20,1,5.783055944698348e-07,0.9574108248195036,-0.5436804937930781,0.0013915859653479412,0.004182658516014071,0.036492587818083906,1.6718691579044838,0.0005664838718093989,1.402318487480797,1863,1866,,0.0003079241883023737,
10693,20,1,5.783055944698348e-07,0.9542819802669366,-0.47553871905261147,0.0022856232260565212,0.005182027069054906,0.05098400712875746,2.17518399934553,0.0006032887580350087,1.379691521939176,1863,1866,,0.00035816377732453335,
10866,20,1,5.783055944698348e-07,0.9520148622617278,-0.6732784299768972,-9.236122977540617e-11,-1.3922855822912084e-05,1.3518458134940603e-09,5.810523419431923e-08,0.0005197590974007206,0.8384587084797736,1863,1866,,0.0007191622872449675,True
10874,20,1,5.783055944698348e-07,0.9525692888379875,-0.7327033701462857,0.00014654375256295538,4.096147144516671e-05,0.011977050414044252,0.5281840743445881,0.0009570557745027212,1.6107281570256853,1863,1866,,0.0006683737411618298,
10890,20,1,5.783055944698348e-07,0.9400431815824731,-0.6518579952102441,-8.16581224860613e-09,-0.004020888021564195,8.602981803691376e-07,3.936903495566698e-05,-0.0005394127926107375,-0.7098258779794561,1863,1866,,0.0010703577698251401,True
10932,20,1,5.783055944698348e-07,0.9538384697274418,-0.6317836819626121,8.756303293244727e-05,-0.0013118190112648698,0.009800107294230467,0.4074096178230929,0.0007478914238154076,1.632856831258765,1863,1866,,0.00039762195897576877,
10933,20,1,5.783055944698348e-07,0.9564598572358323,-0.5896120928862074,5.123014470598264e-05,-0.0005076789306019958,0.007069169959474088,0.31113453365614896,0.000569445314950966,2.164959648593594,1863,1866,,0.00012843663953685818,
10952,20,1,5.783055944698348e-07,0.9515674418263067,-0.6090216990991386,-2.5350348487052088e-09,-0.0030503760414788417,4.732098502054029e-08,2.069215964302788e-06,2.4346579114408765e-05,0.05117065137954146,1863,1866,,0.00042397045058512473,True
11018,20,1,5.783055944698348e-07,0.9410468415971238,-0.6551834527932532,0.002850899238910798,-0.004708181928873456,0.046104244912509945,2.4234361523461327,-0.0008650658770517084,-0.9634979560561594,1863,1866,,0.0015600240776874185,
11144,20,1,5.783055944698348e-07,0.947485627614819,-0.7131540880073197,-3.664402115077792e-11,-0.0014340218725577003,5.086642882710606e-10,2.1905790858199178e-08,0.0005342586816078184,0.8084272633262592,1863,1866,,0.0008090739675072021,True
11208,20,1,5.783055944698348e-07,0.9424099617374194,-0.5536287894836889,-5.502247546473882e-10,-0.0031860406064112556,5.42444985969902e-08,2.210604721140342e-06,8.571069762049955e-05,0.14975791697017848,1863,1866,,0.000613123794095259,True
11267,20,1,5.783055944698348e-07,0.9582578832349232,-0.5646777680976571,1.6868637332523306e-06,-0.008303751608766063,0.0013033161782478916,0.05635084629193825,0.00013985914515429282,0.2901841987467002,1863,1866,,0.00043390838198016223,
11308,20,1,5.783055944698348e-07,0.9518740670776223,-0.5515354598743445,0.00015284834934770064,0.0001459479413770115,0.012609639068815638,0.5401654743608055,0.00039378279781557756,1.8357574776858199,1863,1866,,8.640022618755084e-05,
11378,20,1,5.783055944698348e-07,0.9508938204142402,-0.6374578066442329,-7.40416172817504e-10,-0.00012605380205310546,2.6956925807544523e-08,1.1964127620536797e-06,0.00011308266920660345,0.23902569554820474,1863,1866,,0.0004161179871835545,True
11404,20,1,5.783055944698348e-07,0.948016216303959,-0.5353628299762356,-9.308227522097923e-10,-0.00046935079450016737,1.8233191141684796e-08,7.467208519653232e-07,0.0005045512784824426,2.31075383135201,1863,1866,,8.969660556673044e-05,True
11533,20,1,5.783055944698348e-07,0.9553347911038107,-0.5931623608643124,-2.590621273057536e-09,-0.000612874580356193,1.0676747420117704e-07,4.737314180148482e-06,0.001022477625002144,2.320590834842203,1863,1866,,0.0003609530836307315,True
11581,20,1,5.783055944698348e-07,0.9497551566024465,-0.5780022894247303,0.0007491796292430353,0.001768121969488945,0.026778006452651902,1.214549447372283,0.00020966470622901258,0.45906209509769885,1863,1866,,0.0003883276954355505,
11628,20,1,5.783055944698348e-07,0.9554136724669718,-0.7282338198054727,-2.591169501187096e-10,-0.006819666590524243,3.804662079485616e-09,1.6984602137181572e-07,0.00018155102442003428,0.26493324329811996,1863,1866,,0.0009379618477371907,True
11644,20,1,5.783055944698348e-07,0.9463576461377657,-1.0791108516117638,0.0020358037050243194,0.0019558825113789036,0.034471482085716335,2.0123343395194517,-0.0017371995195368834,-1.310046478666155,1863,1866,,0.003240935730910458,
11674,20,1,5.783055944698348e-07,0.9568766730132192,-0.5286989104085795,-4.5196253406487585e-09,-0.0013365150612634213,2.460604453085932e-07,9.928922895159415e-06,0.0006541447159357202,2.7360452137455464,1863,1866,,0.00010659957652649199,True
11691,20,1,5.783055944698348e-07,0.9493986577332336,-0.6271341919923703,-1.4724096608631498e-08,-0.004526762530679962,2.983872815156435e-07,1.3603114178896918e-05,0.0004092608037456142,0.8361580179659952,1863,1866,,0.00044487092299136177,True
11707,20,1,5.783055944698348e-07,0.9482367054815038,-0.6346947655442978,0.0010063494905042658,-0.0019999886809709544,0.029232401266871863,1.4117827949921729,0.0013056446018078446,1.8101090345305557,1863,1866,,0.000967329613265868,
11731,20,1,5.783055944698348e-07,0.9533785612892949,-0.571793277339258,-1.8475887486602005e-11,-0.003065913079468796,1.2838336313559156e-09,5.373971368162591e-08,0.0005634662123412394,1.1899878624726319,1863,1866,,0.00043062630070898585,True
11762,20,1,5.783055944698348e-07,0.9431282266802072,-0.6105431089627804,-6.201705815556124e-13,-0.004477732152691205,7.18513256480281e-12,3.025020832147089e-10,0.0005896894641078744,1.5190227599159831,1863,1866,,0.00028274969248282396,True
11809,20,1,5.783055944698348e-07,0.945591403552931,-0.7180348253319024,-2.244820840324735e-08,-0.0009016648836408514,4.0649339740762944e-07,1.95986127078614e-05,0.00036124590774967073,0.8332897006042975,1863,1866,,0.0003492843258480051,True
11850,20,1,5.783055944698348e-07,0.9479841569055575,-0.5529681490668166,0.001022888616284412,-0.0009033702667717858,0.031589125351755086,1.425108322676142,0.0002287012454771323,0.8446309251074376,1863,1866,,0.00013644972303243863,
11891,20,1,5.783055944698348e-07,0.9418413986924148,-0.6808532632599902,-6.800373597570797e-10,-0.0020923076806445007,5.996486827273306e-08,2.5838159514130443e-06,0.0006061633496391731,1.0214429150119568,1863,1866,,0.000672059315376432,True
11955,20,1,5.783055944698348e-07,0.9407412964728165,-0.7192469185410135,-6.895060078448978e-10,-0.0065440138177996765,6.525350196323636e-08,2.7337122205958725e-06,0.00057944176900168,2.3793976205408254,1863,1866,,0.00011092038676073698,True
12008,20,1,5.783055944698348e-07,0.9495369433899015,-0.7183463903784526,-4.576672374412283e-11,-0.0008613767299880948,6.56827851575623e-10,2.7914657040018864e-08,0.001301989387539246,2.0325650577434744,1863,1866,,0.0007603640131933379,True
12036,20,1,5.783055944698348e-07,0.9484975407912744,-0.5940999809438208,-2.3042087793356814e-08,-0.003660628202242666,6.204424282288905e-07,2.544233469227592e-05,0.0005953725816160027,1.3778833338481091,1863,1866,,0.00034658261407111217,True
12052,20,1,5.783055944698348e-07,0.9530016474980753,-0.5638725291598059,-1.0941706873879298e-08,-0.0041537808209850535,6.108120401893997e-07,2.5557124018782168e-05,0.0006653562701116265,2.256530402931403,1863,1866,,0.00016282903546653774,True
12060,20,1,5.783055944698348e-07,0.944122314589985,-0.5158447370567845,9.850481722173399e-05,-0.0031566051271301188,0.009910998627263636,0.43234182999865967,0.0004251195956909888,1.3717601243764594,1863,1866,,0.00018077817210934664,
12062,20,1,5.783055944698348e-07,0.9582406245836463,-0.45762360347906594,0.00010989973180297596,-0.0011341279925765058,0.011266460027800226,0.45706471951323097,0.00041534744078179517,1.4302132527286608,1863,1866,,0.0001575126506268797,
12076,20,1,5.783055944698348e-07,0.9490117190216137,-0.5556085169194014,-7.323763817623785e-11,-0.015432238553241495,5.703626174154238e-09,2.3664865422876973e-07,0.0004889637610455213,1.0370637570951975,1863,1866,,0.0004112802366469489,True
12211,20,1,5.783055944698348e-07,0.955199193387002,-0.6710821086777736,-3.957156380351989e-09,-0.0010025418818890852,8.128067549449176e-08,3.46880068310411e-06,0.0005093593830362962,0.9913200676939182,1863,1866,,0.0004939353673034276,True
12431,20,1,5.783055944698348e-07,0.9494117072869023,-0.5359293506434086,0.0007609556169461129,-0.003405288430461617,0.027760594612973387,1.2226408116221654,0.0007168304823767721,1.8203130064333657,1863,1866,,0.0002901419986385516,
12490,20,1,5.783055944698348e-07,0.94810038427585,-0.6162381049068664,-3.7194600732703975e-09,-0.0014937795008109767,7.967751008640774e-08,3.312763463984453e-06,0.00021610362639435545,0.7857277381664618,1863,1866,,0.00014120228441947665,True
12503,20,1,5.783055944698348e-07,0.945051656204636,-0.6684545856960011,-3.7618219650426e-10,-0.009497743685420668,5.663834312690362e-09,2.5262875601886543e-07,-0.00021534546017852339,-0.2682737212266477,1863,1866,,0.0011910849776703382,True
12570,20,1,5.783055944698348e-07,0.9445891833611364,-0.5162660237641012,0.00035516522147105434,-2.7998816287011508e-05,0.018724434534082745,0.8282168744926984,0.0004588937358003983,1.157059865571985,1863,1866,,0.0002922807226778367,
12650,20,1,5.783055944698348e-07,0.9568562597892435,-0.583287078599094,0.00022552365298444954,-0.0007154240593745254,0.014739847727471717,0.6568819297887726,0.0006892747145584461,1.524029887754194,1863,1866,,0.0003834769907938729,
12781,20,1,5.783055944698348e-07,0.9553842382081271,-0.5484385607325792,-1.3111596253168045e-09,-6.075156291363015e-07,6.351545847057706e-08,2.544339075019204e-06,0.0005819473942115086,2.31370493344012,1863,1866,,0.0001179626591500679,True
13303,20,1,5.783055944698348e-07,0.9446473260731444,-0.5902031840625344,0.0022639115377383057,-0.0004459734897663825,0.04536429573225666,2.1512508803032557,0.00010952451941555633,0.13599228141931385,1863,1866,,0.0011980964529660848,
13610,20,1,5.783055944698348e-07,0.9331977808265631,-0.6145415541297112,0.0007530146491810941,-0.0030098170081225284,0.025277692013287018,1.2154321492797164,0.0004885870031503883,0.9964878889016537,1863,1866,,0.0004476071320484547,
13688,20,1,5.783055944698348e-07,0.9487203140227056,-0.5134079996460053,0.0002824527131831678,-0.002566449640521551,0.016861180534445505,0.7374415048139135,0.0004067216208605127,1.6363075665813684,1863,1866,,0.00011534091529564748,
13856,20,1,5.783055944698348e-07,0.9581189361910853,-0.5628768832996991,-2.1165469377137924e-10,-0.00028235347873661887,3.411662919118835e-09,1.448355235479732e-07,0.000467310236676278,2.3261397920356144,1863,1866,,7.555962280517641e-05,True
13901,20,1,5.783055944698348e-07,0.9403248093130031,-0.5794349640747822,-2.723960834671857e-09,-0.0002719962130681708,2.4779969408685596e-08,1.031131359260066e-06,0.0009181273834338982,4.095323301042497,1863,1866,,9.306981433702354e-05,True
13928,20,1,5.783055944698348e-07,0.9357244769685569,-0.5149879447466383,-1.6595835816701765e-11,-2.835746920637483e-05,5.720581610850321e-10,2.2854547703626646e-08,0.00023940885291224328,0.6064683578791393,1863,1866,,0.00028976941163212557,True
13936,20,1,5.783055944698348e-07,0.9447058462995125,-0.6454693103380942,0.00023003805279087075,-0.0013729971496982962,0.014266929412416151,0.6646926414432062,0.0005783712257220055,1.172188446602138,1863,1866,,0.00044998598942337474,
14277,20,1,5.783055944698348e-07,0.950048245644359,-0.5276880940761903,-4.733127001443904e-09,-3.680786412108006e-06,5.307260957885396e-07,2.2930925109951642e-05,8.70475576499106e-05,0.21525796572414968,1863,1866,,0.0003056035729814941,True
14541,20,1,5.783055944698348e-07,0.9418514923355009,-0.5581578912064915,-5.124458635208384e-10,-0.0018947866859779783,8.952814733427592e-09,3.784316470837987e-07,0.00035137683141861953,1.1266125587258478,1863,1866,,0.00018112487796797532,True
14752,20,1,5.783055944698348e-07,0.9350805183435977,-0.6014052647903803,-1.6117773782298173e-11,-0.003189716829352429,2.1339960828783852e-10,9.179352980483946e-09,0.0013088144112120017,2.74186123864633,1863,1866,,0.00042517303053278706,True
14795,20,1,5.783055944698348e-07,0.9428510572960785,-0.6226660004687485,-2.2909622865441293e-08,-0.0043604442960916145,3.511508795368224e-06,0.0001490326860085376,0.0006192033617061723,1.24658394037067,1863,1866,,0.00046530362794455,True
14816,20,1,5.783055944698348e-07,0.9616246215630525,-0.6006273568919505,-5.7200022496317615e-11,-0.0005438170000302556,9.307601325471565e-10,3.777836666417508e-08,0.0003384116663487939,1.130307184723977,1863,1866,,0.00016568380855229214,True
15069,20,1,5.783055944698348e-07,0.9401296513274663,-0.4940261383773559,0.002341804561155847,0.0030861915784521354,0.0466908332667414,2.191407817310323,-0.00012183741888380601,-0.20945745039453365,1863,1866,,0.0006264901522178537,
15202,20,1,5.783055944698348e-07,0.9448782216316862,-0.5466351435494068,1.565855000018601e-05,-0.0010703715433562078,0.003922562059627809,0.17140750117405887,0.0006207108066507512,1.3222910760076156,1863,1866,,0.0004095957497076172,
15456,20,1,5.783055944698348e-07,0.9487538608150433,-0.5884947104658336,-3.028688411177427e-13,-0.009595825996463914,3.5370260444293155e-12,1.4589630341621854e-10,0.0008567660656634316,1.9448059365048282,1863,1866,,0.00036037063216894186,True
15720,20,1,5.783055944698348e-07,0.9506011722089441,-0.5615047949811827,-9.61164481338983e-12,-0.0015025870328231328,1.450068818555314e-10,5.787710216392421e-09,0.0005897343846789246,2.3223207774653236,1863,1866,,0.00012062805386612223,True
16126,20,1,5.783055944698348e-07,0.9615489519377033,-0.5761119009463462,0.0003199692053037495,-3.5662551543858e-05,0.017999011724683486,0.785911109220634,0.0007646258083523598,1.5673008144369334,1863,1866,,0.0004456491255046636,
16548,20,1,5.783055944698348e-07,0.9552618235220557,-0.49941296042043204,0.0012848765793113115,0.0008861678556549846,0.03590343413065529,1.6040990573293852,0.0004935609577363277,1.5638175584889262,1863,1866,,0.00018789152607471803,
16555,20,1,5.783055944698348e-07,0.9470051350517362,-0.5117527263668022,-2.3195945164644627e-09,-0.0008943252168713833,1.1698275905990528e-07,4.727921335224749e-06,0.00029341517940058694,0.769402402514773,1863,1866,,0.0002736282700814601,True
16600,20,1,5.783055944698348e-07,0.9519862277280068,-0.5596011887541639,-3.1628262231464532e-09,-0.0003228194194047074,3.474942953801956e-07,1.481766185372098e-05,0.0006607244219597573,2.503361425895714,1863,1866,,0.00013160704762286664,True
16678,20,1,5.783055944698348e-07,0.9401393217966949,-0.5540437748264537,-3.9585357214377836e-10,-0.015908740008715228,1.5353263947478634e-08,6.44827126392877e-07,0.00048205333706712494,1.4573133785950736,1863,1866,,0.0002019809396938513,True
17005,20,1,5.783055944698348e-07,0.9453839746454575,-0.43714409710660296,0.0004952555629306188,-0.008970245382152742,0.02324432859108768,0.9824052108589549,0.0005414102046578832,1.8712508827761254,1863,1866,,0.00015810278782050802,
17144,20,1,5.783055944698348e-07,0.9559268955093388,-0.5192834662073751,-6.806399888148462e-11,-0.001540206056834359,2.361335047688168e-09,9.835761371522782e-08,0.0003671995596324557,1.650681841824147,1863,1866,,9.166078543927072e-05,True
17478,20,1,5.783055944698348e-07,0.9393530221422897,-0.6081128903771331,3.4776240025458094e-06,-0.0023081804082862867,0.0019792900423513263,0.080624396964389,0.0008837374929305205,2.5266226036192982,1863,1866,,0.00022710612971052284,
17523,20,1,5.783055944698348e-07,0.9238700324941751,-0.45097396262142,0.0005828448719934487,0.0009549610492693983,0.02494559787673545,1.0677315052462202,0.0006701008224346318,1.2438796382641684,1863,1866,,0.0005487237095575506,
17726,20,1,5.783055944698348e-07,0.9503113314467527,-0.4913933901158871,-9.179611515364172e-09,-0.0002246586267238282,3.616944297981972e-06,0.00014501022768712333,0.00044296377924148085,1.458872363353681,1863,1866,,0.00017632687914732087,True
17743,20,1,5.783055944698348e-07,0.9507742220277368,-0.5433488001095019,2.265423500125152e-05,-0.0011356674870088845,0.004996694636174328,0.20636506980112054,0.0006233582226926293,2.529697547088464,1863,1866,,0.00011236221376560428,
17750,20,1,5.783055944698348e-07,0.9549252513205118,-0.4949999566355605,-9.004368362042214e-10,-0.0025219577885355893,1.8278703212251034e-08,7.367225513587048e-07,0.0005770359685946735,2.6695915934492938,1863,1866,,8.708417044658089e-05,True
17778,20,1,5.783055944698348e-07,0.9562563165564416,-0.5358636154194414,1.0798504933240416e-05,-0.0017766660169837856,0.003402166549743402,0.14229160663882492,0.00044106748328102496,1.773775472754786,1863,1866,,0.00011993318672483967,
17830,20,1,5.783055944698348e-07,0.9418044440958139,-0.562585964406594,-1.1749690109752464e-10,-0.003944916676390742,4.336239433074354e-09,1.7922232325037814e-07,0.0004197285853275716,1.4904404504089417,1863,1866,,0.00014782410852056115,True
17929,20,1,5.783055944698348e-07,0.9566799649013304,-0.611684237808851,-1.573339236671245e-10,-0.0016037383450835385,5.635151182957981e-09,2.3774721050306701e-07,0.0007056470927162858,2.5060206964183647,1863,1866,,0.0001470331342233631,True
17961,20,1,5.783055944698348e-07,0.9499070627493833,-0.5646801245066548,4.061091457574495e-05,-0.0051336313320407,0.006236074052484105,0.2762952831816305,0.00031643878715639085,0.6838092047380204,1863,1866,,0.00040044350447038897,
18075,20,1,5.783055944698348e-07,0.952564929511935,-0.6249391038169789,0.0004595644479393757,-0.00548110258970147,0.020413107965578395,0.9431315054180771,-0.00012392713512236747,-0.20031909362028713,1863,1866,,0.0007168065872443232,
18091,20,1,5.783055944698348e-07,0.9447215897952258,-0.5668846677734756,0.00014588702587703395,0.00047774465248962006,0.012046811282445934,0.5271212167867418,0.0006462183134103019,1.7079647390143302,1863,1866,,0.00026627408651191866,
18163,20,1,5.783055944698348e-07,0.9535632973144623,-0.5463183672335898,-3.3913376107364e-08,-0.0007243015762297134,8.757647576110056e-07,3.73791160570831e-05,0.00030754051746879115,1.4957121921502476,1863,1866,,7.870569879765634e-05,True
18403,20,1,5.783055944698348e-07,0.9334693993735849,-0.6571333916333741,-3.130185000088659e-10,-0.0001700883673219078,4.372122954394162e-09,2.0103982458272455e-07,-0.0008678564335985364,-1.1695579502983402,1863,1866,,0.0010139629877819257,True
18411,20,1,5.783055944698348e-07,0.9562461542060255,-0.5266900741822564,-2.4368230766569354e-08,-0.0003766347420512961,4.292477557933349e-06,0.00017294496925071342,0.00041292533801217117,2.0705556114944716,1863,1866,,7.436910816794986e-05,True
18438,20,1,5.783055944698348e-07,0.950072432813294,-0.5929115607240547,4.9214901076677364e-05,-3.0139152730201957e-05,0.006670487712039341,0.30480502208761356,5.290601608826742e-05,0.09646960277069841,1863,1866,,0.0005641931434422626,
18542,20,1,5.783055944698348e-07,0.940146946481789,-0.6147149174152735,-4.07829325865805e-12,-0.006719514361019918,5.241238193792089e-11,2.2046873617758174e-09,0.0004746721900461047,1.220427816849116,1863,1866,,0.0002881183586291376,True
18622,20,1,5.783055944698348e-07,0.9380004304998982,-0.5791594478744886,-1.652216141678764e-10,-0.001764961328020176,2.7530420653036115e-09,1.1432168470861718e-07,0.0004559900061516628,2.0259481145180964,1863,1866,,9.497212412062481e-05,True
18649,20,1,5.783055944698348e-07,0.9372515298086961,-0.7496041012708625,-2.1453365750545572e-09,-0.01633399334422858,1.7085490612632568e-08,7.498818957660212e-07,0.0005980434896442685,1.2456989048538794,1863,1866,,0.00042749383834768124,True
18729,20,1,5.783055944698348e-07,0.9639110084956709,-0.5487761158819449,-7.688005565498202e-09,-0.00022927849882714568,4.150344832677379e-07,1.731068631927967e-05,0.00042148145454273974,1.8164367354156545,1863,1866,,9.98861762287946e-05,True
18956,20,1,5.783055944698348e-07,0.9487371975014944,-0.5897602185246591,-1.0432417352213008e-07,-0.002447462412860091,1.4207747009001607e-06,5.798070710648997e-05,0.0005640448625431404,2.7088679617520897,1863,1866,,8.116688259689526e-05,True
18964,20,1,5.783055944698348e-07,0.9373265271025265,-0.5897399117947342,-1.95110594347625e-12,-0.0015415230706390393,2.391988976792805e-11,1.010662728456662e-09,0.00015447088502731703,0.516417584647844,1863,1866,,0.00016756879075888163,True
18973,20,1,5.783055944698348e-07,0.9440985946339814,-0.5363913987512321,0.00016438275367258726,-0.006806909157806462,0.013053779304327795,0.5604945154612607,0.00020654436151392014,0.4923886002158245,1863,1866,,0.0003266642058693543,
19166,20,1,5.783055944698348e-07,0.9463406820619998,-0.5646276210002563,0.0007820980182006165,-0.006432879753659249,0.027580975224364066,1.241461443071622,0.0005675864467522198,1.4454882533934474,1863,1866,,0.0002878516267982617,
19350,20,1,5.783055944698348e-07,0.9537103346275968,-0.659717639722528,-1.1543086708698524e-08,-0.005309948954576038,1.1124206189083545e-07,4.7606719753057625e-06,0.0005705962902877825,1.610881067379147,1863,1866,,0.00023879976663513167,True
19393,20,1,5.783055944698348e-07,0.9443469997438732,-0.5189535287023233,2.727904728871966e-05,-0.0033949720330934685,0.005264916718181476,0.22641324868428606,0.000582715950094463,1.75059344293008,1863,1866,,0.00020514999255854727,
19561,20,1,5.783055944698348e-07,0.9530492251889666,-0.5145427197168349,0.0004435248394284441,-0.0007974379618760352,0.02054434974335452,0.9269497523709985,0.0007414828530523034,2.184167412002706,1863,1866,,0.0002196105493531184,
19583,20,1,5.783055944698348e-07,0.9520905301486945,-0.6804931378799501,-1.327327137090606e-10,-2.6523745505269147e-05,4.321830836176416e-09,1.8951948516475575e-07,0.00045156327350303417,0.9899738232323032,1863,1866,,0.0003949277012018637,True
19721,20,1,5.783055944698348e-07,0.9491761096845323,-0.6880267410760963,-9.794358879489096e-09,-0.004064764746055216,9.185873603113285e-08,3.955372543142642e-06,0.000655499199354185,1.3115321311753054,1863,1866,,0.00046346565032414353,True
19880,20,1,5.783055944698348e-07,0.9505590631554213,-0.5703691000980207,0.0026443162040652446,-0.012948092240681053,0.04647843429407186,2.329774809262571,0.0006806544701031828,1.0935566582049265,1863,1866,,0.000723829383549641,
20053,20,1,5.783055944698348e-07,0.9548739334972961,-0.6216439405608525,-1.4860785935155718e-09,-0.0020581305275035877,2.8355193142371842e-08,1.199196251580579e-06,0.0005491279107982508,0.9926926229357923,1863,1866,,0.000586184817849195,True
20204,20,1,5.783055944698348e-07,0.9422672830128487,-0.615618648628754,-6.120857154456871e-10,-0.005827533569878307,5.7727607698029876e-08,2.4090577183662864e-06,0.0005904600501024106,1.526199067864308,1863,1866,,0.0002820783510376764,True
20415,20,1,5.783055944698348e-07,0.9387598853221948,-0.574176898832329,2.1772346692205957e-06,-0.008178492122494108,0.0014959458041544531,0.06390521694144961,0.00015112258201779272,0.35244570183928503,1863,1866,,0.0003446623266367822,
20482,20,1,5.783055944698348e-07,0.9379564879707571,-0.40944510382853316,0.0008071076847832037,0.0012871784986125956,0.03070985563127711,1.2646957569336965,0.0004516844759137391,1.696292665494333,1863,1866,,0.00013146843795160777,
20512,20,1,5.783055944698348e-07,0.9446296051866904,-0.5533031931946308,-1.0087071178332963e-09,-0.0007875262704866159,1.8442087463529038e-08,7.821174363745049e-07,0.0005317927943728078,1.3909332357015605,1863,1866,,0.00027007388160802,True
20618,20,1,5.783055944698348e-07,0.9484748878750462,-0.647566227633779,-7.996581175007123e-11,-0.0009181070519630463,2.5428719249326155e-09,1.1105965294323436e-07,0.0002145788419673273,0.38493922820185134,1863,1866,,0.0005854839398064803,True
20750,20,1,5.783055944698348e-07,0.9582412622185236,-0.5348760280415348,-2.366395968067536e-11,-0.003726443571579363,7.923534831303958e-10,3.2417641968245884e-08,0.0005005810017356556,1.538103261094522,1863,1866,,0.00019598423519132202,True
20765,20,1,5.783055944698348e-07,0.9387578033278204,-0.6938095379277105,1.8343422265032494e-05,-4.968556121021095e-05,0.004038338244996075,0.18564163572440168,0.0008980845547844677,1.6697797278463358,1863,1866,,0.0005660425633094454,
21055,20,1,5.783055944698348e-07,0.951344423317623,-0.544452896421072,0.00014847851281518665,-0.003241542572972378,0.0123405323433398,0.5324082861651571,0.0002486431612333726,0.4407023616970436,1863,1866,,0.0005918930290323207,
21135,20,1,5.783055944698348e-07,0.950691624800342,-0.7709675776906681,0.0002741874015358414,-0.0027316522974352164,0.014975991528783438,0.7252236018771807,0.00048523319262757373,0.6533303507231726,1863,1866,,0.001024636647571676,
21152,20,1,5.783055944698348e-07,0.9556756736311042,-0.46806009674670856,0.004073800808384376,-0.00926220334830652,0.06288954399289799,2.9442932088892615,6.007456577272368e-05,0.1817674044537251,1863,1866,,0.00020507072873623093,
21178,20,1,5.783055944698348e-07,0.9499012859638057,-0.595749329459998,2.4549974475540637e-07,-0.0006645659603243814,0.0005744042098494697,0.024833066043035406,0.0008426646458969652,3.3695639841895013,1863,1866,,0.00011725982429896739,
21186,20,1,5.783055944698348e-07,0.9577526489583048,-0.6055564335273327,0.000531340961738902,-0.0012122587791318917,0.02211828294273872,1.0172564321603186,0.0006005341733122259,1.4756780755685948,1863,1866,,0.0003126604703092427,
21207,20,1,5.783055944698348e-07,0.9500569052788754,-0.5550788951026486,0.00035733814223726235,-0.005344860073724478,0.017867227156495625,0.8307575729739679,-0.00012815428186058598,-0.2361448244709069,1863,1866,,0.0005511912449217069,
21231,20,1,5.783055944698348e-07,0.9499016378496088,-0.5544932240763605,-5.953420867399473e-09,-0.0007860892997939573,3.3037277299430843e-07,1.3398628749536178e-05,0.0006713467555427071,2.3371787227855485,1863,1866,,0.00015237713619563608,True
21371,20,1,5.783055944698348e-07,0.9599446955890841,-0.6144235347395541,-9.947598300641403e-13,-0.0026033962118210408,1.303620262887575e-11,5.246205402379552e-10,0.0005541536797303813,1.727675585470508,1863,1866,,0.00019308477010501805,True
21573,20,1,5.783055944698348e-07,0.9475988201345827,-0.6414487144179384,5.018333625650406e-06,-0.003690743537758001,0.002200384416692982,0.09683555605042575,0.0006107082754162002,1.4506167911448662,1863,1866,,0.00033538984435062117,
21776,20,1,5.783055944698348e-07,0.9435843385870695,-0.5211200543658601,0.0020787518442811903,-0.0015186344260911255,0.04408240505984746,2.060050927056943,6.825329954225097e-05,0.23439390341028468,1863,1866,,0.00015784802938801796,
21792,20,1,5.783055944698348e-07,0.9625369649431748,-0.6063550042020738,-2.4623880712226764e-09,-0.007550492347527138,2.1986939413019314e-08,9.18392062008287e-07,0.0005395769695372763,1.8819263983802228,1863,1866,,0.00015325993222687153,True
21928,20,1,5.783055944698348e-07,0.9526507276741535,-0.5298182067698258,-4.04643807350169e-09,-0.0005171945504851561,1.281906764908619e-06,5.218111633891888e-05,0.000658156341558709,2.5009878884954935,1863,1866,,0.00012840235814117533,True
21936,20,1,5.783055944698348e-07,0.9476604292747992,-0.635900627730809,-2.1222136936671632e-08,-0.00019998016143141228,3.9294299165433197e-07,1.8627004151076624e-05,0.0004836589630338757,1.8168742000509155,1863,1866,,0.00013402304069562817,True
22103,20,1,5.783055944698348e-07,0.9515888450147277,-0.5594712678139369,-6.931090590356348e-09,-0.00512963609996242,2.2541617910285682e-06,9.473926009098461e-05,0.00025347123759112875,0.7498644397331695,1863,1866,,0.00021741712856894558,True
22111,20,1,5.783055944698348e-07,0.9427695133922598,-0.4979192273550479,7.245319164006503e-05,-0.0037936661832609353,0.009012610443645343,0.3705587895419194,0.0005276320455482534,2.6164606141873232,1863,1866,,7.569383531323919e-05,
22293,20,1,5.783055944698348e-07,0.9450667798767445,-0.46364405355116833,0.00024372762692825845,-0.014295284323565971,0.016676954396861055,0.6850162633374672,0.0003725330547061415,0.9008760533633209,1863,1866,,0.00031964538868304264,
22509,20,1,5.783055944698348e-07,0.9554607354039952,-0.5316524004854921,-4.542208542623882e-08,-0.0009626248985381558,3.3212044262066797e-06,0.00013584445838825334,0.000790845405731109,2.3710703766324865,1863,1866,,0.0002099962184232713,True
22517,20,1,5.783055944698348e-07,0.9560390512040277,-0.5526843895474467,3.6752953243346376e-05,-0.004299824384472739,0.006428842867007942,0.2632045077879051,0.00038493803783152565,1.5574629653817444,1863,1866,,0.00011414111952765571,
22592,20,1,5.783055944698348e-07,0.9515815075319074,-0.5045087340867747,-3.287126038031829e-08,-0.006963130252096494,8.697649481263748e-07,3.6610452884778206e-05,0.0006227969923589373,2.369767631226186,1863,1866,,0.00012860305833730973,True
22752,20,1,5.783055944698348e-07,0.9538317705542377,-0.5197392917187253,-6.435962873752032e-11,-0.000907637054035737,5.05016408387513e-09,2.0863793173489294e-07,0.00045266610729929565,1.6192050232461044,1863,1866,,0.00014805823533365562,True
22779,20,1,5.783055944698348e-07,0.958439826626447,-0.5818414669328016,-3.050985686314789e-09,-0.0007828724583089919,2.0608961591674874e-06,9.012835574843744e-05,0.0007043397285824336,2.1517160543320673,1863,1866,,0.0002153901156992947,True
22825,20,1,5.783055944698348e-07,0.9459984003661038,-0.585656221597123,0.00010506194119508372,-0.0022964511881500282,0.010705477679929468,0.4464081403202528,0.0012127917642522957,2.628254419393976,1863,1866,,0.0003949438139239936,
23026,20,1,5.783055944698348e-07,0.943844150541178,-0.4875478622718634,0.0004244893303447794,-0.00873499309616732,0.02153388612611218,0.908327561381193,-9.702495924374137e-06,-0.03196535162290694,1863,1866,,0.00017131093278584364,
23085,20,1,5.783055944698348e-07,0.9511309442747738,-0.5324494133469966,-4.2010016132465466e-08,-0.00012078021645467452,1.2008303567092834e-06,4.954577625869833e-05,0.0005216612680183891,2.1152687307774607,1863,1866,,0.00011313307081453699,True
23182,20,1,5.783055944698348e-07,0.9618535505206477,-0.4722572417169115,0.00018161050259779543,5.445307309681624e-05,0.013844599468854007,0.5897233712448542,0.0008437204841671825,2.4284780014555993,1863,1866,,0.00022320642697922253,
23229,20,1,5.783055944698348e-07,0.9585386610883131,-0.6012331928273165,-4.841513856490565e-10,-1.6337161755641816e-05,1.9369917076348384e-08,8.122265978657604e-07,0.000760833875629677,3.057051533094728,1863,1866,,0.00011534258923886854,True
23297,20,1,5.783055944698348e-07,0.9536363513193662,-0.6648960317363322,-8.471588097691551e-09,-0.004402862825431786,8.274106106700692e-08,3.472591437174599e-06,0.0005381650949959456,1.2960846586276304,1863,1866,,0.00032949606724115506,True
23393,20,1,5.783055944698348e-07,0.9541564558640181,-0.5276943508104814,1.4498946265706358e-05,-0.0014987426160177897,0.003833760295930613,0.16494492153586612,0.0006966451436789395,2.833060636879778,1863,1866,,0.00011408868719647527,
23536,20,1,5.783055944698348e-07,0.9536041510233204,-0.5444421376137702,-1.5206018888491712e-08,-1.0068179262745502e-05,9.255141007755228e-07,3.808087315191321e-05,0.0006397208343207275,2.6543225348406265,1863,1866,,0.00010773148828172182,True
23579,20,1,5.783055944698348e-07,0.9503835172370059,-0.7385207402359377,-6.637961291744432e-09,-1.8189852168948306e-06,5.87619854768709e-08,2.5627746784936877e-06,0.0004961837981506634,1.0263984418043794,1863,1866,,0.0004464332541273887,True
23712,20,1,5.783055944698348e-07,0.9536241277498502,-0.5548551523557244,-3.4636316037506276e-10,-9.407956567608622e-05,1.4580455160775931e-08,5.884613291436958e-07,0.00036160716588676874,1.3254678568639988,1863,1866,,0.0001382800898192592,True
23799,20,1,5.783055944698348e-07,0.9585923469162372,-0.5741893696285314,-1.596056620201125e-12,-3.464374663364467e-05,8.905877312066066e-11,3.824813772067908e-09,0.00010028190493439281,0.1554478533846623,1863,1866,,0.0007700878353584348,True
23819,20,1,5.783055944698348e-07,0.9480167049852476,-0.5580198816569046,-5.364753086212204e-11,-0.0011658075206726348,1.8323085907771233e-09,7.59484385868772e-08,0.0002543534242695601,0.4941014202992505,1863,1866,,0.0004954357460055475,True
23835,20,1,5.783055944698348e-07,0.9482484305268885,-0.5561194636607654,-4.6083753035830455e-08,-0.007612806024809737,1.3336334458555654e-06,5.493367474038501e-05,0.00027131619562364203,0.802555600194951,1863,1866,,0.00021478938587909488,True
23931,20,1,5.783055944698348e-07,0.9579631816833248,-0.5029620642156378,0.00035599975885980406,-0.0058966540211158325,0.01926907801625453,0.8301633816888149,0.0005965334658927346,2.6317858550527076,1863,1866,,9.603518321822847e-05,
24010,20,1,5.783055944698348e-07,0.9506819733257077,-0.5633787701214725,-2.6834270361320023e-09,-0.0016949784700728276,1.207764349727585e-07,5.179009152376084e-06,0.0001878081965508631,0.7269645416184346,1863,1866,,0.00012491251883884092,True
24053,20,1,5.783055944698348e-07,0.9464823686339751,-0.5230594586295663,0.0005407723548209731,0.0009999465512543493,0.02425644873255122,1.0283396597646237,0.0006659915827520461,2.7971400154541004,1863,1866,,0.00010545886593734628,
24109,20,1,5.783055944698348e-07,0.9526049074930576,-0.5410822244912668,-6.40401287554937e-10,-5.5848432709337814e-05,2.694136716241977e-08,1.1161466103482037e-06,0.0005617417907450252,2.3412792663423785,1863,1866,,0.00010732758928445666,True
24205,20,1,5.783055944698348e-07,0.9553065196655864,-0.5599653170589178,-4.2743147687929195e-08,-0.0003960525402790793,1.2239132379169952e-06,5.050982282679416e-05,0.0007287212768031097,3.048082112898115,1863,1866,,0.0001079693533764933,True
24248,20,1,5.783055944698348e-07,0.9469963152986011,-0.5515711433951509,-2.830846668189224e-11,-0.003500372013905295,9.58743677857197e-10,3.918477229076537e-08,0.0006246550993129224,2.4559035965016953,1863,1866,,0.00012040609722477642,True
24272,20,1,5.783055944698348e-07,0.9559377650025911,-0.5928705893028452,-3.125022463024152e-10,-0.0003570271635788824,1.2177992918797247e-08,5.075866307186037e-07,0.0006728058229533359,1.6358861499313928,1863,1866,,0.0003216524086835352,True
24328,20,1,5.783055944698348e-07,0.9496273217143347,-0.6144352540425453,3.3852857006522186e-07,-7.4344630072165074e-06,0.0005895571844781796,0.025315336998504905,0.0002027772870395945,0.438192973515188,1863,1866,,0.00039783317435253203,
24432,20,1,5.783055944698348e-07,0.9492378412708342,-0.5723227704480669,-1.1990493042901562e-08,-0.0005833204560370397,1.6872533074175619e-06,7.070873110225332e-05,0.0004350485515268129,1.6772173724362813,1863,1866,,0.00012501083599075714,True
24440,20,1,5.783055944698348e-07,0.9514721778245236,-0.6477920644990387,-2.5704947503868425e-08,-0.004863543986122876,1.5849762797258074e-06,6.727719964665649e-05,0.00048378710293789796,1.6780835945100616,1863,1866,,0.0001544866999927655,True
24441,20,1,5.783055944698348e-07,0.932862675622656,-0.6508941897570535,0.0019294314694126014,-0.014968015815272517,0.038211758492226466,1.9742335103327453,-0.00026589884781724765,-0.3008279565027837,1863,1866,,0.0014619272935163495,
24459,20,1,5.783055944698348e-07,0.9491679106389552,-0.6043634243735845,-4.253852825542026e-10,-0.00047384735146249746,3.2221248316921064e-08,1.4578617445568026e-06,2.833449010473547e-05,0.06030803378602077,1863,1866,,0.0004081964576572984,True
24643,20,1,5.783055944698348e-07,0.9445849904568504,-0.4855636576718043,0.0005438026449994249,-0.00015663860530734652,0.024469626858402427,1.0311264800084095,-0.00010144543551628504,-0.19333670641277642,1863,1866,,0.0005250160385345214,
24766,20,1,5.783055944698348e-07,0.9545844910087985,-0.6134113788687832,-4.915001738936553e-11,-2.0237981458448573e-05,7.57179658731434e-10,3.136953471420254e-08,0.0009390594434242233,3.3559238183093965,1863,1866,,0.00014594665227274758,True
24942,20,1,5.783055944698348e-07,0.9477768108561643,-0.5552450686825159,-7.517949973667726e-08,-0.00017836660415126993,2.1654380808032046e-06,9.23158644708404e-05,0.0007036834769907013,2.573784352691514,1863,1866,,0.00013945145616671485,True
24969,20,1,5.783055944698348e-07,0.953714522018733,-0.5403033410035492,0.0018987551546454373,-0.00718396355696771,0.04443808338126803,1.9685051416001256,0.0005858863092492688,2.2100666109427984,1863,1866,,0.00013190233176274047,
24985,20,1,5.783055944698348e-07,0.9568885237520344,-0.5289610328012937,6.517726389831946e-05,-0.0011557328199631733,0.008300716375594526,0.35128578527577575,0.0006104648614340816,2.3362937164682407,1863,1866,,0.0001272886785440031,
25081,20,1,5.783055944698348e-07,0.9477455670346845,-0.5362375926540615,0.0005358831771624661,-0.006089552976366264,0.023421037910313504,1.0227360762411375,0.00047051432469263595,1.1072742729920597,1863,1866,,0.0003400390724960716,
25232,20,1,5.783055944698348e-07,0.9393265552818343,-0.5508765888940268,0.0011819787704880902,-0.007110180568735913,0.032984825531701754,1.535916721167572,0.0007256681996497601,1.5433129031541901,1863,1866,,0.00040967819343393273,
25304,20,1,5.783055944698348e-07,0.9239815787269118,-0.8159568752342845,-1.4954482097095934e-11,-0.010389768599515348,1.7469183442973626e-10,7.848019491870558e-09,-0.00020183305096269902,-0.3216057567762557,1863,1866,,0.0007304790743641883,True
25320,20,1,5.783055944698348e-07,0.9486416060246153,-0.5902795825417495,-1.501458957164914e-10,-0.0005430973429081387,2.5886979466979774e-09,1.0555239847603763e-07,0.0003521400181343422,1.43146684746545,1863,1866,,0.00011266679742554099,True
25419,20,1,5.783055944698348e-07,0.9393123283828807,-0.6392020539820993,-9.597600492128322e-09,-0.0009691450692488335,9.423284513220269e-08,3.975399677886651e-06,0.0005638269806602362,1.164732752328154,1863,1866,,0.0004373017352252488,True
25582,20,1,5.783055944698348e-07,0.9440839381011161,-0.5561926108177655,9.408447145808907e-06,-0.00022960144671224647,0.0030401926367676912,0.13295701159666568,0.0005792474472433964,1.6904420684909602,1863,1866,,0.00022217360882523444,
25590,20,1,5.783055944698348e-07,0.9482502170462243,-0.6404249545790786,-1.567643792554918e-10,-0.003441665074742195,2.56433256307911e-09,1.0720636818534678e-07,0.0002003303127594714,0.5410346278596874,1863,1866,,0.0002546985183449617,True
25785,20,1,5.783055944698348e-07,0.943872346476258,-0.5713779296775978,-1.953393780063095e-08,-0.00020537269550779946,2.0103826564895732e-07,8.542273066894165e-06,0.00011535877195094605,0.2812551070365991,1863,1866,,0.0003219038391066143,True
25953,20,1,5.783055944698348e-07,0.9518244470958007,-0.5241238189521538,-3.875138432363201e-09,-0.0023907187490677106,3.2851683381899383e-06,0.00013452222463033762,0.0005174127328784933,1.3595260044704192,1863,1866,,0.0002694870601726358,True
26403,20,1,5.783055944698348e-07,0.951501112195104,-0.5849518109379364,-2.350941663564754e-11,-0.004517142172711264,3.1915948679318203e-10,1.3734343910376774e-08,0.0007300122108800539,2.3739849910303605,1863,1866,,0.00017603269163105832,True
26470,20,1,5.783055944698348e-07,0.9430853873710419,-0.5711770382879431,0.0004033204242241961,-0.0009358157530228173,0.019440545997485688,0.8828474311568854,0.00010503912652167384,0.19334123209236814,1863,1866,,0.0005458558643160105,
26607,20,1,5.783055944698348e-07,0.9454693288627057,-0.6504282997125432,0.0002680020997736232,-0.000236301384006099,0.016164241561686492,0.7178043603414709,0.00017653774477038162,0.41001064492396233,1863,1866,,0.0003485514620266855,
26614,20,1,5.783055944698348e-07,0.9441669605380861,-0.6087598056900629,-2.2875155547552595e-08,-0.003908918048621146,6.089759306858927e-07,2.5052520606800792e-05,0.0004534614712713119,1.5372300340452763,1863,1866,,0.00016056553256061924,True
26649,20,1,5.783055944698348e-07,0.9423270797254113,-0.5438493476087418,2.2726410607853964e-06,-0.0047822867148326065,0.0015585586252694998,0.06530133211409246,-0.0003338239113889315,-0.6859012655504174,1863,1866,,0.0004400728874889639,
26710,20,1,5.783055944698348e-07,0.9615519697054714,-0.5655977629422515,-2.1912560654868685e-10,-0.004937663066870268,3.6829873328592518e-09,1.5349394766448721e-07,0.0001785778741988668,0.6816096358652368,1863,1866,,0.00012941945420790566,True
26825,20,1,5.783055944698348e-07,0.9531569505920764,-0.5535761495645586,-3.2388789428239306e-09,-0.0008986384456945995,6.332096634301099e-08,2.7319471303075993e-06,0.00026533398736402217,1.1410435350773442,1863,1866,,0.0001014639123025235,True
27043,20,1,5.783055944698348e-07,0.9536727887004122,-0.6117853845245729,-7.062239681943083e-11,-0.004762924904522459,2.349836441977456e-09,9.99169327087509e-08,0.0004803048323302493,1.4148755669166444,1863,1866,,0.0002139644499597774,True
27334,20,1,5.783055944698348e-07,0.9536437479649403,-0.6183334717587061,-1.5555379206944053e-10,-0.0001845771084190151,2.3878281652202013e-09,1.0321671323397055e-07,0.0005966448390061716,1.548238661642728,1863,1866,,0.0002764597645486182,True
27422,20,1,5.783055944698348e-07,0.9330888053265411,-0.6605435057029729,-4.882272364170603e-10,-0.010639829509966559,6.862834760116733e-09,3.206226637396419e-07,-0.000903351159636407,-0.8708113925598723,1863,1866,,0.0020014738097107678,True
27430,20,1,5.783055944698348e-07,0.9512522897343105,-0.6407675092411651,0.00037023564581517565,-0.0030635921449162495,0.017483808330333757,0.8451126902250886,0.00047365941133393016,0.8079902914194638,1863,1866,,0.0006421410820477482,
27511,20,1,5.783055944698348e-07,0.9474720086179624,-0.6197435318962665,-4.086730953645201e-12,-0.0015567306352770593,5.012328886917814e-11,2.1576585493439905e-09,0.0004069548046315397,1.0604532345256152,1863,1866,,0.0002768815554921918,True
27618,20,1,5.783055944698348e-07,0.9425036686676536,-0.6431838656828153,2.736659289126475e-05,-0.004896034680123895,0.004974096520781647,0.2268772704992512,0.0006432091395435901,0.852729148819662,1863,1866,,0.0010651753134233546,
27633,20,1,5.783055944698348e-07,0.9459196146766675,-0.6089053761428689,-1.882060285396392e-09,-0.000980288024285736,3.7099608133380044e-08,1.5558761517015148e-06,0.000503041583778307,1.1237622457472802,1863,1866,,0.0003777512637671843,True
27684,20,1,5.783055944698348e-07,0.9501283010926729,-0.5557146753419075,7.675468501400218e-05,-0.0004745578138058981,0.009260463590228633,0.3813059024757021,0.0002314546055784337,0.562382265226612,1863,1866,,0.0003167379513170433,
27828,20,1,5.783055944698348e-07,0.9391165823542746,-0.4984770868691686,0.00011454335816585282,-0.011952229348809684,0.011667660616272566,0.4670253273007249,-6.411972786275813e-05,-0.13397343010193308,1863,1866,,0.00042359500659052486,
27887,20,1,5.783055944698348e-07,0.9467374786087995,-0.447120700035746,-1.412639560882667e-09,-0.010268416221511867,3.04525926728575e-08,1.21353813984008e-06,0.0004448832356414034,1.5240926920921893,1863,1866,,0.00015798291601316146,True
27888,20,1,5.783055944698348e-07,0.952665895999571,-0.5605746691497189,-2.69676756481374e-08,-0.005055020405821953,7.492173079980417e-07,3.052602334111658e-05,0.00045171939458817404,1.2828003085772535,1863,1866,,0.0002292063029806688,True
27909,20,1,5.783055944698348e-07,0.9543672522196731,-0.7325565386591828,6.796678860632177e-05,-0.0005137887900261706,0.007015706427487095,0.3580087423714408,0.0006054212972297073,1.1808079214139018,1863,1866,,0.0005173154466638486,
27959,20,1,5.783055944698348e-07,0.9493288447248828,-0.5192298778345099,1.171482198225604e-05,-0.0011112077141499643,0.0036512487158812915,0.1482477180114241,0.00047103380543303254,2.153355880738474,1863,1866,,8.891182155762293e-05,
27975,20,1,5.783055944698348e-07,0.9358278854513902,-0.709532029193576,-2.5364332856270266e-10,-0.00915774225805599,7.0791231852123065e-09,3.3938185197969276e-07,0.000266842334077836,0.3465515084419543,1863,1866,,0.0011017565559304093,True
27983,20,1,5.783055944698348e-07,0.9581584840984108,-0.5591576197711181,-2.7460478335683547e-10,-3.0907893243448115e-05,5.391451356697002e-09,2.1101202823297327e-07,0.00019926359700350797,0.4640143798625981,1863,1866,,0.00034296040042528376,True
27991,20,1,5.783055944698348e-07,0.9527179848928645,-0.5632335439363987,-8.441878129872293e-08,-0.0011242533249551379,2.667461161542391e-06,0.00011002224407060235,0.0006354582700749601,2.6090645408471183,1863,1866,,0.00011063045095310106,True
28118,20,1,5.783055944698348e-07,0.9422448229475583,-0.5554292272011521,-6.836353705352849e-11,-0.0011271472520326675,9.207043100411608e-10,4.081537457165282e-08,0.0008936549195631852,1.4537742879596989,1863,1866,,0.0007046488253701701,True
28222,20,1,5.783055944698348e-07,0.9555219980078732,-0.5752107180908967,0.0008279726533030329,0.002222975156016105,0.02753161011669196,1.2766508981945324,0.0005543379978628999,1.809383532343156,1863,1866,,0.00017818871965325474,
28302,20,1,5.783055944698348e-07,0.9557726681242283,-0.4788741258792162,-5.943399994379206e-09,-0.0013563231610540516,1.4012821675392074e-07,5.697090938087763e-06,0.0004666622838047423,1.6399217803783506,1863,1866,,0.0001516729237735609,True
28310,20,1,5.783055944698348e-07,0.9553979126356301,-0.5285733895215647,-2.1531865179724718e-10,-0.001632434611650302,3.6814771228097203e-09,1.5242606435225174e-07,0.0004725349627605026,1.5955169568787197,1863,1866,,0.00016452647642334656,True
28345,20,1,5.783055944698348e-07,0.9475371739402335,-0.603375628273183,-2.527712039679386e-09,-0.0015419083049641458,6.740472061396327e-07,2.8543132152985943e-05,-0.00016122338901496547,-0.292795942159459,1863,1866,,0.0005615706367861418,True
28388,20,1,5.783055944698348e-07,0.9407558230341893,-0.5386315996902733,-3.2940372651779626e-09,-0.0015211160558650239,7.573226411751493e-08,3.0414526714548562e-06,0.0003888361483110615,1.2142140328714002,1863,1866,,0.0001922056755072951,True
28484,20,1,5.783055944698348e-07,0.9376800825285264,-0.6045765974439561,-4.429789868254375e-12,-4.878927310869585e-05,5.775026590995903e-11,2.4185017479768043e-09,-0.00011069066855522558,-0.21839007178686953,1863,1866,,0.0004778405883295346,True
28564,20,1,5.783055944698348e-07,0.952139286049373,-0.7752348063354819,-3.06623615387025e-11,-0.00027527304460694957,1.7454093781030087e-10,7.8163731893037e-09,0.0006159563723247982,1.1511086669978468,1863,1866,,0.0005449002557198135,True
28804,20,1,5.783055944698348e-07,0.9447387865591774,-0.5128436271102166,0.00025837119149474397,-0.0009862280567090043,0.015796729798230574,0.7043349574548134,0.0012988364029783558,2.7845439363649116,1863,1866,,0.00041465038625044436,
29102,20,1,5.783055944698348e-07,0.9467474050596193,-0.590186058016636,0.0011669473669253527,0.0011467512824412385,0.031822983445971564,1.522557238435928,-0.0004989649283069832,-0.6853173184830582,1863,1866,,0.0009905371813184317,
29209,20,1,5.783055944698348e-07,0.9461804989856916,-0.5078128732988867,0.0010905632799228515,-0.003913548202750805,0.033343586116901754,1.4725719212263249,0.0005728442829007769,1.3347999003662225,1863,1866,,0.0003428899355814985,
29612,20,1,5.783055944698348e-07,0.9496233289351842,-0.606857237670636,-2.5278611870405143e-08,-0.0024763610732130292,6.762551132990212e-07,2.7925997823888682e-05,0.0006182429692979302,1.6168638336747565,1863,1866,,0.0002729978115185689,True
29647,20,1,5.783055944698348e-07,0.9568661840129742,-0.49967958725299355,0.0010241037779419315,-0.0077017224654560845,0.032272716607642034,1.4273278558050746,0.00048580109546652586,2.187111557866134,1863,1866,,9.259765595857333e-05,
29867,20,1,5.783055944698348e-07,0.939276035853969,-0.6196317650658822,-7.066165430558158e-09,-0.0016421288661414568,1.2450453168230945e-07,5.808802735767003e-06,-0.0006209853405139542,-0.8277675324659695,1863,1866,,0.0010463831808308576,True
29890,20,1,5.783055944698348e-07,0.9460138115465858,-0.4352610586168506,-7.77057307388418e-09,-0.003970905919451928,2.8843185802049766e-06,0.0001161192259048856,-2.2723837334552937e-05,-0.05599721040590913,1863,1866,,0.00030601726012897273,True
29938,20,1,5.783055944698348e-07,0.9501047842992593,-0.5482432669960857,-2.8419311348670817e-10,-0.00528894368357391,4.847518888528393e-09,2.0288553373287404e-07,0.0006532509207434172,2.296028981610885,1863,1866,,0.00015044029564461594,True
29946,20,1,5.783055944698348e-07,0.9516676883742822,-0.5294678273016078,-3.134825732331592e-12,-0.00244668939439574,4.016872702787989e-11,1.680884603367563e-09,0.0006704809485628999,2.375688736703071,1863,1866,,0.00014835089283489882,True
30680,20,1,5.783055944698348e-07,0.9569041271889123,-0.6000755127627899,7.140699259977623e-05,-0.0016778059516047161,0.008503380819146924,0.36759197046139064,0.00028157404647293546,0.5278712726317084,1863,1866,,0.0005357534906720942,
30681,20,1,5.783055944698348e-07,0.9461279478621882,-0.5654867046698828,-5.062001262601257e-08,-1.9583477732787458e-06,2.9173354876833635e-05,0.0012827945711934765,0.0005611332422416852,1.8951218673786634,1863,1866,,0.00016417370418218946,True
30796,20,1,5.783055944698348e-07,0.9515834509042881,-0.6323981335071585,0.0002490221451202368,-0.0025716578170336124,0.015494858655262046,0.6913476126303945,-0.0005143469172581583,-0.6968143913882459,1863,1866,,0.0010122288231721771,
30940,20,1,5.783055944698348e-07,0.9483178719497566,-0.5873992496844676,0.00014468730046268696,-3.3389139214357044e-05,0.011669760884194687,0.5249850813459013,0.00026011205894123314,0.5887253939809783,1863,1866,,0.0003656560148852625,
31077,20,1,5.783055944698348e-07,0.9588773059791691,-0.6152599335599207,-8.57620618965882e-09,-5.3595772185222046e-05,1.7788106757871288e-07,7.80499649833171e-06,0.00018160290173289276,0.4252932594242174,1863,1866,,0.0003463390540240277,True
31500,20,1,5.783055944698348e-07,0.9426785225213797,-0.5462318158607025,-1.5042400658416e-09,-0.007602129167758376,2.8215533378529197e-08,1.2013894736713277e-06,0.000385543388064002,0.9439752578905773,1863,1866,,0.0003113205635033601,True
31974,20,1,5.783055944698348e-07,0.9385055144879719,-0.5528836552732823,9.004864374340116e-05,-0.0010109419963688637,0.009944503287527228,0.41315957763428507,0.00044406051923600947,1.1194939047734904,1863,1866,,0.00029726207225281014,
32651,20,1,5.783055944698348e-07,0.9515798557483763,-0.6510595197044866,0.0005004742849398225,-0.009229346703034658,0.020184496561873457,0.9856048577825012,3.8926627600566365e-05,0.049038671601517564,1863,1866,,0.0011948270875700151,
32678,20,1,5.783055944698348e-07,0.9575020432493775,-0.6251132616141639,3.441533987680323e-06,-0.0035374147341371565,0.0018607337182651993,0.08014930964449636,0.0009219746413972204,2.0687599796248803,1863,1866,,0.0003674893868118146,
32707,20,1,5.783055944698348e-07,0.9486825470500935,-0.6331448594475309,-2.719488634284062e-09,-0.0012144916496832359,7.049960816868579e-07,3.02516383481639e-05,0.000249716494877781,0.4473661699822147,1863,1866,,0.0005846749251038064,True
32803,20,1,5.783055944698348e-07,0.9369684935827234,-0.6090636545711141,7.920332367628014e-06,-0.002994444042505817,0.0027905405845187496,0.12166496997492571,0.000604471399432105,1.0414671687682358,1863,1866,,0.0006278055823673031,
32870,20,1,5.783055944698348e-07,0.9586400755970444,-0.5849988528208727,-5.591020979522909e-10,-0.008285071885963502,4.356886257219343e-09,1.8428756448033954e-07,0.0007365660547241409,2.681623260013935,1863,1866,,0.00013899302711876883,True
32942,20,1,5.783055944698348e-07,0.9557623830486416,-0.5871012344835964,1.304175689553766e-06,-9.064821363091724e-05,0.0011657797499169099,0.04982072492530459,0.000585255864758627,1.7598075133772988,1863,1866,,0.00020760395319672942,
32986,20,1,5.783055944698348e-07,0.9495679250618634,-0.5617622329694649,-2.398166887296327e-08,-0.0001873009712420881,6.116783137189938e-07,2.570918266297131e-05,0.0007442530823202825,2.822017567835552,1863,1866,,0.00012887286040878687,True
33209,20,1,5.783055944698348e-07,0.9489170012869493,-0.6934092152514544,-5.437854611045623e-10,-0.009379782134643744,1.7726090825261916e-08,8.211699559638016e-07,0.00046107217072327073,0.6126509413151856,1863,1866,,0.0010634685370289922,True
34032,20,1,5.783055944698348e-07,0.9542889893027077,-0.5589033073024547,0.0014188964197706655,0.0033680525342084655,0.035986388520921085,1.6853382243659372,0.0006538856301538234,1.2645760279619243,1863,1866,,0.0004998122294116515,
34497,20,1,5.783055944698348e-07,0.9471186388579509,-0.5994194325072346,-5.400058178395284e-11,-0.008902746369535253,3.925765973252979e-10,1.5930736130117205e-08,0.0002759037645803012,0.7373173757607829,1863,1866,,0.0002605807528351157,True
34673,20,1,5.783055944698348e-07,0.9590527146188252,-0.6001388450490797,1.4561773958754465e-05,-0.001532880092478539,0.0037883057243577327,0.16520545398457395,0.0003533950631177902,0.46989297474956543,1863,1866,,0.0010563109772267249,
34817,20,1,5.783055944698348e-07,0.950239911851995,-0.5355636822051184,9.476026094823453e-05,-0.0046588340967723685,0.009690870155321215,0.4241069899670294,0.0003265163688329136,0.8396003891839112,1863,1866,,0.0002849439614933208,
34833,20,1,5.783055944698348e-07,0.9549406985307567,-0.6202206238877461,-7.777809507558686e-10,-3.434840692095875e-06,7.198974709622769e-08,3.0715135421783224e-06,1.3449850532058183e-06,0.003461612368277999,1863,1866,,0.00028098753021810685,True
34948,20,1,5.783055944698348e-07,0.9396673459719834,-0.6456860108796387,0.00021362598688612344,-0.0018652283110758283,0.013796305035099253,0.6393561223282794,0.0007738425167134855,1.3033403057753137,1863,1866,,0.000661381863479508,
35044,20,1,5.783055944698348e-07,0.953369879396335,-0.6234847235023138,0.0005312870777390843,-0.0016572325829955492,0.022497289055812077,1.0177212895915277,0.0005116881359354456,0.9674337501650176,1863,1866,,0.0005273640224796472,
35107,20,1,5.783055944698348e-07,0.9540706483361261,-0.6202241249721456,-1.497476165290834e-08,-0.0021081077768332346,6.0660094181190955e-06,0.0002538431454414502,3.934414087852029e-05,0.08022841275123538,1863,1866,,0.0004452313709164773,True
35124,20,1,5.783055944698348e-07,0.9446554645034949,-0.693292346691845,-2.0221202490233736e-10,-9.748614960325419e-05,5.572529300485975e-09,2.5578434874558643e-07,0.0004721045336737065,0.9663014673593847,1863,1866,,0.00044048559285700026,True
35554,20,1,5.783055944698348e-07,0.9570498118150532,-0.4743473277993677,0.00012169987978216668,-0.0024191385048444314,0.011265642237749743,0.48089289530148926,0.0005438024363492775,1.5805019611553508,1863,1866,,0.00022498490889207706,
35991,20,1,5.783055944698348e-07,0.9369812402957728,-0.704978658597756,-1.5958345755962e-12,-0.007313087588100897,1.736387010918133e-11,7.715648575728158e-10,0.0007999730924260483,1.6020697664924701,1863,1866,,0.0004701125308339084,True
36003,20,1,5.783055944698348e-07,0.9460046679492284,-0.6188546817348328,4.905182481307335e-07,-0.0034328328170576405,0.0007060402577651894,0.03028244250475565,0.0008974319829598342,2.744580900860173,1863,1866,,0.00020157711055936544,
36397,20,1,5.783055944698348e-07,0.9520190587092163,-0.5149351272781928,0.002179515076354943,0.004071787855077336,0.04554923978513019,2.1109733366381658,0.0002488785557725762,0.5696122957261301,1863,1866,,0.0003549627875554489,
36468,20,1,5.783055944698348e-07,0.9535181158118253,-0.5298793112533433,8.88649637209582e-08,-0.00017102747987540745,0.00032623684568613287,0.014100857567758963,0.0009719740618601464,3.0677421383584154,1863,1866,,0.00018835481598014723,
36898,20,1,5.783055944698348e-07,0.9380190524498441,-0.6001970716576754,-1.3022736222723097e-09,-0.005212901459979324,2.277941379440741e-08,9.93385587644997e-07,0.0007159505969770328,1.6593727455193334,1863,1866,,0.0003512990584781414,True
37284,20,1,5.783055944698348e-07,0.941961351549875,-0.6379739299196099,3.958132171033579e-05,-0.005490345060171764,0.006349692326263956,0.2731072160414626,0.001154832393810762,2.047179858963429,1863,1866,,0.0005943200355439082,
37584,20,1,5.783055944698348e-07,0.949946005532919,-0.5158782640838129,-9.706813131060699e-11,-0.0018034323430458077,1.5356139518077667e-09,6.424820713909576e-08,0.00024742177978840784,0.628713799232386,1863,1866,,0.00029022147012418276,True
37875,20,1,5.783055944698348e-07,0.9475593432586799,-0.59643720046589,-2.6005197995004892e-11,-0.002996899127301722,7.949452548538311e-10,3.397495894891128e-08,0.0005573747881710403,1.3289409021844736,1863,1866,,0.00032963645509672833,True
38093,20,1,5.783055944698348e-07,0.9504468916314085,-0.6247648530956906,5.73882073640064e-07,-0.005020665450614636,0.0007942146840029573,0.034325626360752357,0.0006378369216366404,2.5576885978053703,1863,1866,,0.00011607902291355721,
38156,20,1,5.783055944698348e-07,0.9523939241450506,-0.8658502891609259,0.009884895975880381,-0.0005734440975189159,0.08103291097171762,4.696986667195564,0.00047603384900476634,0.7553218677499448,1863,1866,,0.0007460805414491606,
38295,20,1,5.783055944698348e-07,0.9376933084469733,-0.4905746469311014,0.0004501803949467087,-0.002976840646791601,0.022472409966621542,0.937138678045251,0.0004827257923114167,0.953161441051959,1863,1866,,0.0004719859150816851,
38703,20,1,5.783055944698348e-07,0.9593690829534801,-0.6149699229036052,2.526784423129147e-05,-2.7551338271702974e-05,0.004987609507280982,0.21790642770487106,0.0004907698200471207,1.3511558447573626,1863,1866,,0.0002485409094477003,
38746,20,1,5.783055944698348e-07,0.9381320871571028,-0.610166390201041,-6.174660782676256e-11,-0.0066813236316904945,1.9998258754593755e-08,9.135654748092784e-07,-0.00037366173293479235,-0.5592481882705582,1863,1866,,0.0008227667428948432,True
38762,20,1,5.783055944698348e-07,0.9615193275053973,-0.5544644784160102,0.00012529199900546129,-0.0029683691471404927,0.011454666537621484,0.488433488163278,0.0009773262559837344,3.547383187922718,1863,1866,,0.00014279655245442595,
39220,20,1,5.783055944698348e-07,0.9482414380397319,-0.6406396015417033,-1.024669238347542e-11,-9.310014780661291e-06,1.2518191864617257e-10,5.525299673766528e-09,0.001103725443501266,1.8215979299851464,1863,1866,,0.0006934901564748169,True
39490,20,1,5.783055944698348e-07,0.9389878188336261,-0.5131097954041468,0.0003356530411239289,-0.0022586071825150267,0.01835262976443298,0.8050473836946475,-0.00034649763293111217,-0.696259928838903,1863,1866,,0.0004592293211723228,
39571,20,1,5.783055944698348e-07,0.9485179082974367,-0.6038192913598841,-3.1885938334141883e-09,-0.0023365662100625073,6.14511099078361e-08,2.667115916416584e-06,0.0008265772515862095,2.144612015065329,1863,1866,,0.00027768761637258593,True
39642,20,1,5.783055944698348e-07,0.9539624533971266,-0.5178506015702882,0.002749216898619289,0.004455975193889294,0.052032696929437364,2.3895401470770765,0.0005854376130171702,2.366180770290801,1863,1866,,0.0001139758983881095,
39693,20,1,5.783055944698348e-07,0.9415761699008013,-0.6050873254987832,-5.643568945501443e-09,-0.004626600717604568,5.067088308144364e-08,2.1777112296711507e-06,0.0007668836960388617,1.8092286717446824,1863,1866,,0.0003346521639923002,True
39731,20,1,5.783055944698348e-07,0.9461438878786559,-0.8064341596931428,1.5040703031821145e-05,-0.0034415807566865464,0.003430254020543616,0.16784383064416442,0.0008758977684403982,0.9580620633556057,1863,1866,,0.0015844605928386952,
39917,20,1,5.783055944698348e-07,0.9353911081689266,-0.6188191556687481,-2.187288572486068e-09,-3.4029425994619444e-05,2.0361338129546054e-08,8.295726934969393e-07,0.0005436009475601676,1.4253426385809203,1863,1866,,0.000272193165809409,True
40125,20,1,5.783055944698348e-07,0.9504702684861455,-0.7332077373169026,1.7115971620351722e-05,-0.009473928190062875,0.003936815441162965,0.17917590084920715,0.0007390171682600535,1.498675139840789,1863,1866,,0.0004492226747711726,
40272,20,1,5.783055944698348e-07,0.9576588314101603,-0.5822955922920086,-5.92619575634501e-09,-0.0005343787697187352,6.832699576616734e-07,2.9762695714204044e-05,0.0007108134051409763,2.278392170818009,1863,1866,,0.00018098314551290737,True
40416,20,1,5.783055944698348e-07,0.9413136205873658,-0.6069972519971021,0.0013652691158854147,-0.0007643500366740774,0.03623204389933084,1.6551513229717565,-0.001006432215330953,-1.4188639662537659,1863,1866,,0.0009320033933024684,
40440,20,1,5.783055944698348e-07,0.9475777843874837,-0.54560295328889,0.0017453156592649455,0.0036079250975701305,0.04117740243697465,1.8815646000245636,0.00014683146355720954,0.34759799680269193,1863,1866,,0.00033489748778565395,
40539,20,1,5.783055944698348e-07,0.9614482280627559,-0.5825319618629237,-1.7527490570046211e-09,-0.003955476741534403,3.717320479916969e-08,1.506126902093925e-06,0.0007571574945004289,2.4854098584485325,1863,1866,,0.00017392626053141618,True
41080,20,1,5.783055944698348e-07,0.9476271355279337,-0.5807554405783786,-2.7804001323517014e-09,-0.00796663300059297,2.1153069749623793e-06,8.728172514649952e-05,0.0006856952576173196,1.5386171452502335,1863,1866,,0.0003777237458450308,True
41187,20,1,5.783055944698348e-07,0.955920616939165,-0.6542630108980552,-8.753551217210997e-10,-1.3392656872390774e-07,1.4763683467711186e-08,6.454619877104789e-07,0.0004715421761453565,1.7124148394261045,1863,1866,,0.00014193104078582755,True
41217,20,1,5.783055944698348e-07,0.9549330742688213,-0.5893305016078718,-9.798024613871803e-10,-0.0004266193299697907,8.038302063886606e-09,3.3730793280094187e-07,0.0004981668735217951,0.8857373452763392,1863,1866,,0.0005855110107740472,True
41355,20,1,5.783055944698348e-07,0.9528090502917711,-0.597582969526331,-1.0677161377259381e-08,-0.0071494876807207675,1.1190115623891761e-07,4.601771320920425e-06,0.0006319235122519996,1.6318557756339145,1863,1866,,0.0002804966215554943,True
42059,20,1,5.783055944698348e-07,0.961657869098073,-0.49417170372511854,0.002696519581482204,0.0017759279061683175,0.05220242426331996,2.3674854788773545,0.00033199558343422424,0.9615147039065834,1863,1866,,0.00022129445840385396,
42200,20,1,5.783055944698348e-07,0.9545693721027062,-0.5693079073817988,-1.1420282275409477e-08,-0.0003398802439213977,6.303973288331234e-07,2.6657304442342574e-05,0.000664266560833128,1.8320494495912987,1863,1866,,0.00024500101716312526,True
42286,20,1,5.783055944698348e-07,0.9508206290009913,-0.5612975713644901,-1.5835288635912548e-10,-0.004079523501807625,2.9505152651170495e-08,1.2442540063442663e-06,0.00046754505803030835,1.0696548545878222,1863,1866,,0.0003577969197934017,True
42439,20,1,5.783055944698348e-07,0.9496837647799774,-0.6623661748566902,-9.388112509611801e-11,-0.0003042997046267537,2.94683424800856e-09,1.3004030131725198e-07,0.00035966450806444896,0.6280727937359227,1863,1866,,0.0006047256935666008,True
42550,20,1,5.783055944698348e-07,0.9577196949921958,-0.664701205706814,-7.16652137633389e-09,-0.0009810311809352878,1.956785937807781e-06,8.900381279413099e-05,0.0010209886678581163,2.4681801023798973,1863,1866,,0.0003361607255673208,True
42585,20,1,5.783055944698348e-07,0.9461934660576371,-0.6119849282534704,-1.1352330187008874e-09,-0.002144754774524804,2.0717450211016293e-08,8.837205890790933e-07,0.00045851307500114464,1.7667688648372812,1863,1866,,0.0001251748863298048,True
42614,20,1,5.783055944698348e-07,0.9445635524949333,-0.6148546022442518,-2.802504894816593e-10,-0.00010431913348907251,4.543723684003687e-09,1.9470452784139838e-07,0.0004574013087340637,1.090218200892815,1863,1866,,0.0003289169752438583,True
42796,20,1,5.783055944698348e-07,0.941979132419095,-0.6052288126736418,-5.033991001823779e-09,-0.0030587309744742885,6.115867345475151e-07,2.5670298517759465e-05,0.0005166015367180776,1.2689185945965344,1863,1866,,0.00030870899535050036,True
43123,20,1,5.783055944698348e-07,0.9467633941712481,-0.5639139461757718,0.0018472386086884063,-0.00030732206262906736,0.040328708260333204,1.9325845537473425,-0.00040733396002339743,-0.5508140995362948,1863,1866,,0.0010217124257365763,
43350,20,1,5.783055944698348e-07,0.9582759285747621,-0.5441996820437005,0.0009068022599941772,0.0017301614909812635,0.030377041383007026,1.3415681062375444,0.0005964215627095152,1.6054310319695053,1863,1866,,0.00025865263659002,
43449,20,1,5.783055944698348e-07,0.9504115472175848,-0.5843389974589241,-3.2153391060774084e-11,-0.0015460997828964373,2.2772519638215573e-10,9.235391497073133e-09,0.0005994585001346056,2.7522587171088047,1863,1866,,8.847467838049218e-05,True
43481,20,1,5.783055944698348e-07,0.9442717654456094,-0.7047286046275172,-5.18850740149901e-10,-0.000521874654659138,9.796494100135222e-08,4.362571411948816e-06,0.0007657468974433332,1.532488264866128,1863,1866,,0.0004764958162639074,True
43553,20,1,5.783055944698348e-07,0.9509935034206458,-0.587966571296265,-8.664355899412612e-10,-0.002952651022945396,3.4194754300458525e-08,1.4781462557019905e-06,0.0007063119015066263,1.995228066880799,1863,1866,,0.00023177761355744092,True
43772,20,1,5.783055944698348e-07,0.95732632949762,-0.549994339538197,-1.1521450460350025e-11,-0.0001708247838894117,1.7115756457868948e-10,6.919328222854225e-09,0.00038920630061691473,1.3880525851031618,1863,1866,,0.0001469400681762402,True
43837,20,1,5.783055944698348e-07,0.9492903110107016,-0.6096633959251325,-1.3385502928286996e-08,-0.0008853633651078052,1.2997718134614652e-07,5.595958396655701e-06,0.0006071994097234331,1.106961175501495,1863,1866,,0.00057580228761039,True
44134,20,1,5.783055944698348e-07,0.9377734469404456,-0.5678606978320864,0.0006228477467624671,-0.01181555200849238,0.0250359540866931,1.1042018886013258,0.00030508951063538064,0.6103425193897374,1863,1866,,0.0004679975842776122,
44206,20,1,5.783055944698348e-07,0.9569905375919481,-0.5388480443503669,-1.3917803798335626e-08,-8.589927162905298e-07,3.668105863321899e-07,1.4768350668733714e-05,0.0006132721362338187,2.47440623615698,1863,1866,,0.00011429877386961312,True
44329,20,1,5.783055944698348e-07,0.9435130943117966,-0.6240655755599778,-2.07762187454108e-08,-0.002522089857123655,2.3130309274894273e-07,9.531993722230153e-06,0.0007465500114669186,2.535275344680114,1863,1866,,0.0001645607261271646,True
44601,20,1,5.783055944698348e-07,0.9494827418548809,-0.586044449241552,-9.518456245416473e-09,-0.0023692850487722072,2.1748369830378326e-07,9.143941589171344e-06,0.0006423037612297544,1.7478453067173536,1863,1866,,0.00026352138405737804,True
44951,20,1,5.783055944698348e-07,0.942266224239685,-0.5597981085089072,0.0011407452140523855,-0.002548409178056543,0.032974859720653206,1.5095198686691156,-0.000758088737959238,-0.9210273204088342,1863,1866,,0.0012517613012764403,
45225,20,1,5.783055944698348e-07,0.9270248096688791,-0.6740482026954209,2.8128577409969324e-05,-0.004326586141625954,0.005143010360053326,0.2297508097426991,-0.00023288438295264533,-0.2707686323868934,1863,1866,,0.0013857842460342866,
45356,20,1,5.783055944698348e-07,0.9584374242078613,-0.5599197421508915,6.511729835600999e-05,-0.002812230010205141,0.00813281044910909,0.35101093319413273,0.0005987368198931298,1.8523908889252223,1863,1866,,0.0001950802317003013,
45495,20,1,5.783055944698348e-07,0.9505402424447942,-0.540564540324717,-6.802114427273409e-11,-0.00026695089754813495,2.427211261760177e-09,9.940057827452533e-08,-0.0003798921060146011,-0.6397481614402278,1863,1866,,0.0006570882979394879,True
45728,20,1,5.783055944698348e-07,0.9315293554002243,-0.5918538313322932,-1.790891879238643e-10,-6.18250304549317e-05,2.594038859278882e-09,1.1456249331179416e-07,-0.00036312308090883467,-0.614750456905713,1863,1866,,0.0006471823968120013,True
45751,20,1,5.783055944698348e-07,0.9609139969865936,-0.6013298183028082,-6.233191740534494e-11,-0.002375099582202722,9.591084712204926e-10,4.002648833863998e-08,0.0007699917892505599,2.9360290346838904,1863,1866,,0.00012813571226235728,True
46077,20,1,5.783055944698348e-07,0.9379615288499492,-0.6214196429304577,-6.079803327452282e-12,-0.0012563839778052532,1.6793304778435826e-10,7.22767273003984e-09,0.000455859947490947,1.0517640376212996,1863,1866,,0.0003494468600933957,True
46340,20,1,5.783055944698348e-07,0.9602802409015431,-0.6620551887927999,0.0001283704949501807,-0.0002233300028291474,0.010739668236128867,0.4934233154867721,5.8843789572856626e-05,0.12019486230550014,1863,1866,,0.0004476337820902244,
46392,20,1,5.783055944698348e-07,0.9351735067098944,-0.7051648167718143,-1.999511667349907e-12,-0.0027085022041253293,9.103077691013383e-11,4.288723904280595e-09,0.00016484395282846098,0.3064949707495734,1863,1866,,0.0005488628620184329,True
46463,20,1,5.783055944698348e-07,0.9470344407066316,-0.6205622506092794,-1.2007848049222503e-09,-0.001079536703330941,2.76146757217119e-07,1.1875897126715728e-05,0.0003899260383280465,0.7397743885990813,1863,1866,,0.0005141998769988566,True
46578,20,1,5.783055944698348e-07,0.9520828943898945,-0.6347727909392353,-3.945458848519934e-09,-0.0014325043630127876,3.295393765054039e-08,1.443701811237619e-06,0.0005402505905061472,2.3313208777863426,1863,1866,,9.911980192000713e-05,True
46674,20,1,5.783055944698348e-07,0.9561472460695717,-0.603242875903411,-1.240121338952349e-10,-0.00012661984442119412,1.8123713855564927e-09,7.928087141684707e-08,0.0005970304363042574,2.066931278803378,1863,1866,,0.0001548561000698769,True
46690,20,1,5.783055944698348e-07,0.9462517393031329,-0.5830059065524782,0.0003741604531050102,-0.0007286368853633984,0.01892178686998562,0.8507018316713643,0.00041126844174634123,0.9052298922065244,1863,1866,,0.0003889522251095742,
46703,20,1,5.783055944698348e-07,0.9434543627270516,-0.6121521832841783,-1.962493123564002e-08,-0.001018113662101472,5.146272355810764e-07,2.1152277389215157e-05,0.0004023619129142224,0.937493726463865,1863,1866,,0.0003491923499779039,True
46877,20,1,5.783055944698348e-07,0.955388378701039,-0.5261796686570599,-1.6449721584876897e-09,-0.004663298783273762,3.41420264647907e-08,1.3928739336177484e-06,0.0007522268464872403,2.6050961849790575,1863,1866,,0.0001555035286618862,True
46922,20,1,5.783055944698348e-07,0.94515478813125,-0.5906014807875004,-4.596323321948148e-14,-0.012719637340651957,4.650297328344008e-13,1.9763853656524185e-11,0.0004249266840740864,0.5789652620113201,1863,1866,,0.0009958264333532888,True
47466,20,1,5.783055944698348e-07,0.9515832343103828,-0.7239308836625753,-7.255929190819188e-10,-0.0033695245141056596,4.882877455553148e-09,2.2171045600765385e-07,0.00025111816366253723,0.46132195962195055,1863,1866,,0.0005553856290042646,True
47511,20,1,5.783055944698348e-07,0.9540088607100584,-0.6140966491496112,-4.2491299367952706e-10,-1.4054164533039426e-05,7.049486928101877e-09,3.021281044576148e-07,0.00035451664227632585,0.7283864042308167,1863,1866,,0.00044694058940247984,True
47626,20,1,5.783055944698348e-07,0.9541172616108873,-0.6204188427970374,0.00016420360603131012,-0.006218727690560311,0.012593266033300516,0.5591267288681783,0.0005964268205608795,1.88248649385701,1863,1866,,0.00018846162579272524,
47677,20,1,5.783055944698348e-07,0.9520108441201082,-0.5263791257205308,0.001224920211119307,-0.002241198745649653,0.03437663580654761,1.5647147109840924,0.00018172682990596906,0.32116962743747335,1863,1866,,0.0005942787089927824,
47706,20,1,5.783055944698348e-07,0.947891001779093,-0.7437869524212819,-1.9328738609658558e-09,-6.399460783512723e-07,7.955904399937672e-08,3.4711970139950955e-06,0.0005981342303625492,0.963987008866165,1863,1866,,0.0007153463836253442,True
47730,20,1,5.783055944698348e-07,0.9566333719984875,-0.7217127915811918,-2.1718182807717312e-12,-0.005261126714789732,2.6261209113876238e-11,1.118816252827309e-09,0.0005011785286442971,1.3655031624233698,1863,1866,,0.00024941965746134526,True
47896,20,1,5.783055944698348e-07,0.9513998164360459,-0.6001898468061067,-5.990086648921533e-09,-0.0038977369569379583,0.00015323446955745062,0.006597217135930757,0.0005583986800269171,1.4431042281860655,1863,1866,,0.000282162121973233,True
47941,20,1,5.783055944698348e-07,0.9434578286010965,-0.6333848878871007,0.0004461069505622417,-0.003445545822514662,0.02187593413493955,0.9312893690925919,0.0004872769969857444,0.952815228423145,1863,1866,,0.0004925927430733871,
48347,20,1,5.783055944698348e-07,0.9524388984119351,-0.6138792772034976,-9.90233250952599e-09,-0.0003199153565629498,2.899294899220373e-06,0.00013098636914032568,0.0006742617842473516,1.0604051506265357,1863,1866,,0.0007578205499086443,True
48506,20,1,5.783055944698348e-07,0.9481781090294706,-0.5750927020872774,7.952371619446286e-05,-2.598838447775975e-06,0.00936484121413163,0.3890435353256276,0.0008723903038591062,2.118023063697807,1863,1866,,0.00032061680641930825,
48653,20,1,5.783055944698348e-07,0.9495537481164058,-0.6238726561652379,-4.7842563244415715e-09,-2.9717335259249467e-09,5.270732404207237e-07,2.3005528437250105e-05,0.0008960918705713854,2.243252265109077,1863,1866,,0.0003010801166895437,True
48725,20,1,5.783055944698348e-07,0.9588561426551112,-0.5271971039027881,-3.6798430969042784e-10,-0.0011691256804524652,1.5443523001258168e-08,6.257145254673755e-07,0.0007555737783572076,2.2396503656359106,1863,1866,,0.00021361964681674322,True
49015,20,1,5.783055944698348e-07,0.9488437083865383,-0.5693014383937156,0.00012274033085013514,-0.0012069048018150674,0.011195418936587334,0.4830389558372352,0.0005949641413925925,1.1550224587244906,1863,1866,,0.0004988956914117557,
49154,20,1,5.783055944698348e-07,0.9456980807865956,-0.5706637325937423,0.0004656142226597826,-0.004379517164425861,0.022012594071886583,0.9522002359348016,0.00013588138773029882,0.44432691910757044,1863,1866,,0.00017359146246241852,
49322,20,1,5.783055944698348e-07,0.9429921470100739,-0.8197556561213319,0.00012127134567219144,-0.00158837990977867,0.008368507674526007,0.47979330742771753,-5.306439723274029e-05,-0.04821811018026778,1863,1866,,0.002228862413396642,
49330,20,1,5.783055944698348e-07,0.9515691010638891,-0.6616739296724847,-2.184536773697232e-09,-1.4680974640857158e-05,9.636757105832143e-08,4.130318653359801e-06,0.0005363929548181785,1.3505561965508956,1863,1866,,0.0002946851688996915,True
49373,20,1,5.783055944698348e-07,0.9407557587895599,-0.5765696092968065,2.799753634041835e-06,-0.0004547681558342287,0.0017281745594592665,0.0721730424526707,0.00034581192685676924,0.7635837382198041,1863,1866,,0.00037889449396188085,
49429,20,1,5.783055944698348e-07,0.9397654542735834,-0.678164360066013,-1.2829737272568309e-11,-0.0015837504522637769,1.5190495944526666e-10,6.76908861391354e-09,0.0007508253688353766,1.329417879546347,1863,1866,,0.0005930098692803429,True
49488,20,1,5.783055944698348e-07,0.9333156812390335,-1.0413237845379828,-4.875133408077659e-09,-0.0011773551162708173,1.5367459898144975e-07,7.892855142605922e-06,-0.00012378823297153247,-0.1274172892385976,1863,1866,,0.0017409292040466606,True
49656,20,1,5.783055944698348e-07,0.9515176496833437,-0.6085174467127483,-2.840081503308056e-10,-0.0020673613054715823,1.0439018789598837e-08,4.453771657217597e-07,0.00041175012595317227,1.1117009466939158,1863,1866,,0.00025791953995696906,True
49680,20,1,5.783055944698348e-07,0.9600277610573246,-0.5799805223650958,-4.534726372185105e-09,-9.483423994094409e-06,4.2999920399454784e-08,1.7878881840307297e-06,0.0006205843123494088,2.145187431742279,1863,1866,,0.00015569486183485056,True
50017,20,1,5.783055944698348e-07,0.9512766413327377,-0.6081990857782722,0.00016235201342840178,6.291390204193892e-05,0.012948347935342277,0.5566485662204745,-0.00036455038379570165,-0.5977261121138249,1863,1866,,0.0006912217737229973,
50286,20,1,5.783055944698348e-07,0.9464740210504471,-0.5992505838010058,0.00010926149841006261,-0.0005872556317543243,0.009711927198938215,0.4540554750965562,-0.00034896232427341744,-0.35241471050672774,1863,1866,,0.0018389041971194164,
50550,20,1,5.783055944698348e-07,0.9383950430429927,-0.638619321979349,9.68414065438683e-06,-0.003236073987872956,0.0029926131949337734,0.13443183497493105,0.00023144821117579152,0.3539791288386751,1863,1866,,0.0007921247266235574,
50585,20,1,5.783055944698348e-07,0.9648430390269548,-0.5749451234543881,-2.4322099889673154e-11,-0.00013927362129906307,8.255913747627748e-10,3.356806300701666e-08,0.00035471358269541903,1.0014187912019354,1863,1866,,0.00023255005931447086,True
50606,20,1,5.783055944698348e-07,0.9151002522395136,-0.8676084378230582,-2.52792231592025e-10,-0.0077014360492431155,1.6285335906306633e-08,7.750127018050204e-07,-0.0021141304774010324,-2.188974983708017,1863,1866,,0.0017160811291510097,True
50702,20,1,5.783055944698348e-07,0.9313309295879258,-0.6006208629831156,-1.5673016218187286e-09,-0.013545096616253582,2.9228331124589267e-08,1.2496492571871004e-06,0.00033257187300557976,0.6488499770973927,1863,1866,,0.0004927730858245252,True
50788,20,1,5.783055944698348e-07,0.9460070119584482,-0.635225160513831,0.0001216247526224512,-0.0005028787526473177,0.010897394134558255,0.4807227701877057,0.0004731265139834211,0.9491551685002081,1863,1866,,0.00045910921352539926,
50876,20,1,5.783055944698348e-07,0.9505416872789807,-0.5674614381751109,0.00011147606131745036,-0.0015563161283047577,0.010432088288478851,0.46020666737671,0.0006143027376418718,2.1226609809655885,1863,1866,,0.00015678109946536443,
51086,20,1,5.783055944698348e-07,0.9467948128412187,-0.5937074133741016,-8.11906097908377e-12,-0.0035665467174681442,1.103603082703791e-09,4.782543228804135e-08,0.0006016287019580722,0.9195033090038656,1863,1866,,0.0008069319904971238,True
51131,20,1,5.783055944698348e-07,0.9400098007588881,-0.5700052482219453,-6.260292284565594e-10,-0.006837729412152882,2.3791912427946433e-08,1.0311921844876602e-06,0.00010687095880503909,0.21705644251909978,1863,1866,,0.00045218651405060426,True
51263,20,1,5.783055944698348e-07,0.9411960503808734,-0.6809825647080847,0.00011895048931687136,-0.0020838097016533386,0.01066709474218296,0.47509823255527733,0.00047215882418835876,0.6285052730663673,1863,1866,,0.0010580391367555687,
51369,20,1,5.783055944698348e-07,0.9482561957038472,-0.5089863455635604,0.0006273068101686485,-0.002430007543829271,0.0260441596182426,1.1088798131428503,0.0006533152320022714,1.3423179889997892,1863,1866,,0.00044780756814291617,
51423,20,1,5.783055944698348e-07,0.9576883540675365,-0.7811737349898304,-4.837902078946854e-09,-0.0036089581073488475,9.035727695484122e-08,4.060291652524789e-06,0.0007053492105587163,1.4279201242034578,1863,1866,,0.00045679062250114996,True
51625,20,1,5.783055944698348e-07,0.9580423696555798,-0.655982631483154,-1.362607804367144e-10,-7.515420041848131e-07,2.1099430130516283e-09,9.014361585912434e-08,0.0008593560671999236,2.475701687966571,1863,1866,,0.00022423166696151938,True
51633,20,1,5.783055944698348e-07,0.9438391857547863,-0.5556508343113087,-2.0310468862305697e-08,-0.0016928931213022747,5.2861103881455e-07,2.182435631275488e-05,0.0006787071633278515,2.621219746972727,1863,1866,,0.00012453906701448476,True
51692,20,1,5.783055944698348e-07,0.9531518658203032,-0.571746324312967,7.891645921920265e-05,-0.002540717177418106,0.0090182278711423,0.38636818421301417,3.9201631795235865e-05,0.05334920560390247,1863,1866,,0.0010094874403371343,
51916,20,1,5.783055944698348e-07,0.9559912354993618,-0.5795804140335061,0.0009909364631133233,-0.008233765391178816,0.030140522284643114,1.4002368921941735,0.00024797667551253774,1.4611988854855347,1863,1866,,5.376493308522797e-05,
51925,20,1,5.783055944698348e-07,0.9545580139290372,-0.6974012931302283,0.0003509324583007567,-0.02206204275201773,0.016956671859743117,0.8223333501089194,0.0010146918111208353,1.4053589151875403,1863,1866,,0.0010380560694934686,
52038,20,1,5.783055944698348e-07,0.9620224613869655,-0.5933078117957351,-1.1002713407037845e-08,-0.0006955605453422553,2.4515174186322394e-07,1.0528492860014072e-05,0.00044870395896778095,1.7833110595081496,1863,1866,,0.00011746051655132742,True
52090,20,1,5.783055944698348e-07,0.95524242608832,-0.5516432312460753,-4.079572235582418e-09,-0.0005626167244530134,9.429537134174088e-08,3.8067151544531203e-06,0.0006084008913524528,2.5898928438326903,1863,1866,,0.00010291222867517898,True
52230,20,1,5.783055944698348e-07,0.9512321785297375,-0.5552491396637198,5.868235286554668e-05,-3.0857722159494116e-05,0.007858600093852135,0.3330266753295217,0.00039048105721697734,0.9256094105020448,1863,1866,,0.0003309156300004594,
52329,20,1,5.783055944698348e-07,0.9427273078775125,-0.5788210033572732,-2.2530866061742927e-12,-0.0028969133257272794,5.8833779311886e-11,2.525159492341256e-09,0.00020595803605833024,0.5029833030697062,1863,1866,,0.0003123298561794143,True
52337,20,1,5.783055944698348e-07,0.9492002995989027,-0.7110656426544848,0.0008463101945019869,0.001233515512780503,0.025347243750830153,1.2876469415573835,-3.079818138124969e-05,-0.04326296507500861,1863,1866,,0.0009519524466608409,
52396,20,1,5.783055944698348e-07,0.9505563672003369,-0.5835543354327555,-4.488009963665718e-11,-0.0002332146484589348,6.647363357255667e-10,2.8006758760729243e-08,0.000325416069106382,0.699813154566652,1863,1866,,0.00040027499058751127,True
52425,20,1,5.783055944698348e-07,0.9381743663351536,-0.6088243679176286,-7.2886072732814e-09,-0.0018325610393259417,7.695692973252023e-08,3.107449910152893e-06,0.00032699903786889917,1.0571720622747094,1863,1866,,0.00017858084300878606,True
52476,20,1,5.783055944698348e-07,0.9577459481311879,-0.5433683293806417,3.749728524682361e-06,-5.302603509171888e-06,0.0019417125111145137,0.08367686654913616,0.0008438188715839539,2.7983482801227813,1863,1866,,0.00016974907236379575,
52679,20,1,5.783055944698348e-07,0.9239461777657787,-0.5845259761425106,0.0001716245489683521,-0.011638344630274133,0.013778279799680505,0.5731522228849518,0.0003225502591860607,1.4450772077763407,1863,1866,,9.217225376885635e-05,
52695,20,1,5.783055944698348e-07,0.9485710785223569,-0.5601170696569027,-3.931333036888418e-09,-0.0020403049918065186,1.1116319090894095e-06,4.7344298970321386e-05,0.00038165545137538136,1.1479010508281255,1863,1866,,0.00020456539454952836,True
52708,20,1,5.783055944698348e-07,0.9597302354044452,-0.5985336165548354,0.00011454315168690776,0.0005289064464456539,0.01070635190256471,0.46652981723001014,0.0006748052155477803,1.3276733436402095,1863,1866,,0.0004935714007764752,
52716,20,1,5.783055944698348e-07,0.943928277142999,-0.5579742790525504,-1.130754356815089e-08,-0.004218643098611308,7.047725796616617e-07,2.8178712688166342e-05,0.0006967904436847294,1.6750674900687559,1863,1866,,0.0003205098211857464,True
52898,20,1,5.783055944698348e-07,0.9563166616584777,-0.6292233829532643,-1.0024931995644693e-09,-0.0002498451937693602,1.903613615056768e-08,7.936159843469133e-07,0.0005960844122047244,2.188599087889325,1863,1866,,0.00013720713592964756,True
52936,20,1,5.783055944698348e-07,0.9437631981383562,-0.7127892512469318,-1.2771010471368527e-08,-0.0016018854811932215,2.668759844435387e-07,1.1879622453131289e-05,0.00040619652802099406,1.3418435544505443,1863,1866,,0.00016957015587335154,True
53065,20,1,5.783055944698348e-07,0.9532963291668411,-0.5498977765180455,8.402243875149651e-05,-0.0012110390041528696,0.0093927959820821,0.3995517895812349,0.0008053298964342774,1.7571040433566714,1863,1866,,0.0003899259245490962,
53110,20,1,5.783055944698348e-07,0.9673787457140396,-0.608163583503879,2.787069297571776e-08,-0.00901113078712279,0.0002318431898615614,0.009873452702951343,0.0004899117965896583,1.0854017527529662,1863,1866,,0.0003777925982527303,
53197,20,1,5.783055944698348e-07,0.9495388680115228,-0.6927203947147493,-9.81527081833633e-10,-0.0003441408858448902,1.5412834542293853e-08,6.977246480644124e-07,0.0007798917016694065,1.1638676006250466,1863,1866,,0.0008664781474820657,True
53225,20,1,5.783055944698348e-07,0.9466062925304132,-0.6172505711946108,-7.590690298542313e-10,-0.0005062329661706944,6.165409763617385e-09,2.5809683933522534e-07,0.0005040475386077462,1.355255035471814,1863,1866,,0.00025567873871269335,True
54148,20,1,5.783055944698348e-07,0.95092816151866,-0.6841965735135707,0.000803725977167713,-0.004342876029937992,0.02643977226558747,1.2552503050004946,0.0004508065801260635,0.7687079433570032,1863,1866,,0.0006417254236177071,
54199,20,1,5.783055944698348e-07,0.9647604322443909,-0.5550644949771073,-5.60504287427932e-09,-0.004055170445252276,1.2699858564039086e-07,5.242704437059783e-06,0.0005403916943945456,1.3557016026215423,1863,1866,,0.00029622671575842325,True
54228,20,1,5.783055944698348e-07,0.9582522781028597,-0.6413085021784206,3.502414661626929e-07,-0.0008125979799284977,0.0006354192947500866,0.02832363992742986,0.0003152862665515303,2.433277195899725,1863,1866,,3.1101862874417364e-05,
54253,20,1,5.783055944698348e-07,0.9475459302342494,-0.6185300752013483,-1.621480727465041e-11,-0.007260494071355206,4.720162514357591e-10,2.0355744416727906e-08,0.0007871125585954379,1.6981491011637686,1863,1866,,0.00039823907193457586,True
54578,20,1,5.783055944698348e-07,0.974717344986035,-0.6420137569897348,0.0002670992658343474,-0.010652909445908687,0.01487809763780948,0.7160119268555524,-0.0002941428297521962,-0.34122811334484776,1863,1866,,0.0013894979662069657,
54594,20,1,5.783055944698348e-07,0.9317201553951072,-0.6042866493300563,-1.1678298106332363e-08,-0.0023187505670558828,6.189139382259889e-07,2.6702428089737723e-05,0.00027120239324285983,0.5008770683325027,1863,1866,,0.0005433525971004687,True
54704,20,1,5.783055944698348e-07,0.9446431153652212,-0.6738456559755712,-2.471318705232761e-10,-0.006748817479297342,4.6078920977343936e-08,1.978620888586379e-06,0.000304449963147627,0.4593564023550288,1863,1866,,0.0008236424342719952,True
55001,20,1,5.783055944698348e-07,0.9354709816890417,-0.5438517750530607,0.00012342801120746039,-0.0022529897986549585,0.010999884175431305,0.4843930604710202,0.0007464629744781795,1.2222148845336136,1863,1866,,0.0006889875516197536,
55212,20,1,5.783055944698348e-07,0.9408182258493943,-0.6475016021595734,-5.055955654142963e-13,-0.011846966953561244,5.447387241929587e-12,2.357740419367723e-10,0.00033834561589131195,0.6462196559294409,1863,1866,,0.0005091417150128609,True
55213,20,1,5.783055944698348e-07,0.9516432666845123,-0.6553892056271735,-1.365569879396844e-10,-0.0035429248410661085,2.1103372031829433e-09,9.031560334845298e-08,-0.0006906620347256438,-1.0145470551840885,1863,1866,,0.0008599158024448506,True
55511,20,1,5.783055944698348e-07,0.9568030633091957,-0.5610051160185339,1.171602218541512e-05,-0.0022563657007763638,0.003508805598546033,0.1483256736452634,0.0007650544423996055,2.370435918739917,1863,1866,,0.00019391290996741232,
55597,20,1,5.783055944698348e-07,0.9437669642029868,-0.6899592769567244,-1.9517720772910252e-13,-0.0016785185994538931,1.869698748504294e-12,8.354549131369704e-11,0.0004810672122768212,0.783467741753637,1863,1866,,0.0007063597941460314,True
55976,20,1,5.783055944698348e-07,0.9474467991322777,-0.5540668666059669,-3.029313111468923e-08,-0.0010470600180303435,7.670859291621839e-07,3.282201328873848e-05,0.0002942830945679152,1.2407326331394242,1863,1866,,0.00010483536129954091,True
56223,20,1,5.783055944698348e-07,0.9492508270327854,-0.6817848481569302,-1.2857270803579013e-11,-0.0005699809613755047,3.5937533328686517e-10,1.5702446848536755e-08,0.0006501813196550447,1.0621458770201457,1863,1866,,0.0007020932436420493,True
56274,20,1,5.783055944698348e-07,0.9493261110737488,-0.5364144957241905,-4.621836691143244e-09,-8.930286244934749e-06,1.1074808425316459e-07,4.4212808803426185e-06,0.0005000843796525042,1.8489543976605742,1863,1866,,0.00013581386203070618,True
56565,20,1,5.783055944698348e-07,0.9654965395543041,-0.6705988229319637,1.7371535714238995e-05,-0.001956131277337514,0.0043426040601295375,0.180686589401883,0.00038374453788073056,1.3233664447952267,1863,1866,,0.00015740834915363897,
56573,20,1,5.783055944698348e-07,0.9469219893998846,-0.4797638182875765,0.00014245083504149658,-0.009355143598986482,0.012571374458377003,0.5212094848391088,0.000732346141320846,2.409228081039792,1863,1866,,0.00017326139837007176,
56653,20,1,5.783055944698348e-07,0.9445921427255983,-0.6636885636044643,-2.7172659677887623e-08,-0.007781763444438594,1.698324816907349e-06,7.168261120195452e-05,0.00041157254162271187,1.9255759875331238,1863,1866,,8.514847212011577e-05,True
56856,20,1,5.783055944698348e-07,0.9728921824524033,-0.609975538849189,0.0002603310785492807,5.7495890739445166e-05,0.015544154760439478,0.7068078361520226,0.00027691728494208306,0.701194165437846,1863,1866,,0.00029230331305055835,
56936,20,1,5.783055944698348e-07,0.9503560549410068,-0.658311222611762,-4.964133548668315e-10,-0.001419386986996285,3.581046958956829e-09,1.564044998581495e-07,0.00032460484557534616,1.824788360949555,1863,1866,,5.9832458737678106e-05,True
57007,20,1,5.783055944698348e-07,0.9505672875725352,-0.606206721585455,-6.71633859639087e-10,-0.0006671564819693554,1.149725272948468e-08,4.951594057095279e-07,-0.00016510580903019012,-0.3673016712109749,1863,1866,,0.0003742126221765805,True
57074,20,1,5.783055944698348e-07,0.9462331345014033,-0.5932252749002396,0.00020871006814882076,-0.0028782510756595325,0.014240618261495053,0.6325278107351374,0.00031746675581054905,1.7753923844076955,1863,1866,,5.9733922133970974e-05,
57154,20,1,5.783055944698348e-07,0.9493932438926563,-0.5962002007472589,-1.2038821051163495e-09,-3.138293827298355e-05,2.383300796739683e-08,9.806331016301829e-07,0.00029738245619721526,0.608630249058544,1863,1866,,0.00044506046156875674,True
57568,20,1,5.783055944698348e-07,0.962001391821682,-0.5114521738329503,1.1754045913581201e-05,-0.00020366539820870777,0.0037108024522371033,0.14849646389971585,0.0006791184480399129,2.253890635835276,1863,1866,,0.0001680312325851521,
57665,20,1,5.783055944698348e-07,0.956268430639627,-0.5309928833290027,-2.8289504072631644e-10,-0.007677745405305192,4.81318573376708e-09,2.015213543059659e-07,0.0007106384720775831,2.095796762683665,1863,1866,,0.00021795135749373237,True
57808,20,1,5.783055944698348e-07,0.9470864063781113,-0.7001978561412905,-8.440587784264153e-09,-0.004387549243796363,7.723823895156262e-08,3.3458381657770804e-06,0.0004272587451552597,0.8310756931273443,1863,1866,,0.0005084834426941483,True
57817,20,1,5.783055944698348e-07,0.9505875637507348,-0.5410501385870681,-1.4974133044631799e-09,-4.296241016765734e-05,6.989769716080367e-08,2.86986900613002e-06,0.000306223235915121,0.6852051730135769,1863,1866,,0.0003721552889156851,True
57904,20,1,5.783055944698348e-07,0.9566192198286337,-0.5403388884689257,-2.7671240632187732e-08,-0.00577366389651135,7.349657699193149e-07,3.05855026193193e-05,0.0003700229188050993,1.0118193350797466,1863,1866,,0.0002513967971123806,True
58318,20,1,5.783055944698348e-07,0.9459195917512601,-0.6200106578496205,0.00026568971320461987,-0.004301145064129486,0.01573082180854796,0.7152261977756103,0.00038411817152980856,0.5189721059810383,1863,1866,,0.001016353613251787,
58334,20,1,5.783055944698348e-07,0.9455522518603359,-0.5658134777599637,-3.2369218416761214e-11,-0.0005090362979773833,1.0765375285441039e-09,4.459003953918703e-08,0.00033882449272124753,1.2890455158491267,1863,1866,,0.00012758344560899468,True
58413,20,1,5.783055944698348e-07,0.9541527965694234,-0.5389831423406959,-7.709920035736673e-09,-0.006996992922616352,1.893269165256507e-07,7.663560230904478e-06,0.0004953842286748527,1.7971413306403938,1863,1866,,0.00014350169383108526,True
58501,20,1,5.783055944698348e-07,0.9600335299359477,-0.6326723025931187,-9.80235892455994e-11,-0.00030480648871722416,6.6855510641992445e-09,2.978904275738029e-07,0.0006877745177944036,1.2922679759727955,1863,1866,,0.000530698282309433,True
58675,20,1,5.783055944698348e-07,0.9459903403438843,-0.6498891289695663,-5.693334692580265e-11,-0.003180352902629524,8.016900294191979e-09,3.6603438957738354e-07,-0.0006823675001697942,-0.8272406099348949,1863,1866,,0.0012629046193632775,True
58683,20,1,5.783055944698348e-07,0.9378710603953005,-0.524191434296446,0.00018416180866220877,-9.82255797281617e-05,0.014241759593173801,0.5936958422766166,0.0009193900760234729,2.19075495106335,1863,1866,,0.00032975261738716493,
58771,20,1,5.783055944698348e-07,0.9413462203917137,-0.5460978696167063,0.00010356030604263822,-0.004317493946946582,0.010091906178719396,0.4433745368859281,0.0002614538087982902,0.6272504206420606,1863,1866,,0.00032245983112863817,
58819,20,1,5.783055944698348e-07,0.9582089666193857,-0.545466929591651,0.0005006794097407452,-0.004021571083156816,0.022667816596110963,0.9878919614103571,0.0006661989705630123,2.6407012058573622,1863,1866,,0.00011849303500865408,
58975,20,1,5.783055944698348e-07,0.9496332012809797,-0.5172869987123476,0.0009709618296058764,-0.0003887891256917353,0.031035068391071167,1.3879526933161164,-2.926610324489946e-05,-0.05741810642380993,1863,1866,,0.00048612102026186603,
59010,20,1,5.783055944698348e-07,0.9372221027456287,-0.6114501880963299,-2.4735324899438638e-11,-8.479905929337228e-05,7.258451612016952e-10,3.156059016661965e-08,0.00015312773373089844,0.3238661216186693,1863,1866,,0.0004141018228326323,True
59045,20,1,5.783055944698348e-07,0.9467904621596571,-0.6603552200980647,-3.2529534621517087e-12,-0.0012665180859579017,3.893766873918322e-11,1.6808204016484968e-09,0.0003934869769001332,0.9338129343190913,1863,1866,,0.00033171315059899944,True
59089,20,1,5.783055944698348e-07,0.9321722917676191,-0.7399065208103288,-1.7319479184152442e-14,-0.002301323329946703,1.3193064014038696e-13,6.251811705438063e-12,-0.0007560464955190424,-1.039054914670343,1863,1866,,0.0009837546535615845,True
59176,20,1,5.783055944698348e-07,0.9500507926968642,-0.6196884637663569,-1.45706411380786e-08,-0.0007813372851004363,7.714173150966195e-07,3.355762766923313e-05,0.00048800140942212175,1.4186630599671912,1863,1866,,0.0002245554389058551,True
59185,20,1,5.783055944698348e-07,0.9486470025070346,-0.472663478507672,-8.074430013493838e-12,-0.00011303137302731692,2.478636750760435e-10,1.0203110979357489e-08,0.000641723333086257,1.450724472842168,1863,1866,,0.0003624259186910256,True
59248,20,1,5.783055944698348e-07,0.9550381201432594,-0.584361526928665,-1.0072696010610116e-09,-0.0025766832061231426,7.88348787530128e-09,3.383545994562104e-07,0.000510324046101665,1.5743804578918594,1863,1866,,0.00019619701601966447,True
59300,20,1,5.783055944698348e-07,0.9522168057983053,-0.6020262709673396,-1.5651011597839215e-09,-0.0010154684615963916,1.4137138610272244e-08,5.778909668830948e-07,0.0006480946252181365,1.9530966293823226,1863,1866,,0.00020672897566980438,True
59396,20,1,5.783055944698348e-07,0.9427234979192605,-0.6525584942632376,-9.705325432207701e-11,-0.0005717333157753135,6.20695188614761e-09,2.855018081995061e-07,0.000564416321930306,1.5619963296285793,1863,1866,,0.00024215673997798721,True
59408,20,1,5.783055944698348e-07,0.9418259959649579,-0.7033098047606818,0.003998241752512843,0.006590114098961264,0.05658983776149856,2.9020734015492935,0.00031051010755824856,0.6065791973667075,1863,1866,,0.0004923097859879841,
59459,20,1,5.783055944698348e-07,0.9467597349731437,-0.611762437405782,-1.5501901984293909e-09,-2.7780057417992055e-05,3.071663485783131e-08,1.2765259948816616e-06,0.0006028481024091114,2.327307894893243,1863,1866,,0.00012530226624722968,True
59555,20,1,5.783055944698348e-07,0.9444846568531059,-0.48886334860549874,0.00045583016328598625,0.0014332065282121054,0.021964046337563815,0.9418191893931979,-3.7562777803837814e-05,-0.1082591548682286,1863,1866,,0.00022721410082025397,
59619,20,1,5.783055944698348e-07,0.9537945725743497,-0.5739102290196598,-7.965524906339283e-09,-0.0009573003873086794,4.560074588011247e-07,1.8558418104674825e-05,0.0006974226602275615,2.1033011093981964,1863,1866,,0.00020496705974774247,True
59628,20,1,5.783055944698348e-07,0.956502013378122,-0.6738480793234369,-1.2724221676307934e-10,-0.0002450371451190314,1.6484834478313164e-09,7.609325261986082e-08,0.0007654057434181915,1.8433725883023926,1863,1866,,0.000325294221705968,True
59774,20,1,5.783055944698348e-07,0.9589305169350851,-0.7056797872554679,-1.479771860601886e-11,-0.00031654595741259506,3.47143283543259e-10,1.6520493227242677e-08,0.0011189677419839764,1.8213610311972999,1863,1866,,0.0007177236009847766,True
60097,20,1,5.783055944698348e-07,0.9542955628091382,-0.5526962436991052,-2.1949205786242487e-08,-8.172986340504451e-05,5.50642390835743e-07,2.3241421327051437e-05,0.0004823904349583878,1.6216567346066968,1863,1866,,0.00016550577485797044,True
60186,20,1,5.783055944698348e-07,0.9560716219164064,-0.6062524350974849,-6.701923460639136e-10,-0.0005177817526793582,1.2317590490523066e-08,5.137317115029115e-07,0.00015667951340156937,0.503898528492299,1863,1866,,0.00018021864016783446,True
60206,20,1,5.783055944698348e-07,0.9581225029550532,-0.5945184289641574,-4.0183620875211545e-09,-0.006086062894985478,8.555561881656371e-08,3.584472851283051e-06,0.0007961859174672914,2.3867538538162574,1863,1866,,0.00020865109257595194,True
60442,20,1,5.783055944698348e-07,0.9549077816305526,-0.4920181578648828,0.0013179500322694215,0.002929025180315903,0.036344764670125325,1.6257157010506087,0.0005653036557399698,1.6025123007295232,1863,1866,,0.00023670395470782915,
60580,20,1,5.783055944698348e-07,0.9578638777166787,-0.5713699537502224,-5.623546073252328e-11,-0.007822679380827369,1.9985385543057013e-09,8.172701031467008e-08,0.0011079035365314546,3.30282218357041,1863,1866,,0.0002106730030503758,True
60599,20,1,5.783055944698348e-07,0.9375955855068195,-0.4595517131609428,-1.4693402050625082e-10,-0.0002575057609002229,1.361358150041033e-08,5.367784759489616e-07,9.670449385935002e-05,0.2710992803320076,1863,1866,,0.00023608621837279965,True
60628,20,1,5.783055944698348e-07,0.9525794525564534,-0.6184733055472971,-4.187739932604018e-09,-0.004570727991235701,8.982864686350722e-08,3.7530725203253347e-06,0.0005621369317420148,1.5985975753395256,1863,1866,,0.00023160182130320376,True
60687,20,1,5.783055944698348e-07,0.9632514467001186,-0.6781530257600394,-2.2051690917734845e-08,-0.0016307128568031626,1.199456447721281e-06,5.313987271612826e-05,0.0008619677204603932,3.3497030315720484,1863,1866,,0.00012329278471042446,True
60943,20,1,5.783055944698348e-07,0.9462438787448503,-0.5296299699794329,0.00016332194360191288,0.000600770145113283,0.013695679710661284,0.5592471610710327,0.0007059123172868316,2.0818843557367086,1863,1866,,0.00021832459432539355,
60986,20,1,5.783055944698348e-07,0.9539950112610388,-0.5532792233634609,-2.4646951146678475e-11,-1.941413116424151e-05,8.128534333594116e-10,3.3585266008170934e-08,0.0007964695156995519,2.093464674774415,1863,1866,,0.0002715335845788427,True
61146,20,1,5.783055944698348e-07,0.9498506384294361,-0.5370253317323996,0.0006604679604225172,0.0003335590351901674,0.025534436361431843,1.1384505450137312,0.00019210748116186728,0.34977283345526927,1863,1866,,0.0005645978507228059,
61188,20,1,5.783055944698348e-07,0.9485230443966284,-0.6130778776454757,-1.622088463548721e-09,-0.00025372282353819386,1.4791954957210423e-08,6.026476528629011e-07,0.0006443353802722994,2.2120628667107325,1863,1866,,0.00015756768596747356,True
61313,20,1,5.783055944698348e-07,0.9498021490474704,-0.5291914749869608,4.848248712141512e-05,-0.0062808088572055,0.007261766546914111,0.302483625238938,0.0005109185985606938,1.456946364489141,1863,1866,,0.00022825365187265287,
61399,20,1,5.783055944698348e-07,0.9484981551687114,-0.6027984516796767,-5.317735585208538e-09,-0.001947174396968121,1.0513094768494619e-07,4.613989995756918e-06,0.0007436592639661662,2.1352726497353345,1863,1866,,0.00022497507925553714,True
61508,20,1,5.783055944698348e-07,0.9615531698094673,-0.4928435913225009,6.872165193527735e-05,-0.009840193681844411,0.008382862090986836,0.36047392422818275,0.0004701804435121065,1.3406621558431693,1863,1866,,0.0002284891839490635,
61516,20,1,5.783055944698348e-07,0.953366963578613,-0.5836002674456453,-1.5551071541608508e-10,-0.010964979677102304,2.6010722081933475e-09,1.0780023867308284e-07,0.0004691371673447706,1.5159895521941784,1863,1866,,0.00017735706302865318,True
61567,20,1,5.783055944698348e-07,0.9494502681704552,-0.6137401958404345,0.00033164892002113255,0.0009417586087794305,0.018138394270680303,0.7994455749527037,0.0008737475546579496,2.048940586090015,1863,1866,,0.00034625407094958285,
61735,20,1,5.783055944698348e-07,0.9522582266578311,-0.5610706474463598,-1.722746389987151e-10,-0.0041819178212632035,3.1620451370284274e-09,1.2558307036179134e-07,0.0006939183120486059,2.4727985964165113,1863,1866,,0.00014532292020746337,True
61743,20,1,5.783055944698348e-07,0.9509314598669575,-0.6257963167309879,-6.486665649063639e-09,-2.2609599166223404e-06,1.4143609152244207e-07,6.00111325467697e-06,0.0008611754937348913,1.9298237452242317,1863,1866,,0.00037587097769496144,True
61778,20,1,5.783055944698348e-07,0.9574457376955438,-0.5717264899331969,-3.754840749436994e-08,-0.0032933240121593155,1.926414966127633e-05,0.0008317036126044057,0.00021376770359814588,0.5859093617534772,1863,1866,,0.00025079361762532276,True
61807,20,1,5.783055944698348e-07,0.9480678630541118,-0.5980742920865916,-4.6398906938804885e-10,-0.00020932752433489021,1.854648409763449e-08,7.762568661748884e-07,0.00046796037999482577,1.094998219741275,1863,1866,,0.0003425084464577476,True
61815,20,1,5.783055944698348e-07,0.9530592143097559,-0.5117011713676858,-4.263530195558474e-09,-0.0008366300628488421,2.1801205410866434e-07,9.020162672046066e-06,-9.748585983313285e-05,-0.20281616092090413,1863,1866,,0.00042845285661807103,True
61946,20,1,5.783055944698348e-07,0.9504454329311902,-0.5653909858735828,-5.18604847954407e-09,-0.003657162936942626,6.514654474901519e-07,2.6941825559986094e-05,0.0006577096295918959,2.0321878591810876,1863,1866,,0.00019390165176393686,True
62068,20,1,5.783055944698348e-07,0.9511224367969864,-0.548250606974602,-1.536867744178494e-09,-2.2949908954350562e-05,3.2624628102881776e-08,1.3142867326679634e-06,0.0005388352957204606,2.10670166832603,1863,1866,,0.0001222616500682789,True
62092,20,1,5.783055944698348e-07,0.9587295829293827,-0.5856971715661872,-4.18243217836789e-12,-4.750626581007111e-08,5.209741123278914e-11,2.2281765414024706e-09,0.0007119023246737526,2.121480478097879,1863,1866,,0.00020885307637433337,True
62156,20,1,5.783055944698348e-07,0.9555957958827168,-1.0922291981168093,-1.838998286984861e-09,-9.594010779867546e-05,1.9215533426843805e-06,9.629541548568931e-05,0.000930890596939376,1.2517676677462464,1863,1866,,0.0010790065354964998,True
62308,20,1,5.783055944698348e-07,0.9616765336657019,-0.5828070417328752,0.0007686563839113258,0.002707489586636913,0.02745733604740384,1.2291572475119155,0.0007677909616478507,2.627267161540962,1863,1866,,0.0001597673627659567,
62359,20,1,5.783055944698348e-07,0.9414096533832087,-0.5075447141434324,0.0010556321323046403,-0.008642362487868205,0.03338074059769953,1.4509325669837239,-5.5757458724874135e-05,-0.12911284841490872,1863,1866,,0.0003509423175089009,
62367,20,1,5.783055944698348e-07,0.9381107328019446,-0.5650128568768289,5.43129325958347e-07,-0.012287866159826466,0.000719182205134143,0.031853318128683486,0.0003098529009967412,0.8116690290231304,1863,1866,,0.0002702384516930009,
62391,20,1,5.783055944698348e-07,0.9381901215589367,-0.4927794313915015,0.014225088804461827,0.018645340185568515,0.1039379884949689,5.797705827103507,-0.00036765726645259205,-0.6920360151532384,1863,1866,,0.0005405853404450396,
62498,20,1,5.783055944698348e-07,0.951067356778174,-0.44994143079916027,0.00016289310168249305,-0.0017309258390536542,0.013156808118218183,0.5575938277366813,0.0009335011255264274,2.806329077439022,1863,1866,,0.0002049115441028491,
62922,20,1,5.783055944698348e-07,0.9409013447871851,-0.6085073674817818,-1.861821807835895e-11,-0.003641272624815617,4.856010974973076e-10,2.2073149286622906e-08,-0.0003151836841607768,-0.48267376160056724,1863,1866,,0.0007860962657334743,True
62930,20,1,5.783055944698348e-07,0.9335672440540056,-0.611291526135902,-3.5570957734876174e-08,-0.0003385698938453974,3.858890116426126e-07,1.652144128278517e-05,0.000247130809800053,0.7427447070646588,1863,1866,,0.00020609107135993485,True
63132,20,1,5.783055944698348e-07,0.9490770565275781,-0.667615350338461,0.000406032798164091,-0.006037996550324332,0.01823362715330092,0.8840585511333499,0.000307968904419404,0.4487844539619635,1863,1866,,0.0008712908263820532,
63263,20,1,5.783055944698348e-07,0.9503593392166731,-0.4600594895192467,0.00011184056926372143,-0.007327935375761374,0.011300921533127447,0.4613097853724601,0.000679596907798378,1.7747401013756214,1863,1866,,0.0002750682362594706,
63467,20,1,5.783055944698348e-07,0.9470201198662864,-0.5905504008221614,1.0435495600980005e-06,-0.004018877356860573,0.0010799192132964139,0.044686884577566525,0.0005357706198148147,1.8857054774868982,1863,1866,,0.0001485178783001411,
63706,20,1,5.783055944698348e-07,0.9516563765460707,-0.630041327949981,-2.281383304492124e-09,-0.000599248943701447,1.0129824018715591e-07,4.344489750551178e-06,-0.0004593822537329859,-0.9628732543608564,1863,1866,,0.0004195770935522959,True
63765,20,1,5.783055944698348e-07,0.9444683230359949,-0.7643007829988047,0.0001027089519175517,-0.0003970272272537656,0.008977228705590898,0.43879044447301185,-0.0010373001729952062,-1.5114259722479595,1863,1866,,0.0008725182346905157,
63773,20,1,5.783055944698348e-07,0.9389025723935508,-0.6584948322256636,-1.0065237532330684e-10,-0.0009841932415788346,1.5252732626534751e-09,6.510629892347437e-08,7.013549581079207e-05,0.16183172412961572,1863,1866,,0.00034681928928662395,True
63781,20,1,5.783055944698348e-07,0.9351234083846257,-0.9064487008645596,0.0011827564878852392,-0.002214014032852596,0.028822703688267153,1.5339778390687988,-0.0004756831146417693,-0.5605783425658896,1863,1866,,0.0013335126855059673,
64020,20,1,5.783055944698348e-07,0.9531015097900212,-0.5848107556661684,3.300120208293844e-05,-0.004564559093686249,0.005650814810873745,0.24898949463022296,-9.619776498931446e-05,-0.17318250126486884,1863,1866,,0.0005758502069162554,
64186,20,1,5.783055944698348e-07,0.9557561234897133,-0.566166236352867,0.000905087453968334,-0.0023794178797096333,0.03114075054236647,1.340049256987398,0.0008648096720810991,2.338859572868553,1863,1866,,0.0002577724970139034,
64194,20,1,5.783055944698348e-07,0.9516169809730916,-0.5275412885332595,0.00026343734893419235,0.0006360986653899392,0.01682510224044128,0.7114385780338074,0.000814811282009944,2.1901734565010753,1863,1866,,0.00025664382993080087,
64282,20,1,5.783055944698348e-07,0.9406425323551807,-0.5635456794284268,-6.601386104421181e-13,-0.014429687207664132,8.350270626823034e-12,3.3822305350482783e-10,0.0008157827005674437,1.9726504729346988,1863,1866,,0.0003211568545127422,True
64311,20,1,5.783055944698348e-07,0.9499000637534486,-0.48929256171173874,-8.75130967692428e-09,-0.005592871507564379,1.1834495905093135e-05,0.00046097521211930977,0.0005980179937990501,1.6463827773767015,1863,1866,,0.00024703053251621306,True
64390,20,1,5.783055944698348e-07,0.9501020952709436,-0.5771243537348529,-3.0852342902676355e-10,-0.004052199180948346,1.2232548169147797e-08,5.058673116434864e-07,0.0006846818235800194,2.509011031816581,1863,1866,,0.00013967719716209971,True
64450,20,1,5.783055944698348e-07,0.9528302120307789,-0.5929098794288219,-1.6036321159873523e-09,-9.371215408782163e-06,3.1900067486884695e-08,1.3262839146907499e-06,0.000597315058507399,1.9782553021442297,1863,1866,,0.0001687931695629081,True
64629,20,1,5.783055944698348e-07,0.9402147055718246,-0.7492584576650823,0.0012062022009975415,-0.010490922262684554,0.02942787384667194,1.5443100474979081,-0.00026642382966212503,-0.3317137212427512,1863,1866,,0.0011920196113212515,
64653,20,1,5.783055944698348e-07,0.9408958039265767,-0.5618930302376592,-1.0234479930204543e-11,-0.009693044525748373,3.079589540980028e-10,1.2904520494418362e-08,0.0006712697343964513,2.2732230768994346,1863,1866,,0.0001632926373922577,True
64805,20,1,5.783055944698348e-07,0.9447337049742696,-0.5493347511061173,0.0010724396698885696,-0.0020216781484714286,0.03270746796290884,1.4609174327191183,0.00022590539104492036,0.5720556144682766,1863,1866,,0.00028882160214853706,
64899,20,1,5.783055944698348e-07,0.9593658540783824,-0.6548386712154246,0.00046427045919916754,-0.0005174522443975871,0.022857429364753133,0.9502127762107029,0.001380116922489714,3.108353717332517,1863,1866,,0.00037050011267644403,
64929,20,1,5.783055944698348e-07,0.9476919285305355,-0.6157618850935889,4.6883776647521636e-05,-0.005087839287264417,0.0066699670407771375,0.29683794629263915,0.0012225813564111939,2.28714842063318,1863,1866,,0.0005350264862302693,
64936,20,1,5.783055944698348e-07,0.9586464297276884,-0.5666968449542085,3.4764903636963496e-06,-0.001203844896239037,0.0019090914894255868,0.08062461552685869,0.0005581682091751412,2.4075484756667875,1863,1866,,9.992517915985591e-05,
64995,20,1,5.783055944698348e-07,0.9573628686513795,-0.6233961393279921,-7.416207647992223e-10,-0.0025072360616764655,1.3592471130934004e-08,5.692663024109494e-07,0.0006076597952986899,1.3754461225594108,1863,1866,,0.000370912896624546,True
65285,20,1,5.783055944698348e-07,0.9398086744122984,-0.7333410698624943,-4.167024281187537e-09,-0.004147530483034512,6.996966705462044e-08,3.2694293905490303e-06,-0.0001613176925861851,-0.18743012799247868,1863,1866,,0.001374969295735046,True
65294,20,1,5.783055944698348e-07,0.9560492361337366,-0.5803965610647741,0.0019401973983281806,-0.0038997633509321172,0.04285332346992848,1.9871191521525544,0.0007180351136306453,2.3610556774145173,1863,1866,,0.00017169211941667263,
65306,20,1,5.783055944698348e-07,0.9577064438303979,-0.6498056108409869,-2.8716806710349374e-11,-0.0010341257471486731,3.977631155628906e-10,1.7061003510840476e-08,0.0005512138242172342,1.5228839183692788,1863,1866,,0.0002450953058558325,True
65307,20,1,5.783055944698348e-07,0.94090550238408,-0.6128473968521619,1.2771817752388337e-05,-0.00020287930164508694,0.003620332099027609,0.15468497887826857,0.0006862979709722347,2.0363298956442684,1863,1866,,0.0002127151819639143,
65330,20,1,5.783055944698348e-07,0.9455545762195905,-0.5708878201483738,0.000433996784410251,0.0012825318720404155,0.020514896199713896,0.9180187447633986,0.00029084490950715954,0.6398486684576821,1863,1866,,0.00039147434965096974,
65365,20,1,5.783055944698348e-07,0.9497954183051072,-0.5480648916645143,-1.4656535984869379e-09,-0.002958586866717239,8.839234596504923e-07,3.7848869279396994e-05,0.0005272925136343084,0.9868076161834171,1863,1866,,0.0005311222654267472,True
65402,20,1,5.783055944698348e-07,0.9551138324626619,-0.5705573703508107,-2.170422663816396e-08,-0.0005073310269099185,1.2269806891882006e-06,5.338520065564371e-05,0.0011533306537882336,2.999161083906777,1863,1866,,0.00027471237040283913,True
65541,20,1,5.783055944698348e-07,0.9559191712178833,-0.6228284572774763,-3.7315384115998995e-09,-0.004130954063710446,7.631612420599932e-08,3.243612178089735e-06,0.001005133877981299,2.7177419278004504,1863,1866,,0.0002537742625363374,True
65875,20,1,5.783055944698348e-07,0.9368380113798402,-0.5617392391459968,-1.0628786739630414e-10,-0.0018738445824035832,1.6334872609184857e-09,6.947560806106028e-08,0.00045609415127787097,1.9471515788408453,1863,1866,,0.00010313368940345204,True
65947,20,1,5.783055944698348e-07,0.9380291411888483,-0.5220939787422614,0.00038269754693165403,-5.528191509740488e-05,0.019819517959562796,0.8614641755575391,0.0005298191206237018,1.7018816466519828,1863,1866,,0.00018065333172901017,
66093,20,1,5.783055944698348e-07,0.9434027529459879,-0.5656489294291078,-2.04745149723351e-08,-4.42871748960183e-05,1.2028114348067094e-06,5.1230292717124806e-05,0.0004236143951290947,1.9256974692040345,1863,1866,,9.060030269958699e-05,True
66157,20,1,5.783055944698348e-07,0.9574641149504385,-0.5899954365528433,-1.0968366215280412e-08,-0.0010017099576125066,4.296237463099315e-06,0.00017543083957573691,0.0005090348692210727,1.5853825863297573,1863,1866,,0.00019315606673143835,True
66181,20,1,5.783055944698348e-07,0.949050803460114,-0.5197054650709305,-1.4888508204080608e-09,-0.0017800864188137755,4.181682572848394e-07,1.6641308352765334e-05,0.0009873751775134828,3.410000007413354,1863,1866,,0.000156604351682381,True
66245,20,1,5.783055944698348e-07,0.9532729623365561,-0.6548942630324548,-4.675371201301459e-12,-0.009235738615299693,1.2782660991405796e-10,5.4881454708777575e-09,0.00017913683223829858,0.34760789030333716,1863,1866,,0.0004967483988429165,True
66376,20,1,5.783055944698348e-07,0.9555122233179846,-0.5792078621818617,-2.564770618107559e-11,-0.00029273214800129566,3.8256181804470696e-10,1.5779486454061863e-08,0.0007475336622128666,2.1326091326901895,1863,1866,,0.00022904964114321905,True
66616,20,1,5.783055944698348e-07,0.9377953336778472,-0.6008800184265055,-3.4203670340460235e-08,-0.0039215311466518354,9.137776373947814e-07,3.836768914356437e-05,0.0002546707665088869,0.8604166120889902,1863,1866,,0.0001656864614792297,True
66683,20,1,5.783055944698348e-07,0.9503007380789069,-0.5240233747126659,0.00044506586244297264,-0.004209805916347342,0.020885722884939666,0.9298140968122076,0.0008041311387993645,1.2248185004370467,1863,1866,,0.0008011106223547454,
66800,20,1,5.783055944698348e-07,0.9561528984327705,-0.5781124071114754,0.0007601224468045675,0.0014662932705369336,0.027524070294271237,1.2260779488712379,0.0006698576527101375,1.4011907167092947,1863,1866,,0.000428946485883463,
66835,20,1,5.783055944698348e-07,0.9620550287785923,-0.514670481538327,-2.1196440824766682e-08,-0.010586335873765673,1.3843998176401082e-06,5.65894412666047e-05,0.0004683314820771456,1.0960038404694075,1863,1866,,0.000339071665343508,True
67360,20,1,5.783055944698348e-07,0.9605149813994648,-0.5332914965630104,-3.413527993600951e-08,-0.0007914444961423239,4.43775858034593e-07,1.746649108960886e-05,0.0006272214073791097,2.2459233914563774,1863,1866,,0.00014454381730469367,True
67467,20,1,5.783055944698348e-07,0.943408684674801,-0.5810480337760615,-8.563860731669592e-11,-0.0009998830248183488,6.3509372745393245e-09,2.7271486505581585e-07,0.00028450787911972865,0.5574401160195749,1863,1866,,0.00048068584879508756,True
67598,20,1,5.783055944698348e-07,0.9438391730330805,-0.6023281854990508,-2.663314013773288e-11,-0.0002320674921714172,3.7425019371220734e-10,1.5930226566424316e-08,0.00034315504848224517,0.9582449779630575,1863,1866,,0.00024010710551979877,True
67774,20,1,5.783055944698348e-07,0.9495921659754128,-0.5077379152699251,4.0290138964671485e-05,-0.018992195549727864,0.00659665116444346,0.2756429495670974,0.00036901000564938744,1.251009731629229,1863,1866,,0.00016082810449324328,
67838,20,1,5.783055944698348e-07,0.9619200281526278,-0.5521732987686068,0.00017847987424202127,-0.0049376869498465314,0.013468017344060517,0.5838890302719932,0.00036300464337332027,0.705125869464294,1863,1866,,0.0005024488527670908,
68021,20,1,5.783055944698348e-07,0.9551219259159878,-0.6019104661658661,-6.63518129329077e-11,-0.0030465843047071672,9.687417565271332e-10,4.160622027083943e-08,0.0003276689611474916,1.2430528979898228,1863,1866,,0.00012846729451507696,True
68144,20,1,5.783055944698348e-07,0.9560859900567433,-0.5950870309132263,0.0007720961231749701,0.0012742242426185824,0.027401038223332563,1.2316943553765594,0.0005468692892312679,1.1929473696301787,1863,1866,,0.00039585161302851506,
68187,20,1,5.783055944698348e-07,0.938836175851865,-0.6223710525750903,-4.500928740824861e-09,-0.00315153884966457,1.0052697277501666e-07,4.136542361865125e-06,0.00045499640839629475,1.3261803013314082,1863,1866,,0.00022239557767912075,True
68419,20,1,5.783055944698348e-07,0.9615757965717449,-0.6171850427589503,0.0003878821085456785,0.0014752358584534386,0.019364996771473658,0.8660403171951369,0.0005383572106574254,2.0084736696798524,1863,1866,,0.00013506513993923194,
68830,20,1,5.783055944698348e-07,0.9280594919352605,-0.5743961863883662,-7.956302283673722e-12,-0.0027746204810159547,1.1347411522969508e-10,4.632288154321037e-09,0.0009447684098554646,1.5013146513980795,1863,1866,,0.0007313370677879338,True
68866,20,1,5.783055944698348e-07,0.9556916362068587,-0.5393940120016172,9.096142643161276e-05,-0.0014098091807459578,0.009614164928748533,0.4156490969491561,1.0776807599660225e-05,0.02253563673177648,1863,1866,,0.00042894290835817684,
68929,20,1,5.783055944698348e-07,0.9484194614977837,-0.5961946567451053,-2.3359141287926377e-08,-0.0008096764610749929,1.4739514525902213e-06,6.118897181196246e-05,0.0005520895602627072,2.0394352053933607,1863,1866,,0.00013624974473089744,True
69032,20,1,5.783055944698348e-07,0.9460666419360678,-0.6818825106294155,5.597432016124504e-05,-0.0043156327428328645,0.006840737295958863,0.32478919838327636,0.00031918560445644246,0.6173558579163781,1863,1866,,0.0004998890048065565,
69649,20,1,5.783055944698348e-07,0.9523932017392213,-0.5866304236287323,-3.881052146326169e-09,-0.0018130374226834611,1.7793737139598002e-07,7.683662050289856e-06,0.0006736905196542587,1.631111645963981,1863,1866,,0.0003189389679540831,True
69761,20,1,5.783055944698348e-07,0.9528538488148438,-0.7348608311303548,0.0017218694709414395,0.00035419773189981907,0.03734104665183889,1.8577829477977807,-0.00012008128534573264,-0.19562724961652989,1863,1866,,0.0007148510468551291,
69796,20,1,5.783055944698348e-07,0.9594148097660472,-0.7313656566327169,-4.145890075690772e-09,-0.0028223443213490906,2.2171988130708877e-07,9.026976609307485e-06,0.0013765092725619764,3.2101414357945233,1863,1866,,0.0003411928787920124,True
69892,20,1,5.783055944698348e-07,0.9503002664301474,-0.6255678005624095,-6.388425344283633e-10,-0.0007640847905541204,2.808125117908951e-07,1.2919663691411571e-05,-0.00048783039215534425,-0.8126946961441854,1863,1866,,0.0006736183964248662,True
69980,20,1,5.783055944698348e-07,0.9448490124786635,-0.5804657435660947,9.495956941618644e-05,-0.004201990555598778,0.009923224423876583,0.4244694085651089,0.0005457403814376529,1.964476239420923,1863,1866,,0.0001458520608859471,
69999,20,1,5.783055944698348e-07,0.9508820432249908,-0.6046619721410853,-4.102761930191434e-08,-0.0013470967920725663,4.416294391860532e-07,1.9113518189055167e-05,0.0002756890662628296,0.9391443195358199,1863,1866,,0.0001641449563364726,True
70033,20,1,5.783055944698348e-07,0.9490816210443185,-0.5174566699259477,0.000879092364392764,0.002361768724401081,0.02974615412978602,1.3183063840149016,0.0005389231566894359,1.1714193760444709,1863,1866,,0.0003959429409237417,
70092,20,1,5.783055944698348e-07,0.9462647685970212,-0.6103450201297471,0.0004973037379126799,-0.016068495657328263,0.02227968941316263,0.9838339823850465,0.0002673727491187837,0.40587716464746415,1863,1866,,0.0008105219927956912,
70121,20,1,5.783055944698348e-07,0.94660898138395,-0.592543191386715,-2.135402965564026e-11,-0.0013953959655346182,6.427886722924191e-10,2.7494495198028607e-08,0.00046060187953243553,1.2393117776842115,1863,1866,,0.00025901817037544045,True
70228,20,1,5.783055944698348e-07,0.9565880917796471,-0.536606009976101,0.00040246527835674506,0.0004672652453898696,0.019717596832222538,0.882559789336917,0.00038413972235800184,0.8424011033438696,1863,1866,,0.00038856606837816985,
70295,20,1,5.783055944698348e-07,0.9425429558625454,-0.5698469901659022,-2.9061173467681556e-09,-0.0010399548160908711,6.532093569892866e-08,2.6278849421891963e-06,0.0003812366462041219,1.6751411459032886,1863,1866,,9.692298750774365e-05,True
70332,20,1,5.783055944698348e-07,0.9500698909023586,-0.560341417678297,-6.0309561789040345e-09,-0.00048014683360109167,1.2500293991545144e-07,5.379251884759653e-06,-0.00015337646832670954,-0.272623834247844,1863,1866,,0.0005873276049835638,True
70420,20,1,5.783055944698348e-07,0.9539568046352825,-0.47073093092199003,1.8981210830881778e-06,-0.0007894350966597408,0.001506704951901504,0.05962461576124737,0.00032997066092089615,0.9390193887800181,1863,1866,,0.0002304137620104352,
70519,20,1,5.783055944698348e-07,0.9505885826807372,-0.5792882743533099,0.0017058308873150185,0.003912701604439239,0.04020646178920441,1.8567800370647718,0.00041206811749716345,0.8495896955399751,1863,1866,,0.0004409963247747657,
70578,20,1,5.783055944698348e-07,0.9573452536327202,-0.5670522393777273,2.805520716020471e-05,-1.2588203812669008e-05,0.005546559723242557,0.22967838445415592,0.0006348492127281357,2.2597320188185503,1863,1866,,0.00014744117311584856,
70703,20,1,5.783055944698348e-07,0.9449104453108592,-0.8604497400914413,-2.129973974973609e-10,-0.0004712171808021193,3.0689593342855457e-09,1.3709198142445454e-07,0.0002566050263578389,0.5771564320695609,1863,1866,,0.0003708167007188768,True
70797,20,1,5.783055944698348e-07,0.9457988182499608,-0.600155865677225,-8.671845130869826e-08,-0.0016862871702998383,1.1890998065170735e-06,4.791220460034895e-05,0.00047608460795914824,1.9387715307853668,1863,1866,,0.00011294981704843777,True
70826,20,1,5.783055944698348e-07,0.9675015420086622,-0.5560109691999882,-2.2250631781517427e-08,-8.549997616569271e-06,5.57349543915488e-07,2.3574750904047165e-05,0.0002840306718246072,1.4114890730789635,1863,1866,,7.528386228559451e-05,True
71079,20,1,5.783055944698348e-07,0.932489399573667,-0.6766478503390994,-7.998005591147717e-09,-0.007278357249997258,2.5897744959286925e-06,0.00011064844012044885,0.0005100824175422956,1.859000297474606,1863,1866,,0.0001402237467978318,True
71159,20,1,5.783055944698348e-07,0.9410259998891317,-0.5629581142040903,-7.811751245867526e-12,-0.0071683457288462815,1.2334709247132332e-10,4.795877169208031e-09,0.00032897041086883195,1.2307512809898735,1863,1866,,0.00013361315983432797,True
71175,20,1,5.783055944698348e-07,0.9446876472781756,-0.5362058633292213,0.00040947645073585726,-0.0026203114256586613,0.020711718121166726,0.8914861397355183,0.0005563619542938593,1.503814869274314,1863,1866,,0.00025772636821823504,
71176,20,1,5.783055944698348e-07,0.9469059452008637,-0.5977888389111827,-3.1433211589160237e-10,-0.0019498015220769105,5.4284863420778326e-09,2.2659755082524862e-07,0.00047063054788389736,1.687675314505572,1863,1866,,0.00014591321391007567,True
71271,20,1,5.783055944698348e-07,0.9524918472864825,-0.6681060753668686,-1.551697215163017e-09,-0.0007004610462051364,6.851049913785242e-08,2.892901945283773e-06,0.0004666908353194761,1.7409400976458003,1863,1866,,0.00013308182111752107,True
71298,20,1,5.783055944698348e-07,0.9421768294416009,-0.5958569479696361,0.001599488532070037,-0.005141762104886594,0.035297172419276,1.7888834991632825,-0.00038159446469130266,-0.6150912706302695,1863,1866,,0.0007166925401951666,
71475,20,1,5.783055944698348e-07,0.9537594096764693,-0.5551865157893903,-2.3379710389903607e-08,-0.00018766924892266168,2.67363031682504e-07,1.0949421345515201e-05,0.0006896788603469814,1.981442985341854,1863,1866,,0.00022385436574798024,True
71563,20,1,5.783055944698348e-07,0.9519316454766958,-0.5864868279677786,-1.3390132114210473e-08,-0.002043694003954988,8.393862583681551e-07,3.381401866222901e-05,0.00038454413600337974,1.0779702986086905,1863,1866,,0.00024013577131822182,True
71722,20,1,5.783055944698348e-07,0.9630894998899205,-0.5277737331019816,-3.74918600609675e-08,-5.8361224744007956e-06,2.5428783466200364e-06,0.00010585260401348292,0.0002817932991292748,1.3133939919528081,1863,1866,,8.541139875848946e-05,True
71810,20,1,5.783055944698348e-07,0.9636919874921339,-0.5801723883346708,-5.725014395885353e-08,-0.009347230765047732,3.9259124009920535e-06,0.0001679284418052299,0.0004189161123113772,2.1596794067346847,1863,1866,,6.93580618858813e-05,True
72231,20,1,5.783055944698348e-07,0.9562804379639319,-0.6170776968008134,-2.1595358057346914e-07,-0.004872572291428234,7.631056810351964e-06,0.0003201667224540528,0.0002977671958344026,1.8842594165601523,1863,1866,,4.669913734023049e-05,True
72696,20,1,5.783055944698348e-07,0.9596897205863208,-0.6944185498472162,0.00022164367953370068,0.0013305230047387928,0.013840407907235779,0.6514023699992469,0.00032120865667245395,0.4995204276818988,1863,1866,,0.0007866416567957811,
72726,20,1,5.783055944698348e-07,0.9570916839980332,-0.5632324828431883,-7.1872312545906425e-09,-0.003211825957273984,2.225756708034137e-06,9.581846405467135e-05,0.0004454485921976211,1.1220412640058786,1863,1866,,0.0002974847085587539,True
72776,20,1,5.783055944698348e-07,0.967823474384642,-0.5608000662371446,0.00010217771182219337,-0.000989827215308381,0.010176181167035938,0.44051644659009287,0.00046055585191043355,2.7223678226817802,1863,1866,,5.417871072498811e-05,
72813,20,1,5.783055944698348e-07,0.9295239653854578,-0.5476262352339789,-4.048903434750173e-10,-0.016762233481388833,7.301825029125303e-09,3.016295687839875e-07,0.0001355684941885828,0.439942565422417,1863,1866,,0.00018806461095014567,True
72864,20,1,5.783055944698348e-07,0.9505664642792696,-0.5935980848655382,-3.854949892634352e-08,-0.00428069598639369,4.903689125295839e-07,1.9587714893283566e-05,0.000701505494558404,2.0921451670860893,1863,1866,,0.0002079124709151627,True
72980,20,1,5.783055944698348e-07,0.9468412881490362,-0.5856205341970191,0.00019651012026999926,0.0009295874670637305,0.012718559043602458,0.6126611624180157,0.0008216889270279051,1.8073866813518236,1863,1866,,0.0003873399829497004,
72996,20,1,5.783055944698348e-07,0.9446507034833216,-0.7103508811149211,-1.8052226380405045e-13,-0.0005504334064794225,1.7524912666182934e-12,7.794128080431741e-11,0.0001651534896207143,0.34401707360864814,1863,1866,,0.00042673725255063064,True
73139,20,1,5.783055944698348e-07,0.9494049924111059,-0.48860975802595785,-7.741816743234153e-09,-0.007254338602652455,4.3604411639210604e-07,1.7866290689229897e-05,0.0005861814235478808,2.0322711084860563,1863,1866,,0.00015610834391470394,True
73219,20,1,5.783055944698348e-07,0.9410555614782826,-0.6330324893530113,-2.680078381445128e-13,-0.0011151960852053833,2.6550309852553e-12,1.1846783229986548e-10,0.0011201551377295004,1.963531483209594,1863,1866,,0.0006075821991798793,True
75032,20,1,5.783055944698348e-07,0.9263781347921622,-0.5537932321057895,-4.187190594251433e-10,-0.0058653259524275025,3.840744833575395e-08,1.5988783620170327e-06,0.00022511147628314122,0.8376750219954245,1863,1866,,0.00013561513552593635,True
75034,20,1,5.783055944698348e-07,0.9547106948451384,-0.573950700389773,-3.4115810176871264e-09,-0.001200626110935632,1.6084792477546968e-07,6.815301447798879e-06,0.00013300111136432263,0.2634642710707157,1863,1866,,0.00047806587637357116,True
75039,20,1,5.783055944698348e-07,0.945019986904026,-0.5406542283124567,0.0005819169302755389,-0.005861373484560506,0.024746049137390813,1.0670160656764667,-0.00020048676503288713,-0.4153428978974572,1863,1866,,0.00043752976897515035,
75041,20,1,5.783055944698348e-07,0.9331087807930947,-0.45899878932890736,-3.35401495465959e-08,-0.0004246276560935236,4.525451363383208e-07,1.748506350734306e-05,0.0011619338734253377,3.4779073027679397,1863,1866,,0.00020714903076975583,True
75049,20,1,5.783055944698348e-07,0.9392866657474629,-0.5390574575932532,-2.4800834053095855e-08,-0.0008446624186959628,6.324602624911007e-07,2.6608191172392183e-05,-0.00016303700461106345,-0.3800727734671944,1863,1866,,0.0003426586957754859,True
75064,20,1,5.783055944698348e-07,0.9491404489291946,-0.5983021806547693,-3.483841259921405e-08,-0.0007185934915636683,9.054830295854516e-07,3.860778474208928e-05,0.00028256287194861946,1.0780478801126807,1863,1866,,0.0001287865702427367,True
75065,20,1,5.783055944698348e-07,0.9500684311942063,-0.6125970961648584,-5.400384583964524e-10,-0.0018494572156610989,1.8468606234367827e-08,8.204389432755783e-07,0.0007325430550757002,2.025378776136284,1863,1866,,0.0002419209394490714,True
75070,20,1,5.783055944698348e-07,0.9508432969475287,-0.5933725179516776,-7.958833592169867e-11,-0.00021782158310101885,2.7036262994365384e-09,1.1428584344050285e-07,0.0002846540473740135,0.6091290923012346,1863,1866,,0.00040683698001493633,True
75075,20,1,5.783055944698348e-07,0.9682908669671035,-0.6315065780390341,-2.1552559736903731e-10,-0.00011183104018352985,3.3920357493986915e-09,1.4608632256781e-07,8.620618224144768e-05,0.5608279648953117,1863,1866,,4.4275181617104973e-05,True
75082,20,1,5.783055944698348e-07,0.9605660964106344,-0.5585478147078196,-2.0067096428988407e-08,-0.0007111352189759224,5.3561581827442e-07,2.189537463214075e-05,0.00018979214662959853,1.4710314116642438,1863,1866,,3.072613011142022e-05,True
75100,20,1,5.783055944698348e-07,0.9450582550561331,-0.6076867992217887,-4.0095038400522753e-11,-0.0008498064193787069,6.511197938224221e-10,2.614834194997444e-08,0.0005262270788375765,1.237309586480768,1863,1866,,0.0003374822751417833,True
75104,20,1,5.783055944698348e-07,0.9517828646411383,-0.648029876546123,-7.51310125224336e-12,-0.0003157293485733792,4.557737575411748e-10,1.967356208890069e-08,0.0009096650225727416,2.1296696704845477,1863,1866,,0.0003423894194203578,True
75152,20,1,5.783055944698348e-07,0.9485286514910533,-0.6003820343992172,-7.458478279431802e-13,-0.006994607298651978,8.435216009070504e-12,3.6100601280673625e-10,-5.258960696189229e-06,-0.009308261724935592,1863,1866,,0.0006027247216341662,True
75154,20,1,5.783055944698348e-07,0.9531303893182176,-0.6174885750800563,-1.36348947687992e-08,-0.00036883031565815294,3.148502055704401e-07,1.3476081076994967e-05,0.0004750103565846745,1.1938318234944683,1863,1866,,0.00029657625310073823,True
75157,20,1,5.783055944698348e-07,0.9599956794933296,-0.5385813579144751,-1.2099527446629565e-07,-4.177850551956297e-06,3.605391042436608e-06,0.00015629995870886177,0.00028676553530292386,1.5500810758053991,1863,1866,,6.378811289797301e-05,True
75168,20,1,5.783055944698348e-07,0.932983255630543,-0.5381921973792969,-8.319056554739745e-11,-0.002260398722472745,1.2831699945019425e-09,5.4092301566543306e-08,0.00039136309055197834,1.790223859513433,1863,1866,,9.033449769230425e-05,True
75175,20,1,5.783055944698348e-07,0.9310055370443822,-0.6418992312646745,0.0015152659798183254,0.00025537166372069375,0.03439541037399044,1.7396145409246315,0.00033289647245880906,0.43513630079526217,1863,1866,,0.0011117233123641025,
75182,20,1,5.783055944698348e-07,0.944169790611425,-0.5365891447898543,0.00028700739794540464,0.0001742510725725177,0.017242895107176647,0.7430948291628513,0.0008482370269634559,1.8119231570959449,1863,1866,,0.00040663198682347826,
75183,20,1,5.783055944698348e-07,0.957652483774148,-0.5878506640611278,-2.364634577034508e-08,-0.006742688365652505,1.3379553381840265e-06,5.840755072465449e-05,0.00030765215343468775,1.459734369003637,1863,1866,,8.559524270433396e-05,True
75233,20,1,5.783055944698348e-07,0.9539084830960733,-0.5443869764011848,-1.008129069113295e-08,-0.004997479463994425,1.4317642878998481e-06,5.8932190980112534e-05,0.0007504248386904175,2.7792417558047116,1863,1866,,0.0001348630953174316,True
75239,20,1,5.783055944698348e-07,0.9685420178261412,-0.5680816031671121,0.0011481891084762497,0.001013451224026185,0.03306418628840503,1.512682981780757,0.000250104022928115,1.5764002409728188,1863,1866,,4.645632931833344e-05,
75240,20,1,5.783055944698348e-07,0.9751738210254834,-0.5554929558415858,-1.0607738021306545e-08,-0.00011604749589788632,2.398089966747268e-07,1.0219255882358059e-05,0.00019484393665043225,1.2104502510504136,1863,1866,,4.7800323067376335e-05,True
75241,20,1,5.783055944698348e-07,0.9544614520781564,-0.577665942239936,-1.1281864331635916e-11,-0.0001183265383084553,1.6472721549499295e-10,6.712529054047329e-09,0.0006635722494082699,1.2268254546121624,1863,1866,,0.0005455324721683479,True
75260,20,1,5.783055944698348e-07,0.9674194729202096,-0.6212396605564727,-8.334257728392913e-09,-0.00031232527527991216,1.7233241331445566e-07,7.567955842964923e-06,0.00010658145667356641,0.6406900073660625,1863,1866,,5.098415189835126e-05,True
75263,20,1,5.783055944698348e-07,0.9352624675932992,-0.6015252056190044,0.0007345045630892111,-0.010054320932558314,0.027533184556196025,1.2020739779519636,0.00040186550284626436,2.0356203621762883,1863,1866,,7.360656441264192e-05,
75268,20,1,5.783055944698348e-07,0.9662011362933299,-0.6890889096463448,-3.880550503154723e-08,-0.0031595266337629546,8.994178367021201e-07,4.0627808489990474e-05,0.00019856601985062658,1.039479128703358,1863,1866,,6.826763744033516e-05,True
75269,20,1,5.783055944698348e-07,0.9565631459114498,-0.5768401030193844,3.56747998664364e-06,-0.0013862272425295696,0.0019537101810218776,0.08163953092719904,0.00033472920994937383,1.1611094881668933,1863,1866,,0.00015287061459666123,
75274,20,1,5.783055944698348e-07,0.9619602920722223,-0.5412986103311097,0.002860901228238899,0.0019626890687853837,0.05193235289139157,2.4358723137119673,0.00013763512212923928,0.6345033128905021,1863,1866,,8.8540890625946e-05,
75275,20,1,5.783055944698348e-07,0.9260533970844897,-0.5719660077910749,-2.7243829414658194e-10,-0.0020645371891694353,4.736022947452671e-09,1.9604901314958597e-07,0.0007015365431786698,2.4071105687088865,1863,1866,,0.0001592792140504442,True
75278,20,1,5.783055944698348e-07,0.9406493956478607,-0.6600030165974269,-7.0872070434546686e-09,-0.00037948195181458644,6.31232071202019e-08,2.7414553279317788e-06,0.0002533403258243277,0.5817097356289652,1863,1866,,0.00035504227840047067,True
75285,20,1,5.783055944698348e-07,0.941435122640331,-0.5855759567659398,0.00019439010974431348,-0.0011371977807406175,0.013944286837174774,0.609706454052161,0.00048012384509282243,1.0331901265882262,1863,1866,,0.00040412196368869716,
75306,20,1,5.783055944698348e-07,0.9526036103889031,-0.5319137337662483,8.965948136152591e-07,-0.0004785968457661216,0.000973555353109916,0.041736036047059805,0.00022638147864447735,1.2077488881967335,1863,1866,,6.479680158018009e-05,
75313,20,1,5.783055944698348e-07,0.9683621204030999,-0.6120543380467964,-9.18644715852679e-09,-0.003105750450366429,4.5096783637285057e-07,1.9851440989555782e-05,0.00012535597067476147,0.6779593708389859,1863,1866,,6.37385587206022e-05,True
75316,20,1,5.783055944698348e-07,0.9463883800379811,-0.721030042260991,-2.3587798381186076e-12,-0.007186886651132651,2.6380508639663498e-11,1.1647651831817452e-09,0.0005419422443951899,0.8977368182288917,1863,1866,,0.0006843035842480585,True
75320,20,1,5.783055944698348e-07,0.9509224457505135,-0.5987840120899044,-1.204554300748839e-08,-1.802664109273877e-05,1.2816208931923053e-07,5.250156863738529e-06,0.00013351083231969454,0.3229969170611487,1863,1866,,0.00031598324032316863,True
75331,20,1,5.783055944698348e-07,0.9711580624170985,-0.5621752916407656,0.00048183206413632274,-0.009774397634731535,0.021291486870095477,0.9676367038303021,0.0002180632423663099,1.8651442699962348,1863,1866,,2.5487076722558223e-05,
75336,20,1,5.783055944698348e-07,0.9538249671271128,-0.5525391327716729,0.0006744544966633681,-0.008179393288610948,0.02584391182067512,1.1504862129001503,0.0004202325900205928,1.7612168096976677,1863,1866,,0.00010865250678667122,
75341,20,1,5.783055944698348e-07,0.938884935496303,-0.7712081311489867,-9.894862706971708e-10,-0.0011409167257980801,7.893748095993546e-09,3.357324996084075e-07,0.0006854437114605897,1.8172716893487206,1863,1866,,0.00026914959348694,True
75342,20,1,5.783055944698348e-07,0.955809474256836,-0.6088990105514978,1.1198895553343746e-05,-0.0013634172975953707,0.0033207840246531036,0.14472818108752253,0.00035871458595675756,0.6083374020422533,1863,1866,,0.0006498730998972562,
75346,20,1,5.783055944698348e-07,0.956333928933517,-0.6399075019318756,-9.352049379351968e-08,-0.00640993408058943,1.707845104103345e-05,0.0007812987077932485,0.0004061399555377016,2.122497927302057,1863,1866,,6.902845005468425e-05,True
75367,20,1,5.783055944698348e-07,0.9452977376658236,-0.5712572779102676,0.0003021791856112621,-0.005456214177878005,0.01710922578580787,0.7624879115310741,0.0003006906081788107,1.8718520721272622,1863,1866,,4.813238626876946e-05,
75381,20,1,5.783055944698348e-07,0.9441801021065486,-0.6020635716494445,5.978125156680392e-06,-0.002145105413428494,0.0024315697115002534,0.10574628520297295,-1.712786011946311e-05,-0.02945960254481307,1863,1866,,0.0006342032737642148,
75401,20,1,5.783055944698348e-07,0.952516940251611,-0.5698750391048228,-4.2063879046594366e-09,-0.0007254784240022794,2.0732000573487578e-07,8.726835788887444e-06,0.00032609178959753935,1.8096527227238606,1863,1866,,5.9689121245260926e-05,True
75405,20,1,5.783055944698348e-07,0.9712531384205874,-0.6182207152700709,-2.0482726625914438e-11,-3.609715076469122e-05,6.062976478742372e-10,2.61115814411701e-08,0.000390722244550691,1.410399890768519,1863,1866,,0.0001443371844596131,True
75411,20,1,5.783055944698348e-07,0.967011745879576,-0.6053480121901547,-5.322495999493526e-09,-0.0017442784773109565,5.1276426619133305e-08,2.1316392460063527e-06,0.0001938372693934185,1.038679405848918,1863,1866,,6.439080981811152e-05,True
75415,20,1,5.783055944698348e-07,0.9614333367482928,-0.48992063949198106,0.0026930814155965432,0.001400467028504604,0.050562877413230366,2.360248605816795,0.0002518181113830255,1.433171933513241,1863,1866,,5.7923457134303956e-05,
75416,20,1,5.783055944698348e-07,0.9471975483037266,-0.5719680468041872,-1.843192265482685e-11,-0.006378475450403043,2.675599584008139e-10,1.108066514304311e-08,0.00041448442648674795,1.1197284543446517,1863,1866,,0.00025691579797308374,True
75443,20,1,5.783055944698348e-07,0.9204204313877385,-0.5544420824809742,7.353738361726148e-05,-0.005870539500794969,0.009032393725312747,0.3732351419303693,0.00031584840591257116,1.6163973145572335,1863,1866,,7.199699025269203e-05,
75455,20,1,5.783055944698348e-07,0.9647162002080052,-0.562253894699138,-9.209887608108147e-08,-4.3157519796777066e-05,1.1315369685475614e-06,4.8089110596084496e-05,0.00029313816174829106,1.4608926239341193,1863,1866,,7.55459252936717e-05,True
75459,20,1,5.783055944698348e-07,0.9548534234463648,-0.5090882900661862,9.898170255251415e-05,-0.0007404502265138113,0.010382739649741752,0.43363914266554954,0.0003150061647548956,1.7234792575223559,1863,1866,,6.155471392088748e-05,
75460,20,1,5.783055944698348e-07,0.9569251052358235,-0.6158331200404339,-2.3912560820349427e-10,-0.002453842321714861,1.0191293735739756e-07,4.468221425019362e-06,0.000699393130483363,1.4409149917669521,1863,1866,,0.0004412189785195514,True
75461,20,1,5.783055944698348e-07,0.9648014463423098,-0.5380997436694648,-1.7207190339263434e-08,-0.00012247215131977462,4.538218398597333e-07,1.848884530114033e-05,0.00030209501946349196,1.6767227071981234,1863,1866,,5.9762953044058576e-05,True
75465,20,1,5.783055944698348e-07,0.9387462623576693,-0.6288299057898543,-5.483824061514042e-09,-0.002408330872795794,5.274268799494426e-08,2.196787804696162e-06,0.000261934678882377,1.5259028803502812,1863,1866,,5.4396192727430625e-05,True
75466,20,1,5.783055944698348e-07,0.9495944816040557,-0.5779025422234032,0.0004657253584886556,0.00013284153496495588,0.021351017974611402,0.9520912547588625,0.00033366176646616925,0.8140978508964394,1863,1866,,0.0003147626015229757,
75475,20,1,5.783055944698348e-07,0.9136788313624923,-0.5505754269737211,0.0003789913127353328,-0.004256521799013813,0.019375213693349463,0.8562609395414946,0.0003351469745270721,1.8960976610952296,1863,1866,,5.8984836298405936e-05,
75591,20,1,5.783055944698348e-07,0.9499337641010683,-0.6049978254971764,-1.0643750325556312e-09,-0.002666479024562074,4.633016814765991e-08,1.9311197957482316e-06,0.0007828181280751254,2.350364746360086,1863,1866,,0.0002058203184869669,True
75622,20,1,5.783055944698348e-07,0.9239863563370865,-0.6839875460980993,-3.382050195455122e-10,-0.004818279059217501,4.2736247899100396e-09,2.0649937291558613e-07,-0.0003388786875546314,-0.5401875264198355,1863,1866,,0.0007256321323005317,True
75623,20,1,5.783055944698348e-07,0.9518574527618241,-0.5743534072115948,-1.4802675529779208e-08,-6.0322077566565824e-05,1.381769517702305e-07,6.085529811374725e-06,0.00027416435333076967,1.669703006733671,1863,1866,,4.989434190001814e-05,True
75642,20,1,5.783055944698348e-07,0.9541037510159919,-0.5739880367475219,-1.0129869965069815e-07,-0.0065000237356609425,3.040500483834658e-06,0.00012978980781680837,0.0002753912909634704,1.7940426119963853,1863,1866,,4.423114739757459e-05,True
75649,20,1,5.783055944698348e-07,0.942081982942762,-0.5931499519981891,-1.397735260866284e-10,-0.0010682659339078526,1.0781529424648304e-08,4.617690368577592e-07,5.7370734247966004e-05,0.09896809855255936,1863,1866,,0.000625698803728798,True
75650,20,1,5.783055944698348e-07,0.9592100765853341,-0.6547836739010806,2.568106312339502e-05,-0.0014619326826073031,0.005066181845427545,0.21959225265182453,0.0003505537908870209,0.7086522607922096,1863,1866,,0.00045463458970095033,
75811,20,1,5.783055944698348e-07,0.9493402516734535,-0.5681141786370945,0.0002066971776647497,-4.71311277912001e-05,0.014690120018296095,0.6293311467594139,0.000250156921908879,0.5960015613428432,1863,1866,,0.0003294244282684065,
75819,20,1,5.783055944698348e-07,0.9409761265598623,-0.5865445824367876,-8.394618333795734e-12,-0.0003460838645807929,2.63156104477693e-10,1.0757762901730718e-08,0.0005357254301827419,1.6277756083508355,1863,1866,,0.00020253425061890853,True
75825,20,1,5.783055944698348e-07,0.9580334902169377,-0.5533930657531965,1.6451637681935694e-05,-0.0010412087856155328,0.0041390984469037145,0.17583977053860894,0.0003714181003327538,0.7749246370119375,1863,1866,,0.0004273106977158007,
75837,20,1,5.783055944698348e-07,0.9610315031641604,-0.6268713132967105,-1.2827360262868126e-07,-1.1006502242949523e-07,1.538883322340658e-06,6.727054502072618e-05,0.00030305483274747035,1.5819955263955536,1863,1866,,6.845498838592044e-05,True
75840,20,1,5.783055944698348e-07,0.9598188378242146,-0.6681843972064421,0.0014828402713588096,-0.01643560802338362,0.035801079433242025,1.7246966708570703,0.00035381037813029355,1.338348602120263,1863,1866,,0.00013156278923031378,
75844,20,1,5.783055944698348e-07,0.9502414685096543,-0.5725020220012293,0.0009058861487498682,-0.002412258720921212,0.02960550839871279,1.337913315149809,-0.00029473857565165277,-0.6398417739017985,1863,1866,,0.00040161949845336645,
75846,20,1,5.783055944698348e-07,0.9414350364852666,-0.9496586406159311,-5.1344817286747e-10,-0.0012048025841817633,2.6748240164410544e-09,1.331964612040316e-07,0.0008355784967586171,1.3229946965532036,1863,1866,,0.0007573432292917792,True
75885,20,1,5.783055944698348e-07,0.9413955732978272,-0.6258026007111206,-3.076649601752024e-09,-0.001604274748445711,2.709974872921962e-08,1.1491329051924594e-06,0.0006144454064559866,2.9060968436964476,1863,1866,,8.272586535492822e-05,True
75887,20,1,5.783055944698348e-07,0.9302487937095762,-0.5819042495940863,-2.190692072190359e-12,-0.0024005919613858673,6.22636331056893e-11,2.5652799000488756e-09,5.450390843647484e-05,0.13439655403984338,1863,1866,,0.00031068858241155387,True
75938,20,1,5.783055944698348e-07,0.9262575347337374,-0.4990826489297677,-1.3041019375492624e-09,-0.0005633870588626078,6.261881360048325e-08,2.5163898658273303e-06,0.0005959799455823127,2.0167015509909025,1863,1866,,0.00016428479183755893,True
76081,20,1,5.783055944698348e-07,0.942417107598611,-0.5868760096048811,-1.2651923952944344e-10,-0.008026538304094277,4.856027763292298e-09,1.9720795401342168e-07,0.0007218834234381668,1.4085107951846136,1863,1866,,0.0004874016816295034,True
76082,20,1,5.783055944698348e-07,0.9532681091409538,-0.6302658812184774,2.3724660261459363e-05,-0.0006428674906104881,0.004878287723675696,0.21124038181695334,0.0005215096997093414,0.9191828340721799,1863,1866,,0.0005989723952000601,
76083,20,1,5.783055944698348e-07,0.9186243685189839,-0.5875531815636958,-1.7566703647275972e-10,-0.01259144752390684,6.128808556424552e-09,2.6278181185053e-07,-5.487001336698299e-05,-0.1685825901842917,1863,1866,,0.00020250712066774594,True
76118,20,1,5.783055944698348e-07,0.9456561212112707,-0.4741391961434023,0.0006519386806633776,0.0013788237142635662,0.02590277409172121,1.1307230445626537,0.0005757239098038623,1.9670529861432229,1863,1866,,0.00016224297068162665,
76119,20,1,5.783055944698348e-07,0.9507381224642862,-0.5777517911260557,-1.7914571825983217e-08,-0.0016784642530207616,6.765144333053261e-06,0.000295230349461887,0.0003745987425949325,1.4565278865607327,1863,1866,,0.0001247360082052747,True
76123,20,1,5.783055944698348e-07,0.9259857415613358,-0.7187300130371534,-1.523317472162944e-08,-0.0016908505162569476,1.4360479888680922e-07,6.287884261816452e-06,-0.0002148807207550169,-0.43003071615156985,1863,1866,,0.00046252133913048674,True
76127,20,1,5.783055944698348e-07,0.9533185325472681,-0.6824944422024217,2.630111485579789e-05,-0.0023720005767386976,0.004707128031197477,0.22242724665607236,-0.0006550161364432258,-0.8167188463771312,1863,1866,,0.0011950017566848608,
76135,20,1,5.783055944698348e-07,0.947818272125769,-0.5064013368430536,6.88906162837899e-06,-0.0028643290338978833,0.002777472652310512,0.11333864649871632,0.00031221213008924284,0.6200106449332036,1863,1866,,0.00046970778753517984,
76136,20,1,5.783055944698348e-07,0.9550309353185591,-0.647935358605336,0.00023950310494480487,-0.007096901980330861,0.01443707870092957,0.6763406543087127,0.0004136354405487421,0.9988993970542428,1863,1866,,0.00032153400167566655,
76185,20,1,5.783055944698348e-07,0.9566280465187283,-0.587417832525676,-1.7476353697531977e-10,-0.00452525354492761,2.549523152711302e-09,1.1282375591764413e-07,0.0012060281999934656,2.917184864833294,1863,1866,,0.00031641178692844315,True
76221,20,1,5.783055944698348e-07,0.9531418225784751,-0.5538123031687872,0.00010301792290123846,-0.0056456235163981905,0.010165534327520855,0.442109688957166,5.0403183331347036e-05,0.09365895326534755,1863,1866,,0.0005479996133149366,
76224,20,1,5.783055944698348e-07,0.9531941102774871,-0.6088822519984476,-4.787807039718928e-09,-0.008786854603074268,1.0369522717939661e-07,4.342948142084701e-06,0.0003022012537710094,0.6868101023629352,1863,1866,,0.00036043666218890316,True
76226,20,1,5.783055944698348e-07,0.9494132360552368,-0.6988829692395981,-1.9468182621551477e-10,-2.8721963052369404e-07,2.830075376819693e-09,1.2591954334867006e-07,0.000898118010901325,2.1008607414729217,1863,1866,,0.0003427198472841793,True
76246,20,1,5.783055944698348e-07,0.9261194470563854,-0.5740498918902552,-5.67349980329368e-08,-0.00904216627380272,6.366556755362028e-07,2.7367558091536246e-05,0.00019671921933715712,0.7725595346226264,1863,1866,,0.00012144408192670356,True
76273,20,1,5.783055944698348e-07,0.9353807180435812,-0.5410047999249048,-1.0139133976849735e-10,-4.4542855107909674e-05,1.699554743524878e-09,6.929972505351214e-08,0.00039688597254650636,1.3385404441288313,1863,1866,,0.00016610406998320966,True
76274,20,1,5.783055944698348e-07,0.9532097054754048,-0.6244353649947567,0.0006942282207814676,-0.005549253574106849,0.02413669903726859,1.165207697292386,0.0006965671801569359,1.0930150339086115,1863,1866,,0.0007598692878080109,
76282,20,1,5.783055944698348e-07,0.9516975061505797,-0.6326008829329379,-2.687789990574174e-10,-0.0032871799638574117,1.0206939328059457e-08,4.279908137687044e-07,0.00045547800313799344,1.0774517346042922,1863,1866,,0.000332294199649787,True
76477,20,1,5.783055944698348e-07,0.9455410459226764,-0.6189659937473193,-2.9249713984214054e-08,-0.0005521420217990958,4.874459403682503e-06,0.00020339272992480963,0.0006075829156079408,1.520048505810288,1863,1866,,0.00029702260252103277,True
76478,20,1,5.783055944698348e-07,0.9477251673836473,-0.6278846394284296,-1.6149304116197527e-12,-0.014106200441143413,1.9278658760125938e-11,8.207918023706921e-10,0.0003764178431031049,0.9080945549535723,1863,1866,,0.0003198412205371573,True
76515,20,1,5.783055944698348e-07,0.949212753611946,-0.5607827901127127,-1.3290362144147139e-09,-0.00015988108543529833,2.6477410366996173e-08,1.0900810388451908e-06,5.3873620404206054e-05,0.14999264067328558,1863,1866,,0.00024066231980307158,True
76558,20,1,5.783055944698348e-07,0.9467043486467586,-0.5706864007822572,0.0005974666949911667,-0.0027437787106960876,0.023956144450072686,1.0799703376405823,0.0005489647539938539,2.124310144329384,1863,1866,,0.00012530130508805402,
76572,20,1,5.783055944698348e-07,0.9347259159976955,-0.4570586645151957,-3.568673467846395e-08,-0.0011828174241739209,6.673884369746226e-06,0.00027192350070870354,0.0002378900419283874,1.7456115494229014,1863,1866,,3.442461722538581e-05,True
76573,20,1,5.783055944698348e-07,0.947880022669238,-0.5911470316975063,-1.6845318473457382e-09,-0.0011134942132069447,1.3408355792920751e-08,5.819747243271969e-07,0.0006900882967536317,1.6553605963821745,1863,1866,,0.0003228305908708942,True
76592,20,1,5.783055944698348e-07,0.9566740582699556,-0.5454563122294267,2.0045628676856886e-05,-0.0005218247884226646,0.004776480466021717,0.19408098325631185,0.000464930644540044,1.7208198299015203,1863,1866,,0.00013635825758547408,
76602,20,1,5.783055944698348e-07,0.937083096884613,-0.5717541885169761,-3.9513925464973454e-10,-0.004586884473611441,7.094263616550569e-09,2.9374685063614313e-07,0.0007057664489687238,2.363956117469585,1863,1866,,0.00016746135318093693,True
76605,20,1,5.783055944698348e-07,0.9528899688466111,-0.47469711362326916,0.0007191275516986728,-0.015525263415558488,0.026658359466354847,1.1887183771195662,0.0006755019597233543,2.4871619919279184,1863,1866,,0.00013665879061881413,
76613,20,1,5.783055944698348e-07,0.9513031363937586,-0.8355166961540628,-4.1195202804544806e-10,-0.00012348606888523683,9.200909889168249e-09,4.907708486344494e-07,-0.001513906427399939,-1.368493067090008,1863,1866,,0.002271635355559644,True
76639,20,1,5.783055944698348e-07,0.9543561562284212,-0.608175656854308,-1.4583485752339698e-08,-8.72090252967972e-05,7.262772161136232e-07,3.254716495419082e-05,0.0007970045212760442,2.4351071945867724,1863,1866,,0.00020795357388954716,True
76644,20,1,5.783055944698348e-07,0.9319589642350843,-0.6795037011799656,-8.146816554699399e-13,-0.008931382452798342,1.827030948539824e-11,8.145119304596149e-10,-0.0003501153686211571,-0.4256023705790685,1863,1866,,0.001272326056886826,True
76655,20,1,5.783055944698348e-07,0.9523948338249298,-0.467184374343131,0.0006173244219002116,-0.0041159785700635165,0.025587329519868085,1.1000560068003495,0.0002655533518785222,0.8527994928867036,1863,1866,,0.00018951064768148022,
76708,20,1,5.783055944698348e-07,0.9448243894971635,-0.6607812064885388,0.00012131226897948988,-0.007314869128331569,0.010018450902802286,0.4798329338664587,-0.00019538047196559564,-0.312428724264339,1863,1866,,0.0007275787485871396,
76711,20,1,5.783055944698348e-07,0.9464858962432386,-0.6190538889664514,0.0003351417086794317,-0.0015097597567426124,0.017679631165873524,0.8041614415581334,-0.00018923257455095638,-0.3944590677807074,1863,1866,,0.00042966252320714843,
76712,20,1,5.783055944698348e-07,0.9613658778282458,-0.5918361571729893,-3.2393734361590987e-09,-0.002480940570336987,6.932615434650013e-08,2.8685373356675456e-06,2.1764599159594508e-05,0.05350799183671277,1863,1866,,0.0003121770909775316,True
76732,20,1,5.783055944698348e-07,0.9433106730557953,-0.6021786947509786,-2.5299540240553142e-11,-0.019555156755777237,1.9012611953577256e-09,7.675827613823341e-08,0.0004128867874020243,0.8337094680862984,1863,1866,,0.00045903464945153073,True
76804,20,1,5.783055944698348e-07,0.9432898344098225,-1.0495035702459896,-4.8460193635690985e-09,-0.0012325532922932148,4.768645680375505e-08,2.695575400442852e-06,0.00031905445901910494,0.2946939467733821,1863,1866,,0.0021860292269770313,True
76837,20,1,5.783055944698348e-07,0.9518960508361237,-0.5459888032945235,0.00021418912748061292,-0.0018296561785295928,0.01452469736451011,0.6403735714033874,0.0002124156515618032,0.6107037692478384,1863,1866,,0.00022695944763605555,
76838,20,1,5.783055944698348e-07,0.9530863859914411,-0.5708061041757386,-4.190744373744337e-08,-0.004115180798299756,2.9946844158106522e-06,0.00012294458619401606,0.0006673960043932054,2.5890183662884745,1863,1866,,0.00012317059443638765,True
76932,20,1,5.783055944698348e-07,0.9566100294712622,-0.5391304744812688,-1.4251184010660722e-08,-0.0005964633789419249,3.672132359925078e-07,1.4938697659516538e-05,0.00045183879441450307,1.3604430636416913,1863,1866,,0.00020374080994685231,True
76961,20,1,5.783055944698348e-07,0.9389682326168594,-0.589601761802494,0.0009820906428624765,-0.0008732389667207574,0.02930649889704866,1.3932956387403785,0.00043678474013702405,0.6586539681657104,1863,1866,,0.0008110136070939743,
77057,20,1,5.783055944698348e-07,0.943610842903285,-0.6380985221796613,-2.0188767102524707e-08,-0.0005420138609375513,4.934208286097222e-07,2.09685014091094e-05,0.0006771870580958857,2.095305215629179,1863,1866,,0.0001946371868805862,True
77066,20,1,5.783055944698348e-07,0.9449460606661954,-0.5361700373188842,-7.172227256546648e-10,-0.007471699045179303,3.0452996775861136e-08,1.2631390452734107e-06,0.00015405700340465495,0.5585447651736715,1863,1866,,0.00014460459206863078,True
77069,20,1,5.783055944698348e-07,0.9379402218065209,-0.5084777211261664,-1.4585423757651483e-07,-0.00036827822583274106,5.448048867247779e-06,0.00021705782265376558,0.00026630289248754714,1.9670542564639173,1863,1866,,3.3894383073071065e-05,True
77071,20,1,5.783055944698348e-07,0.9414386153823857,-0.5416405609414987,4.996106354182572e-06,-0.0005479809684505454,0.0023844717892098173,0.09738084473238777,0.00019658625326385412,1.2829187855752564,1863,1866,,4.36187311463368e-05,
77073,20,1,5.783055944698348e-07,0.9613375855774317,-0.5904889956443893,-4.575447243304609e-08,-6.28509894973206e-06,7.082592283288899e-06,0.0003191469226019586,0.00014144304161731647,0.8729523828214878,1863,1866,,4.8873034543376044e-05,True
77078,20,1,5.783055944698348e-07,0.9523051292360671,-0.5684542216955009,-1.339968136448988e-10,-0.002270015576280926,2.456816384354187e-08,1.0368282934655435e-06,0.00016927359802780095,0.45210508010143236,1863,1866,,0.00026175008560917084,True
77117,20,1,5.783055944698348e-07,0.950903467381685,-0.7052563169969208,-3.123497016588317e-10,-0.0019619721675823154,1.0444901072464592e-08,4.6534734209445557e-07,0.0010562797258818679,1.3867079967421303,1863,1866,,0.0011294006975707568,True
77120,20,1,5.783055944698348e-07,0.9512112593319386,-0.5888485513081445,0.00035228434469436465,0.0010006639721227284,0.017711195077921082,0.8241677369512742,0.0007153189246433405,1.8682125370905052,1863,1866,,0.00027677336321695463,
77124,20,1,5.783055944698348e-07,0.9271872334927753,-0.5789814299198077,-1.2711916075325291e-07,-0.0004787161086741154,1.6868157943194509e-06,7.046266799325421e-05,0.0002121504514593037,1.5051430015550542,1863,1866,,3.6908066056258424e-05,True
77129,20,1,5.783055944698348e-07,0.9348036550623637,-0.586723563280231,-3.924376157371512e-08,-0.009148961194729965,4.6239144530936375e-07,1.915108161058317e-05,0.0003634221689831737,1.0138047411643483,1863,1866,,0.0002409552289167771,True
77131,20,1,5.783055944698348e-07,0.9439550822287512,-0.6370394202137761,-5.8650682754901595e-08,-0.00011373609793285944,6.684544490410352e-07,2.867551724219115e-05,0.0002317855770898921,1.4497619229131693,1863,1866,,4.752830666034849e-05,True
77152,20,1,5.783055944698348e-07,0.9485940456388707,-0.5189703070594507,-3.323229091911628e-08,-0.0004859809605413101,1.0206554257523683e-06,4.0250980463318426e-05,0.0003356206374600402,1.9674309042501077,1863,1866,,5.393349358316922e-05,True
77157,20,1,5.783055944698348e-07,0.937340058480344,-0.6054562853225145,0.00044848864957658385,-0.003908218929526974,0.02073990715864995,0.9338490627182832,-6.0533585925025496e-05,-0.12075563768138695,1863,1866,,0.00047115263335841174,
77236,20,1,5.783055944698348e-07,0.9567462590106824,-0.6662038992876624,-2.970290680082144e-12,-0.0012417092077132708,3.4961871712606225e-11,1.5172685625795634e-09,0.0004549926036091676,0.6723557417708506,1863,1866,,0.0008480161199484993,True
77239,20,1,5.783055944698348e-07,0.9412967687759316,-0.7040233089498462,-8.014255925559155e-12,-0.018052739920901617,5.143378099753141e-11,2.106113643854553e-09,0.00020792247302993175,0.5913018168357723,1863,1866,,0.00023089623119240714,True
77300,20,1,5.783055944698348e-07,0.949235219671377,-0.5962869240992885,-2.4285971678139617e-08,-0.0016785077546848104,2.65976762353371e-07,1.1115010020554291e-05,0.000561457203312833,1.667773710880218,1863,1866,,0.00021083014823924023,True
77309,20,1,5.783055944698348e-07,0.9462127735408632,-0.6265239543556116,-4.179834256490267e-11,-0.0008552446531917557,5.727166921319724e-10,2.4963494547155757e-08,0.0005626859088490016,2.27207224279861,1863,1866,,0.00011475099617330457,True
77316,20,1,5.783055944698348e-07,0.9541551524563389,-0.5826758038208462,-3.0669196293686696e-08,-3.9636368246220854e-05,7.557891168143344e-07,3.273034499178982e-05,0.00024415516661036057,1.5663970781088143,1863,1866,,4.4979362592323324e-05,True
77338,20,1,5.783055944698348e-07,0.9549747054708104,-0.5776944722440047,-7.468026197443578e-12,-7.165430692479546e-05,2.1998319385003052e-10,9.20989502871214e-09,0.0008191554499315805,2.661138033825994,1863,1866,,0.0001770098209737146,True
77366,20,1,5.783055944698348e-07,0.9588452353505894,-0.6733958425361086,-4.426015109970649e-12,-0.0019981669212043585,2.422522999938416e-10,1.0776582447458899e-08,0.0002842937012884465,0.5572154414157914,1863,1866,,0.0004858068707982311,True
77369,20,1,5.783055944698348e-07,0.94415500343663,-0.606465469532983,0.0036018156400651202,-0.0032856358904720384,0.05399338680612713,2.742366377085897,-8.227161248198182e-05,-0.1719870723505631,1863,1866,,0.0004256105042503995,
77418,20,1,5.783055944698348e-07,0.9532882561033096,-0.5188620945143312,-1.3681278332455804e-11,-0.0003986401861646449,2.098401462348668e-10,8.391819001090864e-09,0.0008051468643321954,2.368414164760522,1863,1866,,0.00021555847219258833,True
77460,20,1,5.783055944698348e-07,0.965828538135615,-0.6928203706862384,-2.148679967284295e-08,-0.002628826591218436,1.9916718360855315e-07,8.93101792479595e-06,0.0002053651001461872,0.9738305157968042,1863,1866,,8.27498339624931e-05,True
77462,20,1,5.783055944698348e-07,0.9464148652543188,-0.5592663957595412,-9.255787247752778e-10,-0.0041242082641261835,1.7541908291491377e-08,7.298333331273902e-07,0.00026623612075227037,0.5663335812069413,1863,1866,,0.0004095975400166686,True
77466,20,1,5.783055944698348e-07,0.9401816002150836,-0.5524627146212155,8.099997252586366e-05,-0.001976863797409578,0.008937015277945546,0.391768983171091,0.0003427063916746196,2.0830157844911192,1863,1866,,4.9862938958966275e-05,
77467,20,1,5.783055944698348e-07,0.9414143879923117,-0.5099034112403507,-9.763945429952514e-09,-0.0008167384322290694,5.271641983042489e-07,2.229370154421451e-05,0.0003594735356261404,2.0430868580183756,1863,1866,,5.6879424857873744e-05,True
77469,20,1,5.783055944698348e-07,0.9463107297195756,-0.535132881797191,0.0006160653806210892,-0.00012987558598975824,0.023756100919215144,1.0969580383487174,0.00027250612988253246,1.8970774614052168,1863,1866,,3.802471797528517e-05,
77470,20,1,5.783055944698348e-07,0.9582626725661972,-0.6147282004304337,-2.0488300389587266e-08,-2.2699504266254777e-05,4.7559994974432837e-07,2.073148446093413e-05,0.00016310643347520074,1.0914409657423534,1863,1866,,4.133868430892176e-05,True
77478,20,1,5.783055944698348e-07,0.941022141712459,-0.8619586092318181,0.00020782614420100654,-0.00016568754781753903,0.012084921405997852,0.628671156713953,-0.0008052387306472873,-0.7759477294476747,1863,1866,,0.0020000474387183716,
77496,20,1,5.783055944698348e-07,0.9560442857584719,-0.6088637713137937,-1.4143761717377856e-09,-6.581056342502833e-05,3.52516901747431e-07,1.4731718304124155e-05,0.0009078858289152806,2.0827070147408104,1863,1866,,0.0003552571207849881,True
77501,20,1,5.783055944698348e-07,0.9534968114042024,-0.7313092554953196,-4.810485343398341e-11,-0.002114127661982934,6.959736664101517e-09,3.1259824301652695e-07,0.0002880659733905977,0.4481795254048325,1863,1866,,0.0007795972290405803,True
77516,20,1,5.783055944698348e-07,0.9423343734119478,-0.79886765616795,-1.7139401009558242e-11,-1.143925203384022e-05,2.0503494960217963e-09,9.479764860899049e-08,-0.000246189364730169,-0.32517400583094025,1863,1866,,0.001057033848648675,True
77520,20,1,5.783055944698348e-07,0.9472470646056087,-0.6519506997690814,-8.702931930670843e-09,-0.0034732030482438336,2.6154567929727383e-06,0.00011569748052500275,0.00041870055735667724,0.908963871471668,1863,1866,,0.00039908057863688527,True
77548,20,1,5.783055944698348e-07,0.9536007426439572,-0.5632620979621914,-3.302063067422978e-10,-0.0013299305462612931,5.898382704675164e-09,2.429646268847189e-07,0.00030296490818846244,1.7693714133472305,1863,1866,,5.409742796721704e-05,True
77573,20,1,5.783055944698348e-07,0.9464812444201526,-0.6136813706661788,-1.8079115982061467e-09,-0.0009808818629064575,9.61227280892152e-07,4.3809688886202524e-05,0.0007707490011055373,2.1775264689589227,1863,1866,,0.0002317123403144844,True
77584,20,1,5.783055944698348e-07,0.9473708634519159,-0.478270903888093,9.770173177159336e-07,-0.0022114081772737215,0.0010105740422662265,0.042679087798519144,4.453323895499792e-05,0.08986249364057398,1863,1866,,0.00046106751995993455,
77591,20,1,5.783055944698348e-07,0.9352568217832662,-0.621047237350659,-1.7160530774162908e-09,-0.0020729097773082295,1.4917137347004273e-08,6.231580954466488e-07,0.0002232654107807654,1.3992518829042864,1863,1866,,4.7464156763378935e-05,True
77605,20,1,5.783055944698348e-07,0.9555619762195554,-0.5499994297355519,1.495607414647715e-05,-0.002888421336499025,0.004028484133749167,0.16742187225911936,0.0006541235694076863,1.5082581189827855,1863,1866,,0.00034833930451829694,
77606,20,1,5.783055944698348e-07,0.9525259107395571,-0.5094537307613405,-2.1259216609337273e-11,-0.00037033478360970484,1.6456169663764984e-09,6.572430512262915e-08,-3.539531175278608e-05,-0.07787699300124469,1863,1866,,0.0003816755996023467,True
77607,20,1,5.783055944698348e-07,0.9361116621650859,-0.4805673188277415,0.0005033820212410056,0.00039631741611867444,0.023121535214942226,0.9909559632420624,0.0003009460548503698,1.9043129073520932,1863,1866,,4.603755876179231e-05,
77609,20,1,5.783055944698348e-07,0.9622189882918271,-0.5409059643416365,-1.9262429429289796e-09,-0.0002536253610248007,4.118885464294474e-08,1.6703174834069374e-06,0.00017250802647509307,1.1898652173911772,1863,1866,,3.9146713541586834e-05,True
77637,20,1,5.783055944698348e-07,0.9550599150538415,-0.6764779660388334,-4.3005976557708436e-10,-8.398700060396891e-05,7.876960959750315e-08,3.5119751281331303e-06,0.0007226615703636832,1.2110984144651926,1863,1866,,0.0006784575433245723,True
77638,20,1,5.783055944698348e-07,0.9429092206908289,-0.6161182076111982,-6.304423649794444e-11,-0.00016280785311262314,4.154623280842385e-10,1.7774492424805792e-08,0.00024798121993005847,1.328212518344867,1863,1866,,6.429134934127247e-05,True
77643,20,1,5.783055944698348e-07,0.9478564673461898,-0.6847024563474693,-2.445408986417874e-08,-0.002343485354101782,2.391727532512477e-07,1.0497298815176482e-05,0.0005539988144448927,1.1720901464639415,1863,1866,,0.000438046813168836,True
77649,20,1,5.783055944698348e-07,0.9573873750867166,-0.5679355469595075,-1.5619106008557537e-10,-0.0002736399465352868,2.790246302829293e-09,1.1192386079099372e-07,0.0006033302840638883,1.7863201357096394,1863,1866,,0.0002185285301196739,True
77661,20,1,5.783055944698348e-07,0.9584477676067291,-0.5591618612443712,0.0012637085493996114,0.004049617125744809,0.03429984336545982,1.587904704889804,0.0005565616915025353,1.1034067531242386,1863,1866,,0.00047995589911423224,
77691,20,1,5.783055944698348e-07,0.9391872834507372,-0.5320993482989833,-5.590772067520788e-09,-0.008487862987959893,2.9271062720164496e-07,1.2151267382117836e-05,-0.00011065315634972828,-0.3127342961254723,1863,1866,,0.00023606511713884453,True
77692,20,1,5.783055944698348e-07,0.9601255178858488,-0.5069718890897512,0.0007053066156712529,-0.00026307912749512496,0.026864036108134922,1.17767198374367,0.0002908886112405018,1.718388516930354,1863,1866,,5.282320723445351e-05,
77693,20,1,5.783055944698348e-07,0.9668919326523132,-0.539540094122148,-1.5212868742509045e-09,-3.776004642297437e-08,2.927493648766864e-08,1.2343363158202181e-06,0.00018295434441124086,1.1835382790012088,1863,1866,,4.411307923230223e-05,True
77730,20,1,5.783055944698348e-07,0.9450892856340474,-0.5754822596206479,0.0007059975387178063,0.0006328765464743702,0.025625970897505904,1.1763504397884854,0.0007853302953396106,1.9665136603235986,1863,1866,,0.00029934092225267396,
77763,20,1,5.783055944698348e-07,0.9481144848497274,-0.6130333134547215,0.0010428175677865692,0.0018472057884791893,0.029698446850889272,1.4381390768317666,-0.00033686768848052126,-0.4743519880989647,1863,1866,,0.0009364473336920072,
77768,20,1,5.783055944698348e-07,0.9580038145566355,-0.5167907918902737,0.0006044814349362992,-0.0036877606267267105,0.024595389282328673,1.0876830742245078,0.00039011772821211343,1.5001723548501493,1863,1866,,0.0001268003923253991,
77776,20,1,5.783055944698348e-07,0.9353712009499953,-0.5407743819027224,8.740504209958644e-06,-0.005480583961234409,0.0030797167218499987,0.12811639279464349,0.00026205678827148534,0.9472733383887082,1863,1866,,0.00014732057434157077,
77806,20,1,5.783055944698348e-07,0.9497315277275593,-0.5373666336712954,0.0005670772488167719,-0.0020745046465648898,0.022939112301956884,1.051641624439281,0.00030705214633703444,1.7835896240960583,1863,1866,,5.5287404746900066e-05,
77808,20,1,5.783055944698348e-07,0.9512169739717378,-0.5233028694837119,0.0006110842550292039,-0.008097130012391984,0.023039437945505503,1.0914829166488222,0.0001902272865149396,1.372512279047969,1863,1866,,3.54527703219991e-05,
77816,20,1,5.783055944698348e-07,0.936472886601437,-0.548186542243086,2.8198357336917113e-06,-0.014014564398058926,0.0017404093164009706,0.07258359624882371,0.00011857493073699744,0.43189380938433164,1863,1866,,0.0001437429886674356,
77818,20,1,5.783055944698348e-07,0.9565532701696875,-0.4566527420243578,0.0011050166364438008,0.002032057340874416,0.03319671466129646,1.483503331400082,0.00027995079788772296,1.4830885726560459,1863,1866,,6.57780360595757e-05,
77857,20,1,5.783055944698348e-07,0.9354385913748944,-0.6513363877128742,-9.823620361615326e-09,-0.0010918899184193531,4.674022887047566e-07,2.0857546900912006e-05,0.0005924545499036973,1.5868032749373213,1863,1866,,0.0002600413550854862,True
77860,20,1,5.783055944698348e-07,0.9448974780687363,-0.5732131812946071,2.4790258367102247e-05,-0.0007776297569550561,0.005052487733400538,0.21582672066119812,0.00033166386479942494,1.3142896327943585,1863,1866,,0.0001197329081411002,
77878,20,1,5.783055944698348e-07,0.9448877403055366,-0.6095610962956768,-4.936360209484292e-10,-5.282486224711391e-05,3.955702898804359e-09,1.6391156002874744e-07,0.0005963700521874907,1.9298842921477501,1863,1866,,0.00017997468608786914,True
77895,20,1,5.783055944698348e-07,0.970771076616531,-0.5577996708766075,-2.84319523480292e-09,-0.0030502405037937663,1.2229217880612282e-07,5.375759237895441e-06,-0.0001976606364202963,-0.369318088354179,1863,1866,,0.0005277386029910643,True
77910,20,1,5.783055944698348e-07,0.9754289311200857,-0.5141570038396577,0.00022102282850433586,-0.0012391142195702365,0.014853436701639017,0.6512464758514409,0.0001169013413782991,0.6915251430798913,1863,1866,,5.276369371357791e-05,
77920,20,1,5.783055944698348e-07,0.9582708662270121,-0.5915253738289712,3.9434181873243546e-06,-5.565677731800278e-06,0.0019744011800015555,0.08586289220485065,0.0005822007170333649,1.4638255637025412,1863,1866,,0.00029337733052421823,
77925,20,1,5.783055944698348e-07,0.94500196245517,-0.5420190806606096,-8.351868285849662e-08,-0.0010202406111801121,1.0569208846571967e-06,4.4062244896823164e-05,0.0002969394997437563,1.7786561348414167,1863,1866,,5.13074262952564e-05,True
77928,20,1,5.783055944698348e-07,0.9433492531259483,-0.5189383317839853,-2.3412004113154694e-08,-0.0006084344187753388,1.5576715026557794e-06,6.343453216284354e-05,0.0005088318866742646,1.3938905661427108,1863,1866,,0.0002487437195741167,True
78015,20,1,5.783055944698348e-07,0.9363699143519202,-0.6283276049662159,1.8608892293547896e-05,-0.004416617660099487,0.0043420343876699055,0.18665368014191216,0.0006267949535356326,1.4622940156424182,1863,1866,,0.00034066792383396176,
78038,20,1,5.783055944698348e-07,0.9359629550705002,-0.9008547810081688,-6.942852959213042e-09,-0.0004389527822161732,5.207186664518172e-08,2.436715714561798e-06,0.0004835597738650499,0.5582470095122319,1863,1866,,0.001410292115208151,True
78044,20,1,5.783055944698348e-07,0.9551984924378434,-0.6117361763873288,0.0008020093062340861,-0.0028214560068402506,0.026375914956009917,1.2554108566772464,0.0005879588671359444,0.9720332858115781,1863,1866,,0.0006841497067914703,
78045,20,1,5.783055944698348e-07,0.9423533134437853,-0.5386254837692439,-1.8095948961516228e-08,-3.2739086719635324e-05,4.488962554862288e-07,1.8881184821689475e-05,0.0007042920625539726,1.5807486628390823,1863,1866,,0.0003710472279175325,True
78056,20,1,5.783055944698348e-07,0.9352320987549629,-0.5340643742010471,1.376987747714331e-05,-0.0021971193229581854,0.0036347159748791576,0.16071535766928333,0.00032423454664831186,2.177808709778454,1863,1866,,4.084075104031504e-05,
78057,20,1,5.783055944698348e-07,0.9388965851729693,-0.6070869325944466,-1.882079854187424e-07,-0.0001464736947276446,2.5763141776595933e-06,0.00010848041130512432,0.0002790440990903147,1.7476046830674907,1863,1866,,4.7496724571750886e-05,True
78059,20,1,5.783055944698348e-07,0.9399308674711184,-0.5636943139226473,0.0008789975469180034,-0.005020630217104971,0.02996508497432282,1.3190165399371852,0.0002719787117491602,1.806462662247978,1863,1866,,4.183490330788453e-05,
78061,20,1,5.783055944698348e-07,0.9224601475234977,-0.5367770537449075,-4.060283220752581e-09,-0.0013224086185481543,8.445622274328031e-08,3.5763471829322057e-06,0.00027678415647529455,1.8483288902581225,1863,1866,,4.1389662723987206e-05,True
78077,20,1,5.783055944698348e-07,0.9574568042835852,-0.6103783351458263,-2.024092005115108e-11,-0.004796225587873071,3.0057155091247096e-09,1.2813009459465122e-07,0.0009397921599458115,1.646320468393067,1863,1866,,0.0006142365790976958,True
78089,20,1,5.783055944698348e-07,0.9491032430678393,-0.60523500570333,-7.454849182408907e-09,-0.008750910329058614,7.687291101833376e-08,3.139203292770995e-06,0.0005000258148470659,1.4751100758121143,1863,1866,,0.0002166975834202053,True
78107,20,1,5.783055944698348e-07,0.9432543622209215,-0.5203688815480423,-5.266497615785681e-08,-0.0010237894788771573,1.5430842692997447e-06,6.386810217949034e-05,0.0002446377009654027,1.4459196331140824,1863,1866,,5.357616771395417e-05,True
78137,20,1,5.783055944698348e-07,0.9428309755222154,-0.5344157932188118,-2.1842749831080255e-08,-0.0002686651871457446,2.427467629657567e-07,1.0048059233682488e-05,8.835744779461878e-05,0.22185311380709263,1863,1866,,0.00029258441156527386,True
78170,20,1,5.783055944698348e-07,0.9407948379069041,-0.7618391340346058,5.336774491204732e-05,-7.121798623499487e-05,0.006834199586198645,0.31542760650369867,-0.00037592887862047286,-0.4399063301064071,1863,1866,,0.0013501968461658994,
78186,20,1,5.783055944698348e-07,0.9492931557787461,-0.8037050789735607,0.00025467480798913034,-0.0014750491018751255,0.013515821991026697,0.6962322252253447,-0.0012757826357087682,-1.233768554387762,1863,1866,,0.001985648384539472,
78223,20,1,5.783055944698348e-07,0.9504845323271751,-0.562890915112394,0.0004115970418728798,-0.004529758912686699,0.019485205336165268,0.8928231144410798,-5.556698859283615e-05,-0.08489706350555082,1863,1866,,0.0008004314540464342,
78405,20,1,5.783055944698348e-07,0.9512322084045886,-0.5529775767955658,-2.904009699378207e-09,-0.005303475758822618,3.178378105593021e-07,1.351825668608143e-05,0.00037999500703117257,1.2826095757743035,1863,1866,,0.00016280480914111618,True
78451,20,1,5.783055944698348e-07,0.9466232488344536,-0.6307670122596429,2.1721030095900318e-05,-0.000743474128596322,0.004601022053618275,0.20187299467412398,-0.00011463586311112267,-0.1934913506170618,1863,1866,,0.000652381331978125,
78763,20,1,5.783055944698348e-07,0.9459998825802136,-0.5140204470623855,0.00010223931733766012,-0.0023451912168617195,0.010079453203032463,0.44014424681432773,0.0004141601984796996,0.9163061431270364,1863,1866,,0.00038251870195735513,
78841,20,1,5.783055944698348e-07,0.9588634503614717,-0.6643246687809694,4.915980592601343e-07,-0.00016230434071640154,0.0006439223806859643,0.03041218679021352,-0.0007919546433377406,-0.8564735871612134,1863,1866,,0.0015740721149500978,
78852,20,1,5.783055944698348e-07,0.9589247095854176,-0.6715336220805259,-5.113420797897561e-11,-0.0014724793019231797,6.996523365489088e-10,3.0703406844298656e-08,0.00011420639662911392,0.7664440143595656,1863,1866,,4.2363486680817074e-05,True
78854,20,1,5.783055944698348e-07,0.9358303077333031,-0.5203409629516538,-2.842198632002635e-08,-0.0010452094625370556,8.157130833722826e-07,3.287679360266531e-05,0.0003056027850832517,1.8916864318183342,1863,1866,,4.801733214932812e-05,True
78876,20,1,5.783055944698348e-07,0.9609585173487308,-0.576156290276153,6.431574369192283e-05,-0.004587613060917484,0.0077392606818079066,0.3484675328539978,0.000649176463005308,1.135054611407102,1863,1866,,0.0006072067476637068,
78877,20,1,5.783055944698348e-07,0.9382631864605969,-0.8667543702562881,0.002890470260846545,-0.0005302774271069843,0.04379308946176053,2.4379969893871247,-0.0007822707365940158,-0.9156715830555947,1863,1866,,0.001353098763705871,
78916,20,1,5.783055944698348e-07,0.9545149424523894,-0.5396383146667227,-3.1176840220581425e-08,-0.011139784972037159,8.157771394181777e-07,3.4397661835417155e-05,0.0010005385391437312,2.569319719263353,1863,1866,,0.0002812240913835485,True
78927,20,1,5.783055944698348e-07,0.9378108165423413,-0.6069476363600077,-2.463163006893865e-09,-0.012614919549333692,5.2945077989566454e-08,2.1598189339241807e-06,0.0001336033529620345,0.3480041516546233,1863,1866,,0.00028671395017085824,True
78936,20,1,5.783055944698348e-07,0.9335191969305495,-0.5838093525854444,-1.0557705820701813e-09,-0.0010834802678179045,2.1001388869771383e-08,8.590069492549603e-07,0.00029288545864049846,1.6465506601893969,1863,1866,,5.853583209155215e-05,True
78947,20,1,5.783055944698348e-07,0.9474442107977045,-0.6185791119642303,-4.0777825560667225e-11,-2.1880139037477875e-05,5.788710076467521e-10,2.4743310568888892e-08,0.0007936974924085763,2.657963236802609,1863,1866,,0.0001665224961694605,True
78950,20,1,5.783055944698348e-07,0.9563468784005884,-0.6082559942320789,6.0894619291929075e-05,-0.003987847478208906,0.007800425059023462,0.339562227095479,0.0009031359137185583,1.7227031435869,1863,1866,,0.0005078940294352672,
78963,20,1,5.783055944698348e-07,0.9482053982545289,-0.48529786112666007,-1.0825011109716343e-08,-7.856561911845361e-05,1.6342487385457162e-06,6.56089225306537e-05,-0.00013483761623620723,-0.26400608717103896,1863,1866,,0.00048634631989304675,True
79036,20,1,5.783055944698348e-07,0.9505721945845236,-0.5365007601702645,1.2663527634293459e-06,-0.0037010953199199115,0.0012019987063380045,0.04899335839709722,0.0004946385794443989,2.177715366360649,1863,1866,,9.804791042818344e-05,
79037,20,1,5.783055944698348e-07,0.9562686744771456,-0.7130258024705995,-2.036149027162537e-13,-0.0001254564432990879,2.1540942911568595e-12,9.228849975961635e-11,0.00048785531053463396,0.8243062579772945,1863,1866,,0.0006497271701922466,True
79048,20,1,5.783055944698348e-07,0.9503994801225509,-0.5870220152386896,-1.773236313340476e-08,-0.00020639234222641356,4.2579052632002e-07,1.8113032523032337e-05,0.00017269553969864295,1.2213491941745487,1863,1866,,3.679836257918491e-05,True
79049,20,1,5.783055944698348e-07,0.9553739846488543,-0.5778426782353787,0.00010895216357775794,-1.0639561628167371e-05,0.010697958238468986,0.45522021444475913,0.00018118738325045895,1.048223753151316,1863,1866,,5.537844906153639e-05,
79052,20,1,5.783055944698348e-07,0.9534910217038547,-0.5270907928531021,0.000244155329445217,-0.006312344416685267,0.015337778333917088,0.6848184728187474,0.00013384532200992933,0.8034065264204481,1863,1866,,5.1276067878926094e-05,
79057,20,1,5.783055944698348e-07,0.9620191115955067,-0.6087782229007217,0.00031842814400839803,0.0010043520632155856,0.017832438213436698,0.7840761151553264,0.0006799396914462609,2.580856419870965,1863,1866,,0.0001292234248169102,
79094,20,1,5.783055944698348e-07,0.9368866122977803,-0.5998308581754763,7.596879365134868e-05,-0.001778977854741015,0.00871326465962031,0.379426855016285,0.00044588170430390385,0.8511712987531745,1863,1866,,0.0005164566831182409,
79133,20,1,5.783055944698348e-07,0.9577716628570752,-0.5827813498790033,0.0005866676633816681,0.0009800188249053932,0.024071496773215705,1.0706922847720461,0.0005449366024474107,2.001895397746836,1863,1866,,0.00013731834753285494,
79139,20,1,5.783055944698348e-07,0.9341037823518717,-0.46691226670125174,-1.0669392036533054e-09,-0.0013848487985186342,5.051742678200801e-08,2.02988442428216e-06,0.00030881450952454905,1.7914167330398436,1863,1866,,5.517909882289901e-05,True
79145,20,1,5.783055944698348e-07,0.9545714589234776,-0.6666148056802463,1.10656937490905e-06,-0.00025416957072188495,0.00100208604113707,0.045446008271675956,0.0008369489087161733,1.524304241799701,1863,1866,,0.0005620077814427029,
79198,20,1,5.783055944698348e-07,0.9414525672316457,-0.7586028106580371,-2.3139268279237513e-12,-0.01129718633257526,5.3700100630457584e-11,2.4372085133809675e-09,0.0002559002960697691,0.3306898466406122,1863,1866,,0.0011096311283370804,True
79210,20,1,5.783055944698348e-07,0.9494923553607927,-0.6111981345072719,9.562696899778622e-06,-0.0058793775222401035,0.003100891346706106,0.13385291770204397,0.0006059054636483621,1.8426172297787942,1863,1866,,0.00020133531981888765,
79213,20,1,5.783055944698348e-07,0.9590971766150492,-0.6292325965203585,-1.0087202184649868e-09,-0.0032758094211726707,1.614112389784384e-08,7.280870501403917e-07,-0.0001611605367179136,-0.21037718391760998,1863,1866,,0.0010824420852304957,True
79225,20,1,5.783055944698348e-07,0.9586264956631368,-0.48453328116847993,6.862032353449621e-08,-2.0761756461817882e-05,0.00042365067794380973,0.0177213214571724,0.00014196192917607396,1.1082892403434113,1863,1866,,3.10088496385593e-05,
79226,20,1,5.783055944698348e-07,0.9450521180525223,-0.5194345723104918,-1.756181866596762e-10,-0.0001067201491915526,6.5130791690605456e-09,2.722493604817051e-07,0.00012566134394591805,0.8361117076530586,1863,1866,,4.198672414900701e-05,True
79229,20,1,5.783055944698348e-07,0.949975137545174,-0.5705042543364367,-1.6699184257618072e-09,-0.000134905796546958,7.326101755694803e-08,3.1041031270127716e-06,0.0002994129057944128,2.03365872184022,1863,1866,,3.994090831718116e-05,True
79233,20,1,5.783055944698348e-07,0.9388874755598652,-0.5630865846340556,-1.2985038821966555e-08,-0.00022790952531148712,1.9417096765362088e-05,0.0007929815455372886,0.0004831913896280042,1.5023372975483067,1863,1866,,0.0001937063615616405,True
79235,20,1,5.783055944698348e-07,0.949150877100465,-0.5963001478074086,-1.7149111020131613e-09,-0.004628934764080883,3.404069939401299e-08,1.4199554106188033e-06,0.0004749261104386626,1.5611663359883234,1863,1866,,0.0001748381114041991,True
79236,20,1,5.783055944698348e-07,0.9582277104741564,-0.578729522346769,-1.1052609938388969e-09,-0.0029843229146906403,2.063879853108689e-08,8.702602568883186e-07,0.0003180355140314117,1.9480997621996226,1863,1866,,4.9728319252971826e-05,True
79237,20,1,5.783055944698348e-07,0.939671913743076,-0.6163331036699049,-1.7730505952329167e-10,-0.003144977866985199,5.975212062039976e-09,2.604802485948199e-07,-0.0011233347939294319,-1.6902575707384866,1863,1866,,0.000817412004913806,True
79238,20,1,5.783055944698348e-07,0.9449686104367293,-0.5618128131041122,-5.193967478334116e-10,-0.004453044163937436,4.474407542911417e-09,1.7996454288411218e-07,0.0003070434003168324,1.0096228802348182,1863,1866,,0.00017575631716207964,True
79244,20,1,5.783055944698348e-07,0.9421023763350072,-0.7661192173624249,-1.0013137874409495e-08,-0.0001883760594838524,2.0010959413601726e-07,9.013133941326954e-06,0.000463863129762076,0.6944329058205074,1863,1866,,0.0008376758334459295,True
79323,20,1,5.783055944698348e-07,0.9539707875202756,-0.5502529392169184,-1.0331704380917017e-09,-0.005569228207999544,4.2441256476582616e-08,1.8175228834210248e-06,0.0006916334619322493,2.344086892582612,1863,1866,,0.00016270168228136561,True
79356,20,1,5.783055944698348e-07,0.9475908126224246,-0.5198433424673838,-9.226341246559855e-09,-0.0015404966617145188,3.3427776982893488e-06,0.00013868584039067406,0.00027380454557186963,1.5985770371439942,1863,1866,,5.47859557231715e-05,True
79360,20,1,5.783055944698348e-07,0.9275815017150693,-0.5701059617442836,-4.0270049517232565e-09,-0.0009235896399848453,9.429544307827577e-08,3.784775450810092e-06,0.0002102353642979214,1.313911157841635,1863,1866,,4.765913366408827e-05,True
79362,20,1,5.783055944698348e-07,0.9427358765626495,-0.6848733891466032,-3.519380342709155e-10,-0.004963060416831366,1.1689598031144546e-08,5.287917716006642e-07,-0.00023109316215376446,-0.34436021798414207,1863,1866,,0.0008300774023139361,True
79363,20,1,5.783055944698348e-07,0.9532481487683993,-0.5976244720731616,-1.9323653788205775e-09,-6.072234103315921e-06,3.988039222302235e-08,1.6446608364083016e-06,0.00042209931183344416,1.313790687180645,1863,1866,,0.0001938872186735036,True
79444,20,1,5.783055944698348e-07,0.9321315713320588,-1.11029970460072,-4.789346697009478e-11,-0.004291106393567334,1.731008403539367e-09,9.32966209525025e-08,-0.002070384957214829,-1.4967498772083299,1863,1866,,0.0035315756483625437,True
79447,20,1,5.783055944698348e-07,0.9401545226017339,-0.6896280731358595,-1.129933901999891e-08,-0.007119851002727717,5.546582381323577e-07,2.4643987007269505e-05,0.0002842323011579481,1.5961766387102363,1863,1866,,6.001296478702747e-05,True
79448,20,1,5.783055944698348e-07,0.9560631310091583,-0.5703163673818985,0.001304465402138577,0.0012957100799547705,0.03438679271427547,1.6148667881794379,0.000323801399695351,2.0120951688531803,1863,1866,,4.81816734802158e-05,
79452,20,1,5.783055944698348e-07,0.9442546295616044,-0.5155694305445628,-4.38505010080803e-10,-4.073722231989763e-06,4.032064343993354e-09,1.564749061894849e-07,0.0006300484882184118,1.9519688921167075,1863,1866,,0.00019552754180390865,True
79461,20,1,5.783055944698348e-07,0.9404263148725825,-0.5084656778354621,0.001410164072758957,-0.0030702210936743857,0.03715959629940142,1.6836479131206767,0.0003670348402833944,1.7591510554399643,1863,1866,,8.366011264948095e-05,
79464,20,1,5.783055944698348e-07,0.9623079524794044,-0.6030049452331394,0.0006628221523413691,0.0013283596085130744,0.025816051737861195,1.1408429569864045,0.0005670839288717885,0.8825009513162405,1863,1866,,0.0007706809954011138,
79545,20,1,5.783055944698348e-07,0.9484295769382801,-0.5346327754081142,-2.5804047787403306e-09,-3.849943856470972e-05,2.870559822834985e-07,1.2017447951405297e-05,0.0004704720606524657,0.9983015971598797,1863,1866,,0.0004160861819705993,True
79547,20,1,5.783055944698348e-07,0.9477215803785627,-0.519696564632887,-1.944222560723574e-12,-0.0033547030114584597,2.5972996792588345e-11,1.052658526753892e-09,0.0005923766670575413,1.8364108108267867,1863,1866,,0.0001947489506647515,True
79558,20,1,5.783055944698348e-07,0.9555983155530886,-0.6307856698224141,-3.5487168759118504e-12,-0.0003370537764040282,4.8969540779578545e-11,1.9841807775702515e-09,0.00043677741074019013,1.3138719267124819,1863,1866,,0.00020732230687507198,True
79561,20,1,5.783055944698348e-07,0.9566195341040683,-0.5886895106227603,9.047079426982574e-05,-0.00292970378731483,0.009411736653044176,0.41404609172333773,0.0005694615015573902,2.622255703133031,1863,1866,,8.815508744755436e-05,
79611,20,1,5.783055944698348e-07,0.9491530935616979,-0.6919708762871928,-1.1581180459074858e-11,-0.0002064917634885255,2.8903068705810915e-10,1.3184183726173194e-08,0.0005036173287018372,0.7310065349693885,1863,1866,,0.000879791633357665,True
79637,20,1,5.783055944698348e-07,0.9513877008453365,-0.5891271004393457,-7.452705119703751e-11,-0.001581242658833082,1.16817304379472e-09,4.861167080048066e-08,0.000768762368247978,1.8009549271517948,1863,1866,,0.00034491705314825525,True
79644,20,1,5.783055944698348e-07,0.9446622174550435,-0.5457804814167975,0.00024369293449977292,-0.0010788455927914775,0.015508006095209711,0.6836967384914503,0.0002484322535255579,0.6512684709837532,1863,1866,,0.00027506523345414123,
79646,20,1,5.783055944698348e-07,0.9361111982689362,-0.6522499977777196,-1.1874945471390674e-12,-0.00021805775942862482,1.4356047127414651e-11,6.024694004829041e-10,0.0005244044067427182,1.7263607328567123,1863,1866,,0.00017201432133781563,True
79663,20,1,5.783055944698348e-07,0.9337478770544662,-0.5790460134854423,0.00160664009786593,-0.012712320135357169,0.038930560924309784,1.79972148373051,9.407814554629499e-05,0.19428667285664142,1863,1866,,0.0004401648963548993,
79665,20,1,5.783055944698348e-07,0.947588311270277,-0.6064163322646836,0.0016354721068329026,-0.004223008062010036,0.038383772439895235,1.8154455440185682,0.00024264194328053545,1.078405667110985,1863,1866,,9.587870630312787e-05,
79667,20,1,5.783055944698348e-07,0.9320606285357032,-0.6712845175468289,1.3134791079449926e-05,-2.9517462540873396e-07,0.003332763125580259,0.15689539152565987,-0.00022103064825283131,-0.26559851786040034,1863,1866,,0.001292991087124723,
79668,20,1,5.783055944698348e-07,0.9396206844150249,-0.6162594592737143,0.000740924863953274,-0.002816416283908385,0.026687086890049595,1.2055971385102264,0.0006955344059079991,1.295567093088565,1863,1866,,0.0005403600099282915,
79698,20,1,5.783055944698348e-07,0.9568761832849211,-0.5579120035445932,0.0003079899446237766,0.00032305155682810227,0.017522998289605154,0.7701280352200524,0.0009501928495772376,2.7028814206230214,1863,1866,,0.00023366789894887916,
79758,20,1,5.783055944698348e-07,0.944206096028153,-0.6809918710210869,0.0004916652878682592,0.002593599023012816,0.020535022012968886,0.9762226723502343,0.0006378294540900564,0.9377585537490657,1863,1866,,0.0008592032733344891,
79767,20,1,5.783055944698348e-07,0.9371057366522841,-0.5562419206826468,-2.7401142022043246e-08,-0.010794014334791768,1.7251062019977182e-06,7.270379230344273e-05,1.2452346843060944e-05,0.035901619582788556,1863,1866,,0.00022421790196990908,True
79770,20,1,5.783055944698348e-07,0.9421009552094359,-0.7020002773029934,-7.833655057964961e-09,-0.001058435303419314,6.875945348844606e-08,3.0347977373422897e-06,0.0005834862340961248,1.3772075681239504,1863,1866,,0.00034168808474156987,True
79777,20,1,5.783055944698348e-07,0.9398484183914347,-0.6041530879985073,-5.248241841115941e-10,-0.0016016641037386314,2.1285971346238425e-08,8.898922494736848e-07,0.00018797799581085175,0.38815880314291246,1863,1866,,0.0004431501861926701,True
79782,20,1,5.783055944698348e-07,0.9485262067914126,-0.5434858650964716,-7.363443188523888e-12,-0.0037915358047841963,2.2643347376381857e-10,9.305044117091765e-09,0.0005030457668278143,1.5152343325483881,1863,1866,,0.00020713679221807352,True
79785,20,1,5.783055944698348e-07,0.9566178371695098,-0.5289108428396132,0.0019015573646145034,-0.0001601048852122311,0.041505235963040434,1.9637582808748224,0.0006641010394464333,2.040235030641837,1863,1866,,0.0001975152187386018,
79859,20,1,5.783055944698348e-07,0.9489421078150126,-0.7412836321088523,-1.0273515371750364e-10,-0.0012634074065600576,3.309424412396542e-09,1.4472162505103504e-07,0.00017159843092750488,0.5308045744052032,1863,1866,,0.00019463501409377386,True
79891,20,1,5.783055944698348e-07,0.9329327547315497,-0.6203419189997454,-7.56777529531405e-10,-0.012409984387210526,1.3361727858117564e-08,5.690522668222561e-07,0.00016661584952456205,0.6352436298160204,1863,1866,,0.00012981206764638373,True
79895,20,1,5.783055944698348e-07,0.9417684350717798,-0.6352415016972361,-4.239775197589779e-10,-0.001588145646363559,7.182719335091533e-09,3.0503975690059587e-07,0.0007448873249883319,1.0862351355178397,1863,1866,,0.0008732712631493642,True
79903,20,1,5.783055944698348e-07,0.9497810890477462,-0.6628271931844043,5.1810455921952325e-05,-0.0011092081139296717,0.007119845997754805,0.3132671353073151,-0.0011453203377905497,-1.519545396360903,1863,1866,,0.0010554612159719733,
79909,20,1,5.783055944698348e-07,0.9495552546341031,-0.7141909962990842,-2.0929553645743226e-09,-0.0023268819859771916,4.666570434234041e-07,2.0882558393374593e-05,0.00041681431064395473,0.6285086023633536,1863,1866,,0.0008378760076569198,True
79915,20,1,5.783055944698348e-07,0.9397005796940265,-0.5576694676669796,-3.4720226693707446e-11,-0.00011480888393844424,1.1655345534790704e-09,4.8112371170139865e-08,-0.0002988159851433333,-0.4816080842284313,1863,1866,,0.0007151710848759695,True
79918,20,1,5.783055944698348e-07,0.9558836536344913,-0.5726351144150552,0.0006756074987430694,-0.0013795250950736637,0.025620835861556678,1.1512379398083212,0.00024340733572780394,1.267770101767065,1863,1866,,6.978132783307894e-05,
80008,20,1,5.783055944698348e-07,0.9360313391865075,-0.6862697933440007,-1.2663647908084386e-11,-0.0027860598570597084,1.614411983647489e-10,7.032875964505196e-09,0.0005222523924009382,1.8973894801895559,1863,1866,,0.00014123761267561324,True
80054,20,1,5.783055944698348e-07,0.9514060839716045,-0.5606276389695712,-7.2751917823410395e-09,-0.004212936425763036,5.471806890846892e-06,0.00025472907224079975,0.0004886699042973572,0.850156851643638,1863,1866,,0.0006676533665225124,True
80070,20,1,5.783055944698348e-07,0.9484971859509281,-0.5611377131766544,-2.6132429553626935e-12,-0.0018939196955019,7.386019186042661e-11,3.0634153057295826e-09,7.991503030662865e-05,0.17524819634582292,1863,1866,,0.0003884104919176927,True
80072,20,1,5.783055944698348e-07,0.9559182325332654,-0.514635769258202,0.0005122232238913282,-0.002276439758454485,0.023195641804959744,0.9993444851791585,0.00022059718462550255,0.6278752499375483,1863,1866,,0.00023312520261703972,
80080,20,1,5.783055944698348e-07,0.9498533871375112,-0.5299669965507332,0.00027488036801104343,0.0001374478366481524,0.017088734444539896,0.7276110750664461,0.000658766906074956,1.589655970133547,1863,1866,,0.00032059371490915573,
80089,20,1,5.783055944698348e-07,0.959149380775272,-0.6038849913650892,2.7729769591644526e-09,-0.00037319580004990804,0.0001755051980948245,0.007660188592775181,0.0001550675339055074,0.3816872312098622,1863,1866,,0.00030677055528323394,
80100,20,1,5.783055944698348e-07,0.9477943961377234,-0.601694335291759,-6.764122595370736e-11,-0.007930912502056575,1.0365140900258068e-09,4.3470528924626374e-08,0.0006053181651796464,1.9693343006029282,1863,1866,,0.00018029426725367362,True
80102,20,1,5.783055944698348e-07,0.9392058569544,-0.5608933850225051,-2.507332119705552e-10,-0.0006561350445160041,4.421474342147189e-09,1.8135100630945318e-07,0.0010790225696927034,3.1417034823180283,1863,1866,,0.00021955221049435667,True
80113,20,1,5.783055944698348e-07,0.9413608420042961,-0.7363882576831018,0.0005648844141408205,-0.0012912753976233038,0.01784580350005355,1.0453120934019273,-0.0005908953829783096,-0.7153548220424758,1863,1866,,0.0012625719337038056,
80128,20,1,5.783055944698348e-07,0.9497330448231309,-0.6705621461196094,-1.4413936710866437e-10,-0.002108067809297065,1.0723738352112536e-08,4.6634924523940476e-07,0.00044464851218484945,1.1272164058138812,1863,1866,,0.000290317522617349,True
80168,20,1,5.783055944698348e-07,0.9533021698002538,-0.5765051770285488,0.002420717296830799,-0.01084841180023699,0.04742738698944448,2.228475729440633,0.0012745300879663394,1.8326537397766374,1863,1866,,0.000903745785686774,
80169,20,1,5.783055944698348e-07,0.9502265738449375,-0.4884095967322255,0.00011694649344340391,-0.0030295815401284454,0.010725367890069625,0.4710656462465421,0.001258369760245619,2.0517407962196144,1863,1866,,0.0006971653348150688,
80183,20,1,5.783055944698348e-07,0.9477161788780536,-0.589672610477336,-1.5912919870686437e-09,-1.9126361743282416e-05,1.4130666264124846e-08,5.822865921849682e-07,0.0006023755747427534,1.9899476965419427,1863,1866,,0.00016966248974230943,True
80185,20,1,5.783055944698348e-07,0.9593758173843963,-0.737205553842873,-6.047828904343078e-12,-6.654604263078845e-05,6.009275778752248e-11,2.8799617971205295e-09,0.0003943334134597887,0.8741713074480023,1863,1866,,0.00038141556259151094,True
80191,20,1,5.783055944698348e-07,0.9511532797044477,-0.7107505734643318,0.0006391361554961561,-0.008669969205863826,0.024215984305061,1.1171253066781575,0.00064561275095229,1.4309357399105727,1863,1866,,0.0003778309138540213,
80193,20,1,5.783055944698348e-07,0.9421045070614608,-0.6963648420277213,-3.983186669387351e-09,-0.0014910433641459608,9.820401255761884e-06,0.0004482438013993689,-0.00026047716258284666,-0.331347492708138,1863,1866,,0.001168022171701328,True
80200,20,1,5.783055944698348e-07,0.9367957189564593,-0.5786965238489146,-2.0053536609054845e-09,-0.004437030023428434,3.864252019033425e-08,1.645753410706714e-06,0.0002523871164806071,0.8027269957608325,1863,1866,,0.0001866166051721267,True
80204,20,1,5.783055944698348e-07,0.9442880883029161,-0.5745237988541834,-1.1680434397476347e-11,-0.0038445636615886958,3.2822770309561043e-10,1.4209360315216647e-08,0.0006348440191745112,1.5021203711843178,1863,1866,,0.00033277627640559336,True
80206,20,1,5.783055944698348e-07,0.9315270258234758,-0.5473427408244591,-1.350255884879914e-08,-0.00527375648001116,3.5081832896286945e-07,1.421603971506317e-05,0.000346336577965256,1.0904025901728926,1863,1866,,0.00019064514210007295,True
80210,20,1,5.783055944698348e-07,0.946746363262231,-0.5556024026845989,-4.986529633654868e-09,-0.0034464066204253907,1.1804041551987678e-07,4.757533247544286e-06,0.000362451964156337,1.075445052662918,1863,1866,,0.00021253490555323695,True
80303,20,1,5.783055944698348e-07,0.9385600270266903,-0.5592712222994463,-2.3647750424515834e-13,-0.009726143479999783,2.508759889448637e-12,1.0792848178075834e-10,-0.0005808281339925829,-0.644770521473028,1863,1866,,0.0015147684794588998,True
80307,20,1,5.783055944698348e-07,0.9446244176728782,-0.9596924065365982,-1.54924473250162e-09,-0.008332205303225981,7.331408926618643e-08,4.168075739827858e-06,0.00014560176559868442,0.1669611027287035,1863,1866,,0.0014016127485372146,True
80381,20,1,5.783055944698348e-07,0.9514486430663012,-0.4799378913877155,-1.6637513589046193e-10,-0.0015480071864544254,1.4349509755193332e-08,5.90730356085412e-07,0.0006404227550240556,2.0417976862483687,1863,1866,,0.0001850679789099283,True
80399,20,1,5.783055944698348e-07,0.9475022521747605,-0.589471490210201,-6.865619184281968e-12,-0.014624549785996699,9.784514509835737e-11,3.989202959628385e-09,0.0005426651998461208,1.4700257887040906,1863,1866,,0.0002582639790205761,True
80401,20,1,5.783055944698348e-07,0.9550066667516545,-0.5834049000806736,0.0003674126055822624,-0.0006219932355253643,0.019410648338792587,0.8430491385925388,0.00040948844384618534,1.5586837476665825,1863,1866,,0.0001306392049902129,
80412,20,1,5.783055944698348e-07,0.9445791398823195,-0.5775833408317539,-1.7825740883381513e-12,-0.0012178780953377988,2.321146795142238e-11,9.501778393724228e-10,0.000696503108919797,2.0402312381677152,1863,1866,,0.00022463621352351943,True
80415,20,1,5.783055944698348e-07,0.9522869593404887,-0.6072260958848541,0.0003525305934091172,-0.0006176061646510078,0.01759676594453089,0.8243480018410462,0.0007856184684334514,1.5164534362723454,1863,1866,,0.0004965017027196778,
80421,20,1,5.783055944698348e-07,0.9336022596240654,-0.6506405769811778,7.428937262965452e-05,-0.004649855537561365,0.008684800083525568,0.3751729395859368,0.00035723320866258725,2.0518733528149493,1863,1866,,5.6744205641645325e-05,
80432,20,1,5.783055944698348e-07,0.9520513332964453,-0.5252559110192805,0.00018356962641730146,-0.0002127416816410932,0.013740474311791488,0.5926082418601712,1.474381276864598e-05,0.027081872455356374,1863,1866,,0.0005486921750290722,
80575,20,1,5.783055944698348e-07,0.9515655555813047,-0.651440820462883,-2.653806063790398e-10,-0.0025504921892203214,4.464979472036887e-09,1.874075096429486e-07,0.00039004568252649316,0.9260296713182857,1863,1866,,0.00033213708062825465,True
80681,20,1,5.783055944698348e-07,0.9399162140030031,-0.4963049756224496,-3.0266100736753287e-09,-0.0014819817453994855,6.934609042869738e-08,2.7714764471979794e-06,0.0007684613160454971,2.49276364870206,1863,1866,,0.0001777139553630419,True
80682,20,1,5.783055944698348e-07,0.9181836868501428,-0.6063611660341774,-3.994582442601313e-13,-0.010517506510601349,4.734424300634516e-12,1.954053012384849e-10,-0.0004521604116665238,-0.9830403201261796,1863,1866,,0.00039059846614430185,True
80683,20,1,5.783055944698348e-07,0.9385346642503783,-0.6927850464101621,-4.854598945058797e-10,-7.362307933411749e-05,1.7799614220624703e-08,7.792355859801293e-07,0.0010108200674435442,2.077231261575562,1863,1866,,0.0004467864405939321,True
80688,20,1,5.783055944698348e-07,0.9465426592839371,-0.5949778454439363,-1.526465842616176e-09,-0.0006135617481519695,1.4224999743409007e-08,5.720463944334144e-07,0.0005087411492934922,1.628619065414308,1863,1866,,0.00018342063906528127,True
80691,20,1,5.783055944698348e-07,0.9229871399571374,-0.6475164953797192,-1.6580692374645878e-10,-0.003255495837885203,1.2644525729996859e-09,5.18532626328281e-08,0.0004066765403115326,1.2492138784404119,1863,1866,,0.0001982550904537078,True
80711,20,1,5.783055944698348e-07,0.9505837242903288,-0.6077809204134723,-7.978548488551951e-09,-0.0009536353899965988,1.7463660005399134e-07,7.447201618310444e-06,0.0006609981072245467,1.8195345235677785,1863,1866,,0.00025072101803211186,True
80717,20,1,5.783055944698348e-07,0.9444448167102325,-0.5174814919383977,-9.108442888816626e-09,-7.7935606709989e-05,1.4016972492434044e-06,5.5232263835467805e-05,-8.764578953473008e-05,-0.26579889732133216,1863,1866,,0.0002027167845919473,True
80719,20,1,5.783055944698348e-07,0.9499513574974952,-0.7140242695909214,-1.7811108143916954e-10,-0.0018680858193038663,5.602442279902634e-09,2.505702932350326e-07,0.000936471782997385,1.1825304168158197,1863,1866,,0.0011714570574820641,True
80725,20,1,5.783055944698348e-07,0.9259342449351883,-0.5988814141002909,-4.07152600523375e-09,-0.005403829645042935,8.377471278961227e-08,3.56121026228351e-06,0.00022659804552225283,0.9505071925574187,1863,1866,,0.00010634591334379011,True
80774,20,1,5.783055944698348e-07,0.9435065995982405,-0.7368068481943013,-5.322742246960388e-11,-0.0008948751173354363,5.608640410285394e-10,2.7526287205408606e-08,0.0007480903481721228,1.518931799359867,1863,1866,,0.000450678373467688,True
80779,20,1,5.783055944698348e-07,0.9403793596980269,-0.5840410658385466,-3.253722180573959e-09,-0.0021229574286161235,3.188103548419917e-08,1.290231421561176e-06,0.00011181416247316308,0.3241857652390609,1863,1866,,0.00022241209270713107,True
80784,20,1,5.783055944698348e-07,0.9469953904658861,-0.5743619322263414,-5.3325122095770894e-11,-0.0011901328607748507,1.7082310215258819e-09,7.291024764504582e-08,0.0007230960754038308,2.104349201269136,1863,1866,,0.00021878837132932935,True
80828,20,1,5.783055944698348e-07,0.9598788427641672,-0.5286314676729795,0.0002756365815980155,-0.00157080914075447,0.016464105129742675,0.7278404316960223,0.0005681734351802542,1.1929527684037875,1863,1866,,0.0004211839810466662,
80864,20,1,5.783055944698348e-07,0.9590291035836142,-0.5925396726811749,-3.0839908404800553e-10,-0.001438074484572116,5.248801278879525e-09,2.2083505381324725e-07,0.0003784164000044653,0.8425286736071699,1863,1866,,0.00038332776308679117,True
80866,20,1,5.783055944698348e-07,0.9252376751965561,-0.4645561522722539,0.00021077921681145195,-0.0146758085483647,0.015506117651994672,0.6360636222521481,0.00030722101556843336,1.1723478146324626,1863,1866,,0.0001299372623703215,
80926,20,1,5.783055944698348e-07,0.9467731605132996,-0.6821382743153943,-1.1812306688341323e-10,-0.00012476966257968236,3.077560949284159e-09,1.4760262964727177e-07,0.0006898021778246027,0.7475034029321834,1863,1866,,0.0016599459877050993,True
80928,20,1,5.783055944698348e-07,0.9419069604345666,-0.6752416052033801,0.00035883197124508825,-0.0064719233834027445,0.01774097888996555,0.8325348032620563,0.00039373310734717667,0.7818073984011629,1863,1866,,0.0004738125382424073,
81030,20,1,5.783055944698348e-07,0.9531768094253691,-0.509432811071006,-1.4434353712289294e-09,-9.9098822817556e-05,1.4967533436680943e-07,6.262181967202592e-06,0.0006773989552789377,2.194717148215656,1863,1866,,0.00017843266673625989,True
81035,20,1,5.783055944698348e-07,0.9311486069897561,-0.6295827035893662,-6.970529486949317e-09,-0.0027470019928181877,1.55305027313562e-07,6.5362163440405544e-06,0.0006229064133988545,2.1458604201600853,1863,1866,,0.00015761722875589094,True
81038,20,1,5.783055944698348e-07,0.954135856412834,-0.5888243851493742,0.0006011068520862528,-0.004714254707577359,0.023281486449277612,1.082749048093363,0.0003128151910416353,0.6530935907271985,1863,1866,,0.00042914763515086593,
81040,20,1,5.783055944698348e-07,0.9492746555141413,-0.6041160421424123,0.0004378820943607975,-0.0013795970871681718,0.02120969228782573,0.9221241256764006,9.523649551505616e-05,0.2220735169798876,1863,1866,,0.0003506505085812648,
81043,20,1,5.783055944698348e-07,0.9296923198728309,-0.5257955650788191,-4.822586774366755e-11,-0.00013454866507189855,8.566913981401968e-10,3.3261478086912134e-08,2.5896021188312695e-05,0.06982833367141662,1863,1866,,0.0002537950441584528,True
81044,20,1,5.783055944698348e-07,0.945170019954779,-0.532605548582993,0.0017517198094263442,-0.010228095710416163,0.0412645948743183,1.8850407335545127,-0.00023737577058075267,-0.5373215424580996,1863,1866,,0.00037138731713079383,
81045,20,1,5.783055944698348e-07,0.939308795499976,-0.5607017672382819,-1.0746400436190129e-08,-0.0004103449366514855,2.8919393889979416e-07,1.1408726911054604e-05,0.0006092569497007607,2.0049415541762827,1863,1866,,0.00017285040545141035,True
81046,20,1,5.783055944698348e-07,0.955729645620108,-0.5690648717929336,-7.889067177302422e-11,-3.695993334340564e-05,6.108729741401627e-09,2.5576732188643956e-07,0.0006827832991492117,2.2902699935213966,1863,1866,,0.00016580966922664196,True
81049,20,1,5.783055944698348e-07,0.9749172446659115,-0.6690996987703235,-3.0146831697663856e-09,-0.0008340411642928647,5.1874637556468975e-08,2.3670128273969307e-06,-9.063844580468848e-05,-0.19875515016330508,1863,1866,,0.0003887856558154055,True
81055,20,1,5.783055944698348e-07,0.9574191998453234,-0.6964550272588004,-5.0748589774940456e-09,-0.0003018978651634363,2.1463839410728664e-07,9.785081634810042e-06,0.0004998586366567613,1.2319099976771213,1863,1866,,0.0003186038534139374,True
81061,20,1,5.783055944698348e-07,0.9531737700673274,-0.6345166283528849,-1.2616947042687343e-08,-0.0023402455717238535,6.996501379539447e-07,2.9687732798644785e-05,0.000580635989972145,1.6199940558831107,1863,1866,,0.00023992018891007502,True
81067,20,1,5.783055944698348e-07,0.945264094980245,-0.5736748409794716,0.0009592561711747605,-0.0070202149385847346,0.029453303950570366,1.376994697167541,0.001250044646660142,1.913588140442418,1863,1866,,0.0007938475214826645,
81127,20,1,5.783055944698348e-07,0.9354336861776061,-0.5585095756523366,2.1295417110378523e-05,-0.007410952547906913,0.00458588990959803,0.19968337014156196,0.0006999434413357978,1.3326797609196146,1863,1866,,0.0005117362862025255,
81132,20,1,5.783055944698348e-07,0.9451420297842086,-0.5604409679600402,-1.1548296763308485e-08,-0.010741406150003519,1.7537399364984745e-06,7.088323111142251e-05,0.00049154248920948,0.8401223395659074,1863,1866,,0.0006341848262095564,True
81133,20,1,5.783055944698348e-07,0.9437041404824082,-0.5035642498267341,6.851542525965204e-05,-0.0040117060315243425,0.00897432389647842,0.36037317071461383,0.00037978157009466927,0.7214156710468198,1863,1866,,0.0005157604135970279,
81134,20,1,5.783055944698348e-07,0.9466852521197939,-0.714093916214763,0.001107306944443276,-0.008417239279939093,0.03047401212309584,1.4834669849071382,0.000398779769857059,0.6576430464365199,1863,1866,,0.0007086465691833578,
81284,20,1,5.783055944698348e-07,0.934428967224542,-0.4814293043119906,0.0023277736240299163,-0.003902487153141676,0.04712388938411518,2.186785138695363,0.0003884670615277414,1.4192874657255985,1863,1866,,0.00014012609319261318,
81292,20,1,5.783055944698348e-07,0.9555160997110822,-0.5938205406946688,-6.839063759755959e-09,-6.505186682281838e-05,1.5482501369398403e-07,6.458794241959242e-06,0.0001821075595537517,0.44523027604241233,1863,1866,,0.0003094437556872025,True
81299,20,1,5.783055944698348e-07,0.9629052679102618,-0.5490389148381474,3.253260220215104e-06,-0.003096648601547569,0.0017830245873334215,0.07799073534928544,0.00027913016147291137,0.994027339330574,1863,1866,,0.00014871581801397646,
81521,20,1,5.783055944698348e-07,0.9567819064441928,-0.5593717854337545,-1.259183868285163e-10,-0.0021398268413961308,2.336161990270616e-09,9.147318013414993e-08,0.0003802022959301291,1.2585911989287455,1863,1866,,0.0001695960434107088,True
81540,20,1,5.783055944698348e-07,0.9427440264987186,-0.567452120851133,0.00011643878705136501,-0.0027604604471132,0.010454850839377836,0.4701894989734203,0.0007329754794293618,2.377125960192577,1863,1866,,0.00017739311570403912,
81584,20,1,5.783055944698348e-07,0.9583294526185996,-0.6287366327798904,-2.223798922784681e-11,-0.005963928770171378,6.541179957581169e-10,2.8289086692400032e-08,0.00041696078275544804,1.0874021683046626,1863,1866,,0.0002709775705823249,True
81598,20,1,5.783055944698348e-07,0.9522459032805727,-0.5514584402853935,-8.40855074457636e-09,-4.7485240249889316e-05,2.0345234764634445e-07,8.31280362698337e-06,0.000304836091977704,0.7779381062141618,1863,1866,,0.00029265729216591027,True
81655,20,1,5.783055944698348e-07,0.9529209355343977,-0.519341471449354,-2.1305179842556754e-10,-0.003189047678492818,4.607575987977852e-08,1.8402743751045983e-06,0.0006695279289146326,1.9201024417526589,1863,1866,,0.0002263300893593314,True
81665,20,1,5.783055944698348e-07,0.9451912293687442,-0.6931260545400397,-5.941587666313808e-09,-0.01737128827036849,2.3531974115342862e-07,1.1016675633423158e-05,7.630283784394163e-05,0.11676389659745698,1863,1866,,0.0007879350474644101,True
81675,20,1,5.783055944698348e-07,0.9435535174200402,-0.620727530424918,-2.4365398587633535e-11,-0.01739438257463255,3.3778441873886047e-10,1.4429504219083331e-08,0.0006059608887993041,1.826521398812211,1863,1866,,0.0002070916910143068,True
81677,20,1,5.783055944698348e-07,0.9483799112581331,-0.6460833744585692,-1.666719873227862e-09,-8.387255819086725e-05,3.0937127317161e-08,1.3278854666841684e-06,0.0008574549917595276,2.2050236936706513,1863,1866,,0.0002798633988392739,True
81736,20,1,5.783055944698348e-07,0.9489537803548628,-0.5128358435762357,-1.233472435302474e-09,-0.0022254804200154688,1.1873580321641584e-07,5.094843693623572e-06,0.0006132179051093844,1.577769777060176,1863,1866,,0.0002837177760334267,True
81774,20,1,5.783055944698348e-07,0.9330033465231451,-0.7138041335968028,0.0011861958065786382,-0.004250210480690519,0.030121459988540204,1.5292489995042249,-0.0004652019938344699,-0.6351666959521112,1863,1866,,0.0010020452606831524,
81784,20,1,5.783055944698348e-07,0.9399736763399339,-0.6127883931208216,0.00015358758262740135,-0.00014167196718894992,0.01205625652115634,0.5391177036898315,-0.0005094849972093907,-0.6293801620168082,1863,1866,,0.001218894639877892,
81912,20,1,5.783055944698348e-07,0.9525393400608976,-0.65663240265354,-3.7663367979945406e-09,-0.008868146915385289,1.093634824658259e-06,4.5924605660668044e-05,0.00026338376003915277,0.7715152013465298,1863,1866,,0.00021680320277544192,True
82196,20,1,5.783055944698348e-07,0.9452771468049265,-0.8945152770974625,0.0014996160015343651,-0.0019307334067690807,0.03061049979640912,1.7133936315995517,-0.0011719288235440626,-1.166819746839336,1863,1866,,0.0018666542706554223,
82213,20,1,5.783055944698348e-07,0.9439142981517707,-0.49116505729409643,-2.234250784383107e-09,-0.0014403926990043114,2.652127450469328e-07,1.067114122161833e-05,0.00039731984439147713,1.0554123283111023,1863,1866,,0.00026360149119979533,True
82272,20,1,5.783055944698348e-07,0.9422853341907227,-0.6344982207263832,-1.1449752257419732e-10,-0.003759425242432668,1.7294342310021516e-09,7.426769122387407e-08,0.00043859088763810157,1.3311212080195336,1863,1866,,0.00020323233122334614,True
82292,20,1,5.783055944698348e-07,0.9422653344933899,-0.6736082323954167,4.4929928453285584e-05,-0.001042555972955661,0.006390139979540346,0.29067700297035515,0.0005201403209103306,1.7593096002757047,1863,1866,,0.00016185785966072572,
82298,20,1,5.783055944698348e-07,0.9453271001579342,-0.5894047053082783,-3.548424221122559e-09,-0.0015933335612619004,7.175009360806209e-08,3.057555407550815e-06,-0.000951758982679396,-1.7063705325244936,1863,1866,,0.0005779612237567975,True
82303,20,1,5.783055944698348e-07,0.9620424790717798,-0.5689961140638773,-3.278741278478492e-09,-0.00265182066761227,4.1970893388323396e-07,1.681118995701374e-05,0.0006833991143690927,2.5373758411250966,1863,1866,,0.00013438234308969416,True
82307,20,1,5.783055944698348e-07,0.9480086694800217,-0.5233422185344645,-8.675447693562433e-09,-0.0026036288291151344,3.1980524293837432e-06,0.0001306861784254738,0.00039680356526592954,1.28618070390961,1863,1866,,0.00017682121852520078,True
82311,20,1,5.783055944698348e-07,0.9390339207181251,-0.6387608164134746,3.328418325132532e-05,-0.011536315254254248,0.005719308958079647,0.25027622807639527,0.0005568160922614084,1.4197814029610305,1863,1866,,0.0002855613290583487,
82634,20,1,5.783055944698348e-07,0.9421947291424569,-0.5011300426166498,-5.066511876705704e-09,-0.007547458957358089,2.68598947839125e-07,1.1038417598862977e-05,0.0005777507123959156,1.2942582843215533,1863,1866,,0.00036852645796375686,True
82637,20,1,5.783055944698348e-07,0.9502108386942822,-0.5865615300162552,-3.8655443290736e-09,-0.0010570237763827262,2.9818338929521037e-06,0.00012691354561552762,3.4848928900906805e-05,0.08290028258186591,1863,1866,,0.00032938776099550776,True
82642,20,1,5.783055944698348e-07,0.9590070639948655,-0.5792884735320483,1.4583602891971026e-07,-0.0008729179780926355,0.00039732493445538645,0.01727454850363846,0.0007045328140400203,1.9771156331678656,1863,1866,,0.00023888331908360368,
82646,20,1,5.783055944698348e-07,0.9603810650137657,-0.5656359156109703,-8.526956918331052e-11,-0.003954150908536125,1.4023004101002969e-09,5.7278341419314156e-08,0.0004733508399085108,1.2333470269903903,1863,1866,,0.0002725060087113325,True
82649,20,1,5.783055944698348e-07,0.9457981837776824,-0.8375684355438526,1.0107367275913326e-05,-0.0001272401550151958,0.0032518390408255255,0.13768801819373358,0.00015340753434191595,0.31343794686496496,1863,1866,,0.0004468559743042478,
82651,20,1,5.783055944698348e-07,0.9567278969712146,-0.5516154505607915,-3.360822731224289e-11,-0.0011025462772547012,5.013508843153784e-10,2.087985246530274e-08,0.0006147862925814916,1.7281556356083245,1863,1866,,0.00023467931075787636,True
82654,20,1,5.783055944698348e-07,0.9388554009933978,-0.4241768360254319,0.0019130397130697752,-0.0046237033646057135,0.044147356379757,1.9758761887845224,0.0003500227734698001,1.1912739802182502,1863,1866,,0.00016120660105726345,
82656,20,1,5.783055944698348e-07,0.9505383272109076,-0.660515528382182,-6.553026565825348e-09,-0.0001377107344961992,5.4439841623407154e-06,0.00024233031601285208,0.00032919303937717825,0.6829751925414148,1863,1866,,0.00042908765280792266,True
82694,20,1,5.783055944698348e-07,0.9531434097531718,-0.516923391053222,0.0003456756982065379,-0.0021536784774642825,0.01878064847317136,0.81767564048755,0.0005852873130893625,1.491345336054141,1863,1866,,0.0002875628494355789,
82743,20,1,5.783055944698348e-07,0.9594037429316912,-0.5285721526378493,0.00018470385948099466,-0.0027376074250380356,0.014061337799539173,0.5945673476505745,0.0007272318521301906,1.9896999728284144,1863,1866,,0.00024980434670896304,
82775,20,1,5.783055944698348e-07,0.9564842235533362,-0.7731129631101699,-3.505169932083163e-09,-0.0005523281765307253,6.336347239134082e-08,2.8362142903387996e-06,0.0005307320427836075,1.1422342313678593,1863,1866,,0.0004094898083755271,True
82777,20,1,5.783055944698348e-07,0.9465771689764648,-0.6033027040601076,-5.298428362721097e-12,-0.002752340760568961,1.4146537762313707e-10,6.135854432195813e-09,0.0004581654064169556,1.3090887456059386,1863,1866,,0.00022927974480549653,True
82800,20,1,5.783055944698348e-07,0.9504067135244667,-0.5630673978401437,1.0971282356719847e-05,-0.002398952593295256,0.0033251372777182335,0.14336329585578766,0.00027126772931710465,0.5601161043918773,1863,1866,,0.0004460795860849874,
82855,20,1,5.783055944698348e-07,0.9511684134305025,-0.5816027688124199,0.00027210046471748406,-0.0034613905009137635,0.01701270943015855,0.7238604690341905,0.0006299931457672249,2.2129240959075123,1863,1866,,0.00015068075658031192,
82859,20,1,5.783055944698348e-07,0.9430788177444486,-0.687738059593682,0.000964683221426399,-0.003126214979998654,0.02915566500348711,1.3816262634957965,0.0002496618768592741,0.43657516535268476,1863,1866,,0.000614993086919735,
82860,20,1,5.783055944698348e-07,0.9368367617483581,-0.5990119249216945,-4.2967758906442555e-08,-0.0008620554284475279,5.311920853155749e-07,2.1597517903229624e-05,-6.1492511662847986e-06,-0.018308307450477585,1863,1866,,0.00021099545423045377,True
82924,20,1,5.783055944698348e-07,0.9501343249084946,-0.5835116651520524,-5.735114827487564e-09,-0.001686253022084916,1.8141215962151592e-06,7.594516788781882e-05,0.00022652683812406698,0.68822606953369,1863,1866,,0.00019988861294406238,True
82932,20,1,5.783055944698348e-07,0.9525762659262037,-0.5245600978266602,-1.922108361362973e-08,-0.0041100537142881866,1.2871432766276664e-06,5.151939383152687e-05,0.00022372169852687818,0.6627813297846769,1863,1866,,0.00021067923159297718,True
83011,20,1,5.783055944698348e-07,0.9476840731571828,-0.5956875946581555,-3.42017525412075e-11,-0.0025414139932269375,1.088063298672585e-09,4.593944880582162e-08,0.0005726114180244533,1.2538078442694762,1863,1866,,0.00039421621727484804,True
83143,20,1,5.783055944698348e-07,0.9359108405940942,-0.5507799269314082,1.1362980287032975e-05,-0.003966114718253699,0.003471470483980464,0.14610800382762185,0.000527214681823781,1.3667599470966354,1863,1866,,0.00027574769979744104,
83186,20,1,5.783055944698348e-07,0.9453313394113779,-0.5531946643340089,0.0012112494379922234,-0.002184030380064428,0.03318807183216652,1.553239451545567,0.0006687323060815737,1.9738446461991412,1863,1866,,0.00022405543475735473,
83188,20,1,5.783055944698348e-07,0.9411368838816228,-0.5345473215691352,-3.3599789617255738e-12,-2.3437095569622812e-05,2.0061992709030325e-10,8.515076272126867e-09,-0.00048268841811391263,-0.9043899184811958,1863,1866,,0.000530598370484608,True
83233,20,1,5.783055944698348e-07,0.9483049287319757,-0.6182541905873433,-1.404165672624913e-11,-0.00742036722618189,4.0298482673195167e-10,1.7396825803832564e-08,0.00021721205792596534,0.4851111879949614,1863,1866,,0.00037328183705747893,True
83264,20,1,5.783055944698348e-07,0.9485043666697455,-0.5326444050768868,-2.43770559293921e-10,-0.009547146444589538,1.0158802082842127e-08,4.059327904102482e-07,0.0003273379722838568,0.7832737818299772,1863,1866,,0.00032464522161287945,True
83366,20,1,5.783055944698348e-07,0.9417646472887917,-0.6746641475623427,-4.962454891455081e-10,-0.0006905440019429054,1.839232358583499e-08,7.923579478183692e-07,-0.0011577979331729496,-1.2904890030460392,1863,1866,,0.0014856550215181865,True
83421,20,1,5.783055944698348e-07,0.9443862330309828,-0.6046036559546455,0.00027058465183704694,0.0006218453432048632,0.016221716646395202,0.7215884435189925,4.857957162041169e-05,0.085574363781379,1863,1866,,0.0005933609579698416,
83443,20,1,5.783055944698348e-07,0.9565228680046236,-0.5435060607758766,-5.274834347090973e-09,-0.001886041140992667,2.691803554288205e-07,1.1280265561473477e-05,0.0004406496168866728,1.6821974182694783,1863,1866,,0.00013252146267289205,True
83445,20,1,5.783055944698348e-07,0.9416530405799997,-0.6296975822578439,-4.646487639092811e-10,-0.011500565690000908,7.798762891646715e-09,3.331193966473805e-07,-0.0005350019373504138,-0.777486284388328,1863,1866,,0.000881148409509277,True
83450,20,1,5.783055944698348e-07,0.9516424763359514,-0.5138607782695923,2.9438111754931384e-06,-3.02446936784051e-05,0.0017975230195470793,0.07422946026528758,0.00023332043660635472,0.47691172033051205,1863,1866,,0.0004448064294147454,
83462,20,1,5.783055944698348e-07,0.9540143056885264,-0.45211294031505034,0.001221294171923737,-0.0009863636909790419,0.03490331762823074,1.5626467688939218,0.00038063079371025835,0.8706448968614526,1863,1866,,0.00035842572892036525,
83509,20,1,5.783055944698348e-07,0.9482383880336517,-0.5613774741121196,-3.8400393975734914e-12,-0.0002798160279855466,5.6196991683867486e-11,2.2180512309604395e-09,-9.282439286374299e-05,-0.19650812271449236,1863,1866,,0.0004150877681928651,True
83597,20,1,5.783055944698348e-07,0.9459379600676708,-0.5664409090530511,-5.071427722214139e-10,-0.00047833323735990696,5.01929134884212e-08,2.0384603645041886e-06,0.0005794417966012412,1.770177126351206,1863,1866,,0.00019908521559379463,True
83601,20,1,5.783055944698348e-07,0.9492815186268537,-0.5394484756312825,-3.205657961302677e-12,-0.0018802297178033278,1.8507681717851241e-10,7.953830730510957e-09,0.0007285768717738856,1.3760600078262322,1863,1866,,0.0005495748753706406,True
83604,20,1,5.783055944698348e-07,0.9539482336080877,-0.6123440398380333,-1.80374049030263e-09,-0.0021379824858911434,4.184998833695054e-07,1.8352849385255015e-05,0.00040262862658791207,1.1269226158711798,1863,1866,,0.00024041717702269185,True
83661,20,1,5.783055944698348e-07,0.9419816566039289,-0.6144167533345697,-1.1687020240458423e-09,-0.0010808134909154887,5.068867024652553e-08,2.120879572563995e-06,0.00044698259208542096,0.9710328215137171,1863,1866,,0.0003916106528712369,True
83671,20,1,5.783055944698348e-07,0.9473583738039159,-0.6104001276068445,-7.314977290562297e-09,-1.0792695103178929e-05,1.5490567009309868e-07,6.660577371404407e-06,0.0003547471634329154,0.5952078214830154,1863,1866,,0.000666498572116574,True
83720,20,1,5.783055944698348e-07,0.9541026235024375,-0.5686932455466018,1.8673945081371102e-06,-0.001237036515715939,0.0014098545321312701,0.05920360948099794,0.0008312945805931419,1.9348230934219874,1863,1866,,0.0003475799586033916,
83728,20,1,5.783055944698348e-07,0.9634292114053432,-0.6345828045477293,-3.490436362163507e-08,-0.00011064996717569109,4.054061341565859e-07,1.681373480928632e-05,0.0005822627180291293,2.393215455242503,1863,1866,,0.00011042753990446465,True
83822,20,1,5.783055944698348e-07,0.9501944456425006,-0.6479209136248578,0.0007064703849837262,0.0014292141735026131,0.024050130169699032,1.1757743061145758,-0.0004045339966450489,-0.6961601840908116,1863,1866,,0.0006277017979949061,
83834,20,1,5.783055944698348e-07,0.9372361082891113,-0.9346646971884687,-4.5619730215662457e-10,-0.0004440204255187208,1.879884197188313e-08,1.0189191631384705e-06,-0.0009445120237329704,-0.836808693836136,1863,1866,,0.002348555874129978,True
83835,20,1,5.783055944698348e-07,0.9444515994861769,-0.4632177108815234,3.044964011089668e-05,-0.004730066549347489,0.005768464831351272,0.2393727805110949,0.0004220061981510183,1.5253581847697946,1863,1866,,0.00014251838710650902,
83856,20,1,5.783055944698348e-07,0.945392128587243,-0.5824310129368067,3.973035802573577e-07,-0.0036370787970643192,0.0006177247574941057,0.027377940539935693,0.001082017444541022,2.5364926027398402,1863,1866,,0.0003366738175498401,
83976,20,1,5.783055944698348e-07,0.9407411557079798,-0.7059191924939114,-1.0382028570177226e-10,-0.003196864049257231,1.621628789671e-08,7.237015973658868e-07,-0.0004054530708400125,-0.5861863740048634,1863,1866,,0.000887685075468256,True
83987,20,1,5.783055944698348e-07,0.9583980769734723,-0.5802224871377477,-1.421773809795468e-11,-5.890738608904655e-06,2.0020941869540587e-10,8.33239189890354e-09,0.0004045555465380269,1.266547378517684,1863,1866,,0.00019042773308406276,True
83989,20,1,5.783055944698348e-07,0.9382307803166495,-0.784486823928781,-4.150084720322411e-10,-0.002063972106015388,5.583943699854498e-09,2.620378818342155e-07,0.0010149599795333524,1.2187685215118809,1863,1866,,0.0013095240317641005,True
84007,20,1,5.783055944698348e-07,0.9386249286887867,-0.7559505357250331,-4.004998110929137e-09,-0.0019386377188501669,7.621127345859119e-07,3.7324145051812674e-05,-0.0006604240352164782,-0.6446775103901413,1863,1866,,0.0019313376756477589,True
84026,20,1,5.783055944698348e-07,0.9765611907271653,-0.6896940795307016,0.0006778954162546258,-0.007307822945415543,0.0211944423983343,1.148736440083511,5.878945563712177e-05,0.08475401858562066,1863,1866,,0.0008975370252050787,
84032,20,1,5.783055944698348e-07,0.9456288056104165,-0.4670070840454128,0.0012096443830248438,0.002462245238459726,0.033543710423630586,1.5530627525724194,-2.1441577073819723e-05,-0.04278265551660912,1863,1866,,0.00046823349284345553,
84041,20,1,5.783055944698348e-07,0.9425846149958307,-0.6886912380922505,0.0015229682747485151,0.001977047645175589,0.035642292213042395,1.7493989069276394,0.0001221151490309227,0.21893983766395636,1863,1866,,0.0005828281650127303,
84042,20,1,5.783055944698348e-07,0.9372132122988888,-0.6007030617859377,-3.5579250656780914e-10,-1.8824809320916458e-05,5.833073406390338e-09,2.5062896153284847e-07,0.0006273604011848569,1.2379244108173997,1863,1866,,0.00048306785476902845,True
84083,20,1,5.783055944698348e-07,0.9439681909538385,-0.7060045201168745,-2.325712955553172e-10,-0.001829149307679634,1.4168374282608789e-08,6.837450127009467e-07,-0.0009180467859891041,-1.0582754487179007,1863,1866,,0.0013917761869781825,True
84103,20,1,5.783055944698348e-07,0.9438160295603462,-0.7439888118244573,-6.033106014768919e-09,-0.0009154756518150453,1.6721180565640976e-06,7.471604012317234e-05,0.00020821592631303646,0.43914488382787725,1863,1866,,0.00041923118722660195,True
84172,20,1,5.783055944698348e-07,0.9387771056082397,-0.5786385984247946,-1.0096461444675242e-09,-0.0055223135342128415,4.1910559921830455e-08,1.7705301197919287e-06,0.0005667973519561505,0.8579439573755252,1863,1866,,0.0008064882578302469,True
84176,20,1,5.783055944698348e-07,0.9381281222216465,-0.6516982072125754,0.00016007854156563361,-0.00045185220875954,0.012163612589563876,0.5521372022474887,0.0005639633384364127,0.9683188998527822,1863,1866,,0.0006368760030836301,
84181,20,1,5.783055944698348e-07,0.9504741640224306,-0.5191808015965833,-2.5056310359872214e-08,-0.0036491804000797767,1.3323048751352003e-05,0.000535005820511104,0.0006953518817706096,2.265573044673453,1863,1866,,0.00017623719077107565,True
84319,20,1,5.783055944698348e-07,0.9519504763573665,-0.6938015765136323,-4.371245587719841e-10,-0.005036885657327739,6.3231792333505465e-09,2.8807380918072693e-07,0.001577804576744487,2.4626300954650953,1863,1866,,0.0008058278683089822,True
84365,20,1,5.783055944698348e-07,0.9588018919543688,-0.5478721545422074,1.2391195982175418e-05,-0.0008550957440451867,0.003707367007049063,0.15265809423796534,0.0003328195415395256,0.6895618912677751,1863,1866,,0.0004388512837927116,
84372,20,1,5.783055944698348e-07,0.9429864462762624,-0.5181721056450843,-2.2316815062595197e-11,-0.004799941703537813,1.6075943814840848e-09,6.627031273285325e-08,0.0006265426567386828,1.2720959740586812,1863,1866,,0.00045072591930304647,True
84373,20,1,5.783055944698348e-07,0.9498411583058086,-0.48496461562511795,0.00037542872495976987,-0.015130467361885724,0.02052350641775496,0.8533135860223909,0.0004318244537079021,1.426260894040995,1863,1866,,0.00017074442369123018,
84375,20,1,5.783055944698348e-07,0.9530347161060336,-0.680034729570528,-2.0840229542073985e-09,-0.00028428678088987525,3.762089252424335e-08,1.6535228326726877e-06,0.0005973043076593709,0.9885248128496952,1863,1866,,0.0006845445458089213,True
84381,20,1,5.783055944698348e-07,0.9566452383327373,-0.5726677066818853,0.0027091156021916696,-0.0005051648463449965,0.04905240589989319,2.365626638677236,0.0007181514076423551,1.7644099414605972,1863,1866,,0.0003149713347969385,
84385,20,1,5.783055944698348e-07,0.9255511676942653,-0.6888891386076383,-8.010299090699391e-10,-0.0011991956359489464,7.580470271189698e-09,2.964002677766924e-07,0.0007465624544142853,1.5296880454668078,1863,1866,,0.0004393763573891015,True
84386,20,1,5.783055944698348e-07,0.9399755277988638,-0.5661622194273548,-1.4322799612997983e-08,-0.013502463259971398,3.527236773753214e-07,1.4715651671225228e-05,0.00020288049961362237,0.5494162350499178,1863,1866,,0.00025855742336790223,True
84392,20,1,5.783055944698348e-07,0.9432522165321107,-0.6084780262646208,-8.107527982303964e-10,-0.0001450965750393607,7.020300495258095e-09,2.86083117707019e-07,0.0006732407384381594,1.9787897525773572,1863,1866,,0.00021613327972848102,True
84576,20,1,5.783055944698348e-07,0.949697105661492,-0.6381902088215661,-2.64115396220177e-11,-0.00022321927390978047,3.5073559389687886e-10,1.5299067495829554e-08,0.00031425236873017806,0.45627180635802195,1863,1866,,0.0008856415168099217,True
84588,20,1,5.783055944698348e-07,0.9611432735665223,-0.5610343327710936,-8.036016296841808e-12,-0.001780693963232327,2.5419597391444887e-10,1.0314549654704733e-08,0.001019473758088937,2.4089459551607115,1863,1866,,0.00033737066842184915,True
84651,20,1,5.783055944698348e-07,0.938565272783521,-0.5415734784515696,2.4276258975053366e-05,-0.003171274868390972,0.005406804402760324,0.21345190678922876,5.1477300442151343e-05,0.08226348920914599,1863,1866,,0.0007325592342269567,
84656,20,1,5.783055944698348e-07,0.9487262465532026,-0.6056692323112631,1.832518827549201e-05,-0.0013541925582083447,0.0042316443907345755,0.18546436255556756,0.0005743739693703247,1.3292769398410915,1863,1866,,0.0003530448393734705,
84660,20,1,5.783055944698348e-07,0.9548918412291175,-0.6969335471621412,-3.08486569622346e-12,-0.004722424108739576,3.6062877618408035e-11,1.5803699268621194e-09,0.00031975368399900575,0.7792387353815294,1863,1866,,0.00031476185236613535,True
84661,20,1,5.783055944698348e-07,0.9539378357826197,-0.6512477550165994,-8.362199821476679e-13,-0.0050203600292437756,9.497434485272251e-12,4.07871841433743e-10,0.00026545262464096136,0.5887787722992637,1863,1866,,0.0003771616485974089,True
84668,20,1,5.783055944698348e-07,0.9410963038951563,-0.56848074720836,-8.787628402728842e-10,-0.000575564398011208,3.456546579712157e-08,1.4974733007822887e-06,0.0002020827009790728,0.39270428407373414,1863,1866,,0.000489385495558676,True
84734,20,1,5.783055944698348e-07,0.9435688707392763,-0.8709311034914304,-7.834621840174805e-12,-0.008877913688088546,1.7245833786773486e-10,8.209473736774374e-09,-0.0003551725666884803,-0.4033425885089661,1863,1866,,0.0014365904305842804,True
84767,20,1,5.783055944698348e-07,0.9424362044674571,-0.6349885820045447,-9.35254318434886e-10,-0.0024126937162598505,7.854817311294201e-09,3.2649553945758497e-07,0.0005185611191079575,1.5782205909414835,1863,1866,,0.00020121134087899557,True
84769,20,1,5.783055944698348e-07,0.9571106792591454,-0.4951817403728891,0.0003782618243672875,-0.005730968782817758,0.020406451426431493,0.8564000297836248,0.0007329027131935493,2.0962494718244176,1863,1866,,0.00022958033996683,
84772,20,1,5.783055944698348e-07,0.9435550268129701,-0.7495098863830247,-2.752020833440838e-11,-0.025534916404202024,3.054798301552787e-10,1.434167377290736e-08,-0.002590278887850534,-2.791520529142343,1863,1866,,0.0015996335869795338,True
84776,20,1,5.783055944698348e-07,0.9441857342763932,-0.6580911606947093,0.0012225557371204898,-0.001831593122976205,0.030082004461981133,1.5548450871172854,-0.0002086577510571422,-0.28987247961123574,1863,1866,,0.0009597933311387862,
84780,20,1,5.783055944698348e-07,0.9465125375995956,-0.7081006687184588,-4.201750947174787e-09,-4.177140377992217e-05,8.320177679604917e-08,3.5984765520340118e-06,0.0003869908434778847,0.7791944808211989,1863,1866,,0.000457928708742547,True
84781,20,1,5.783055944698348e-07,0.9412377115081341,-0.557366772479976,-1.002835925412171e-08,-0.0005529537248809557,2.2025388279966562e-07,9.487461881480116e-06,0.0003440897203703103,1.9777523501621332,1863,1866,,5.610609360329435e-05,True
84820,20,1,5.783055944698348e-07,0.9431807953679323,-0.602358805970189,0.001457267720739508,0.0007853431111491949,0.03533924450524657,1.707473433710957,-0.0007255893792962771,-1.2343602238632805,1863,1866,,0.0006494845436231991,
85058,20,1,5.783055944698348e-07,0.9484252024879438,-0.518435593945326,-1.2258147830124244e-09,-0.0016042017270339048,2.4380022235957847e-08,1.000801725807629e-06,0.00048693028802678065,1.5536344615194315,1863,1866,,0.00018508321495729163,True
85059,20,1,5.783055944698348e-07,0.9531480096494296,-0.5653409629241497,0.00023753452873254144,0.00047427878385597477,0.015022781714683839,0.6757155097595959,0.0006882928131164447,1.2729027497628613,1863,1866,,0.0005412193119641826,
85067,20,1,5.783055944698348e-07,0.9475291677435149,-0.5561339113791932,0.00030525696166872063,-0.008985497329643266,0.016731061196733323,0.7664404718409864,0.0008416798501697507,2.0199333441531926,1863,1866,,0.00032293822184819535,
85072,20,1,5.783055944698348e-07,0.9413370826455184,-0.5511641375603751,-2.0443646775447633e-12,-0.0022936938683792985,2.527900182885811e-11,1.064713321819446e-09,1.1597258146874973e-05,0.02555945731353623,1863,1866,,0.00038551784100689936,True
85077,20,1,5.783055944698348e-07,0.9369932356081432,-0.6270450638291016,-1.3607559523620694e-11,-0.018483194112962842,1.5260729613006892e-10,7.050249831178128e-09,0.00027100791869213975,0.37308876603414565,1863,1866,,0.0009731899695371791,True
85081,20,1,5.783055944698348e-07,0.9559187192582864,-0.6200532347299308,0.0006831350823524041,-0.0026729920387245087,0.025222753271927283,1.156962888576354,0.0004261896193655451,0.6728355951975538,1863,1866,,0.0007590384213064955,
85082,20,1,5.783055944698348e-07,0.9423647474449808,-0.5946799849099058,-5.227640542670997e-11,-0.0068153813734084245,8.108949971297058e-10,3.361373831851977e-08,0.0006269041497524665,1.975333132262213,1863,1866,,0.0001875611314929517,True
85168,20,1,5.783055944698348e-07,0.9406042043669928,-0.6682768360430538,0.0004979033191918614,-0.003940390701496543,0.02054525850698189,0.9821566198028396,-0.0003502665671406903,-0.42919261494030586,1863,1866,,0.0012360416150107645,
85172,20,1,5.783055944698348e-07,0.9538053924279921,-0.6055374185654021,0.0007987149725851017,-0.001426808531971968,0.02681176162489241,1.253056273733667,6.786893711529505e-05,0.12060851707397223,1863,1866,,0.000599964154362768,
85234,20,1,5.783055944698348e-07,0.938336611441712,-0.6966412988467856,-6.808650532263982e-09,-1.4622227845206837e-05,1.0537479713781716e-07,5.170133712001679e-06,0.0005007401852652744,1.0290072944949789,1863,1866,,0.00044361348809184877,True
85237,20,1,5.783055944698348e-07,0.939381282612469,-0.5749382916164532,5.879816712639485e-05,-0.0035812234963679135,0.0073356134791359865,0.3332684762010178,-0.00037723893116196173,-0.6350891025477509,1863,1866,,0.000654229777564457,
85246,20,1,5.783055944698348e-07,0.9431962346443418,-0.574875419501343,0.000172487601751925,-0.0020760459638275996,0.01256741103973003,0.5732199006665947,0.0004042016410778072,0.8412731938385997,1863,1866,,0.0004306621739893708,
85254,20,1,5.783055944698348e-07,0.9499004802278425,-0.573383528937353,5.964913593947685e-06,-0.0007452825168017263,0.002414387614470572,0.10553565834135153,0.00044889668898348686,1.0584997817286632,1863,1866,,0.0003386981727552736,
85257,20,1,5.783055944698348e-07,0.9540014226774692,-0.5594971067696977,-2.4616886307171626e-10,-0.00028710373112006415,4.448896948818179e-09,1.8040377427542526e-07,0.0007236889284699767,2.1229959250479937,1863,1866,,0.0002150286838477303,True
85259,20,1,5.783055944698348e-07,0.9521407156622869,-0.5001366155070217,0.0005509601937639941,0.00014432467723823894,0.024256862744625424,1.0382908837961295,0.0006410918757070815,2.021887515724831,1863,1866,,0.0001869292564186135,
85261,20,1,5.783055944698348e-07,0.9453549471781696,-0.7311806089757695,-4.6236006134847685e-09,-0.013906947018152094,9.140087733819081e-08,3.962314871796297e-06,-0.0006536192118576181,-0.9755069684708759,1863,1866,,0.0008368176956353655,True
85265,20,1,5.783055944698348e-07,0.9469170199171628,-0.5935425638147045,-2.1388931070731587e-08,-0.0011043491073545741,5.783487174127952e-07,2.3537120386294844e-05,0.0005372732223366109,1.3872224059925355,1863,1866,,0.0002838537124551678,True
85269,20,1,5.783055944698348e-07,0.9455654691178469,-0.6172735365460653,0.0025429241370334976,0.0020128843302467114,0.046829104812106205,2.2836968308648764,0.0008457862239375512,1.670959544917063,1863,1866,,0.0004791881654022345,
85337,20,1,5.783055944698348e-07,0.95437075191492,-0.5710101451714023,-5.695330873578541e-10,-1.8620575283678775e-05,4.786670859647461e-09,1.9537037241438274e-07,0.0006159392532883958,1.5484247370521869,1863,1866,,0.0002936997648463567,True
85339,20,1,5.783055944698348e-07,0.9521959855785391,-0.5344841986105688,-1.8228251463803247e-07,-0.0017694742107545736,6.077056463990062e-06,0.00025831405297651645,0.0002559614958527,1.6089270590183655,1863,1866,,4.664734755045172e-05,True
85340,20,1,5.783055944698348e-07,0.9492508501666447,-0.5762588285788923,-3.848031226993953e-09,-0.000373778319276985,3.513836923673178e-08,1.4784665734479026e-06,0.0003054377776136051,1.7066966160229993,1863,1866,,5.88614178008818e-05,True
85346,20,1,5.783055944698348e-07,0.946701860132281,-0.6192331185045199,-1.2004619520666893e-11,-0.004440105877693723,1.4861683206457166e-10,6.558694282539902e-09,-0.0004572280687979817,-0.8279904559367615,1863,1866,,0.0005666118363127615,True
85348,20,1,5.783055944698348e-07,0.9510076039312618,-0.47245264781424723,1.3542366647634196e-05,-0.003691965387239593,0.00405707998829975,0.15942555023851518,0.0007013161363363566,2.001680128322627,1863,1866,,0.0002290355384200414,
85349,20,1,5.783055944698348e-07,0.9485602991247348,-0.6372087978535974,-4.089533156559355e-10,-0.0067454377686040345,1.4707194520822444e-08,6.428498139315963e-07,0.0002811797328900812,0.3681101670716796,1863,1866,,0.0010903261254495695,True
85414,20,1,5.783055944698348e-07,0.9499267531299055,-0.4927800389716992,0.0005565839663790317,-0.011687733421873903,0.0243646005495865,1.043374984829433,0.0003025827395630091,1.164496440173561,1863,1866,,0.0001259175455552309,
85419,20,1,5.783055944698348e-07,0.9456980388570491,-0.5739895548292666,0.0003742129665670335,-0.003520050796381291,0.01819495019817181,0.8503198768007804,0.0006689512686326197,1.1689463405767897,1863,1866,,0.0006083221188002125,
85421,20,1,5.783055944698348e-07,0.9529130827755207,-0.5433992435208219,1.8257784688557877e-06,-0.0006119743016890222,0.00140091925786792,0.058528823591807506,0.00018606671604986014,0.6086152310538219,1863,1866,,0.00017534966160490825,
85424,20,1,5.783055944698348e-07,0.9504311456967253,-0.4988262354004267,-3.284220007060412e-09,-0.0002822901099592823,1.5864682182602734e-07,6.600819116237359e-06,-3.772741339086654e-05,-0.07462585173193138,1863,1866,,0.00047308751234059315,True
85425,20,1,5.783055944698348e-07,0.9534034256548735,-0.5188765355525005,-5.855327334103322e-10,-5.595919061462951e-09,1.0924166979754506e-08,4.4979024221757384e-07,0.00010594563417774014,0.2602947479819575,1863,1866,,0.0003068971375241107,True
85426,20,1,5.783055944698348e-07,0.9432278597801211,-0.6823378040418271,-6.246404948839768e-09,-0.00022728320603060403,3.435893033352017e-07,1.4069576636624614e-05,0.0008701303719739877,1.8443615291465512,1863,1866,,0.0004138685230978563,True
85427,20,1,5.783055944698348e-07,0.9425712644160925,-0.5704436024645769,0.000607431687738913,0.0011398466655336836,0.023879128857614916,1.0905463188208158,0.0004245127769907619,0.812915395859416,1863,1866,,0.0005216149424366929,
85440,20,1,5.783055944698348e-07,0.9390146272206734,-0.6722491291755472,0.00015827829541104066,-0.001039924671516479,0.012313224072838901,0.5488577061638766,0.0004359682101011572,0.6361922358406266,1863,1866,,0.0008770004719782035,
85442,20,1,5.783055944698348e-07,0.9594763352297083,-0.5381147749921622,-1.2094648838001376e-08,-0.004477097056966972,3.0188803105505875e-07,1.2378177845854912e-05,0.0008384397247479988,2.303470540545764,1863,1866,,0.00024857785395925323,True
85449,20,1,5.783055944698348e-07,0.9608363496196023,-0.5277819267906079,-1.8120960065814984e-08,-0.00017116500542391222,3.4145653636993034e-05,0.0014257163296090432,0.0005491134737809049,1.5373457574536613,1863,1866,,0.0002382214175024496,True
85517,20,1,5.783055944698348e-07,0.9419300772773223,-0.5125433482082828,-1.8628489639738177e-08,-0.0012625009723787883,5.110897863286904e-07,2.055809593682006e-05,0.0006115371790608719,1.8130995272413832,1863,1866,,0.00021138397710039776,True
85592,20,1,5.783055944698348e-07,0.9449571813961691,-0.5946835100622436,1.3782450188903894e-06,-0.0020025973905615224,0.001255650399710837,0.051015607557913956,0.0006556134684093099,1.7021583776850708,1863,1866,,0.000278500059736353,
85593,20,1,5.783055944698348e-07,0.9556949767368668,-0.6579651226084777,1.0210279314248893e-06,-1.7916794909922373e-06,0.0009965699727370195,0.04367605811442461,0.0005232045801911824,1.1550523063516756,1863,1866,,0.0003827237032571307,
85602,20,1,5.783055944698348e-07,0.9214686067661026,-0.6526306144977114,2.2445778692037344e-05,-0.006335141704586267,0.004424529580048985,0.205427670982108,-0.0008861907768120475,-0.998564070096013,1863,1866,,0.001457718801791411,
85604,20,1,5.783055944698348e-07,0.9498849365593856,-0.6254048058453632,-4.88459184211365e-08,-0.0005099708498808031,6.332572907713897e-07,2.538974858349167e-05,0.0006583964626441247,1.9550022968511378,1863,1866,,0.00021213753562746897,True
85616,20,1,5.783055944698348e-07,0.9208670367134961,-0.5633422523435472,-1.8100188015068852e-11,-0.014159730809312432,2.621230314564235e-10,1.0855015039391775e-08,-0.00018238962775199736,-0.38656736736852193,1863,1866,,0.00041325332788243175,True
85621,20,1,5.783055944698348e-07,0.9515285284691452,-0.596185049530028,-3.2703724617277885e-08,-0.004776743036790654,3.1805966496103403e-07,1.4231271478809068e-05,0.0009718711354579187,2.6956547708637166,1863,1866,,0.00024176655832145962,True
85627,20,1,5.783055944698348e-07,0.9530358735268663,-0.5867771911440234,0.000365903889731789,0.0005610942690906784,0.018662103813899263,0.8412580580214746,0.0004151839251934683,0.7571246021476994,1863,1866,,0.0005601962749174354,
85636,20,1,5.783055944698348e-07,0.9302374132486093,-0.45566610293455634,0.00031217267845395913,-0.009597725141429203,0.01875027129234856,0.7770644202294461,0.00035501981628359924,1.2881811818836881,1863,1866,,0.00014159992665014178,
85645,20,1,5.783055944698348e-07,0.9561359792106301,-0.6152351330354644,-8.003375739917828e-12,-9.034767754156903e-06,9.09799498424188e-11,4.1295744018132994e-09,0.0007782031197469928,2.1597149910526094,1863,1866,,0.0002516000567714513,True
85653,20,1,5.783055944698348e-07,0.945878005544511,-0.6656038145953302,-1.7897686444001693e-08,-0.001177758869501,2.499991555009057e-06,0.00010766902404460168,0.0005275422847385556,1.2370661219926085,1863,1866,,0.00034054841469159035,True
85663,20,1,5.783055944698348e-07,0.9459283561559714,-0.6637419273907972,-1.798627913274231e-10,-2.1453688315631325e-05,6.477553198321813e-09,2.738416327906846e-07,0.0014379928346523328,2.0818237955348047,1863,1866,,0.0008899755498161657,True
85763,20,1,5.783055944698348e-07,0.9389007924923215,-0.6111933717283142,0.0012761929580054066,-0.0001764101079708702,0.03312561087980551,1.594922233526707,0.0007271762125077172,2.3406091389743207,1863,1866,,0.00017880906040072133,
85772,20,1,5.783055944698348e-07,0.9485078526454259,-0.783444784205876,-9.289413682722625e-11,-8.769656498386347e-05,2.663069647956237e-09,1.2234118157097675e-07,9.947864447961742e-05,0.12149951336858136,1863,1866,,0.001254190254565599,True
85789,20,1,5.783055944698348e-07,0.9496225978846785,-0.5254096887573472,0.0006621236345971671,-0.0004856026068809083,0.025713171531094595,1.1391712379323935,0.0002496534977615811,0.530768897136187,1863,1866,,0.00041041341532634335,
85792,20,1,5.783055944698348e-07,0.9533860522682883,-0.694747289279136,-1.742184174702288e-11,-0.007056770979698257,4.3095256475675285e-10,2.0056904293230708e-08,0.00031904590051987195,0.6726552167238431,1863,1866,,0.00041977721960309133,True
85796,20,1,5.783055944698348e-07,0.9517612595744561,-0.6416292080356862,-4.618758708829773e-10,-0.00024352135747296444,1.6593238409020575e-08,7.295062673002662e-07,0.0004939407994418629,0.8984104809974014,1863,1866,,0.0005601236813055242,True
85897,20,1,5.783055944698348e-07,0.9560919192531353,-0.6124320542757136,-6.360143878225699e-08,-0.011540658366361312,1.6172061808593949e-06,7.205401203643883e-05,0.0003919931151177794,1.4278890171528844,1863,1866,,0.00013952284290187275,True
85905,20,1,5.783055944698348e-07,0.9590740240001911,-0.5879820392751891,1.4479553649415777e-05,-0.005071165769925612,0.0037147401606787704,0.16477829425064933,0.00034275500333387303,1.5890717862953914,1863,1866,,8.655203790760503e-05,
85908,20,1,5.783055944698348e-07,0.9546385930898388,-0.6318966687973677,0.0002473431274246929,-0.003613396482470277,0.0161858617404512,0.6903123459539892,0.0006487493321724372,1.4924721913304642,1863,1866,,0.00035985526347121676,
85914,20,1,5.783055944698348e-07,0.941963947492434,-0.6177210153718529,0.0005037049035915286,-0.011415898965823734,0.021257713346805582,0.9894736024141563,0.0003670293972154489,0.6148195489845006,1863,1866,,0.0006579796241987925,
85916,20,1,5.783055944698348e-07,0.9477614050004176,-0.530262831042783,-1.920012593359388e-09,-0.0016653829027926115,8.499046107225705e-08,3.614573846758048e-06,0.00029902195166280987,1.9402024423188655,1863,1866,,4.3941120694665354e-05,True
85917,20,1,5.783055944698348e-07,0.93014143878835,-0.6118781289487409,-3.237468293448842e-09,-0.00015487959425275477,6.331192052121403e-08,2.7326419638483295e-06,0.00033684391059615547,2.1123157906321275,1863,1866,,4.708275004409104e-05,True
85918,20,1,5.783055944698348e-07,0.9335291827605334,-0.48300379907839686,-7.062260998225156e-08,-0.00035819745282350546,1.6080885305742935e-05,0.0006538208221483406,0.000242243651964093,1.6755459227164478,1863,1866,,3.859414061791758e-05,True
85925,20,1,5.783055944698348e-07,0.9397766478113097,-0.5358904514766023,1.8632360552883753e-05,-0.004787399798698688,0.0045487391883837535,0.1871055538397283,0.0002965964290420776,0.7167063034269836,1863,1866,,0.00031635249723634265,
85926,20,1,5.783055944698348e-07,0.9418793534955069,-0.52473304417,0.0003031678783383951,0.0004460902811604939,0.01813922386480263,0.7653470751432713,0.0005270934523481137,1.2924810322344171,1863,1866,,0.00030865973667740633,
85931,20,1,5.783055944698348e-07,0.9374678924146413,-0.5763247052991223,-4.34311031582979e-10,-0.0001669840191895755,7.253898777460381e-09,3.1178140560266184e-07,-6.20659870470155e-05,-0.12113900642529131,1863,1866,,0.0004862681799775191,True
85935,20,1,5.783055944698348e-07,0.9629048575875857,-0.5199383948474245,-6.717901790409542e-10,-0.003109338610778778,1.3486766779124217e-08,5.392833648617166e-07,0.000610268472435314,2.3010135713254662,1863,1866,,0.0001299220445602461,True
85939,20,1,5.783055944698348e-07,0.945550578240543,-0.6174158479449103,-3.931701186843384e-09,-4.5107533486188345e-08,8.156695344523193e-08,3.437743843234069e-06,9.88182302562091e-05,0.20092807595723816,1863,1866,,0.00045530579181499235,True
85942,20,1,5.783055944698348e-07,0.9369664451458772,-0.5873802315433758,0.000554656488279015,-0.006782708817388627,0.023932427890277167,1.040700706365656,0.00037658610012929325,1.6801122088959957,1863,1866,,9.393016905843024e-05,
85945,20,1,5.783055944698348e-07,0.9587874239830733,-0.6487832663218769,0.0008752690251307982,-0.0061238232674312165,0.028072497279821126,1.3124476090333685,0.0009744263616275815,2.268222409426967,1863,1866,,0.00034082816756977777,
85947,20,1,5.783055944698348e-07,0.9481735920785277,-0.6760712981787393,1.2640033495436853e-05,-0.002948150166738994,0.003742557724634666,0.15408043318051018,0.00037595339627090893,0.8076174023094264,1863,1866,,0.00040687384098184577,
85951,20,1,5.783055944698348e-07,0.9395128771266746,-0.5635997054459114,9.476121243245927e-08,-0.0023816903498390385,0.00031290476695725386,0.013345818631488713,0.0008118029186006125,1.1202093626936813,1863,1866,,0.0009779684861976902,
86021,20,1,5.783055944698348e-07,0.9507257156654577,-0.6292093827239342,-2.202260596106953e-11,-0.004378492535959788,2.930206350997e-10,1.2716250357850777e-08,0.00046627155513645296,1.5147175370724257,1863,1866,,0.00017605558519078558,True
86023,20,1,5.783055944698348e-07,0.9353159892146629,-0.45863462730423765,-1.1424770018919617e-09,-0.000371795758987048,1.3782778346093698e-07,5.329615257152027e-06,0.0002697028514983629,1.655177054883951,1863,1866,,4.89455166285973e-05,True
86033,20,1,5.783055944698348e-07,0.9331573114394972,-0.5911934249728734,0.00030781965617987517,-0.017713029123608504,0.01718227830365343,0.7699871617532253,0.000272146580469047,1.3282129100533706,1863,1866,,7.953308605810827e-05,
86102,20,1,5.783055944698348e-07,0.9451747795802384,-0.6117645593808438,-8.826717134979845e-12,-0.0001417087710691156,2.3309160556067427e-10,1.0331989326692461e-08,0.0002851524964394078,0.7330898429132264,1863,1866,,0.0002824126060738637,True
86106,20,1,5.783055944698348e-07,0.9449694398860726,-0.5293839085612002,0.000981298579988299,0.0007799217773520883,0.030770276250709404,1.394774248567068,6.367346265904417e-05,0.1518602412251967,1863,1866,,0.0003249871325667877,
86111,20,1,5.783055944698348e-07,0.9610962685601894,-0.6230309738836599,-1.0810481398948468e-09,-0.0011614505903707606,1.9888933328904583e-08,8.43050826486324e-07,0.0006780404259184078,2.2457457398890583,1863,1866,,0.00017100873446074315,True
86115,20,1,5.783055944698348e-07,0.9510581956961517,-0.6229721822682728,-8.39578406797159e-10,-0.0010878432337890764,1.7077130896450606e-08,6.855053094678069e-07,0.00015332761302618462,0.3248072905064874,1863,1866,,0.00041751417654037765,True
86117,20,1,5.783055944698348e-07,0.9382248691682833,-0.6208539346857922,-7.475812857649089e-09,-0.004679520287672823,3.7830319754342235e-07,1.622242741527858e-05,0.00029985020006215683,1.3430813881157453,1863,1866,,9.474412825766135e-05,True
86121,20,1,5.783055944698348e-07,0.9484693197828796,-0.6557626628304773,9.388780533237107e-05,2.3075861710020185e-05,0.008753767571808263,0.4214711707583951,0.0005749826583391072,1.2920522750262955,1863,1866,,0.00036702887886063865,
86128,20,1,5.783055944698348e-07,0.9559572229954043,-0.5832558306573148,-6.247091732802801e-11,-3.1615407038998455e-06,9.289805622858299e-10,3.9374244538171466e-08,0.0003433365843679344,0.4790371420761418,1863,1866,,0.0009602600712815595,True
86136,20,1,5.783055944698348e-07,0.954794393035158,-0.6665231093073423,-5.634149813360523e-09,-0.0006117181028328922,2.470922296627425e-07,1.1155091300501909e-05,0.0005657082443944202,2.235638558955209,1863,1866,,0.00011921452957900627,True
86143,20,1,5.783055944698348e-07,0.956727842603782,-0.5185934211723349,0.0019164924321191101,-0.0038451251597892977,0.041237654292943,1.971162885386419,0.00026800527919322657,1.2900872987410628,1863,1866,,8.13070260947767e-05,
86218,20,1,5.783055944698348e-07,0.9594527539867072,-0.5435592967186176,6.373583632557356e-05,-0.005842076046044475,0.008260306158998856,0.34713458057464075,0.00026134035278784125,0.9178616373388312,1863,1866,,0.00015207259693209444,
86223,20,1,5.783055944698348e-07,0.9442500294063761,-0.4858766418165166,0.0003144721082728452,-2.7031313605263563e-06,0.01937684531086781,0.7802293134034212,0.0004950915692814728,1.4002345903246243,1863,1866,,0.00023293655485867866,
86228,20,1,5.783055944698348e-07,0.9496321517053671,-0.6444285844949948,-9.44628819610216e-11,-0.0053558573532688225,1.5386981395557598e-09,6.342461093222615e-08,0.0005916296299406917,2.2532833015562397,1863,1866,,0.0001284969378814088,True
86305,20,1,5.783055944698348e-07,0.9515008024608553,-0.6801705254383281,-6.408562569504284e-10,-0.0007341267391676176,2.3513097196610152e-08,1.0416789539348265e-06,0.0004623439825742187,1.1690159078791413,1863,1866,,0.0002903883454066767,True
86313,20,1,5.783055944698348e-07,0.9535072157148472,-0.6275229620360165,-2.399189735768914e-10,-2.8454038802916415e-06,1.7310136732836976e-09,7.379490521851292e-08,0.0003746649968788814,1.1520674297007405,1863,1866,,0.00019729403524638484,True
86314,20,1,5.783055944698348e-07,0.9564871068296399,-0.6817211979346776,-8.327657896600726e-09,-4.102263151395391e-08,1.6811249367983333e-07,7.42639486153051e-06,0.0005936928062974561,1.7258496653019344,1863,1866,,0.0002234761650062519,True
86339,20,1,5.783055944698348e-07,0.9559884043731597,-0.6002161408733528,-5.666380697988416e-10,-1.7382778580765645e-05,9.750407386101002e-09,4.1591657657033444e-07,0.0006177875772176575,2.0991851317143895,1863,1866,,0.0001620221597754867,True
86341,20,1,5.783055944698348e-07,0.9428392782249345,-0.6709042922368988,0.0013297519375333744,-0.010053245623513618,0.034035000464439864,1.632100772208353,-0.0006986003103474573,-0.9913925513101874,1863,1866,,0.0009231628116512966,
86349,20,1,5.783055944698348e-07,0.9554971317468286,-0.5039996752774194,0.0011525938148750914,0.0012363647614059836,0.03292671870274785,1.5153911450988193,0.0004564857409938963,0.9756533912552204,1863,1866,,0.0004094136139588659,
86369,20,1,5.783055944698348e-07,0.9567665746284463,-0.5525823753020007,0.0007448195172145011,-0.00455784727463171,0.02691240592115196,1.2099567167779284,0.00024740544982454954,1.325958294965476,1863,1866,,6.529887339416424e-05,
86372,20,1,5.783055944698348e-07,0.9602567868707251,-0.5251107205507335,0.0005264061918826002,-0.0007098111826910891,0.022685828177912357,1.0123333959499758,0.0007100633087898219,1.802745329135745,1863,1866,,0.0002892056625689881,
86408,20,1,5.783055944698348e-07,0.9500635424778167,-0.5950520961130386,-3.5330183223436507e-11,-0.0040661297814312825,1.0903752407337539e-09,4.680728956192181e-08,0.0009288850258666171,1.7387247970557758,1863,1866,,0.0005316565504704035,True
86416,20,1,5.783055944698348e-07,0.9391889562113539,-0.5130926856197011,0.0013027199101978137,-0.00431191158030364,0.03668875287230527,1.617089445017054,0.00030502371550091077,1.752874355363027,1863,1866,,5.6689624936395234e-05,
86486,20,1,5.783055944698348e-07,0.9510456133794979,-0.5794172551140389,-8.376114668529056e-08,-0.0009825830097391908,7.881578794476259e-05,0.0034511223153351933,0.0002514176609592209,1.884480185208088,1863,1866,,3.303615658671319e-05,True
86547,20,1,5.783055944698348e-07,0.9528832988567209,-0.6244329779157509,-2.4895419059589585e-11,-0.0003127547125680863,7.522035833422743e-10,3.2260671937492993e-08,0.000284128463826718,0.44358824772451816,1863,1866,,0.0007859794481871505,True
86556,20,1,5.783055944698348e-07,0.9536168500634742,-0.6596154705675135,-1.228481356640998e-07,-0.00258903030462565,2.7816400725224222e-05,0.0012175436690160196,0.00030877190072811975,1.54765083409366,1863,1866,,7.425126327231572e-05,True
86560,20,1,5.783055944698348e-07,0.9429960577286512,-0.7534131412033611,-3.054489994269716e-11,-4.0663496125858956e-08,3.602784167848254e-10,1.6553548510178038e-08,0.00014231656970073404,0.20568360192611398,1863,1866,,0.0008929530290811285,True
86563,20,1,5.783055944698348e-07,0.9495003835773115,-0.5716104442256351,-4.2778269815357817e-10,-0.00018661087345139826,3.907914859699087e-08,1.6259038512084437e-06,0.0003275771087664297,0.6889398032904579,1863,1866,,0.0004312787621152116,True
86593,20,1,5.783055944698348e-07,0.9570093349802881,-0.7835861742734547,-1.7852386235972517e-13,-0.00020112803834226867,1.5976195055736968e-12,7.374977073098353e-11,0.0003069992383720326,0.5485941694561867,1863,1866,,0.0005810348820562483,True
86594,20,1,5.783055944698348e-07,0.9459333355379741,-0.6304085919184981,-4.973430556276526e-10,-8.97018136369887e-06,8.25464796714212e-09,3.568173060900898e-07,0.0004600396018095902,0.8606618928015478,1863,1866,,0.0005295076784410932,True
86754,20,1,5.783055944698348e-07,0.9456871299393186,-0.5308461714510357,-4.167291622891867e-09,-0.0001131275733621262,2.1212448870109674e-07,8.809594844940813e-06,0.0002793532501618347,1.5720425709760413,1863,1866,,5.8036165794131304e-05,True
86799,20,1,5.783055944698348e-07,0.9458551894267148,-0.5569059518215176,0.0034802570363501317,-0.0017422352083722448,0.05056573939870863,2.687166681843266,-0.0005644434772743598,-0.7766047017967157,1863,1866,,0.0009885452508475135,
86802,20,1,5.783055944698348e-07,0.9403997798829443,-0.5856289448713354,-1.4521717162097048e-13,-0.0014849270871883924,3.209185056575867e-12,1.3867199741063803e-10,-0.0009134567119869902,-1.2684332790349309,1863,1866,,0.0009566954033641003,True
86810,20,1,5.783055944698348e-07,0.9430483838181196,-0.5976679641537384,-6.222436788050345e-09,-0.0016845841154395913,3.0811353454547803e-07,1.3212898707171136e-05,0.001121892964270111,1.8299188564112703,1863,1866,,0.0006976185450538629,True
86868,20,1,5.783055944698348e-07,0.9400244202117478,-0.5970797008692725,5.189428629925885e-06,-0.0025829184756243073,0.0022891923789936965,0.09856899808768685,0.00026008178799219407,0.6639397955512817,1863,1866,,0.00028836892230401165,
86869,20,1,5.783055944698348e-07,0.9451038237172275,-0.5083809613223729,0.0012540540577120618,-0.006853014432694815,0.035435462653623274,1.5843131608360135,7.042958183928175e-06,0.020101706476760763,1863,1866,,0.0002358195860549919,
86870,20,1,5.783055944698348e-07,0.9321302436343594,-0.5596263665675258,2.574446916092654e-06,-0.0010388871019713086,0.0017245625176740744,0.07171384506780985,0.0002633865561399884,1.8544500222021478,1863,1866,,3.718172676616857e-05,
86871,20,1,5.783055944698348e-07,0.9450319684234135,-0.5800087373840634,-2.036449826547937e-07,-0.0001513561880630565,2.8315540939397445e-06,0.00011909801794355723,0.0002587523127339232,1.9656147490971965,1863,1866,,3.1964712259837076e-05,True
86872,20,1,5.783055944698348e-07,0.9399948957275798,-0.510826573206939,1.3704697258143383e-06,-0.0020377317451796273,0.0012119159283388798,0.05093453075508174,0.0003476391208002137,2.1994438352658974,1863,1866,,4.6005749218215026e-05,
86876,20,1,5.783055944698348e-07,0.9387229367747125,-0.6439627526709533,0.00022697842247254574,-0.0009693301592126335,0.015244492343538942,0.659917383551889,0.00038125560987575514,0.8178421089134424,1863,1866,,0.0004067956730017888,
86889,20,1,5.783055944698348e-07,0.9478257298892857,-0.6890416699448669,-2.1859181131844707e-11,-0.002641302091875408,5.809144957224882e-09,2.754643774019501e-07,0.001108324739503113,1.3144828539536075,1863,1866,,0.0013516916844606129,True
86896,20,1,5.783055944698348e-07,0.9572388106874512,-0.545660878344032,0.000829265343412211,0.0005852973514162141,0.029275969651719694,1.2799856178632678,0.000694902159728447,1.8922801367119748,1863,1866,,0.00025603037566153966,
86942,20,1,5.783055944698348e-07,0.9556105936945414,-0.5253625868616818,-7.121733291981514e-08,-0.0062493058723784856,2.0110648630190407e-06,8.621488733832536e-05,0.0003153911504745562,1.12456248960799,1863,1866,,0.00015308109999676446,True
86949,20,1,5.783055944698348e-07,0.9449612455915885,-0.7193071597060463,-1.4461365438478424e-10,-0.0002948010614771679,2.08095211194291e-09,9.18977018070021e-08,0.0006146633483519312,0.9085084060254961,1863,1866,,0.0008508280922002938,True
86979,20,1,5.783055944698348e-07,0.9461369354386654,-0.572609672928641,0.001308804155464749,0.00016321515079442683,0.03508361373530649,1.6192188784919097,7.985365460467825e-05,0.15657820471749656,1863,1866,,0.0004816393821474974,
87033,20,1,5.783055944698348e-07,0.9502699057862031,-0.46939652482824945,-1.0133988537219807e-08,-0.004948256551994934,6.180556893584658e-07,2.4834275416719877e-05,0.00015107596311413583,0.4554758309041201,1863,1866,,0.00020592881852662113,True
87034,20,1,5.783055944698348e-07,0.9444917900714724,-0.6056868047001738,-4.0201775242110216e-10,-0.001694193437136171,6.7924585373636766e-09,2.8857769027765946e-07,0.0008580674152564573,2.220800404511147,1863,1866,,0.0002771099358867886,True
87043,20,1,5.783055944698348e-07,0.9519254085060991,-0.8818834634274495,-7.742695373735842e-13,-0.0009202896017095341,5.890537405537456e-12,3.019857742635971e-10,-0.0004858419866985129,-0.5236705148944057,1863,1866,,0.0016151709458110369,True
87128,20,1,5.783055944698348e-07,0.9497691952867079,-0.5991024102597837,0.0006522316574517628,-0.0017154535256167502,0.023858143340022456,1.1305003061877108,-0.00022351360129656736,-0.343063350010138,1863,1866,,0.0007869993814644933,
87133,20,1,5.783055944698348e-07,0.9446877444207941,-0.5138557048168382,0.0001739032991626699,-0.00015079934103767734,0.014081925407036636,0.5770164664369678,0.00031951170272894136,1.9009051995003752,1863,1866,,5.216467053060908e-05,
87137,20,1,5.783055944698348e-07,0.9421639312496753,-0.5141641146627403,-7.288758485657354e-10,-0.0007192961443842627,2.8325069326495198e-08,1.219238937114211e-06,-0.0003488093795392176,-0.6603079359067131,1863,1866,,0.0005178093100163093,True
87184,20,1,5.783055944698348e-07,0.95199718666732,-0.570097019513649,4.414971635635645e-05,-0.0015643572307835196,0.00689139453865718,0.2887315901967795,0.0006705254876319089,1.4418649909899994,1863,1866,,0.0004021427019290859,
87204,20,1,5.783055944698348e-07,0.943170511935928,-0.7643326512576885,-2.8302027388349416e-11,-0.008122438487960126,3.2573191253154604e-10,1.5110183623952093e-08,0.00016048743343027107,0.2436868346352762,1863,1866,,0.0008099091096221736,True
87212,20,1,5.783055944698348e-07,0.9450159039960926,-0.5409537932695132,7.624501054337429e-05,-0.003712381397757536,0.009063733372243414,0.37984713763897665,0.00016260208121283266,0.3655334711271314,1863,1866,,0.0003685805035068572,
87214,20,1,5.783055944698348e-07,0.9400374489537126,-0.6663292649697465,-7.967453363733057e-10,-0.00314452739750104,1.2377998035801647e-08,5.599954260265669e-07,0.00029830559708868493,0.4552997137575129,1863,1866,,0.000804714274143671,True
87267,20,1,5.783055944698348e-07,0.9514814419757973,-0.5908300184093518,-2.5816714321891254e-08,-0.0018170632304179701,3.932793999735185e-06,0.00016887244622824487,0.0004857764254840947,1.2706712394871427,1863,1866,,0.00027303673575408515,True
87268,20,1,5.783055944698348e-07,0.9542397938253357,-0.6484053140671582,-3.119098312964752e-10,-0.0018755301060942031,1.1420011576246115e-08,4.89271710587204e-07,0.00037000922659629,0.6325413409424138,1863,1866,,0.0006394293535623642,True
87280,20,1,5.783055944698348e-07,0.9580044504417495,-0.5606362238493887,-5.98270522012001e-09,-0.0021292892005588815,6.224045800797061e-08,2.507799082369918e-06,0.000402148980998517,1.4959826827451819,1863,1866,,0.0001349166913522336,True
87285,20,1,5.783055944698348e-07,0.9539255349622114,-0.6599398029281787,-7.607614982418909e-09,-0.00916770076085438,8.76120509798629e-07,3.861970951087613e-05,0.00022502699257631278,1.0352460445121636,1863,1866,,8.809569741679912e-05,True
87356,20,1,5.783055944698348e-07,0.9432737576872589,-0.6964641118287556,0.0003760611687028126,5.297812913174216e-05,0.01722877326345176,0.8511546122407491,0.000326426010746609,0.5351250338743914,1863,1866,,0.0006851460531588384,
87426,20,1,5.783055944698348e-07,0.9533098985798997,-0.5011894790583606,0.00031720888782038603,-0.002202813310123952,0.017668537078819227,0.7811397079238912,0.0009589144466536552,2.001098081520177,1863,1866,,0.00042879502299228775,
87432,20,1,5.783055944698348e-07,0.9549179470535659,-0.5982988758799814,-2.73128186734084e-10,-0.0030288708165258083,5.177648674136359e-09,2.0594173917447617e-07,0.0005754799629207844,1.3481855764560255,1863,1866,,0.000337653118152459,True
87444,20,1,5.783055944698348e-07,0.958707592617889,-0.5557559330887403,0.0008491750475763116,-0.0013207049764139,0.02898574620134628,1.295983389647136,0.000369208324275212,1.108403658577758,1863,1866,,0.0002065620044148644,
87445,20,1,5.783055944698348e-07,0.956467444030902,-0.5939762515341891,-2.6130053676354237e-09,-0.0014346524723649612,5.127808684395415e-08,2.187602384273736e-06,0.0006570506075512222,1.861921983795578,1863,1866,,0.00023386745067026208,True
87447,20,1,5.783055944698348e-07,0.9482375114833508,-0.4577882386953125,-4.309277157332758e-08,-0.0004099308472504948,1.3803853130142326e-06,5.42622995951594e-05,0.0004651590028639016,1.8477358260958823,1863,1866,,0.00012022303136199445,True
87540,20,1,5.783055944698348e-07,0.9356802938151835,-0.5647330935200066,-5.767863076044932e-09,-0.009700360285851639,1.3035129579007897e-07,5.3960457831574146e-06,0.0002522358693201131,0.4190464027131465,1863,1866,,0.0006674336504785541,True
87541,20,1,5.783055944698348e-07,0.9556623256761616,-0.6294550686378928,7.605383334496896e-05,-0.004277513710470027,0.008296633542032816,0.3792488736592062,0.0009987337514359782,2.5594025004126357,1863,1866,,0.00028970083788559586,
87657,20,1,5.783055944698348e-07,0.952061367037525,-0.5401214878086609,3.866168377375523e-05,-0.0002969730509765345,0.006320881943340246,0.26990116654839164,0.0009067409114047623,1.9136575768075959,1863,1866,,0.00041488302105348486,
87659,20,1,5.783055944698348e-07,0.9498467835701613,-0.5983657581161823,4.574109353305822e-05,-0.0006258902681632872,0.007019914609085645,0.29374789174510013,0.0003461508422391053,0.9583118743051303,1863,1866,,0.00024371003847736535,
87662,20,1,5.783055944698348e-07,0.9445346832166905,-0.5762515428678503,-1.3580248037214915e-12,-0.0014029399882575788,3.576460443501375e-11,1.5071820967007018e-09,0.0002464342607359524,0.46933128437045296,1863,1866,,0.0005196418254220902,True
87666,20,1,5.783055944698348e-07,0.9444745291953298,-0.5546006264364913,0.0001516312067917358,-0.001623003325257777,0.012243641484053876,0.5374958191249911,0.00029388991957852686,0.7835252236730388,1863,1866,,0.00026360886422002267,
87842,20,1,5.783055944698348e-07,0.9501903320865617,-0.5068155423248142,8.918091651410887e-05,-0.0012874715104675971,0.009713395406896216,0.41131507196536377,0.0003436583318887125,0.7771457530392147,1863,1866,,0.0003655107431669591,
87844,20,1,5.783055944698348e-07,0.9441561244200042,-0.4715042466794028,0.0010526486935535928,0.0016374883364177473,0.03181626668376443,1.4457074379128405,-0.00017550392155680746,-0.427252999389952,1863,1866,,0.0003168853409560856,
88233,20,1,5.783055944698348e-07,0.9460826287298858,-0.6021914655189171,-9.022311786566206e-10,-0.00021447222286430367,3.478607124991458e-08,1.5246748431365562e-06,0.0003997672751525282,1.5684079886534807,1863,1866,,0.0001211210358678322,True
88281,20,1,5.783055944698348e-07,0.9533290015054103,-0.661772357889026,-4.192868274799366e-12,-0.00011239556702924425,1.0739185034170061e-10,4.704216256009157e-09,0.0005545138801090406,1.3876057788852936,1863,1866,,0.0002987526327527236,True
88282,20,1,5.783055944698348e-07,0.9428254392943101,-0.5220496277093412,-1.7717605160783023e-11,-0.0021130710593211255,2.5698039886488383e-10,1.0625809864415971e-08,0.0002211524798555613,0.4857337686412746,1863,1866,,0.00038611976032648394,True
88284,20,1,5.783055944698348e-07,0.947049297522195,-0.6969276407881317,0.000659167864036414,-0.0007073343414067956,0.02260089655375002,1.1320977449050527,-0.0005276659632317663,-0.6195745900564079,1863,1866,,0.0013455332359272145,
88307,20,1,5.783055944698348e-07,0.9460457965847402,-0.526438319134414,0.0013437694293005897,-0.013346929781557826,0.03505546598671266,1.638171076090958,0.00012643364940841193,0.3837230254082831,1863,1866,,0.0002038896402262537,
88309,20,1,5.783055944698348e-07,0.947357249062425,-0.5690841663315571,-8.832738984665411e-10,-0.0077914854750291695,3.550628085317376e-08,1.5219777317805576e-06,-0.0001815948475645083,-0.3222534653335132,1863,1866,,0.000591791432005859,True
88310,20,1,5.783055944698348e-07,0.963112067415747,-0.5995833319267119,0.00011443589991733116,-2.194887490802877e-05,0.010283670493948925,0.46582569573626514,0.000637834101620953,1.3076598765176959,1863,1866,,0.000444873613608588,
88373,20,1,5.783055944698348e-07,0.9366971033197458,-0.5779252263238375,-3.918398938651535e-11,-0.0013363831646244773,1.435540065164216e-09,5.7195443932989555e-08,0.0005689335658214767,1.9414486957467736,1863,1866,,0.00015993777509867917,True
88391,20,1,5.783055944698348e-07,0.9510664027337095,-0.5580895961772003,-1.1921168496797918e-09,-0.003780289090511424,1.2075318816690762e-07,5.062076769631218e-06,2.202634114457704e-05,0.04245735915804273,1863,1866,,0.000497437929052502,True
88392,20,1,5.783055944698348e-07,0.9509503299075205,-0.5628806033950815,0.0004482421857471275,-0.003948204003269451,0.020922587607117595,0.9324423478897376,-1.7852941968383053e-05,-0.037316863025430684,1863,1866,,0.0004258881091130735,
88411,20,1,5.783055944698348e-07,0.941713045515019,-0.5915542650786556,-1.996991461084008e-09,-0.0008394767433750339,4.936637552959965e-07,2.1218657633844797e-05,-0.00027964738881812017,-0.6569382939903798,1863,1866,,0.00034055938222808115,True
88485,20,1,5.783055944698348e-07,0.9483141309490771,-0.7418779500162451,0.0003035813982978919,-0.003253887932985755,0.01537075996360937,0.7608334456781047,0.0005518641670036399,0.631392570261039,1863,1866,,0.0014274604225196026,
88487,20,1,5.783055944698348e-07,0.95543526671123,-0.6059638202574145,-1.2345902078436666e-10,-0.0070184763411358375,2.1532325670633226e-08,9.219352648443872e-07,0.0002480081078944795,0.5777668355728186,1863,1866,,0.0003477536167125778,True
88490,20,1,5.783055944698348e-07,0.9351887308186828,-0.5860716209969539,0.0006606169699661102,-0.007898630869600964,0.023971621219436717,1.1370597921292471,-0.0007938399211612504,-1.0767528251225982,1863,1866,,0.0010051416325007503,
88495,20,1,5.783055944698348e-07,0.9467212333439917,-0.7781333240817017,-1.6995294060961896e-12,-0.006178433991377741,8.556037616323926e-12,3.7693648452072923e-10,0.0001208465243027201,0.2051254232558152,1863,1866,,0.0006514553066184202,True
88590,20,1,5.783055944698348e-07,0.935223652737832,-0.44903847140481523,5.0701903714256424e-05,-6.0381516327590035e-05,0.007500167429668985,0.3093781490568161,0.0002946063551874901,0.8380043869665551,1863,1866,,0.0002298092480078018,
88593,20,1,5.783055944698348e-07,0.9607324480448639,-0.5790116092562319,-4.28040936029106e-10,-0.0027165765490257954,8.237073595552737e-08,3.5964525774536455e-06,0.0008953706466739115,2.1323732439363456,1863,1866,,0.00033160997063491935,True
88595,20,1,5.783055944698348e-07,0.9583890692760079,-0.5586959535668565,5.497805391885269e-05,-3.888802748264197e-06,0.0077894901142272575,0.3223508222477874,-4.16265445692649e-05,-0.09630083177686287,1863,1866,,0.00034498915025234304,
88597,20,1,5.783055944698348e-07,0.949444373231512,-0.5378384072590521,-2.231549611764194e-09,-2.4327581148231303e-05,1.0225750763184928e-07,4.298881649527345e-06,0.0009395972125544899,1.8414216767643812,1863,1866,,0.00048803340876369484,True
88612,20,1,5.783055944698348e-07,0.9608851477110709,-0.5749831531189642,-4.937600106558193e-09,-0.007522137806047935,2.3114676504569184e-07,1.0039369620046668e-05,-6.28907584323137e-05,-0.13250566535761202,1863,1866,,0.00042236611757774954,True
88615,20,1,5.783055944698348e-07,0.9394920124139223,-0.6900420942491137,-3.3375313623906777e-09,-0.0006665560628360545,2.8468262647543226e-08,1.2172138679837548e-06,0.0004571616785835591,0.9392532861678047,1863,1866,,0.00043686377646108554,True
88659,20,1,5.783055944698348e-07,0.9555549933028367,-0.5274412570763602,0.00027607058445155985,0.0006700081793886703,0.016352662893874242,0.7282496154162991,0.0005258120959574663,1.0892457031739744,1863,1866,,0.0004399993026512455,
88660,20,1,5.783055944698348e-07,0.9516581799602566,-0.4328839635885924,0.000709268135667962,-0.0028368949310253466,0.027435054503272414,1.1814437358558054,0.00031367975768459836,0.7647283748802819,1863,1866,,0.00031356300478336543,
88661,20,1,5.783055944698348e-07,0.9480074596325236,-0.6128513976524224,-1.891042877844029e-11,-0.00419809545952643,2.630285726264094e-10,1.1143315312389426e-08,0.00026483077462903656,0.5703498073978347,1863,1866,,0.0004003511178918419,True
88668,20,1,5.783055944698348e-07,0.942824923914805,-0.4695617713335054,-1.5495359217965188e-08,-0.0014455224545641965,3.790626568233376e-07,1.589239554575953e-05,0.0003077562088599563,0.8664487923628102,1863,1866,,0.00023514083397123037,True
88673,20,1,5.783055944698348e-07,0.9426540644853807,-0.5142737387788057,-9.213119156470384e-11,-0.0002235600622739753,3.422810996214285e-09,1.3945988260633236e-07,3.77136531560811e-05,0.07952548144499279,1863,1866,,0.0004178529162107589,True
88683,20,1,5.783055944698348e-07,0.9428554818057571,-0.4693331730742807,0.0023702038787078994,-0.004243312454828674,0.04883514767475228,2.211158375652164,2.4816801651931182e-05,0.06057537046903392,1863,1866,,0.0003231930619592061,
88818,20,1,5.783055944698348e-07,0.9323508058668367,-0.6264248804283714,0.0022420825017060997,-0.011228013031848727,0.04300850151757555,2.1367900575839145,-0.0002350516483473144,-0.3465101496074721,1863,1866,,0.0008503667267526387,
88822,20,1,5.783055944698348e-07,0.950258565873098,-0.5672955954204282,-4.413132081992899e-10,-0.001218315875384901,3.7121923729328447e-08,1.6084714217609576e-06,0.00041152784280219107,1.1136478676412074,1863,1866,,0.00025376921568821093,True
88845,20,1,5.783055944698348e-07,0.9489573370255273,-0.6259676329029391,-8.493219461058743e-10,-8.385342164185516e-06,1.6612898889231247e-08,6.779803698485083e-07,0.000932346185497181,2.4779300078718154,1863,1866,,0.00026684861606554074,True
88853,20,1,5.783055944698348e-07,0.9508353729952639,-0.6919327110957971,-8.327496470172946e-10,-3.4272564718440535e-05,3.025113071178457e-08,1.3511151129027246e-06,7.173468330706726e-05,0.15662990416765932,1863,1866,,0.0003918320584731654,True
88873,20,1,5.783055944698348e-07,0.9554206903897139,-0.5004494674940931,-2.017243483365405e-09,-0.0006326469968673809,2.405738113022229e-07,9.651010063535957e-06,0.00074647244789892,1.9899112503579974,1863,1866,,0.00026165170084825037,True
88885,20,1,5.783055944698348e-07,0.95221364204153,-0.5613885847219577,-1.4228938027827098e-08,-0.002735941826169208,3.255882296833814e-07,1.3998104157600915e-05,-0.00010835262714358039,-0.2645583760923526,1863,1866,,0.0003136676029855883,True
88888,20,1,5.783055944698348e-07,0.9498528776750049,-0.5493558712007414,0.0015084534943357042,0.003297100415949883,0.03820156205766947,1.7427315162681243,-2.604205087604182e-05,-0.05573442074517207,1863,1866,,0.0004130804665835639,
88895,20,1,5.783055944698348e-07,0.9552541632551991,-0.6529408780146213,0.0003551750098452766,-0.018875242455138164,0.01679788785925329,0.8263654759014039,0.0006146906597292346,0.8804135757238615,1863,1866,,0.0009108368815871556,
88897,20,1,5.783055944698348e-07,0.9462743091862199,-0.5944094980844481,-1.2067680188465602e-11,-1.3627592729603677e-05,3.760275823207466e-10,1.5575811069558087e-08,0.00015777517506618575,0.2791122762441316,1863,1866,,0.0005935436572805765,True
88901,20,1,5.783055944698348e-07,0.9501742986743366,-0.4412577128181787,-3.1049867121879515e-08,-0.0020527839291637484,9.263299258240444e-07,3.6919895944043216e-05,0.0008208344088574081,2.4586492664080337,1863,1866,,0.0002065069979847217,True
88924,20,1,5.783055944698348e-07,0.9489103134373919,-0.5130241972719483,2.245883876539345e-06,-0.001980856929426622,0.001563021569228406,0.06487478528486924,0.0003559448121930478,0.9690153474282994,1863,1866,,0.0002497681262667841,
88953,20,1,5.783055944698348e-07,0.9417017392914474,-0.6232620226780394,-2.6804758412879437e-10,-0.009996640739526885,4.453465774309861e-09,1.8785276723238628e-07,0.0003129022558437944,0.8377380625625634,1863,1866,,0.0002631715445756523,True
88957,20,1,5.783055944698348e-07,0.9452479592427914,-0.6170934503933929,-7.187967332455969e-09,-0.0018915890949984249,1.4992152577452024e-07,6.491714096320439e-06,0.00033248226063395256,0.8098516932547711,1863,1866,,0.00031723702039402636,True
88960,20,1,5.783055944698348e-07,0.9415507992807185,-0.489956353549146,0.00014790119926344492,-0.0013870205596899776,0.012535798699297291,0.5312019853832304,0.0002368157750423621,0.5736522562910562,1863,1866,,0.00031574152753175393,
88988,20,1,5.783055944698348e-07,0.9444750904720156,-0.5479354410637742,-1.7265122664866794e-10,-7.827861122122748e-05,5.522605566710714e-09,2.4639090695328675e-07,0.0012314249052385578,1.7194653842456684,1863,1866,,0.0009537725838311961,True
89002,20,1,5.783055944698348e-07,0.9448471654952846,-0.6140832993125123,-1.3403278487089665e-11,-0.0023897031357407172,1.789211747633275e-10,7.645491712810794e-09,0.0008341526535972977,2.1161450314210164,1863,1866,,0.0002977300647811992,True
89003,20,1,5.783055944698348e-07,0.9581260122518148,-0.5197145671118317,-1.4583956264857534e-08,-0.001701830317422992,8.881037350031812e-07,3.6365053366480324e-05,0.0007668908090284944,2.429373450856116,1863,1866,,0.000185629820932422,True
89009,20,1,5.783055944698348e-07,0.9403982860060479,-0.6039218665856556,-1.6406744784980276e-07,-0.0002474937039942393,4.197620994260794e-05,0.0018394506325148672,0.0003957157625134374,2.172319937992365,1863,1866,,6.158802298464853e-05,True
89011,20,1,5.783055944698348e-07,0.9451977737979088,-0.5754747045008168,-6.750388248377703e-09,-0.00398394899213228,1.5799978228763065e-07,6.497161705515956e-06,0.00029379893621811866,1.4751936277014117,1863,1866,,7.359550714173602e-05,True
89012,20,1,5.783055944698348e-07,0.9356239039106101,-0.5927629630173465,-4.648284046560036e-08,-0.00015911641395516263,1.2779766074892359e-06,5.4056250121506635e-05,0.0003352184994969058,1.8627070652281998,1863,1866,,6.034247344838604e-05,True
89014,20,1,5.783055944698348e-07,0.9447212668713925,-0.5797611617117948,-2.1649348980190553e-12,-0.000111066394424153,2.7322189956039796e-11,1.143299437280418e-09,0.0004292809551161127,1.4195149724480263,1863,1866,,0.00016995707700039845,True
89016,20,1,5.783055944698348e-07,0.9516854691903649,-0.5044067893518838,0.0009320252050933897,-0.002307571410830933,0.03041122676884658,1.3591547164797895,4.875841814969859e-05,0.11041868105272826,1863,1866,,0.00036434023208868556,
89049,20,1,5.783055944698348e-07,0.9403788222312551,-0.53363817696148,-1.0850629283964963e-08,-0.005299134167168429,3.7179161831055153e-06,0.00015997939788977834,0.0002896695765168297,1.7937151347589964,1863,1866,,4.805782961737804e-05,True
89050,20,1,5.783055944698348e-07,0.9470228469081703,-0.5163117461576516,-2.1425905494254494e-10,-0.0015186237922002466,8.541663418771441e-09,3.475171211510336e-07,0.00029395127755231737,1.690732945241963,1863,1866,,5.6492307925329875e-05,True
89051,20,1,5.783055944698348e-07,0.9434527362310886,-0.555828751966726,5.046675313469251e-05,-4.036562285536505e-06,0.006999193585819481,0.30866958666932764,0.0003117235777173189,1.810031702612915,1863,1866,,5.4608487047973644e-05,
89052,20,1,5.783055944698348e-07,0.9294866975978912,-0.5398663349859791,-1.6725855367383247e-08,-1.7507024252738645e-05,3.745022125250185e-07,1.639716976746314e-05,0.00027716760713526094,1.6041506680999946,1863,1866,,5.536878734544024e-05,True
89053,20,1,5.783055944698348e-07,0.9499981632328859,-0.5778770522366556,7.098254619042343e-05,-0.0018545420629876297,0.008302205459035929,0.3664531087547918,0.00025409155175074467,1.6504909097750333,1863,1866,,4.36556799291159e-05,
89056,20,1,5.783055944698348e-07,0.9451554916368949,-0.5509286249596848,0.0002532443151996855,-0.0016300235436135235,0.015824349836548828,0.697485377020979,0.0007454631026560667,1.7511177405804588,1863,1866,,0.0003445829556250878,
89063,20,1,5.783055944698348e-07,0.9508491937685327,-0.6731879817449298,-2.100746687716537e-09,-0.007068140153953406,1.18599726989228e-06,5.367523072533938e-05,-2.366512721683777e-05,-0.03261944404573939,1863,1866,,0.001014585747498836,True
89068,20,1,5.783055944698348e-07,0.9443536837592285,-0.5374358886685966,-4.429514310899663e-09,-0.012320763966210846,2.0103612076178418e-07,8.772440786694435e-06,-0.00040513840669304657,-0.9074574139397881,1863,1866,,0.0003695265618054866,True
89070,20,1,5.783055944698348e-07,0.9463136039452017,-0.559838609713843,0.00010254088280925444,-0.0001172317014375146,0.01039492158146167,0.44134502157761635,0.0004695689427205418,1.4501450814549,1863,1866,,0.00019772601794871016,
89071,20,1,5.783055944698348e-07,0.9530409788742893,-0.5119897535263283,0.0001501701837175462,-3.767001205878806e-05,0.012561373384797172,0.5352099609653082,0.0006863638172611663,2.1318770266748532,1863,1866,,0.00019172176785773107,
89125,20,1,5.783055944698348e-07,0.9501776096885328,-0.5558493902757964,-7.163323934022969e-09,-0.00044868657386620825,1.6814098040248478e-07,6.917713580111051e-06,0.0007042881974565234,1.7917416710598477,1863,1866,,0.00028861559043861883,True
89134,20,1,5.783055944698348e-07,0.9450287352246795,-0.5617186562275098,0.00011443880510875193,-0.004368410192749694,0.01074745663119068,0.4664938166427047,-0.0005716365185376688,-0.8898263381690839,1863,1866,,0.0007635476123001738,
89138,20,1,5.783055944698348e-07,0.9444683390355284,-0.5809919841836841,0.0008291984903501248,-3.344737538801823e-05,0.02617116916528409,1.276713169126973,0.00020037707577813475,0.5094602742344287,1863,1866,,0.00029119301291150745,
89139,20,1,5.783055944698348e-07,0.9544321238713971,-0.7581741249787914,0.003622581268197478,-0.0004683570120964653,0.04897636108943135,2.732249466607962,-0.0015595605007896324,-1.4736379982616046,1863,1866,,0.002079800534635505,
89154,20,1,5.783055944698348e-07,0.9436770993385817,-0.6886054529674726,-3.8077763164778844e-10,-4.298410280823006e-06,1.3172193126215922e-08,5.857839501820071e-07,-0.00038101909348707536,-0.7382284230661779,1863,1866,,0.0005064327887801916,True
89155,20,1,5.783055944698348e-07,0.9542154415563665,-0.6104827180620196,-3.772249779210313e-08,-0.0007002549518242418,4.422333565990387e-07,1.833912502632061e-05,0.0006080116210981336,2.339911685095965,1863,1866,,0.0001250562098810699,True
89179,20,1,5.783055944698348e-07,0.9502058224020241,-0.5605946209195132,0.00012720010589939434,-0.0006045828445762069,0.01171081650234964,0.49226915498955287,0.0006585278328374811,1.79235676882621,1863,1866,,0.0002514721683191092,
89182,20,1,5.783055944698348e-07,0.9748799829352872,-0.5341427892432169,-2.5010292281635316e-08,-0.005922475087316581,6.242949139138052e-07,2.6605761718093193e-05,0.00015142062866504896,1.161337211281411,1863,1866,,3.1486291677819345e-05,True
89183,20,1,5.783055944698348e-07,0.9779715207075521,-0.5502629871342881,8.407660468945366e-06,-0.0002757813625595684,0.0028816677364320374,0.12578179246922055,8.529139589266263e-05,0.7666925532950859,1863,1866,,2.3159778800484256e-05,
89184,20,1,5.783055944698348e-07,0.982469504532691,-0.604678896737256,0.0006670059315012633,-0.004470095136773988,0.0242147166236807,1.1419375509380323,0.0001380143255718843,1.0103012246175034,1863,1866,,3.4584135767203496e-05,
89191,20,1,5.783055944698348e-07,0.9649874658095298,-0.6624165076243305,-1.0273965678209152e-08,-0.0013327335357711245,2.2399407539921393e-07,9.688112344612252e-06,0.0006128901179689134,1.2248490068948819,1863,1866,,0.0004741556207982053,True
89199,20,1,5.783055944698348e-07,0.9467015548212162,-0.6637421982307006,8.004724516996742e-05,-0.00010093430693114414,0.008368324010804166,0.38896876482392356,-0.00043904052909255603,-0.729331906283413,1863,1866,,0.0006803623796217382,
89207,20,1,5.783055944698348e-07,0.9437170859532981,-0.6977897734145802,-1.801669924361704e-12,-0.00044808273096363926,8.59458750227843e-11,3.9266133134028176e-09,-0.000126028536498413,-0.17014303500822867,1863,1866,,0.001014000682396388,True
89215,20,1,5.783055944698348e-07,0.9508616285377726,-0.6210815041338922,0.00013673277897274794,0.00046763729144916333,0.010810701959798464,0.5094238601273792,0.0008145793578289467,1.2095141264071512,1863,1866,,0.0008383847696703098,
89216,20,1,5.783055944698348e-07,0.9520607098112263,-0.5505761205915245,-2.370717400168587e-09,-0.004243786078673928,4.960373557300849e-08,2.0448399871756304e-06,0.0009440642291890546,1.9473537701206742,1863,1866,,0.0004343706074852598,True
89217,20,1,5.783055944698348e-07,0.9537454428642123,-0.5472220827615359,-2.27987413392583e-08,-0.008509861619042436,6.109811186930255e-07,2.5079632786273133e-05,0.0005621061761005555,1.421253755114636,1863,1866,,0.0002887549617368086,True
89221,20,1,5.783055944698348e-07,0.9503341971284257,-0.5956105423835982,-4.964877176050209e-09,-0.0006533075096075702,9.414922589608105e-08,4.2027570617029355e-06,0.0003455175234143248,2.172144481534856,1863,1866,,4.6846725737468966e-05,True
89236,20,1,5.783055944698348e-07,0.9440017480025715,-0.5403320629975341,0.0005303980018150911,-0.016569197523369494,0.02264089002754341,1.016184066837834,0.0001508060655497445,0.32974261783051945,1863,1866,,0.000397550448325604,
89238,20,1,5.783055944698348e-07,0.9539976618032905,-0.6496064550642056,0.001258305000621851,-0.0004757519612612615,0.03260610667773175,1.5811791081488387,0.00012465274033833485,0.208825868445683,1863,1866,,0.0006758969607391281,
89244,20,1,5.783055944698348e-07,0.9374010459262729,-0.9922999648069077,-1.6222578835822787e-12,-0.0029937347276414172,5.795466763195614e-11,3.3881222848409466e-09,0.0001074531780985038,0.11220426159285046,1863,1866,,0.001683172286383358,True
89246,20,1,5.783055944698348e-07,0.9531067045767714,-0.566459348630814,0.0008546176769371749,-0.00701892283654626,0.028610668544271675,1.2978032271190507,-0.0003383565720494516,-0.5451002515722564,1863,1866,,0.0007275306432888405,
89256,20,1,5.783055944698348e-07,0.9377717868589016,-0.5481521749122711,0.00024824904110998247,-0.0008485548531722564,0.015773704514983517,0.6913421616138843,-1.3024864156361999e-05,-0.02589990902542757,1863,1866,,0.00047174677693534526,
89257,20,1,5.783055944698348e-07,0.945124868698049,-0.5356498995136585,0.0001430479569262122,-0.013224152155486335,0.01224344406031712,0.5222788627989631,0.0005166768882353962,2.2343627870741423,1863,1866,,0.00010077255314681137,
89258,20,1,5.783055944698348e-07,0.948401200274911,-0.52063415580477,0.0008728532546992129,-8.316547095277294e-05,0.03013804703155106,1.3143494669709253,0.0005470647941464478,1.282537003938697,1863,1866,,0.0003416342320531521,
89269,20,1,5.783055944698348e-07,0.9513185287275064,-0.5970403839570346,0.0002575483722394578,-0.006309226421194358,0.015729874947838042,0.70339004387527,0.0011636127853921624,2.1120877448730484,1863,1866,,0.0005642679349148211,
89281,20,1,5.783055944698348e-07,0.9395667981089331,-0.5774908880952154,0.00014859706131886696,-0.0012944649864288227,0.012200815693514683,0.5323322499964418,0.0002512698382060741,1.6121111204180394,1863,1866,,4.475891120876988e-05,
89282,20,1,5.783055944698348e-07,0.9404020958092196,-0.5281237603310784,0.0007245239353093069,-0.007310442294198527,0.027060081396205103,1.1937221350136276,0.00023819717937351013,1.4802383631080418,1863,1866,,4.7906318581238306e-05,
89284,20,1,5.783055944698348e-07,0.9589119848675494,-0.614938256174286,5.663314054360491e-05,-0.006677824677663091,0.007604943840099054,0.3272455411973241,0.0004260146697305685,1.2967403103394481,1863,1866,,0.00020846346724825627,
89289,20,1,5.783055944698348e-07,0.9492567816930266,-0.8977054081492257,-4.385862117928241e-09,-0.0045395002905423976,5.983159922773985e-08,3.086253293763041e-06,-0.0007768429979822617,-0.9930156766663935,1863,1866,,0.0011338338139719414,True
89298,20,1,5.783055944698348e-07,0.9375691874647163,-0.6216605623101421,-1.6404125835478567e-08,-0.0005440625398158705,4.0698961007213405e-07,1.6985591863857882e-05,0.0007374080200121328,2.1599675083785184,1863,1866,,0.00021792390045529395,True
89301,20,1,5.783055944698348e-07,0.9362916536172695,-0.4955397965750914,0.0007038544508810585,-0.005217231479436979,0.027224542019577604,1.176221531301072,0.000194906620975155,0.3603609510113612,1863,1866,,0.0005552569626113173,
89304,20,1,5.783055944698348e-07,0.9396238123044767,-0.6329108483411359,0.00012164484136867326,-0.0005463577878987991,0.010762936659444944,0.481542054180725,0.0005448098177526829,1.2127258240013503,1863,1866,,0.0003739971396573016,
89317,20,1,5.783055944698348e-07,0.9388811616758176,-0.6629332386936309,0.004471413267270297,0.001002201998519081,0.05331003692169081,3.047075255015453,0.0005040481251905828,0.5102424226285059,1863,1866,,0.0018067789488390848,
89327,20,1,5.783055944698348e-07,0.9557175666009596,-0.571278717611494,1.153376657514471e-07,-0.0017241945793837754,0.00035911095725162155,0.01570199227327645,0.0008726086188307685,1.5703565253662422,1863,1866,,0.0005781963090497516,
89330,20,1,5.783055944698348e-07,0.9432015082503412,-0.7421752608690879,-2.3090240830470066e-10,-0.01282259683146636,6.7601805657287065e-09,3.1879865633553004e-07,-0.00040829385392689984,-0.5961339061050592,1863,1866,,0.0008717003777053455,True
89332,20,1,5.783055944698348e-07,0.9655762148847062,-0.5356383842777479,0.00017997482315035285,-0.016651790494742524,0.013347039928606372,0.5862546468040886,-0.0005745474083358824,-0.9941826847017944,1863,1866,,0.0006202216314581194,
89335,20,1,5.783055944698348e-07,0.9592267163447457,-0.5565276921086468,-8.949154750581556e-10,-0.0001505452415064834,3.622805741771535e-08,1.550147546431519e-06,0.00036808806443102885,1.2972334642734107,1863,1866,,0.00015046012481556155,True
89348,20,1,5.783055944698348e-07,0.9314848954134464,-0.5797176353103217,-7.96321009133294e-10,-0.0036101418922096506,1.4267326158934161e-08,6.058339833375777e-07,0.00035256077319117024,1.7104190599702482,1863,1866,,7.899092184285703e-05,True
89349,20,1,5.783055944698348e-07,0.9440705604847405,-0.6104962215993848,-5.609452902177736e-09,-0.00022405292344052086,1.1228078319366056e-07,4.893728007759316e-06,-0.00042120725523631477,-0.6821505586178278,1863,1866,,0.0007106842002048891,True
89361,20,1,5.783055944698348e-07,0.92642335658404,-0.5389141857046693,-3.3218319206440583e-09,-0.0013182968984006838,7.218610184253627e-08,2.9705766351782657e-06,0.00030476350425275413,1.8415550290326126,1863,1866,,5.0763224115510365e-05,True
89365,20,1,5.783055944698348e-07,0.9592281175973473,-0.5205617107507807,7.132655189245884e-05,-0.0008013629649503695,0.008434553925396052,0.36736908079326985,0.0002049856330535259,1.1816306454601235,1863,1866,,5.6294088898736395e-05,
89372,20,1,5.783055944698348e-07,0.9386715737438341,-0.5094563145301265,0.00043504777113911874,-0.010986468987775666,0.020878282213271725,0.9188515515882768,0.00019159578781766597,0.7443143721720935,1863,1866,,0.00012498534896996987,
89382,20,1,5.783055944698348e-07,0.9429177315085256,-0.6790720083936783,2.27742116295504e-05,-0.002433772051213978,0.004654775506929879,0.2072301639975898,0.0005328073731689992,1.5404859065824807,1863,1866,,0.00022545451788186132,
89398,20,1,5.783055944698348e-07,0.9473556776119192,-0.6045235346649174,-5.306866057708248e-14,-0.009875840264556901,5.237330177775766e-13,2.2534187818313904e-11,-0.000436542965564461,-0.7388919455402557,1863,1866,,0.0006508550230357252,True
89403,20,1,5.783055944698348e-07,0.9445141287896217,-0.5681653807460085,1.3085873714957508e-05,-0.008172352227014068,0.0036753433178650435,0.15641671171293658,0.0003740564019046668,0.6630614322659086,1863,1866,,0.0005905538098537993,
89406,20,1,5.783055944698348e-07,0.935017793225414,-0.5697849711886471,1.5833159914824257e-05,-0.0017215722989354365,0.003943557851469737,0.1722877624096367,0.0005875339061090856,1.3821755499822206,1863,1866,,0.00033619279133301276,
89409,20,1,5.783055944698348e-07,0.9510846493069334,-0.5751227554105423,-2.434690227204328e-10,-6.059659842261311e-05,4.196135788186981e-09,1.7324527338826455e-07,0.0004855158154259476,1.3200705405325095,1863,1866,,0.00025093986994029254,True
89428,20,1,5.783055944698348e-07,0.9376360341003763,-0.4522624017720167,0.00021161872758101996,-0.009391838387150964,0.015465858793631998,0.6375095769512628,0.0003460160204301061,1.1905223475457067,1863,1866,,0.00015785110272907365,
89436,20,1,5.783055944698348e-07,0.957142528259905,-0.5016681946478061,0.0002531614196098486,-0.0014020859771051164,0.01607030746204556,0.697892306327319,0.0003560913627730677,2.005899264606342,1863,1866,,5.841465032660234e-05,
89437,20,1,5.783055944698348e-07,0.9515170003846487,-0.5847192869472411,-1.2213829947427257e-10,-9.35725697372991e-05,1.9967295548087353e-09,8.290852060464422e-08,0.000351350403396774,1.998392369661653,1863,1866,,5.775405630706668e-05,True
89438,20,1,5.783055944698348e-07,0.9496305801296151,-0.4986088415075882,4.3283026808671465e-05,-0.0024381935604196325,0.006578883082652545,0.2860168701841209,0.00027438504386038693,1.5289296579961105,1863,1866,,5.9790862314852426e-05,
89443,20,1,5.783055944698348e-07,0.9580337122495628,-0.6566466780273186,-6.930618301481672e-10,-0.00016074786365427585,5.488457875967744e-09,2.3226562635122122e-07,0.00042727244937507244,0.9195173617931516,1863,1866,,0.0003993072627099956,True
89444,20,1,5.783055944698348e-07,0.9535490756134971,-0.5835591839296796,-1.0965450769617746e-11,-0.00428171634457386,1.6401640066556866e-10,6.5958567749010214e-09,0.0003157894222328513,1.1557740924040998,1863,1866,,0.0001402441306946303,True
89462,20,1,5.783055944698348e-07,0.9558202909308565,-0.563855607066156,-2.6582291923205048e-11,-0.006561174065363051,4.1667640652410495e-10,1.6857715591682643e-08,0.00048269912442915026,1.4066216684774562,1863,1866,,0.00021996647946155652,True
89475,20,1,5.783055944698348e-07,0.9586834385640279,-0.6155452324546951,-2.2007551336855613e-09,-0.0009865299946052453,4.0306034784698874e-08,1.7615787183869516e-06,0.0003237439499933777,0.9082160793656192,1863,1866,,0.0002377838793063467,True
89492,20,1,5.783055944698348e-07,0.9356019146813448,-0.6645705547163492,1.2429477277198231e-05,-0.002159433748320838,0.0035653949027598148,0.15267838761288796,0.00045359578337413276,2.216377972421962,1863,1866,,7.768486580433306e-05,
89508,20,1,5.783055944698348e-07,0.9442390841585345,-0.554202609810164,-5.03819208574896e-13,-0.00011757890496832957,5.863562565812058e-12,2.4521106682293754e-10,0.0005901035962440906,1.279189462181353,1863,1866,,0.0003950658755255346,True
89509,20,1,5.783055944698348e-07,0.942147885154707,-0.5751386445491307,-7.553889291855853e-09,-1.3380674814600368e-05,4.2106101732281487e-07,1.730268333470239e-05,0.00031683182036207976,0.5830428110542811,1863,1866,,0.0005500398626450593,True
89517,20,1,5.783055944698348e-07,0.9499433214411284,-0.6389294015325451,-5.0955945241071277e-08,-0.0006978035156754991,1.4313235282302278e-06,6.024875123811402e-05,0.00048190907788119415,2.393579601435525,1863,1866,,7.540073774319164e-05,True
89534,20,1,5.783055944698348e-07,0.9406938184676068,-0.5483946113961626,-3.8147951464395646e-10,-0.0005489325786152133,3.1592080144305517e-09,1.2821313022823748e-07,0.00026543198967429553,1.5600287111679494,1863,1866,,5.3451727186452296e-05,True
89537,20,1,5.783055944698348e-07,0.9358211836490128,-0.5197745773152256,0.0013780322943747203,-0.0006500071953134956,0.03542052849679822,1.6608994783263995,0.00020869708253038401,1.4343740801088338,1863,1866,,3.916244603588603e-05,
89538,20,1,5.783055944698348e-07,0.9297957291739682,-0.5764921396062321,-9.288678715080323e-10,-0.000554028013860286,8.66904720813174e-09,3.427452124072435e-07,0.0002625564694305392,1.6738086280506954,1863,1866,,4.5657980401604965e-05,True
89540,20,1,5.783055944698348e-07,0.9509196003862386,-0.5222872919360624,-5.356719512406016e-10,-3.098785634314538e-06,5.385609120265569e-08,2.174639234764461e-06,0.00035095852225975656,0.770236320288432,1863,1866,,0.00038528300960644134,True
89541,20,1,5.783055944698348e-07,0.9491672396024817,-0.5162197163007602,0.0005110843650260044,-0.0022192404937755317,0.022598317481008618,0.9983331663883227,5.809884220531312e-05,0.14214333912836816,1863,1866,,0.00030868633900465504,
89546,20,1,5.783055944698348e-07,0.9586044800271842,-0.5739275149704544,0.00023647642767432586,-0.0004792607750638833,0.015236167889185694,0.6742494160820554,0.0002867492559154194,0.4893332238953085,1863,1866,,0.0006437945751800432,
89547,20,1,5.783055944698348e-07,0.9391208674118361,-0.7147604782517365,0.00039841252648187275,-0.0107162334500579,0.0157876706549398,0.8738325736374772,-0.0007689808915060699,-0.9429300464659343,1863,1866,,0.0012267702470022688,
89548,20,1,5.783055944698348e-07,0.9464357777490225,-0.6241467243685905,-1.3584777747155385e-09,-0.004666684168391555,1.1904336707350586e-07,5.305204619609789e-06,0.001051662451103609,1.540119793284125,1863,1866,,0.0008763163179780008,True
89550,20,1,5.783055944698348e-07,0.9573163592248564,-0.6294847131524897,-7.957998415797363e-08,-0.0004360050547713712,2.153775212386137e-06,9.46041752955406e-05,0.000302222323482192,1.59648109144354,1863,1866,,6.65619748955869e-05,True
89551,20,1,5.783055944698348e-07,0.9425792473035212,-0.5897304746693643,4.1720749658247236e-05,-0.0050307051903764055,0.006534893316992849,0.28067096833242966,0.00043257359561861043,2.3621795577347604,1863,1866,,6.241725298812354e-05,
89553,20,1,5.783055944698348e-07,0.9523993748047976,-0.4978836361415593,0.0002614119662722736,-0.00140388446695483,0.016604183669615153,0.7093347712973552,0.0002835025450255116,1.3954877739916005,1863,1866,,7.688057890913157e-05,
89581,20,1,5.783055944698348e-07,0.9582705495893405,-0.5770572475441025,0.0004560252462887382,-0.0023471305984321678,0.02095150857987045,0.9411138124730445,0.00017239195692369863,0.39499978141346714,1863,1866,,0.0003575299033696833,
89598,20,1,5.783055944698348e-07,0.9301607624457557,-0.6508496261538295,0.0006423574220812966,-0.001346674237411305,0.025549963970458122,1.1215236772240627,0.00046429513144243624,2.4085680490456887,1863,1866,,6.929888767965205e-05,
89629,20,1,5.783055944698348e-07,0.9439890923020581,-0.5585879168715251,-5.622216026068827e-10,-0.0009283895148417542,2.3931116813330884e-08,9.82546304591341e-07,0.0002442021337038273,1.431491803011586,1863,1866,,5.363547876587772e-05,True
89630,20,1,5.783055944698348e-07,0.9443042387487925,-0.7931739607912669,-2.99559621552703e-09,-0.009266542580825377,4.4120708877235047e-08,2.153591670895596e-06,-0.0005085315560873058,-0.5703301689358519,1863,1866,,0.0014809314125753226,True
89635,20,1,5.783055944698348e-07,0.9425332541651431,-0.5586714750689197,-9.881102602804503e-10,-0.007556421613649,1.0385861985648742e-07,4.241022841923316e-06,0.0005061362649096362,1.917337088145484,1863,1866,,0.00013138051312863136,True
89637,20,1,5.783055944698348e-07,0.9563188016578882,-0.5649185257420839,0.0003178940687791343,-0.004819154087766009,0.017654829192201144,0.783365773076092,-9.07851752521797e-05,-0.18446141842945485,1863,1866,,0.00045143771801591263,
89648,20,1,5.783055944698348e-07,0.9479214143688313,-0.6129487808495953,-3.6587577412205974e-10,-4.434784647888712e-05,3.768716900803446e-07,1.7148957288201443e-05,-0.0008225971404769924,-1.0440358148650732,1863,1866,,0.0011526269935796007,True
89649,20,1,5.783055944698348e-07,0.9537467578558214,-0.6371493748361914,0.001455674790770023,-0.006492126900022432,0.03517578560553059,1.70713345784822,0.0005711846429928022,2.505282757581936,1863,1866,,9.727649435767143e-05,
89653,20,1,5.783055944698348e-07,0.9533837741584904,-0.6342778044060755,2.596413506750217e-06,-0.0010031294454293516,0.0015749825084222214,0.06968651137372904,0.0006365887046155694,1.688940790743966,1863,1866,,0.0002719256495183307,
89692,20,1,5.783055944698348e-07,0.9520075253614574,-0.6416891924391435,3.897970349719948e-05,-0.007963642184594555,0.005651486911901989,0.2708977873539745,-0.0007721023714701542,-1.0341401484859796,1863,1866,,0.0010351179059184133,
89704,20,1,5.783055944698348e-07,0.9472693442765204,-0.5119569266109274,0.001072581707191933,-0.0010772677516321938,0.03421085266520658,1.4635206867965787,0.0008351104840330636,2.1299438272944897,1863,1866,,0.00028758293385497635,
89707,20,1,5.783055944698348e-07,0.936845622684735,-0.6118280421601539,0.00039144131690216355,-0.014300850296054879,0.019821724988084134,0.8712522777218952,0.0003366576507233616,1.224884793506209,1863,1866,,0.00014282515033595475,
89708,20,1,5.783055944698348e-07,0.9547669972614978,-0.6239231657485429,-5.645508505125463e-10,-9.616898727582424e-06,9.692834189534778e-09,4.146050507557388e-07,0.0005194566318159294,2.7039120543821653,1863,1866,,6.905332621490404e-05,True
89726,20,1,5.783055944698348e-07,0.9218344992760934,-0.5659742363610218,2.382956855617735e-05,-0.00515735479447077,0.00485683050795215,0.21145320919108623,0.0003394068880189624,1.4799456562537883,1863,1866,,9.816100887519741e-05,
89728,20,1,5.783055944698348e-07,0.947934636750241,-0.6003602587261048,-9.886136353998154e-11,-0.00018137844696597405,3.4553702013394592e-09,1.4537189824336108e-07,0.0004446425978330984,1.1103871486292352,1863,1866,,0.00029908056399401725,True
89731,20,1,5.783055944698348e-07,0.958764372731614,-0.5828416090669906,0.0011033123829606861,0.0021034947274153337,0.03222922033753385,1.4812074644041737,0.0007190794566776317,1.3626482901968069,1863,1866,,0.0005379071103912647,
89733,20,1,5.783055944698348e-07,0.9333702544146881,-0.6682922316676978,-1.5907102302037401e-09,-0.0012795751249552456,2.457779172253621e-08,1.1333337785480106e-06,0.0003381511142611433,1.070308995823691,1863,1866,,0.0001901963915529621,True
89745,20,1,5.783055944698348e-07,0.9443306756752988,-0.5482476414572253,0.0005773579062763323,-0.010242355205059894,0.024194202342302955,1.0620923884075952,0.0003748083812150574,1.9867096096403258,1863,1866,,6.741407817958697e-05,
89760,20,1,5.783055944698348e-07,0.9484815184597665,-0.5794841964558786,9.212814883330367e-05,-0.00616332758005278,0.009643756679716948,0.4178079400808307,-0.00016619278166714538,-0.3174855080524706,1863,1866,,0.0005141045555715052,
89766,20,1,5.783055944698348e-07,0.942193015949267,-0.6301034056847878,-2.1770210079097296e-09,-4.047897243175669e-06,4.2430045593310416e-08,1.8040986716948946e-06,0.00045957124588878604,2.1521976952158344,1863,1866,,8.56506542869195e-05,True
89773,20,1,5.783055944698348e-07,0.9473143907127994,-0.5113300072048259,0.0006189843141323204,-0.0022044805303018666,0.025499835791018458,1.1015350713491303,0.00037291194284200973,2.133102773674243,1863,1866,,5.7630716237598516e-05,
89777,20,1,5.783055944698348e-07,0.9555115342624544,-0.5457339577591525,0.00025326870113284716,-0.003771190332465979,0.01575869844761937,0.6976006993881883,0.00033616901510440746,1.7900007225520063,1863,1866,,6.588067485593619e-05,
89781,20,1,5.783055944698348e-07,0.9450976438046961,-0.6810267420995761,-9.114597965265148e-11,-0.00017084772688424898,5.2912469616555466e-09,2.52655498122166e-07,0.0008482402246722338,1.3590345168237639,1863,1866,,0.0007248431735372974,True
89782,20,1,5.783055944698348e-07,0.9513571482101096,-0.5702203776842327,4.8601546120963235e-09,-0.0024150498223454164,0.00034492946104752633,0.015004787621934423,0.00025947016058766446,1.6668507977410147,1863,1866,,4.4712953204427616e-05,
89783,20,1,5.783055944698348e-07,0.9468997961883452,-0.5555198362624127,-1.6543049152772937e-08,-0.0011974157993335233,2.4497307386554205e-06,0.0001028190277300005,0.0002533339992096585,1.5707192515785042,1863,1866,,4.82957770049416e-05,True
89784,20,1,5.783055944698348e-07,0.936002303985075,-0.5135451529792205,0.00030599167859934884,-0.020418604370767923,0.018367171477664937,0.7691007765898682,0.00031934427357147873,1.1571950466755896,1863,1866,,0.00014467916807971406,
89786,20,1,5.783055944698348e-07,0.9374711075843584,-0.5529820815258657,-1.3092892370281106e-07,-0.0019951629669945348,1.1926378856955621e-05,0.0004873083433978157,0.00019645446945894124,1.1061946638526763,1863,1866,,5.8168410272783035e-05,True
89788,20,1,5.783055944698348e-07,0.921132858703318,-0.5346383339766694,0.0010513866707708708,-0.01294543585673913,0.03298340336184451,1.4471293459425505,0.0003397166035926391,1.7496558953071175,1863,1866,,7.177515278103841e-05,
89789,20,1,5.783055944698348e-07,0.9530403970194474,-0.5800912561370359,-2.4887625293956717e-09,-5.935424069347661e-06,5.285782971994261e-08,2.1716370492311186e-06,0.0005337752736991969,1.9545379240049165,1863,1866,,0.0001382399898493524,True
89803,20,1,5.783055944698348e-07,0.9473956934972088,-0.6515307492904414,0.0012229838716548702,-0.003354223140631163,0.03129315300888343,1.566586885412033,0.0005710217972285741,0.9575460290841304,1863,1866,,0.0006675248319399021,
89808,20,1,5.783055944698348e-07,0.9483983891416484,-0.6446199216054702,0.0008327571749320306,-0.008428084885529152,0.02722374813338563,1.2804402703751077,0.0005408609048524507,2.425720902089064,1863,1866,,9.22460579133882e-05,
89810,20,1,5.783055944698348e-07,0.9621603473943133,-0.7250502095550384,-9.898318609202761e-09,-0.0009521882039513763,8.553944760245633e-08,3.825076537521649e-06,0.0007880906047509441,1.6052859480155668,1863,1866,,0.0004517632596119159,True
89811,20,1,5.783055944698348e-07,0.9270751323377503,-0.46615032558036473,-1.9782775440013722e-07,-0.0005033595118197898,7.480033203005382e-05,0.003008584568983572,0.0002552823374255089,1.587867390528785,1863,1866,,4.754528986657822e-05,True
89812,20,1,5.783055944698348e-07,0.9535390485436472,-0.6038921719799533,-3.769753398330522e-10,-0.0017459186767176949,2.985994996681421e-08,1.319199039913644e-06,0.000845944026477745,1.9946189748815744,1863,1866,,0.0003374596800541135,True
89814,20,1,5.783055944698348e-07,0.935460224461619,-0.5657489509321776,0.0013036468488173414,-0.011492923843059222,0.034591561858664216,1.6140596535072804,0.0004113727146973388,1.966752862642288,1863,1866,,8.505819438195774e-05,
89817,20,1,5.783055944698348e-07,0.9567625924191908,-0.5713448576615423,0.0023399427958955554,0.005326843114883406,0.045217463578685405,2.1906468875196485,-0.00014474087911129412,-0.25342245616351877,1863,1866,,0.0006085845526686491,
89839,20,1,5.783055944698348e-07,0.97079532821543,-0.6198020685333052,0.000729578387708929,0.0019024399348919196,0.024814576434152524,1.195303805266329,0.00021010592186949823,1.4893522721098742,1863,1866,,3.719423493080543e-05,
89840,20,1,5.783055944698348e-07,0.9804103235166762,-0.7050888024136528,-3.7927927465375433e-10,-0.0032738487193326726,2.578378016335778e-09,1.1476355922481423e-07,0.0002096163423801312,1.8440370340051897,1863,1866,,2.4112090745899014e-05,True
89841,20,1,5.783055944698348e-07,0.9600887363634929,-0.5959870008602506,0.0009563545107373894,0.002874052045346742,0.030788552617885823,1.3777576960931002,0.0008749366671049571,1.731392675427453,1863,1866,,0.0004832357627496361,
89842,20,1,5.783055944698348e-07,0.9470985616761182,-0.6062699102189373,-1.6792789381270268e-10,-0.0016614148585876176,2.5392540504652324e-09,1.1026795062808015e-07,0.0005299777961593485,2.2654717726623734,1863,1866,,0.0001032492711462883,True
89852,20,1,5.783055944698348e-07,0.9406206287757102,-0.5542591171594753,5.277564573302751e-05,-0.002358116963705692,0.007473742580059308,0.3158571804954738,0.000511841502731238,2.18940982074072,1863,1866,,0.00010196807839699106,
89854,20,1,5.783055944698348e-07,0.9526068661692358,-0.5099029312466508,-2.2368926710925052e-09,-0.0030930816228187386,2.580295121327718e-07,1.054229972605464e-05,0.00017104536215256736,0.38706696163770044,1863,1866,,0.0003716431960231122,True
89855,20,1,5.783055944698348e-07,0.9531362919108977,-0.5818116824815731,0.00013102695607170034,-0.003603501993785896,0.01141211624434474,0.4994216852527542,8.889993547545367e-05,0.7605046434000995,1863,1866,,2.5792824335799538e-05,
89856,20,1,5.783055944698348e-07,0.9504949200909776,-0.5011301309033505,0.0006758615932982437,-0.02896066310176737,0.026814841902100733,1.1539830347352302,0.00018411890674541298,0.3490408807355065,1863,1866,,0.0005229408436669965,
89858,20,1,5.783055944698348e-07,0.9450805345145387,-0.4892719016677718,0.010542699153435975,0.014061420927563684,0.09238388570970278,4.911710497754732,0.00024121493518688647,0.5237882931445276,1863,1866,,0.0003956290450467001,
89876,20,1,5.783055944698348e-07,0.9520312024873653,-0.5849446942259031,1.996735483955625e-06,-0.0034387166325486884,0.0015112938593435047,0.06122193426016411,0.0006654122096401327,1.7029179110617965,1863,1866,,0.0002834289922024662,
89879,20,1,5.783055944698348e-07,0.953239087539748,-0.5738346206944551,0.00016043370188223438,-0.0027163193711217115,0.01335353274211709,0.5535632102492676,0.00021654154587188982,1.190844132860445,1863,1866,,6.173944956382253e-05,
89882,20,1,5.783055944698348e-07,0.9362352666427923,-0.5726274258864017,-9.258384947585796e-09,-0.004496265109270592,2.1782331359221667e-07,9.06335113588199e-06,0.00024003862547133004,1.2722689709482453,1863,1866,,6.605589457586983e-05,True
89892,20,1,5.783055944698348e-07,0.9417913998803168,-0.5669099384068315,4.633296825917732e-05,-0.011406481064953233,0.006931614210915077,0.29563242054827277,0.00022291626825418555,1.1411783833876152,1863,1866,,7.124012713938177e-05,
89893,20,1,5.783055944698348e-07,0.9450698142393855,-0.5597386918608014,-4.490716687399754e-10,-0.0026428808757663624,8.114482705237717e-09,3.36003586003087e-07,0.0005756829393514718,2.393141282885466,1863,1866,,0.00010848931864409242,True
89900,20,1,5.783055944698348e-07,0.9369073487607356,-0.5238651198281792,-1.2535394944279687e-10,-0.0006133901538367681,4.474605667243231e-09,1.8762552569997428e-07,0.0008031330477479213,1.7974544448178562,1863,1866,,0.00037328337441478555,True
89901,20,1,5.783055944698348e-07,0.9425523321010891,-0.5421472446485933,0.0034068711364768633,0.0050510137568117175,0.05406166028504718,2.6740022063783324,-0.0009643853885561349,-1.068095701193046,1863,1866,,0.001506657542925041,
89911,20,1,5.783055944698348e-07,0.9383584824507333,-0.6501751894478152,-2.1800339311539574e-11,-0.003037117374955267,5.017513481465656e-10,2.4301491158762424e-08,-0.0006658630174436361,-0.9016203037154528,1863,1866,,0.001033935674909076,True
89946,20,1,5.783055944698348e-07,0.9298600518424551,-0.6166656894692035,0.0035555017163833025,0.006318402647404908,0.05296001033053533,2.7215885846726837,0.0007460142916119916,1.522121383171303,1863,1866,,0.00044811905238502885,
89949,20,1,5.783055944698348e-07,0.9441869493524988,-0.48948645076064623,-4.5650807578567765e-09,-0.0006842887017575183,4.1638321355125626e-06,0.00016967875637551483,-0.00010676032944718591,-0.22408086606172295,1863,1866,,0.0004206523299631735,True
89952,20,1,5.783055944698348e-07,0.954219104639534,-0.5597667458880611,-3.657811831203617e-10,-0.00011373789429258707,3.3166711704592504e-08,1.3781622046263816e-06,6.474880563321521e-05,0.18354882303454054,1863,1866,,0.00023932277419046923,True
89960,20,1,5.783055944698348e-07,0.9371052191056398,-0.573241329510058,0.0001245423775896315,-0.012552187826894379,0.011375208205942263,0.48569202451189003,0.0006219255609036178,0.8982496310972727,1863,1866,,0.0008891413661353444,
89964,20,1,5.783055944698348e-07,0.9412903427229755,-0.5369638022317684,0.00011720360521016993,-0.00047040022341149346,0.010421804764191623,0.47206875964098444,0.0006911909158082525,1.576895154525974,1863,1866,,0.0003577366195551125,
89968,20,1,5.783055944698348e-07,0.9330437169775073,-0.6006577599853478,-2.065236870407716e-12,-0.004886284046223599,5.310054061573389e-11,2.28447602409088e-09,0.00017575002066710766,0.3149363906916773,1863,1866,,0.0005786291883579255,True
89970,20,1,5.783055944698348e-07,0.9256895097342424,-0.6236211823142994,-1.290505480255888e-10,-0.006170850995917299,1.8025941486242284e-09,8.060504064481271e-08,0.00025947743195555144,1.388067917646506,1863,1866,,6.609766579016896e-05,True
89971,20,1,5.783055944698348e-07,0.9482889686365362,-0.7277186422685864,-5.448974604860268e-13,-0.0011942337614923026,5.863703091648502e-12,2.564292934584811e-10,0.0003569853274617121,0.4818771101546706,1863,1866,,0.0010171193216659935,True
89973,20,1,5.783055944698348e-07,0.9479476465533117,-0.6287234210213344,0.0007292745649046806,0.000522683579916583,0.02536579809989421,1.1961380703966098,-0.0008488219221550337,-1.117331479947209,1863,1866,,0.0010718135772123747,
89976,20,1,5.783055944698348e-07,0.9430978273115741,-0.673431572732867,0.0003502539834625562,-0.0034831805750732414,0.017108346030198764,0.8229683567405072,-0.0007124367314476115,-0.949999368835555,1863,1866,,0.0010455984690988503,
89977,20,1,5.783055944698348e-07,0.9566300068300235,-0.5894855144794962,-1.1463718863069516e-11,-0.000145389309686772,3.568649557981625e-10,1.4773019799098035e-08,0.0004181393366202642,1.481535126655063,1863,1866,,0.00014923629079342774,True
89984,20,1,5.783055944698348e-07,0.9426923664733261,-0.5400589926497035,-2.0784329812784108e-10,-0.0008453034943016746,1.8060427835736497e-08,7.457434254057264e-07,0.0004897027207646456,1.8831304041094352,1863,1866,,0.00012789928573669223,True
89990,20,1,5.783055944698348e-07,0.94402739676612,-0.6419534397934719,-3.5135450104917254e-11,-0.0018578388088634767,1.0587505596003133e-09,4.6008539773440045e-08,0.0004577153707390044,1.7849762284636403,1863,1866,,0.0001240097984985679,True
90037,20,1,5.783055944698348e-07,0.9429791168297316,-0.5740565298451148,0.00010305255320475215,-0.002463382330254449,0.010463479915323667,0.4422248387308713,0.00043859459587712867,1.105098889436586,1863,1866,,0.00029050479038557434,
90038,20,1,5.783055944698348e-07,0.9481084511296828,-0.6002719118509341,-1.6740586028518578e-08,-0.00024794553148210774,4.134443857097328e-07,1.7321828332289762e-05,0.000741998121532558,2.1695967189573873,1863,1866,,0.00021807805729225904,True
90041,20,1,5.783055944698348e-07,0.9458850303964296,-0.659277732283327,-1.6715598460947945e-08,-0.0009831883854918289,4.295287644813701e-07,1.7723264417620906e-05,0.0006575192062918795,2.893961308125198,1863,1866,,9.62578231140987e-05,True
90042,20,1,5.783055944698348e-07,0.9376862489244056,-0.5755736031710748,-9.51908774027288e-10,-6.883412361413654e-05,4.227800208423069e-08,1.7390742477224624e-06,0.0003735946202734192,1.3530642129096526,1863,1866,,0.00014534192697914116,True
90050,20,1,5.783055944698348e-07,0.9354407687061456,-0.5527938879065699,-2.178375013706102e-08,-0.004186731533398325,2.44635955135185e-07,1.0062196252133286e-05,0.0005185201976220313,2.244850526586148,1863,1866,,9.873405712432497e-05,True
90056,20,1,5.783055944698348e-07,0.9480871754584179,-0.6053811395223871,-4.974427092463429e-09,-0.000884510650508874,9.743704851355252e-08,4.278609510040511e-06,0.00025227241354242925,0.6227912927794862,1863,1866,,0.00031016608616226516,True
90057,20,1,5.783055944698348e-07,0.9494984607779406,-0.6563645159584901,0.00030134824696137485,-0.0026399986153602395,0.016107877975061073,0.7610130805790394,0.00010112878976511532,0.9895611643987149,1863,1866,,1.935635298412874e-05,
90066,20,1,5.783055944698348e-07,0.9341475525922913,-0.5279687131037907,-1.1834440760694065e-08,-0.004631772859087446,1.6499024908401817e-06,6.919342754282989e-05,0.0005792253368151618,2.344232630869244,1863,1866,,0.00011539496541585062,True
90067,20,1,5.783055944698348e-07,0.9454745531876441,-0.7325633879912292,-3.871525322551861e-10,-0.00135528217163694,5.372068963474446e-09,2.465971836763314e-07,-0.0010573906352174575,-1.1749389898420401,1863,1866,,0.0014923680975299617,True
90068,20,1,5.783055944698348e-07,0.9313526484603563,-0.5063164788861996,2.620827008281701e-05,-0.00549998011777153,0.005333705441486731,0.22193257382478893,0.0004032867622147113,1.5402158203197518,1863,1866,,0.0001278675035421871,
90071,20,1,5.783055944698348e-07,0.9326303234995396,-0.61004295099563,0.004888548811660898,0.0005330393099505226,0.06503713685618787,3.233253534800939,-8.396974422571065e-05,-0.1631345613482148,1863,1866,,0.0004934440511877078,
90073,20,1,5.783055944698348e-07,0.9533881063607811,-0.5395168507082475,2.2451157671188327e-05,-0.007311422725203576,0.004888723262345406,0.20538955180636875,0.0003145601860088425,1.6805540863750454,1863,1866,,6.498934974784471e-05,
90102,20,1,5.783055944698348e-07,0.9492162921695132,-0.5804162560128996,1.0788508557513232e-05,-1.5855603514358663e-05,0.0033875818724516437,0.14215414667529291,0.0009280363815198488,1.8467006007035447,1863,1866,,0.00048751387829011183,
90103,20,1,5.783055944698348e-07,0.9461401610066319,-0.6150392896891057,-1.0773493208660057e-10,-0.0010422721806657709,3.6929382496816675e-09,1.5692334667894423e-07,0.00040519355787610787,1.8036561931404635,1863,1866,,9.584955770281904e-05,True
90105,20,1,5.783055944698348e-07,0.9298863597726927,-0.554246421469806,-6.4340526240158624e-09,-0.0018739025859852987,1.5941589977083628e-07,6.3624509231290595e-06,0.0005146999629516059,1.9909166753895535,1863,1866,,0.00012576089695950495,True
90114,20,1,5.783055944698348e-07,0.9277855347292907,-0.5757647643751755,2.696750603703446e-05,-0.011335317100227504,0.005157265639324732,0.22514018158334007,0.0003657342667101611,1.5814769831491104,1863,1866,,0.00010086106657161277,
90120,20,1,5.783055944698348e-07,0.9421904617180684,-0.6586853701930366,0.0002740914490161339,-0.006885995885323348,0.016571364686705614,0.7264490198505846,0.0004649135097253327,0.8284486720609853,1863,1866,,0.0005907378703102476,
90160,20,1,5.783055944698348e-07,0.9578896921021596,-0.5420831429162256,0.00042903369755764587,-0.001441592344255671,0.021330653007282444,0.9128932939562857,0.00027953814737690936,1.575044745548521,1863,1866,,5.834415838242316e-05,
90162,20,1,5.783055944698348e-07,0.9420353947650493,-0.6786852651769506,2.688018070873266e-05,-0.0012651411114463773,0.004729162580647339,0.22470984745282513,-0.0007074709406121025,-0.8479647407631126,1863,1866,,0.0012918293074503666,
90164,20,1,5.783055944698348e-07,0.9387401427394307,-0.5856280410921055,0.00014141502364650727,-0.0002761156597750336,0.012273369472692414,0.5193275083473547,-0.0005207111561115138,-1.0098404769447602,1863,1866,,0.0004911530540519304,
90199,20,1,5.783055944698348e-07,0.9485969188218604,-0.587221226088281,-5.513942635815283e-10,-5.681532492718411e-05,4.6394541279203754e-08,2.0270935428290463e-06,0.0005872398757403995,1.1674790229147167,1863,1866,,0.00047546751540161313,True
90202,20,1,5.783055944698348e-07,0.9468816685923114,-0.5304921186700193,4.98154749228874e-06,-0.011292018380232083,0.002314233419369308,0.09735073856465991,0.00027724538075113035,1.4209564888251547,1863,1866,,7.060689386566207e-05,
90215,20,1,5.783055944698348e-07,0.9571001372318336,-0.6421566155697715,-7.159983717031082e-11,-0.0009486975200567738,1.0286945137125426e-09,4.458318661209302e-08,0.0009026574681063904,1.727152198670048,1863,1866,,0.0005086619887679899,True
90219,20,1,5.783055944698348e-07,0.9493674237201174,-0.7611625319214028,0.0001885451340198907,-0.00314387407734662,0.013047801230808894,0.5995273014556767,0.00037250778378772613,0.7159487589429211,1863,1866,,0.0005063735370619232,
90248,20,1,5.783055944698348e-07,0.9612306079347643,-0.5549625610160831,-1.5016311749604938e-08,-0.0002102798958993901,8.92937211177444e-07,3.706975785599222e-05,0.0016495928474731087,4.038341593566713,1863,1866,,0.0003173595405788882,True
90249,20,1,5.783055944698348e-07,0.9405203297676343,-0.5695381714917109,-6.687028708540765e-10,-0.0001235570218522941,1.4127036729563695e-07,6.0776843101635116e-06,0.0006681894781161677,1.4173600694856865,1863,1866,,0.0004154367718594019,True
90253,20,1,5.783055944698348e-07,0.9388184256718424,-0.485286142368893,0.0022023849138396168,0.003571652394002145,0.047269882287851006,2.125428985044097,0.00047642838439594946,1.2313299888830471,1863,1866,,0.0002773942541516978,
90266,20,1,5.783055944698348e-07,0.947083509608293,-0.6581089830052351,-2.3946622462744926e-11,-0.007958128102244721,7.264380321163428e-10,3.1173366830958156e-08,1.5003209339912421e-05,0.026773634361332958,1863,1866,,0.0005890481966268475,True
90267,20,1,5.783055944698348e-07,0.9628783558078875,-0.5439607442438565,1.224243356856558e-05,-0.003437906773669397,0.0035031681744024487,0.1515733864023611,0.0002922908109547207,1.3844668964625693,1863,1866,,8.319365272004325e-05,
90269,20,1,5.783055944698348e-07,0.9477231685312729,-0.49482989933738364,0.005503163524481325,-0.009161100076082285,0.07163431305496727,3.4552938088914105,0.00029383204822517787,1.4804303451957155,1863,1866,,7.417660824342643e-05,
90271,20,1,5.783055944698348e-07,0.933528223493028,-0.5836884288882367,0.0026387291661088552,0.002463049194101452,0.046213808400402144,2.3259230066814602,-0.0010771147449009975,-1.4414696682465047,1863,1866,,0.0010325515876520967,
90272,20,1,5.783055944698348e-07,0.9483036381538502,-0.6712676518611853,-1.3649562813355942e-08,-0.012090942201546273,6.564032996000436e-07,2.984944715786298e-05,0.0009300854572457639,1.7154595383559865,1863,1866,,0.0005448610167007068,True
90300,20,1,5.783055944698348e-07,0.9502741189336328,-0.6491441118994663,-6.293632281995087e-12,-5.5017219870112655e-05,3.955472360342774e-11,1.6230820302026434e-09,0.0005040158387533023,1.6548625901845908,1863,1866,,0.0001744256795353181,True
90302,20,1,5.783055944698348e-07,0.9596617188172726,-0.5702838960298287,2.370929302242253e-05,-0.006739943481160138,0.005212548069369751,0.2111086973188693,0.0002319055539043608,1.130338855622668,1863,1866,,7.809796218156135e-05,
90303,20,1,5.783055944698348e-07,0.9370998777168448,-0.5497919969175151,7.109836181729001e-05,-0.0013920152592357127,0.00848579721896065,0.3666143431750366,0.0006132382320287716,1.356998453649398,1863,1866,,0.00038230099323241707,
90305,20,1,5.783055944698348e-07,0.9506357436499483,-0.52957833858268,-4.3359094092920714e-11,-0.014182953886113348,6.912431854743254e-10,2.8087251817767525e-08,0.0011726188686228486,3.3278039653458538,1863,1866,,0.00023176059508730717,True
90306,20,1,5.783055944698348e-07,0.9522793468490415,-0.5434183149953209,2.1027479543467287e-05,-0.00236060308577124,0.004577158154842745,0.19877559230801137,0.00044985118066235815,2.01115066324948,1863,1866,,9.614451450345406e-05,
90307,20,1,5.783055944698348e-07,0.9552474732198163,-0.5399472012494555,0.0003236341256315223,-0.007172095913248189,0.01821030035985967,0.7904016259035526,0.0003566770048127806,0.7371191106803913,1863,1866,,0.0004400876947728844,
90312,20,1,5.783055944698348e-07,0.9436104715936298,-0.6126161381089872,-1.8996582085151204e-11,-8.796360379648149e-05,5.567606335449625e-10,2.4064671578072324e-08,0.0010713098155791518,1.9002841537037165,1863,1866,,0.0005914081918721711,True
90338,20,1,5.783055944698348e-07,0.950458355706125,-0.49878876154320606,0.0006121089886935716,-0.02126240358218756,0.025138801906184168,1.0938955316724444,6.41501322326937e-05,0.13726792817326366,1863,1866,,0.0004054378014907091,
90340,20,1,5.783055944698348e-07,0.949538775551334,-0.5930263518620418,0.00022679878870390802,-0.0010806163098961985,0.014150695672056566,0.6600287723323157,0.00018740078075359004,0.43903799850130676,1863,1866,,0.00033781500391607503,
90346,20,1,5.783055944698348e-07,0.9307303067228762,-0.5047738654541503,-1.2803780258252573e-10,-0.00019006408210242576,1.0983075867804836e-08,4.488486705263089e-07,0.0004758456738110673,0.8460494877072836,1863,1866,,0.0005940481680136144,True
90371,20,1,5.783055944698348e-07,0.9499586713180279,-0.6984053271370856,-2.227107387398064e-12,-0.0004290027254902906,4.935041788442091e-11,2.279132400858415e-09,0.00042243058166256203,0.5401444536473097,1863,1866,,0.0011363833495677386,True
90373,20,1,5.783055944698348e-07,0.9417170652611092,-0.5630872372908107,-9.063330086434007e-10,-0.00216375168205718,1.7519537260326552e-08,7.221745866867659e-07,0.0006552725701032795,1.8520920928173004,1863,1866,,0.0002327529271455638,True
90376,20,1,5.783055944698348e-07,0.9447055223623938,-0.569037437116575,-3.828676931050268e-09,-0.0004634526864566446,7.829022931356543e-08,3.328690976399762e-06,0.00039012362406279236,1.7640682083431622,1863,1866,,9.493387121006236e-05,True
90384,20,1,5.783055944698348e-07,0.9516634664262575,-0.9418442619121341,-1.7178198863376792e-09,-0.011168427291989858,6.091947196254136e-07,3.300083260158926e-05,-0.0011777005519068527,-1.0594256014974417,1863,1866,,0.0023054437070955144,True
90386,20,1,5.783055944698348e-07,0.9479829592632264,-0.6273148456353679,-3.6522940227712297e-10,-0.0008948096349890022,1.701702476137328e-07,7.35594661464126e-06,-0.000420355565410528,-0.8267963849586588,1863,1866,,0.00048649696448551316,True
90387,20,1,5.783055944698348e-07,0.9405179754919094,-0.7441278196511134,-3.792334890562188e-09,-0.0007006312516220081,5.603750004268374e-08,2.7411995482292276e-06,-0.0005538221573778094,-0.6294461524422945,1863,1866,,0.0014300812252916618,True
90389,20,1,5.783055944698348e-07,0.9667351724952375,-0.6498751730729866,-6.676148522899439e-10,-0.00021904931660654547,1.1169240803290693e-08,4.853975380671763e-07,0.00040881730221088117,1.9590153031068698,1863,1866,,8.133125010895346e-05,True
90390,20,1,5.783055944698348e-07,0.9432360914683265,-0.5755829629653639,-7.256569345415187e-09,-0.00909569798488552,2.069280748146224e-06,9.232246236858424e-05,0.0004542757803728366,2.2745391365919625,1863,1866,,7.673832730832872e-05,True
90392,20,1,5.783055944698348e-07,0.9557620586296478,-0.4640042388606658,0.0009640715062098071,-0.002067870961329543,0.03171372638401073,1.3836578182055401,0.0002835722465209409,1.8452759213134942,1863,1866,,4.4674016328326216e-05,
90394,20,1,5.783055944698348e-07,0.9480082048375998,-0.7064958660592648,7.167131566310214e-05,-0.0016411886959584177,0.008860023585611455,0.3685918633777806,0.00047786053568154376,0.9787637925226238,1863,1866,,0.00044399814474788157,
90396,20,1,5.783055944698348e-07,0.9487286814533691,-0.5655671094066679,-1.5303980305247933e-11,-0.015223662005411143,2.1573145393555463e-10,8.995520435345518e-09,0.0008138700621211351,2.184830039772982,1863,1866,,0.000261083133080964,True
90432,20,1,5.783055944698348e-07,0.9529540076064368,-0.5669897722254624,-5.33579846972998e-11,-0.0005009313402857263,1.764399200974508e-09,7.442648440825342e-08,0.000300132255433524,0.6807541511437638,1863,1866,,0.00036290112186822395,True
90434,20,1,5.783055944698348e-07,0.9310899129069429,-0.6274793125299505,-7.009851588080096e-09,-0.010850940501411666,1.5621562316986897e-07,6.567285709594284e-06,0.00022671099588640712,1.2205249044320943,1863,1866,,6.538442610477132e-05,True
90440,20,1,5.783055944698348e-07,0.9458317650128382,-0.6972689416482876,-6.357618875796334e-10,-7.776311396145985e-06,9.309799194157455e-09,4.279358094692188e-07,0.0009897526324864603,2.0738049874355298,1863,1866,,0.0004270737551629553,True
90444,20,1,5.783055944698348e-07,0.9506438898626484,-0.589248102609006,0.00010791175529478725,-0.013368900376498516,0.010353441943960115,0.4528593215873957,0.0003213122859517667,0.7380216878811032,1863,1866,,0.0003536371525797702,
90458,20,1,5.783055944698348e-07,0.9492941855893428,-0.5465710123721239,-3.443502150091149e-09,-0.0002450615992133365,7.920416496887725e-08,3.1797061991867216e-06,0.0006612269008382351,2.471104227617646,1863,1866,,0.00013394472604966152,True
90494,20,1,5.783055944698348e-07,0.9484282357853394,-0.7286071664849498,6.481663743262978e-05,-0.00025068877461542627,0.0072565651192166925,0.3489146573249613,-0.001245929407881538,-1.3007338181868817,1863,1866,,0.0016922344168057491,
90495,20,1,5.783055944698348e-07,0.9307897473516055,-0.5654935707667064,-2.5194382136106697e-09,-0.0032225075185730034,2.7113072849670384e-07,1.1515612790689835e-05,5.081493818595542e-05,0.15328803578961697,1863,1866,,0.00020702562729513977,True
90496,20,1,5.783055944698348e-07,0.957188057670648,-0.7300992129480841,-8.43769498715119e-14,-0.007305235389908571,7.336843949571203e-13,3.377913283580321e-11,-0.00046282335117988846,-0.5126206425818642,1863,1866,,0.0015195476309099204,True
90499,20,1,5.783055944698348e-07,0.9480684495251988,-0.6159103091567715,0.0001761811274570979,-0.0016632674766869915,0.012638428115423669,0.5801241180585779,0.0001763924760629304,0.45803015076168974,1863,1866,,0.00027469384668752354,
90505,20,1,5.783055944698348e-07,0.9470860766891475,-0.6749475105682916,-1.3693912670476038e-09,-0.001737526769935327,2.453799192672583e-08,1.0615279129033064e-06,0.0008873690200339116,1.6389386754073292,1863,1866,,0.000562209433565428,True
90507,20,1,5.783055944698348e-07,0.9558651391008369,-0.5621277903496156,-1.73705494432852e-11,-0.001261527281721575,5.400408048102769e-10,2.260928491966591e-08,0.0011496994987304262,2.9852970466946425,1863,1866,,0.0002828365961893191,True
90510,20,1,5.783055944698348e-07,0.9521415523983133,-0.6528803192695343,-5.668920888268758e-10,-0.0020096777878020333,2.128000529473645e-08,9.250188744557077e-07,0.00027588086313451584,1.4437904020927628,1863,1866,,6.860597055570095e-05,True
90516,20,1,5.783055944698348e-07,0.9482780997806964,-0.6200553649252483,0.00021914943764067552,-0.00249106156714185,0.014089426680808786,0.6475082245757803,0.0007503533258396154,1.1162824123487534,1863,1866,,0.000835484907904933,
90518,20,1,5.783055944698348e-07,0.9442500786917724,-0.5806057928366144,8.247291664786882e-05,-0.004987440686079925,0.009156923968832694,0.3951648180823218,0.00024385980426865547,1.137379645296742,1863,1866,,8.633638677355452e-05,
90520,20,1,5.783055944698348e-07,0.9518472142943878,-0.6528273410044949,3.1067249246508055e-05,-0.0017846755990853502,0.005704450149957354,0.24151912714834448,0.0006608974014886108,1.3590090212159633,1863,1866,,0.0004414714897981248,
90523,20,1,5.783055944698348e-07,0.9443792576629607,-0.5167300563297803,0.00011060903955562029,-0.0005216760239130647,0.010919167127712556,0.45854942252408176,0.00044998659122227154,1.9811747248778289,1863,1866,,0.00010168517971967221,
90524,20,1,5.783055944698348e-07,0.9545975545136731,-0.529997796802957,-1.7241763572428681e-12,-0.0011913093595306012,2.2714327223883298e-11,9.223516373117149e-10,0.0006337758908991242,1.8088515539809185,1863,1866,,0.00023001852204649614,True
90531,20,1,5.783055944698348e-07,0.9524976413284238,-0.6228603094553278,0.0019610211984223413,-0.00025128544569463784,0.03954550123522006,1.9923606769078748,-0.000139553165998673,-0.23293043212676537,1863,1866,,0.000670434334465945,
90533,20,1,5.783055944698348e-07,0.9416804739863603,-0.7702599518718913,-2.6151525389650487e-11,-0.00037548158249078867,3.031165854980749e-10,1.4086072853092175e-08,-0.0006565271978532308,-0.7143022903366147,1863,1866,,0.0015620931959333868,True
90537,20,1,5.783055944698348e-07,0.9423573920633802,-0.6036966213216854,-3.1017410861977623e-11,-0.0016421811351980953,2.1318439398405954e-09,9.080052159864165e-08,-0.0010759496873265202,-1.6195165745341928,1863,1866,,0.0008178683098564562,True
90548,20,1,5.783055944698348e-07,0.9362274417974682,-0.6425205107570529,-6.659507834072542e-09,-0.0002585485950508115,3.0157490937659777e-07,1.3431335190770973e-05,-0.00027617387247546714,-0.3641814667331743,1863,1866,,0.0010658871524237123,True
90550,20,1,5.783055944698348e-07,0.9387381531497766,-0.5648399581650665,0.0005653929041704586,-0.020579887251653384,0.02297694883646764,1.0502248112591341,5.763174096764278e-05,0.13746486572598285,1863,1866,,0.0003279202035728046,
90552,20,1,5.783055944698348e-07,0.9589524613471702,-0.5591643352330786,0.0008394161764527786,-0.00237819701141162,0.028254251799276646,1.2864413302894535,0.0001899809638650658,1.3825437213212024,1863,1866,,3.540360490108462e-05,
90558,20,1,5.783055944698348e-07,0.9481838615008054,-0.6216488744186013,0.004226923920244596,-0.0036543827072474944,0.05632949425830257,2.9809240193282354,0.0005276653010322042,0.8079740867612103,1863,1866,,0.0007952963525346262,
90562,20,1,5.783055944698348e-07,0.9578495094472217,-0.5695393129926039,4.1388226578287224e-05,-0.00025685234255834466,0.006155250789493588,0.27953354635993927,0.0005671170352307921,1.2226677848437466,1863,1866,,0.00039747357198928213,
90563,20,1,5.783055944698348e-07,0.9538973607992303,-0.5275940951483915,0.00016800757822132972,-0.004887072655872737,0.012914141502766027,0.566522401319037,0.00033386088395334857,1.494630612291412,1863,1866,,9.341380474276271e-05,
90564,20,1,5.783055944698348e-07,0.9505870582931506,-0.5768881766669003,0.0002023113198634796,-0.004925326051840706,0.014512321675584321,0.622172936434318,0.0010547734348788972,2.0508176403456293,1863,1866,,0.0004926112682281335,
90569,20,1,5.783055944698348e-07,0.9529528587177367,-0.5629408948302148,-5.491610499674948e-09,-7.050230752847497e-05,1.2059110556460038e-07,5.054994951359025e-06,0.0006994260388865029,1.5476605502703895,1863,1866,,0.00037993431018522116,True
90607,20,1,5.783055944698348e-07,0.9619378166203053,-0.6059391107678012,0.0005859833563396366,-0.0005280723421392519,0.022187783821779567,1.0677470121049515,0.0006061703003987903,1.9900465362313278,1863,1866,,0.00017376335997877802,
90612,20,1,5.783055944698348e-07,0.9422177275891438,-0.7032722923334411,-4.7554404858374255e-11,-0.00640184050648096,3.173172211601443e-10,1.3378510048098026e-08,0.00021444085829668802,0.9272437421260049,1863,1866,,0.00010042613591994894,True
90630,20,1,5.783055944698348e-07,0.9564402389622964,-0.7465090923999518,0.0006064033897674737,-0.00012117783370602098,0.02160170828452007,1.089237409564807,-0.0006479482156800937,-0.8705340342813558,1863,1866,,0.0010298303710101532,
90648,20,1,5.783055944698348e-07,0.955479897655647,-0.5980433980337021,7.136851841282876e-06,-0.00018631480394781796,0.0027486034222064405,0.11595787968770599,0.00040580403557822467,1.6905765522736267,1863,1866,,0.00010913856741246835,
90651,20,1,5.783055944698348e-07,0.9607137862118372,-0.5712330840768318,-1.0658638860405745e-08,-0.005223547904004144,2.610003648506631e-07,1.0719976085693158e-05,0.00035477338622484997,1.8275263007199556,1863,1866,,7.053709024279081e-05,True
90657,20,1,5.783055944698348e-07,0.9434421425737891,-0.5891112035974833,-2.488252270893554e-09,-0.0018906317385862792,6.148339722603818e-07,2.6557705529470024e-05,1.1739512636409615e-05,0.017314368761291766,1863,1866,,0.000853976969055963,True
90675,20,1,5.783055944698348e-07,0.9308594741351713,-0.5458012243045418,0.00013356976346989846,-0.0039715451738935315,0.012190621944063541,0.5046924266020819,0.00020629825257749282,0.8228329905605358,1863,1866,,0.00011778145055956203,
90680,20,1,5.783055944698348e-07,0.9513683265746766,-0.598780197557254,3.731687885910606e-05,-0.0008247070094307141,0.006059282317069045,0.26504281542657726,0.0003198807350576718,0.6887921607028612,1863,1866,,0.0004057107489531908,
90685,20,1,5.783055944698348e-07,0.9655158572586562,-0.5674132757954053,0.00017286528093551912,-0.0014930111048916395,0.013705333151552932,0.5750732704797076,0.00016867410301542316,0.9280077156144345,1863,1866,,6.088129893020857e-05,
90689,20,1,5.783055944698348e-07,0.9330645786384459,-0.6590992377637317,-1.7768009286101005e-12,-2.6941280612424734e-05,4.38395926560312e-11,1.9221318711324364e-09,0.0004126096247947815,1.0232930305926455,1863,1866,,0.00030006921241986726,True
90698,20,1,5.783055944698348e-07,0.9407348767158185,-0.538404635308662,1.556011331671492e-05,-0.00744592309526837,0.0040706844378913505,0.1708413150425737,0.000524863246126464,1.2192212028060085,1863,1866,,0.0003452999933262349,
90700,20,1,5.783055944698348e-07,0.93170701925151,-0.6494439962086491,-1.4892198585414462e-10,-0.0006501192725327787,2.285828533700858e-09,9.840464549582148e-08,-0.00042958498201698146,-0.5505066427600793,1863,1866,,0.0011543493861948082,True
90701,20,1,5.783055944698348e-07,0.9511276158662229,-0.5616286569069973,-4.845301937450586e-11,-0.0013066878138590088,1.6729282123828919e-09,6.910911944780544e-08,0.000286819137627581,0.5817571671845392,1863,1866,,0.0004573203106412636,True
90703,20,1,5.783055944698348e-07,0.9450603779301525,-0.707737290565039,-2.86680124084171e-09,-0.0014232680608841086,1.0728477673603061e-07,4.9837675406883405e-06,6.0013024775805445e-06,0.00965472417062094,1863,1866,,0.0007163384512331243,True
90751,20,1,5.783055944698348e-07,0.952853112516158,-0.6179375225823895,4.781622978544675e-05,-0.001976266342048838,0.006449009536159484,0.30003914305213947,0.0002755491479241131,0.5016196524304896,1863,1866,,0.0005649260236916073,
90753,20,1,5.783055944698348e-07,0.9595298480456366,-0.5395345835272896,2.1931945400233133e-05,-0.0009298345098425198,0.004694956411013906,0.20296773481774552,0.000468562088025126,2.1281063354337033,1863,1866,,9.130874774942633e-05,
90756,20,1,5.783055944698348e-07,0.9459101425803174,-0.6029697171702424,2.5963259250638693e-05,-0.008248068735642544,0.005147461678964072,0.22086673669950832,0.0003260281535969874,0.5891754326115549,1863,1866,,0.0005686298343377793,
90761,20,1,5.783055944698348e-07,0.92995476506073,-0.7048411214907551,6.49413118195552e-05,-0.004008278836831414,0.007036400576729824,0.3504286303077319,-5.9205301460128067e-05,-0.12614277648369365,1863,1866,,0.00041100275138400964,
90762,20,1,5.783055944698348e-07,0.9352229518064149,-0.5586783001681201,-6.11555872609415e-09,-0.008119944885335073,1.5370620661947222e-07,6.075861494668527e-06,0.0003131144874832289,1.146049947013913,1863,1866,,0.0001397351601850159,True
90775,20,1,5.783055944698348e-07,0.952090121950625,-0.5807991126513252,-7.035237947761175e-09,-7.453107464527875e-08,1.378902790846067e-07,6.134868386865747e-06,0.00039189650113071963,1.0179119338540357,1863,1866,,0.0002761714586039353,True
90776,20,1,5.783055944698348e-07,0.9512887641978601,-0.6222960006940419,-1.0746958878371515e-12,-0.00013311810961469384,2.5792486589580552e-11,1.1269194495800223e-09,0.0012692147948698985,2.4967809614494283,1863,1866,,0.0004936615318296598,True
90783,20,1,5.783055944698348e-07,0.9457737067336031,-0.67185983272982,-1.5973489198017887e-10,-0.001308137809113985,1.099770203159169e-08,4.977468048848697e-07,0.0009604477487115178,0.9896501959458388,1863,1866,,0.001783656703163634,True
90790,20,1,5.783055944698348e-07,0.9448247424610482,-0.6367991444958883,-2.0680317458499076e-09,-0.00034019392172379703,3.935581965197897e-08,1.685652320670436e-06,0.0004509493384963524,1.1699415949283432,1863,1866,,0.0002768350008828951,True
90793,20,1,5.783055944698348e-07,0.9526615914271446,-0.5350941701801466,-5.2973403441569644e-11,-0.004310169349137194,1.8288445605788446e-09,7.551867757940202e-08,0.00024161264939819192,0.6861787190428688,1863,1866,,0.00023197300680820155,True
90794,20,1,5.783055944698348e-07,0.9539019033600289,-0.5493292690221161,-1.3866592096789532e-08,-0.003926629013063954,1.939195785244404e-06,8.201384027531111e-05,0.00021606281976858778,0.6374406924275369,1863,1866,,0.00021524242626809212,True
90796,20,1,5.783055944698348e-07,0.9357016486658579,-0.6187589466355841,3.1867739928914673e-05,-0.0016878666491038086,0.005363421354296332,0.24481888682745415,0.00021454188290425703,0.3279659321899909,1863,1866,,0.0008052590254889988,
90825,20,1,5.783055944698348e-07,0.9463759906202265,-0.8456722671585706,-4.731330216500851e-09,-0.005334419809690294,1.7248295782920327e-07,8.306576997442817e-06,0.00025363631959190075,0.3814516832197828,1863,1866,,0.0008234659831295853,True
90827,20,1,5.783055944698348e-07,0.9558710173469843,-0.597151153697784,-9.101060238769776e-08,-0.005092859833803143,0.0001249090813526228,0.005401501524894482,0.0003592410231780776,1.667377241679394,1863,1866,,8.827353427565109e-05,True
90829,20,1,5.783055944698348e-07,0.9502217586579013,-0.6970372424049112,-7.401657065031486e-11,-0.0009630867469174742,8.936718010861112e-09,4.367891849943063e-07,0.0002655930496812414,0.47118816161605864,1863,1866,,0.0005900357163386138,True
90839,20,1,5.783055944698348e-07,0.9291865116358721,-0.601496029593213,-1.5313306178654784e-11,-0.005434994340307142,2.3261158668280385e-10,9.37439754488119e-09,0.000533711436256362,1.9525458751591491,1863,1866,,0.00014105710379781855,True
90843,20,1,5.783055944698348e-07,0.9509731075118637,-0.5820344001241846,-1.7837549215471427e-09,-0.005391206870565934,3.339767049130853e-08,1.4312872885908112e-06,0.0004635707451460229,1.8129875366109696,1863,1866,,0.00012145390839235415,True
90850,20,1,5.783055944698348e-07,0.9573917250429662,-0.5969679186909975,0.0007066368344899043,0.00021841250786946986,0.024529464178736603,1.1755595347122285,0.0004020889721357786,0.9864232474390753,1863,1866,,0.0003111259855535625,
90853,20,1,5.783055944698348e-07,0.9435277157282361,-0.5988977143642225,1.004054965503265e-06,-0.006859208913135184,0.0009830077636431337,0.043262530395214396,5.673623628106191e-05,0.10675805769747489,1863,1866,,0.0005316497742981459,
90880,20,1,5.783055944698348e-07,0.9541914595767884,-0.6623281616978252,-3.376410262490026e-12,-0.00013228345284188592,7.865351486492262e-11,3.5806315915903214e-09,0.0007437393769305277,1.7256181819936132,1863,1866,,0.0003468058273377609,True
90882,20,1,5.783055944698348e-07,0.9508852903301308,-0.5730122153223336,-2.8515554362229523e-09,-0.0026852731084734405,7.493273349594876e-07,3.218296583989993e-05,0.00036886887550276355,1.5835456085014796,1863,1866,,0.00010235377308219319,True
90885,20,1,5.783055944698348e-07,0.9451682952216973,-0.7128719979147287,0.0004793885698587408,-0.0018934680455700015,0.0189317537516849,0.963294346841754,-2.093112294521707e-05,-0.02484561068852081,1863,1866,,0.001305642505452956,
90886,20,1,5.783055944698348e-07,0.945685340244489,-0.5781377032750987,-6.4610286010235995e-09,-0.00020475050102830572,7.74515154322449e-07,3.30955722542342e-05,0.00017075884515745416,0.31043574404217983,1863,1866,,0.000559949968132086,True
90922,20,1,5.783055944698348e-07,0.9707858300998663,-0.5915805946923378,-4.982345802595489e-08,-5.620471156486673e-05,3.1741338938720304e-06,0.00013880975331295877,7.303851922257788e-05,0.7240725411141788,1863,1866,,1.945128849569085e-05,True
90925,20,1,5.783055944698348e-07,0.9552313443562439,-0.5763265103489261,-4.3897592894026616e-08,-0.00011678264360570623,2.9470792141674765e-06,0.0001245840837767622,0.0008578794017168274,2.6720769933085284,1863,1866,,0.00019275563772032137,True
90927,20,1,5.783055944698348e-07,0.9561342044411233,-0.5899648447967285,-2.5068142006645644e-08,-0.002169308344994736,1.5636922286462151e-06,6.577596283286567e-05,0.00027546762884660266,1.1934741309505734,1863,1866,,9.903673584244556e-05,True
90943,20,1,5.783055944698348e-07,0.9503756368877765,-0.6001338414137725,0.0006466342102917633,0.0007136390121239566,0.023626689129335923,1.124743846038984,-0.0009768960431368713,-1.3167527846624059,1863,1866,,0.0010156797070336888,
90965,20,1,5.783055944698348e-07,0.942064332421756,-0.8243630139483054,-8.774003745770642e-11,-0.0006122664631780239,4.74613943079239e-09,2.324612832821432e-07,-0.0006493585687435343,-0.6733527843285633,1863,1866,,0.001721996663370177,True
90979,20,1,5.783055944698348e-07,0.9517327140203075,-0.6464519897911809,-2.121858244663599e-12,-0.012368685711175331,2.5774084511127887e-11,1.091616167465662e-09,0.0010372039333916433,1.7932549696218552,1863,1866,,0.0006245488730701858,True
90987,20,1,5.783055944698348e-07,0.9404553326857501,-1.0876075104709781,-1.721531805998211e-10,-0.00735620743396459,6.4881679278922164e-09,3.808259093996275e-07,-8.801334031291247e-05,-0.17905939756853506,1863,1866,,0.0004472771202013859,True
90988,20,1,5.783055944698348e-07,0.9432122113857686,-0.6399786301651729,0.0009373717702489959,0.0011761803689072092,0.02899331184898653,1.359327288406341,-0.00011136338814263182,-0.19897789708772717,1863,1866,,0.0005881824989383179,
90989,20,1,5.783055944698348e-07,0.9424688953268859,-0.563900958188017,-5.160107896529098e-10,-0.0011224906924449662,1.9563865649841443e-08,8.387177399080274e-07,0.00032415928126168373,0.5387987302698678,1863,1866,,0.0006700999649396724,True
90993,20,1,5.783055944698348e-07,0.9523390838626153,-0.5361590247760852,-3.3288598544345405e-09,-0.000122496079860257,3.085093462838843e-08,1.2800857881576156e-06,0.0006713717926697924,1.930001125384885,1863,1866,,0.0002307484389832853,True
90998,20,1,5.783055944698348e-07,0.9613114474977098,-0.6763408132509314,-1.1316909631631233e-09,-0.0024198901607728196,1.8424107350460727e-08,8.259112212792123e-07,0.0004293949138374941,2.104990835864123,1863,1866,,7.765781084247716e-05,True
90999,20,1,5.783055944698348e-07,0.9425000820610572,-0.6521369852054202,-6.02522476356171e-11,-0.0011416866288225247,1.8301163665866558e-09,8.074719350492124e-08,-0.0004410975924042168,-0.5874111290522157,1863,1866,,0.0010515632657623916,True
91037,20,1,5.783055944698348e-07,0.945194528453549,-0.5561274557400107,-2.9656943567601957e-11,-0.0020334816118292576,9.473380106589008e-10,3.9811385484758906e-08,-5.618075559746259e-06,-0.00928917280407743,1863,1866,,0.000678168975950735,True
91040,20,1,5.783055944698348e-07,0.9341002104869554,-0.9267052487492302,0.0021460546580461815,-0.004397950833468611,0.033129217829894246,2.0596345762197172,-0.0028534497608055727,-1.6974504379453335,1863,1866,,0.005218754235113506,
91041,20,1,5.783055944698348e-07,0.948940597406725,-0.5621988984641013,0.00044107883832544825,-0.0003024663260098315,0.02128123096305055,0.9259591619888088,0.0005744789168035534,1.184620406647559,1863,1866,,0.0004612445189542444,
91044,20,1,5.783055944698348e-07,0.942727999776307,-0.5387431405145076,0.0027106379312299422,-0.0015710731408098422,0.04808161386042677,2.3641688276538853,0.0003502796594067239,0.7558580278979748,1863,1866,,0.00039832725748180435,
91065,20,1,5.783055944698348e-07,0.9476743175157635,-0.5527401655483479,1.513294102550855e-05,-0.01068506543806258,0.003954605901802619,0.16843827178736717,0.0005668867759505434,1.0796595518932721,1863,1866,,0.0005094069143817179,
91068,20,1,5.783055944698348e-07,0.944755902180742,-0.5933216002430373,0.0001007398431419615,-0.004157034024553141,0.010014934795412789,0.4368376267734152,0.0007665228998248434,1.6020886719947276,1863,1866,,0.00042907789764230726,
91106,20,1,5.783055944698348e-07,0.9439967486917098,-0.57217505333703,-7.160304882347646e-08,-0.0003406855126510955,8.230490580968339e-07,3.55376780978452e-05,0.0003227587716072412,1.9392758583988818,1863,1866,,5.139003331287481e-05,True
91109,20,1,5.783055944698348e-07,0.9334474642257997,-1.0865541813195603,-1.9044674726131916e-09,-0.0017906799931506345,9.51929180216437e-08,5.418456811382513e-06,-0.002389963142794403,-1.8839450473640709,1863,1866,,0.002968660978298514,True
91111,20,1,5.783055944698348e-07,0.9509169267852825,-0.9830305263257049,0.0291862031829917,0.02177548097869164,0.12374227830528273,8.560263121840231,0.0006611477355987115,0.98819582249514,1863,1866,,0.0008486129081647555,
91112,20,1,5.783055944698348e-07,0.9521325463823404,-0.6647913119285722,-6.772469252069868e-10,-0.0023841460527529446,2.4418011793075613e-08,1.0875435915899926e-06,0.0008717634400668624,2.175992488184413,1863,1866,,0.0003003252031738553,True
91114,20,1,5.783055944698348e-07,0.9452676713688426,-0.5694113436410162,9.77722563217931e-05,-0.01132602106165348,0.010140171544119383,0.4305341398770975,0.0002295532514910125,0.3928283197919027,1863,1866,,0.0006342771951689325,
91119,20,1,5.783055944698348e-07,0.9536176613299988,-0.829598955966049,-1.3167245072054357e-13,-0.0001075283772684621,1.0961313844239153e-12,5.2320568630898206e-11,0.0001486314980884856,0.30576201029537486,1863,1866,,0.00044452005903394316,True
91125,20,1,5.783055944698348e-07,0.9480154042230159,-0.675896261923868,-4.072411297073586e-10,-0.013463246287967578,6.5134805966157505e-09,2.842457407531059e-07,7.965591883854455e-05,0.13511370042718263,1863,1866,,0.0006529624096249536,True
91133,20,1,5.783055944698348e-07,0.936547068035239,-0.49161003064716224,-3.78759024144415e-10,-0.0009649317303468408,1.4917081010715896e-08,6.191660482526264e-07,0.0007669307854942758,1.181162729899975,1863,1866,,0.0007790918342591885,True
91135,20,1,5.783055944698348e-07,0.9217320850953656,-0.6064771229337744,0.0010171072819782356,-0.003951693522495692,0.02988500662482231,1.4168197205103323,-0.0011580987769157852,-1.4237121335260785,1863,1866,,0.0012202437729476076,
91138,20,1,5.783055944698348e-07,0.9252683382656323,-0.7002162659704088,4.2013536690310715e-05,-0.012225675431831728,0.006615411098055636,0.2818614002036401,0.00038202162641168323,2.0999308853447616,1863,1866,,6.278717660955224e-05,
91152,20,1,5.783055944698348e-07,0.962243454587539,-0.6911895081211707,0.00031635520856321264,-0.0036422602122283543,0.016257376020011146,0.780629319201363,0.0011634698706849231,3.2307636487509224,1863,1866,,0.00024117687577483398,
91204,20,1,5.783055944698348e-07,0.9590827110018793,-0.5988326991277535,-5.205543107678068e-09,-0.00025460033951762995,6.260563182910718e-07,2.6450191838582325e-05,0.0006285634092401162,2.510055433014225,1863,1866,,0.00011659538736102848,True
91215,20,1,5.783055944698348e-07,0.9427084170165566,-0.5154216832525842,0.0034886457615348476,0.008323122718035703,0.05562862042242668,2.7032801414496075,0.0008405458998537636,1.3043953262227452,1863,1866,,0.0007719032829339113,
91233,20,1,5.783055944698348e-07,0.9628204795951598,-0.6156702823180034,0.0007693477519095104,-0.006542875114948554,0.02669230483496315,1.231972995245936,0.0009283622247264822,2.492766645461155,1863,1866,,0.0002641039746707536,
91234,20,1,5.783055944698348e-07,0.9567197113519056,-0.6192953810905861,0.0008642684211510598,-0.0019205217814786124,0.026332195613560355,1.301545918582806,0.0004982003303672923,0.793662144823187,1863,1866,,0.0007453854945168837,
91237,20,1,5.783055944698348e-07,0.9560830541238707,-0.6595230632225051,1.980159621906008e-05,-0.0019943229070915613,0.0040894787103847524,0.1928152158942945,0.0008141964086541966,1.161652756072932,1863,1866,,0.0009180148942708609,
91301,20,1,5.783055944698348e-07,0.9414904649228972,-1.0241800849161988,0.0018835792087099623,-0.0126813950516671,0.03480417344635082,1.9407932202722655,0.00023008846184495357,0.6415682848339964,1863,1866,,0.00024023198991969966,
91305,20,1,5.783055944698348e-07,0.9269481607443237,-0.8568452439064513,-3.8894221177088184e-11,-0.005464250358846234,4.199026798917623e-10,2.046110625716861e-08,-0.0011910442402094758,-1.3608868609175824,1863,1866,,0.0014113493292888545,True
91321,20,1,5.783055944698348e-07,0.9379772683740142,-0.6810663764087326,1.1995766516115225e-05,-0.017605729182127883,0.0032321817977985627,0.14949657283106596,-0.00027056445206499486,-0.33586984409084597,1863,1866,,0.001208543526703739,
91355,20,1,5.783055944698348e-07,0.9401443564554137,-0.8088314724809151,5.95385574952978e-07,-0.0021963110853902013,0.0006666168285657955,0.03354266219962248,-1.8278836952810605e-05,-0.02169451216717071,1863,1866,,0.0013158116836070523,
91374,20,1,5.783055944698348e-07,0.925975867793884,-0.4828599211121287,0.0005104662047467068,-0.021106475033849437,0.02330128707484678,0.9981474159213655,7.994003776914073e-05,0.2628040912420445,1863,1866,,0.0001743952813612355,
91389,20,1,5.783055944698348e-07,0.9375898845028054,-0.46314500967359207,0.0040986133487196375,0.005969453453708917,0.0607534567238115,2.9494096097991696,0.00021849798246023072,0.4733167737030119,1863,1866,,0.0003967371834274381,
91390,20,1,5.783055944698348e-07,0.9483961630816545,-0.5353664078446239,0.003283037397383559,0.006934518813644042,0.05595303151961117,2.6234514970502762,0.0004405709122709659,0.9674812194326783,1863,1866,,0.0003833826764092091,
91392,20,1,5.783055944698348e-07,0.9578715262294356,-0.6531319782828908,-3.0592084421243726e-10,-0.0003036374554974408,5.133917691583199e-09,2.1708567712465737e-07,0.0009196668555113915,2.2754011482166843,1863,1866,,0.00030792718508808667,True
91413,20,1,5.783055944698348e-07,0.9467706305686818,-0.5589914945081944,-8.409166696310422e-10,-0.0011568573122080483,1.6023781164708215e-08,6.619268424821777e-07,0.0005669234214471868,1.1158420627746315,1863,1866,,0.00048083158936515887,True
91414,20,1,5.783055944698348e-07,0.908300632867416,-0.5477450425431718,0.0011025333648967406,-0.014754668372487068,0.03334829793494699,1.4824547778300985,0.0002936464697156991,1.2592735045343404,1863,1866,,0.00010258362323194597,
91416,20,1,5.783055944698348e-07,0.9525096256299189,-0.5682214928752456,-9.144567325591879e-10,-0.0061044545499207015,8.202181028069353e-08,3.5855006352274077e-06,0.0007959384493238002,1.7607141435851497,1863,1866,,0.0003794456053800905,True
91426,20,1,5.783055944698348e-07,0.9510200446859348,-0.568283978879788,-3.909770507348753e-09,-0.0001190806302611147,1.9237595498933604e-07,8.069430938607749e-06,0.0006486140784297146,1.3331369578101575,1863,1866,,0.00044715252922440814,True
91452,20,1,5.783055944698348e-07,0.9381731465442623,-0.6267927760852705,0.00014785341327960833,-0.0002500837879704232,0.011527812163640978,0.5306307561562654,0.00041494133441209876,0.9034146243222387,1863,1866,,0.00039439005814410617,
91453,20,1,5.783055944698348e-07,0.9392553330489396,-0.6615204180526351,-1.990255515949002e-09,-0.0016210970956798132,3.4343911942357586e-08,1.5319906793795848e-06,-0.00012067725295793715,-0.13349877092087764,1863,1866,,0.0015148610200161018,True
91456,20,1,5.783055944698348e-07,0.953231394248336,-0.5010206940050268,-1.5806678188567957e-08,-0.0021176578011972147,3.8522395991586996e-07,1.61662411061731e-05,0.0003628596665360881,0.8849701830234522,1863,1866,,0.00031643173464160606,True
91457,20,1,5.783055944698348e-07,0.9468793282574858,-0.6272394218084127,-1.5506678163745846e-09,-0.007838346220912396,2.075512786704181e-08,1.0165962611451002e-06,0.0008052884789388585,1.1773892725333948,1863,1866,,0.0008706965711239191,True
91461,20,1,5.783055944698348e-07,0.9558667671053831,-1.0256583749448902,1.411677567708658e-05,-0.0009454707530145434,0.0029222089930223487,0.16259565842876122,0.00019162402522610554,0.4894510471959159,1863,1866,,0.0002892996260701727,
91516,20,1,5.783055944698348e-07,0.9462251212075433,-0.6209475144377974,-1.4019096994388747e-10,-3.2934786264204874e-05,2.2847226293296188e-09,9.549881851253793e-08,0.0004418957988495581,0.943273381235122,1863,1866,,0.00041133989593920346,True
91519,20,1,5.783055944698348e-07,0.950132303751128,-0.5851169740305027,-4.505411133060022e-08,-0.0002561819780289021,5.915709237946042e-07,2.3486721056384026e-05,0.0006896229230281636,2.0342416211694427,1863,1866,,0.0002152971072253599,True
91525,20,1,5.783055944698348e-07,0.9489828447791168,-0.5318827024686763,-8.301440868052623e-09,-0.006419891260795119,4.6676685294893096e-07,1.920154789534251e-05,-8.492944922541652e-05,-0.2832725975564137,1863,1866,,0.0001714359945588939,True
91531,20,1,5.783055944698348e-07,0.9434523524623334,-0.6547437701892769,-3.6739544739816665e-10,-0.0024220323485080186,5.695063423530227e-09,2.5031039150421856e-07,0.0005611815420458044,1.1907937873380476,1863,1866,,0.00041614585577815893,True
91547,20,1,5.783055944698348e-07,0.935572664043152,-0.5121523442613618,0.0006191560577488708,-0.0007821751270193911,0.024739610998362183,1.1004813403815623,0.0002921930080599588,0.762436318438633,1863,1866,,0.00027061011464113725,
91560,20,1,5.783055944698348e-07,0.9533407259224675,-0.7456245207668539,-4.278644105681906e-10,-0.005552640514224327,1.3430195362371813e-08,6.227180781511093e-07,-0.0005055940269338751,-0.6118074448089219,1863,1866,,0.0012607718736823044,True
91567,20,1,5.783055944698348e-07,0.9496562088479307,-0.6169117195467821,1.0412144720306493e-05,-0.0048121504054332576,0.0033685427427056634,0.13978893592370148,0.0003861648796325664,1.8010815006276164,1863,1866,,8.618667086396844e-05,
91568,20,1,5.783055944698348e-07,0.9348444515073427,-0.6234397798175413,-6.359306414793764e-10,-0.0024245505615092533,1.2842412065674927e-08,5.108665807642051e-07,0.0003986835393954634,2.417915973700035,1863,1866,,5.095870183202669e-05,True
91570,20,1,5.783055944698348e-07,0.9585382204143241,-0.5496304774394294,-2.120303932429124e-11,-0.0006248043776850842,2.96004024220622e-10,1.253679337735009e-08,0.0003493516013658303,1.4481037877720666,1863,1866,,0.00011108455968786411,True
91571,20,1,5.783055944698348e-07,0.9502622150631114,-0.5476002747741213,5.688502786560523e-05,-0.0004614541467400368,0.007275674468215534,0.3277749406674401,0.0004986651475812974,0.9213988722977695,1863,1866,,0.0005460507219256761,
91575,20,1,5.783055944698348e-07,0.9419401655293105,-0.5535622672794587,0.0011845486268375893,0.0012182313378242826,0.03377426552715499,1.5380750655976685,0.0001175015824894084,0.17369818289258154,1863,1866,,0.0008489239081182887,
91579,20,1,5.783055944698348e-07,0.9397442343136961,-0.6734037882027808,0.00030404479761880765,-4.002867270203048e-05,0.01621230881209111,0.7643476148969978,-3.629531775197684e-05,-0.06726047802262536,1863,1866,,0.0005396353028503509,
91582,20,1,5.783055944698348e-07,0.948359474474199,-0.647131255824563,5.9563026683084885e-05,-0.0022581662424763227,0.007475227953315012,0.33532918209730844,0.00011932386162127394,0.30494364797354434,1863,1866,,0.00029091343551401245,
91584,20,1,5.783055944698348e-07,0.93778280778123,-0.7737175817171997,6.927097928532966e-05,-0.01604773584190977,0.0074432559392349955,0.3626991238921127,-0.0003331603559883286,-0.4494211551726006,1863,1866,,0.0010439910588032392,
91594,20,1,5.783055944698348e-07,0.9471918802415925,-0.8476648029093883,6.154201164842998e-05,-0.00010755668460293855,0.00643837513037383,0.3404645484535318,0.0006653874840058838,1.32251806885177,1863,1866,,0.0004929582120544252,
91602,20,1,5.783055944698348e-07,0.9454760440569216,-0.5570624329714038,0.0002513118890850041,0.0002895665609867759,0.016564301924890338,0.6946423142582023,0.0009655832617665637,1.933586939094049,1863,1866,,0.00046986005030921985,
91626,20,1,5.783055944698348e-07,0.9387390413949641,-0.5374818331135673,-1.8800747847436128e-08,-7.029055830720665e-07,4.902076786145979e-07,2.0161888522903164e-05,0.0006923058559339258,2.554507156205261,1863,1866,,0.0001368216548588232,True
91629,20,1,5.783055944698348e-07,0.9311505338249161,-0.5942313274474977,4.713500854958141e-06,-0.004320531552872264,0.002141406583059592,0.09509438083114823,0.0003673569197508627,2.6530293776703826,1863,1866,,3.604125742935551e-05,
91635,20,1,5.783055944698348e-07,0.9528299220847017,-0.6272480383902033,-1.7457812973020737e-11,-0.002279736136982846,1.1572413061637537e-10,4.774726226030949e-09,0.0007267930206809834,1.9549449324341823,1863,1866,,0.0002629297771394363,True
91655,20,1,5.783055944698348e-07,0.9401023509348901,-0.5907477345076382,1.9941383355703834e-07,-7.155950370596464e-05,0.00044859075609159733,0.019789733455735314,-0.0008615261155263982,-1.0080996805230094,1863,1866,,0.0013590394381937931,
91656,20,1,5.783055944698348e-07,0.9379470083190221,-0.7420478463086226,0.0018592435731376034,-0.0045626291968825505,0.03716657211147982,1.928745188561962,-0.000752451890596806,-0.9078773741767493,1863,1866,,0.0012709299892400862,
91683,20,1,5.783055944698348e-07,0.9559959816002963,-0.5243391504896902,0.00015840842183567627,-0.0051394095557613095,0.012742809982167659,0.5502481954546599,0.0004960178524464322,1.1128570142976293,1863,1866,,0.00037123285184054367,
91684,20,1,5.783055944698348e-07,0.93287109286343,-0.530535432611468,-5.196917340910545e-09,-0.012382817599756013,5.529317718573477e-07,2.4649391689787637e-05,8.784291705122663e-05,0.31747252734233244,1863,1866,,0.00014452021607539134,True
91688,20,1,5.783055944698348e-07,0.9506719019785524,-0.5780508588465099,0.0006377614015893318,-0.00999476375389241,0.024517830997055776,1.116860710916734,0.0007109538206052736,1.6375165744880593,1863,1866,,0.0003514923903633413,
91691,20,1,5.783055944698348e-07,0.9641488091656815,-0.6296007722418244,5.556520036309465e-07,-0.0013869207182000132,0.0007819419500503014,0.0337870396859276,0.0001871200541083073,1.3980663730370324,1863,1866,,3.346275013072196e-05,
91692,20,1,5.783055944698348e-07,0.9398535185625074,-0.6408382456244188,-1.917258352079898e-09,-9.762343681662955e-05,3.7276468408896076e-08,1.5752086874188595e-06,0.0010471966554972982,1.8861793707798775,1863,1866,,0.000571739820380203,True
91707,20,1,5.783055944698348e-07,0.9393822915938118,-0.6520892059576326,-1.3474948934444342e-08,-0.0021305178413526527,1.2328043650188642e-07,5.440716253215147e-06,-0.0003088648064858398,-0.49813050906785833,1863,1866,,0.0007107817826222815,True
91749,20,1,5.783055944698348e-07,0.9502596034363885,-0.5393393000650808,-3.6687186621975343e-10,-0.001681680128514662,1.3555818067362618e-08,5.825327704379171e-07,0.0003125740698027275,1.2597044529843098,1863,1866,,0.00011761851462428337,True
91750,20,1,5.783055944698348e-07,0.9444437536212773,-0.5696774225339842,-1.0748335776966655e-08,-0.00477461188187478,5.32818294155649e-07,2.3432651558716633e-05,0.0005342460862376624,0.9001885483380232,1863,1866,,0.0006617686939879669,True
91757,20,1,5.783055944698348e-07,0.9393310519151158,-0.6097872375483886,-1.0614842338441122e-11,-0.002399720324884669,1.356476123701309e-10,5.864463262543723e-09,0.00041571248597491883,2.0053492651489138,1863,1866,,8.03999549732392e-05,True
91801,20,1,5.783055944698348e-07,0.9489709133152813,-0.5317981966120193,0.0040985158740109995,-0.004125714266076663,0.05909374961404664,2.941419089948566,0.0003091390720195539,0.6301510690534994,1863,1866,,0.00045069746998873105,
91813,20,1,5.783055944698348e-07,0.9344469358843159,-0.5395834305927596,-7.172040739078511e-13,-0.005920836149108988,1.8790195089767537e-11,7.753210154123346e-10,-0.000498136938731312,-0.88259249283651,1863,1866,,0.0005860389190730981,True
91849,20,1,5.783055944698348e-07,0.942686069122955,-0.6219326426850558,-5.969402749883557e-11,-0.0017968657762235107,8.549724021085573e-10,3.688087504724342e-08,0.0007827047220133089,2.7059540150298274,1863,1866,,0.00015503108683408623,True
91854,20,1,5.783055944698348e-07,0.9469673834444824,-0.47501918760469586,0.00036630225027944885,0.00022927711604703305,0.019839337630213873,0.8428506059601051,0.000341047033717866,0.6978367297613962,1863,1866,,0.0004535833722738468,
91856,20,1,5.783055944698348e-07,0.9515443564976032,-0.6115126530610775,-1.3276890697966337e-09,-0.0030383020890107915,5.3245197059641414e-08,2.3301340136356253e-06,0.0001932468181462533,0.7440206600906265,1863,1866,,0.00012746235553765122,True
91858,20,1,5.783055944698348e-07,0.9574864091013041,-0.6076533035221399,0.00035889087016816035,-0.003686396482885046,0.017385582299805726,0.83194766953833,0.0007507409095465243,1.9062273408027561,1863,1866,,0.0003118824730648831,
91859,20,1,5.783055944698348e-07,0.9392039699151866,-0.6453614910020367,1.1092764213516126e-05,-1.6989647442677835e-05,0.0031786132611101316,0.14422248181972191,-0.0016515324146137195,-1.9529836786094348,1863,1866,,0.0013274823562353067,
91872,20,1,5.783055944698348e-07,0.9415363462482769,-0.5677910947769924,5.670848425953778e-06,-0.009571325125205199,0.0023849513392799463,0.10297910934441384,0.0001593271405712172,0.5213016675436524,1863,1866,,0.00017621217511008225,
91875,20,1,5.783055944698348e-07,0.9570072663619124,-0.592629040624344,4.4234980647206434e-05,-3.822831620325928e-05,0.006801345359771424,0.2890981599426376,0.0005460943117314781,2.2379684357656067,1863,1866,,0.00011135310990912277,
91914,20,1,5.783055944698348e-07,0.9293737911700257,-0.5052190192102324,-4.4465986448471995e-10,-0.002240098623365272,1.8150710396692868e-08,7.508794973177955e-07,0.000400321561599067,1.4600941987425378,1863,1866,,0.00014301710680863835,True
91915,20,1,5.783055944698348e-07,0.951798908022229,-0.4637870999077205,0.00018949360676046023,0.00013350940285850044,0.014511948419226695,0.6029092849513231,0.0006461009135823097,1.7909326101562624,1863,1866,,0.0002444754294861025,
91926,20,1,5.783055944698348e-07,0.9448298895495051,-0.5669847979590596,5.450351050928504e-06,-0.0006099058338135954,0.002422324581038973,0.10094803078962455,0.0008147252870916843,1.4840312508601563,1863,1866,,0.000571366145443478,
91929,20,1,5.783055944698348e-07,0.939242453329954,-0.735771280971919,-4.8183679268731794e-14,-0.0026586319113603984,3.291294296277309e-13,1.6753937137454753e-11,0.0008119159347209974,0.8551654993178748,1863,1866,,0.0016686901475514264,True
91938,20,1,5.783055944698348e-07,0.9206410314462299,-0.46679886163131457,4.059982189452693e-05,-0.007797201556763778,0.0068611912877171,0.2769943012944577,5.893837740048718e-05,0.24185213816116977,1863,1866,,0.00011128081411826681,
91973,20,1,5.783055944698348e-07,0.9555560876495117,-1.6577452140673343,,,,,,,1863,1866,,0.005045239711115422,
91974,20,1,5.783055944698348e-07,0.9335549111232785,-0.5149223211314504,-4.2029644209407024e-09,-0.007830555777390114,9.650408766551035e-08,3.917366212495876e-06,0.00022324030597483185,0.9388822021518793,1863,1866,,0.00010860336711867058,True
91975,20,1,5.783055944698348e-07,0.942206140026118,-0.5909202543623051,-1.550426453889031e-11,-0.0002881659797666636,9.710061259505545e-10,4.23255631599295e-08,8.247842107708434e-05,0.17508585537174756,1863,1866,,0.00041279740342008847,True
91977,20,1,5.783055944698348e-07,0.9559848571733736,-0.5232552042563314,0.0003240326236259028,-0.001481470448596589,0.018387578799551416,0.7906593412567203,0.0009168401912525118,2.1667793336216605,1863,1866,,0.0003308377109488946,
91978,20,1,5.783055944698348e-07,0.9461820631545417,-0.5167853029679887,-7.580854166633344e-09,-0.0019828193262088067,1.0116858724207013e-06,4.19124132984986e-05,0.00014833179132737646,0.5585501706618453,1863,1866,,0.0001319973420888035,True
91979,20,1,5.783055944698348e-07,0.9449525361668517,-0.7501283980089,-9.424648617084586e-09,-0.004847116462298073,1.9449383479676395e-07,8.506530925231443e-06,0.0005816105322562103,0.8038496091281763,1863,1866,,0.000994463054839903,True
91983,20,1,5.783055944698348e-07,0.948865820521898,-0.5897670672302397,0.0003791197310408778,-0.0024688627308040445,0.018809056844926043,0.8553886176783193,0.00027213295767291543,0.39294606577468766,1863,1866,,0.0008926773215361761,
91991,20,1,5.783055944698348e-07,0.9595665731164267,-0.6009567243901843,0.000513836557655134,-0.0007562410253243446,0.02222551888165032,1.0007148404614588,0.0004995318661969775,1.3690628342143765,1863,1866,,0.000251113057023059,
92010,20,1,5.783055944698348e-07,0.9607166222415415,-0.496180239363631,0.001138301208592707,-0.0006190773042837883,0.033347165370586476,1.5044601761151535,-6.123146740377445e-05,-0.11846931468271608,1863,1866,,0.0005010070263764327,
92020,20,1,5.783055944698348e-07,0.9362856115377585,-0.7046413841530341,0.00023804060290066875,-0.0014884059532145333,0.013827672184967995,0.675858107590597,-0.0006699869115355985,-0.5416041844386632,1863,1866,,0.002812162050065529,
92044,20,1,5.783055944698348e-07,0.9450042300339514,-0.5980376221041959,0.0007757454780452644,-0.0004134136502593755,0.02615185931338078,1.2333151398628417,0.000953995497337819,1.51585723406355,1863,1866,,0.0007361198475350555,
92108,20,1,5.783055944698348e-07,0.9413794057638809,-0.6757799845079822,0.00017275434297647774,-0.0005441538657151579,0.012571626824087198,0.5739470834183138,0.000750184173533062,1.5538462819318684,1863,1866,,0.00043613448048944513,
92118,20,1,5.783055944698348e-07,0.9498584401849288,-0.6632706859726085,0.001464009846631198,-6.877433278718037e-05,0.03210770109954093,1.7110257779395683,-2.9291042189633146e-05,-0.034077393118323,1863,1866,,0.001366341894542165,
92120,20,1,5.783055944698348e-07,0.9343472472160258,-0.6581950843383815,-3.426325334565661e-08,-0.009211769378286272,1.6589565483989834e-05,0.0007182361012974077,0.0003527851972067203,1.4560966733686058,1863,1866,,0.00011441828166845985,True
92121,20,1,5.783055944698348e-07,0.9546587009232527,-0.5719510125368068,0.0014011542101812768,0.0023928955752157144,0.03536379827710006,1.6753089011933269,0.0008908008790567169,2.321546189638678,1863,1866,,0.0002774910606741492,
92123,20,1,5.783055944698348e-07,0.9511438729822699,-0.47298889965588464,0.0003874709096872708,0.0004505086068419262,0.019483930410142347,0.8660362050940072,0.0005511807638162019,2.401236625260975,1863,1866,,0.0001002492644290819,
92128,20,1,5.783055944698348e-07,0.9485223375210003,-0.5650018510492869,-2.4268809184491147e-11,-0.0033834731540776097,7.223377506586797e-10,3.1207368100259976e-08,0.0005471019395589311,2.4532756370433684,1863,1866,,9.283184677756555e-05,True
92143,20,1,5.783055944698348e-07,0.9514276554602006,-0.7196779967526059,-7.555971404116235e-10,-5.0528889785628195e-05,5.051307715418253e-09,2.298003418479054e-07,0.0006741004109985057,0.9552596342202712,1863,1866,,0.0009330776914621282,True
92144,20,1,5.783055944698348e-07,0.9420335479357352,-0.633925321042524,-4.917540818993871e-09,-0.0003603796230522427,2.4593107105573244e-07,1.034170240570667e-05,0.00045513302578818515,1.3961078730158862,1863,1866,,0.0001985725167393859,True
92149,20,1,5.783055944698348e-07,0.9516664077669158,-0.5819556012459743,0.00017610162055148315,-0.0062032535957545765,0.013411184484839429,0.5799769983909017,0.00028902236570913653,1.6228066756915172,1863,1866,,5.930216901050458e-05,
92154,20,1,5.783055944698348e-07,0.9506412533734059,-0.6116003709306346,0.0006581574701928217,-0.0032316417693984967,0.023680747458869424,1.1345270352037853,-0.0021580065421491473,-1.9009084478242173,1863,1866,,0.002398660488383169,
92157,20,1,5.783055944698348e-07,0.9477721459140507,-0.5819723767806275,-1.561375317926661e-08,-0.0003110669824977208,3.907885133558477e-07,1.619533325170219e-05,0.0006995863114540826,1.9583768968785507,1863,1866,,0.00023761941620113606,True
92170,20,1,5.783055944698348e-07,0.9495788166299239,-0.6331142717443978,-8.841534171466492e-10,-0.009418828393086942,1.5104094935490184e-08,6.575447638554689e-07,0.000506550199211163,2.3652858092195768,1863,1866,,8.54400928713418e-05,True
92171,20,1,5.783055944698348e-07,0.9458299343169755,-0.5497029359054957,-2.1471580069487572e-10,-0.0005441473164848887,8.372157541788853e-09,3.4391563849793597e-07,0.00036927538476044054,1.4261086561418503,1863,1866,,0.00012653483152882367,True
92172,20,1,5.783055944698348e-07,0.9550183417137152,-0.7449611860896264,9.697815413445277e-05,-0.009168626523817336,0.009218665192804726,0.42902502325445363,-0.000408715024238553,-0.6000654975550751,1863,1866,,0.0008690238634420108,
92173,20,1,5.783055944698348e-07,0.9561915772678246,-0.6476912713243259,-2.2383142006532353e-09,-0.0015954266781923465,1.962674540420298e-07,9.063438369461422e-06,0.00011820869797708184,0.6501138733191659,1863,1866,,6.153651554502955e-05,True
92188,20,1,5.783055944698348e-07,0.9459952651590149,-0.4973767376471061,0.0029167525305618947,0.007529117319597378,0.05117635095958054,2.457695957009822,0.0008414821859997407,1.7755346690843232,1863,1866,,0.0004239823060949016,
92191,20,1,5.783055944698348e-07,0.9576727434280808,-0.5410594869151282,-7.588499384425518e-09,-1.261466898405672e-05,9.719413252710555e-07,4.086864091058531e-05,0.0005357457929350399,2.0441513443601553,1863,1866,,0.0001279152998226049,True
92239,20,1,5.783055944698348e-07,0.9565946489311316,-0.5210149159067925,0.00029732251700465007,-0.0006770826527224827,0.016956301727826185,0.7570015960715708,0.0005230457289174934,0.9464754075335542,1863,1866,,0.0005681244570652841,
92240,20,1,5.783055944698348e-07,0.94682179825484,-0.7312759771456161,-2.213143868168288e-08,-0.005666694012255169,4.409987385690765e-07,2.058087527838635e-05,-0.0002773714875173873,-0.625309474421698,1863,1866,,0.00037292081701717603,True
92245,20,1,5.783055944698348e-07,0.9390281129428062,-0.6130753431097242,0.000862407329257131,-0.00226398603666067,0.025803621284546156,1.2979776795586941,2.8175666305881265e-05,0.03519159426574976,1863,1866,,0.0011855289338134675,
92257,20,1,5.783055944698348e-07,0.9557765807470336,-0.5871432032158566,2.0447567353087948e-05,-0.005459490558026303,0.004289933694963687,0.19595154411584936,0.0003465859848206984,0.6701942771025854,1863,1866,,0.0005063115859258347,
92259,20,1,5.783055944698348e-07,0.9311836941322795,-0.5366098903410326,0.0020882836400248905,-0.003687825289458546,0.04202253054223834,2.05993057034501,-8.016750137737238e-05,-0.1347494589380206,1863,1866,,0.0006648098955738022,
92261,20,1,5.783055944698348e-07,0.9446121513969958,-0.5520728500674341,-2.901510143260566e-09,-4.598299195479605e-05,5.6220065037774103e-08,2.421027094533138e-06,0.0004168402157327533,1.1978852203235544,1863,1866,,0.00022706645601278572,True
92263,20,1,5.783055944698348e-07,0.9498046236832521,-0.48485093405325697,2.6767003590166816e-05,-0.001435398243788466,0.005329541982701352,0.22446371808607865,0.0004151128248506746,1.0355267280116003,1863,1866,,0.00030694089677387083,
92271,20,1,5.783055944698348e-07,0.9473466536296317,-0.5653144572298001,3.055778736604786e-06,-0.0001269294567189938,0.0018291883667518084,0.07559088101202058,0.00029830067890966773,0.9947157070438138,1863,1866,,0.0001669469456796308,
92272,20,1,5.783055944698348e-07,0.9319122932006509,-0.5948393309299449,-2.923285391531749e-09,-0.007936199690578905,6.423714734079134e-08,2.618167615586457e-06,0.00018534049830248848,0.6547087696534581,1863,1866,,0.00015003821559033195,True
92293,20,1,5.783055944698348e-07,0.95378954622875,-0.6417492478636229,-8.857359290459499e-12,-0.001535835070506808,2.5696030645351673e-10,1.0897644961338e-08,2.9770075857828043e-05,0.059791834305750156,1863,1866,,0.0004582010149254773,True
92326,20,1,5.783055944698348e-07,0.9246579851115384,-0.523758885972248,0.0008868439212068591,-0.0031032522106053673,0.027959604061083613,1.3213109294180625,0.0008499112273559809,1.3281113779694265,1863,1866,,0.0007627318860609198,
92354,20,1,5.783055944698348e-07,0.9463726830157306,-0.637883917606801,-1.0383027770899389e-11,-0.0006945108680271872,2.6068069354412724e-10,1.1841704032346934e-08,0.00040186713436542935,0.6112314847879913,1863,1866,,0.0008102324275183389,True
92355,20,1,5.783055944698348e-07,0.9534225743923358,-0.6836343303607038,0.0027063169780421337,-0.00054084701875734,0.04676895408679943,2.3577717908303035,-0.00023127244001883255,-0.35669428477319043,1863,1866,,0.0008085600184774593,
92379,20,1,5.783055944698348e-07,0.9390764567118902,-0.6451004779986029,0.0003037064533093492,9.507533069408325e-05,0.016001951665546982,0.7641104186913678,8.6568334301883e-05,0.12832507649961442,1863,1866,,0.0008454496586030993,
92385,20,1,5.783055944698348e-07,0.9471990762365722,-0.5986297723667673,3.8121108010713556e-05,-0.007970211730814247,0.006075326295484825,0.2680867713100393,0.0005794559457502908,1.671397489772105,1863,1866,,0.00022727277871147745,
92400,20,1,5.783055944698348e-07,0.948234460561305,-0.744768142739328,0.00038933786889661093,-0.008047466021946503,0.01711578456446066,0.8659164337604264,1.597090233779108e-05,0.01904700574420177,1863,1866,,0.0013016780540127627,
92402,20,1,5.783055944698348e-07,0.953625768660394,-1.7942083528408745,-5.1133097755950985e-11,-0.0020756607336602784,6.204555660897188e-10,2.9890370692169494e-08,0.0007172469533350353,1.7747018620857418,1863,1866,,0.00030698990824227747,True
92405,20,1,5.783055944698348e-07,0.9391252335064344,-0.6552797861453796,0.000311269172384665,-0.0032316400489851294,0.016742927973885168,0.773343849442475,-0.0006008991933229221,-1.027113639737227,1863,1866,,0.0006376457852832782,
92406,20,1,5.783055944698348e-07,0.9321264798956241,-0.5473425883390624,-2.3246389257991495e-08,-0.010289289226729226,6.083281714622593e-07,2.527305443418681e-05,0.0005479883340790122,2.797492985983533,1863,1866,,7.0941475697131e-05,True
92426,20,1,5.783055944698348e-07,0.9414081429433606,-0.8240907130118957,0.00021620991991888605,-0.002558857267781711,0.01249038594168389,0.6399296023516604,-0.0008397654075588383,-1.0743868226037832,1863,1866,,0.0011281081709196986,
92467,20,1,5.783055944698348e-07,0.9443691339352899,-0.6593639502366944,-3.6952241266874353e-10,-0.00975816825765552,1.5985812772166719e-07,7.127114262265901e-06,-0.00046187514149006645,-0.6829575470172158,1863,1866,,0.0008509115037203638,True
92493,20,1,5.783055944698348e-07,0.9355536773138615,-0.6327851168774739,-2.2319035508644447e-11,-0.007854459743784847,5.838366975412285e-10,2.6449837170628262e-08,-2.4746128542615242e-05,-0.03398211502557567,1863,1866,,0.0009770379473921602,True
92506,20,1,5.783055944698348e-07,0.951917168643408,-0.6486577694291087,-7.720268868638414e-12,-0.0015727555897371293,1.8781280168074628e-10,8.599664544690236e-09,9.387979148720908e-06,0.017887679278309778,1863,1866,,0.0005077253045040373,True
92517,20,1,5.783055944698348e-07,0.9468918253498176,-0.6628569482186817,-1.8696155734687636e-13,-0.0010198249066672993,3.4491227171450365e-12,1.6322168087170309e-10,0.00034825712060824505,0.4857473892280461,1863,1866,,0.0009474702568407666,True
92518,20,1,5.783055944698348e-07,0.9449598979926661,-0.5895030270765054,4.039736360095247e-06,-0.006855575026459837,0.0020901041777748367,0.08683596938358654,-0.0005642817216608975,-0.7908808517463477,1863,1866,,0.0009390951021601054,
92528,20,1,5.783055944698348e-07,0.9501114792932409,-0.5904944224300619,-2.0896617769494696e-12,-0.00011479909018929924,2.633897113538221e-11,1.1009559377536333e-09,0.00028500375878011647,0.4675225090122077,1863,1866,,0.0006985772040471682,True
92530,20,1,5.783055944698348e-07,0.9523356771685743,-0.6218483508952228,-2.6933568708642497e-09,-0.001807289821846858,1.2792002227451075e-07,5.345129995684395e-06,0.00011638316310757175,0.26969404761851434,1863,1866,,0.00034595634121066494,True
92543,20,1,5.783055944698348e-07,0.9442339395282814,-0.7328281935510514,0.00013417099578849623,-0.009004116160514997,0.010238471456136187,0.5051120627436473,-0.0012045695526433165,-1.1177903021720865,1863,1866,,0.0021654678143120812,
92550,20,1,5.783055944698348e-07,0.9550478126244869,-0.5258660506138919,0.0016020849473308285,-0.004261512182648586,0.03799611543551999,1.7947688137172633,0.0009071275538568626,3.059212671879027,1863,1866,,0.0001632860134749029,
92570,20,1,5.783055944698348e-07,0.9457888904969597,-0.6767535123161355,-6.939937513550376e-11,-0.0042161924994508215,1.0830073443559072e-09,4.5109054926867306e-08,0.00045564132351513396,0.7829423529633216,1863,1866,,0.000643479535408306,True
92597,20,1,5.783055944698348e-07,0.9377875303873418,-0.6216726665493091,-4.872615200213204e-09,-0.0006019147738920427,9.535625281270279e-08,4.162065554738152e-06,0.00047572555376211947,1.3562047539623054,1863,1866,,0.0002273907611723455,True
92602,20,1,5.783055944698348e-07,0.9399699042695435,-0.5466259810076737,-3.409348359184605e-10,-0.0018243808238118664,3.089049694381772e-08,1.281321001014207e-06,0.0006644726537790673,2.6491212785437677,1863,1866,,0.00011852278199212791,True
92611,20,1,5.783055944698348e-07,0.9653232223952909,-0.5443320006820564,0.0035432014325067485,-0.01575970902522439,0.05603167079392968,2.724271413531954,0.0008429714836168437,2.3801339169580276,1863,1866,,0.00023364214168662,
92614,20,1,5.783055944698348e-07,0.9629107209749358,-0.5533048986761366,-2.275029498122194e-09,-0.0011223014188908031,1.120465079216271e-07,4.571450958514982e-06,0.0008053895235971855,3.1088444785830096,1863,1866,,0.00012457634546965396,True
92618,20,1,5.783055944698348e-07,0.9588090334301621,-0.5897584501809332,-4.141176290772819e-11,-0.007411999068715813,6.398615482015331e-10,2.6355392205130088e-08,0.0007662895321200542,2.727739924728032,1863,1866,,0.00014742830416690107,True
92621,20,1,5.783055944698348e-07,0.9479885656680098,-0.8627782100429096,0.0026952412396243908,0.0006750450913516337,0.04113201505002374,2.3443696561116716,-0.0012849318308851383,-1.2630863447887024,1863,1866,,0.0019183937331136817,
92635,20,1,5.783055944698348e-07,0.9611885680573298,-0.7462280107577568,-3.904339740401497e-09,-1.0932485003944947e-06,6.822393222761261e-08,3.124376267755719e-06,0.00019113676469178606,0.3577481104971011,1863,1866,,0.0005353633798267398,True
92648,20,1,5.783055944698348e-07,0.94234342364765,-0.5013276739231811,-6.192433232854455e-10,-0.0028982265699388776,2.5196623315160968e-08,1.0568533509897654e-06,0.0006875594718730082,1.348484276046568,1863,1866,,0.0004825638266377954,True
92655,20,1,5.783055944698348e-07,0.9598019101487582,-0.6279848878403229,5.787588822303569e-05,-0.004887317541474756,0.007574959586047368,0.33072804304899767,0.0009871592333150839,2.9773507188989674,1863,1866,,0.00020772369190473635,
92672,20,1,5.783055944698348e-07,0.9446313337737354,-0.600719007620979,0.0003963832081345098,-0.00025360713118804945,0.019080403648324935,0.8763607907673413,0.00072209095596941,1.755923126687121,1863,1866,,0.00031557272072580664,
92679,20,1,5.783055944698348e-07,0.9458814542026782,-0.7894999017756787,-2.648329999743737e-09,-0.011545604739792825,1.8604499142269807e-08,8.65436379960107e-07,-0.0004973816126940967,-0.5604630405906579,1863,1866,,0.0014521350525761815,True
92728,20,1,5.783055944698348e-07,0.9460902604354419,-0.6768513316959839,2.190176718142034e-05,-0.005249433300898776,0.004118531374349875,0.20251191962818166,0.0004691760059068195,0.5153829496966104,1863,1866,,0.0015300333523932388,
92729,20,1,5.783055944698348e-07,0.9562140555024069,-0.5928914103547824,-1.794120407794253e-13,-0.003785883647042576,2.0875461569449144e-12,8.548689916062759e-11,0.001019815706225239,2.1950351305458162,1863,1866,,0.00040279084761538547,True
92748,20,1,5.783055944698348e-07,0.9528845979942936,-0.6275402648592567,0.0002903442624465624,-0.003330657975052276,0.016052513062480487,0.7463598465561513,-0.0007779042907621306,-1.2465464306955907,1863,1866,,0.0007160733478183872,
92793,20,1,5.783055944698348e-07,0.9364097213174148,-0.6425164793743561,0.0002409697037862868,-0.003862306849811148,0.014251340557877449,0.678265307111978,-0.00036627683016347216,-0.7256892675172549,1863,1866,,0.00047415650114076364,
92854,20,1,5.783055944698348e-07,0.9490592971692813,-0.5817527143769263,0.002252815856830015,0.003800910136810387,0.04397799617177933,2.1450654148339225,0.0003051113170829061,0.6311289023314891,1863,1866,,0.00044473356029840354,
92891,20,1,5.783055944698348e-07,0.9595897584500239,-0.5704295733580325,-1.8113249344864357e-07,-0.0011622020914860975,6.128199976802634e-06,0.00025856321237266943,0.00022928994372902234,1.2962562996476008,1863,1866,,5.829454696441949e-05,True
92897,20,1,5.783055944698348e-07,0.9622854586927354,-0.5615217581473986,4.152581088956442e-05,-0.0029200131699278487,0.0063616670233510135,0.27981191946349404,-0.001222192922221479,-1.5657599595729046,1863,1866,,0.001136920218296367,
92901,20,1,5.783055944698348e-07,0.962759832508091,-0.5487221519952983,0.00043175351680435625,-0.0005568323333062786,0.020284463638536875,0.914976660915945,0.00019877704651820777,1.112032498382626,1863,1866,,5.903821738009299e-05,
92902,20,1,5.783055944698348e-07,0.9407373460604088,-0.6837960295463799,0.00015282439991359809,-0.007573769356809201,0.010484545577679333,0.538570116835148,1.4760267193752008e-05,0.020748818565469656,1863,1866,,0.0009360664671771757,
92913,20,1,5.783055944698348e-07,0.9463270702166368,-0.5844549396817453,-1.1050937942513883e-11,-0.0071944319536201284,6.268278874775569e-10,2.8235531781501203e-08,-0.000264371354091318,-0.40052227992108996,1863,1866,,0.0008091603910979658,True
92927,20,1,5.783055944698348e-07,0.9560055270013527,-0.516946890293136,-7.829978576623375e-08,-1.7324567194165752e-06,0.00012138687418989822,0.0048875104801908075,0.0002697399841636219,1.6497882947043692,1863,1866,,4.9824680512893645e-05,True
92945,20,1,5.783055944698348e-07,0.9506970550256737,-0.5206239457857524,0.0002855232661024276,-0.0040710855237042765,0.01755829217171016,0.7424088294873468,0.00036082154047040063,1.1809962715386042,1863,1866,,0.00017252423897291637,
92949,20,1,5.783055944698348e-07,0.9461968727506078,-0.4406296439580806,5.462090599472891e-05,-0.012632890840795996,0.008114092191253306,0.32141652075282456,0.0006338461224755606,1.9113691654704517,1863,1866,,0.0002056124485019145,
92951,20,1,5.783055944698348e-07,0.9461499646713156,-0.6384684760768558,0.0007047191727097557,-0.00871707541981026,0.025047698288975486,1.175188970220272,0.00039265032870727096,1.2170287143040113,1863,1866,,0.00019455393638062566,
92967,20,1,5.783055944698348e-07,0.9680850575661865,-0.6148112316207262,-3.940998194451595e-09,-6.261752240099838e-05,8.52465109155452e-08,3.5371790979276833e-06,0.00028505473249484085,1.3598277338695635,1863,1866,,8.136713806356393e-05,True
92976,20,1,5.783055944698348e-07,0.9553617712006237,-0.5111819236065429,-1.0023923913138333e-09,-0.0008561197349108429,2.256116541384426e-08,8.697395809964655e-07,0.0004716755089922032,1.425892446038676,1863,1866,,0.00020228377860797902,True
92980,20,1,5.783055944698348e-07,0.9477511324008705,-0.5484822910790443,5.881530879758845e-05,-0.004442014541587325,0.007944468191161734,0.33359194220254723,0.0003090223227448706,1.1341809220117876,1863,1866,,0.0001372266335488557,
92999,20,1,5.783055944698348e-07,0.9518836255603947,-0.6061881570883101,0.0001370833896582324,0.000166725664899392,0.011576519101413106,0.5109691699241116,0.000553685849027055,1.9020091412018814,1863,1866,,0.00015771947091537417,
93001,20,1,5.783055944698348e-07,0.9535794890658759,-0.5883938058126059,5.4672062943739164e-05,0.00013529193778205606,0.007468113884631052,0.32168999588803254,-0.0002599878592236218,-0.46243649010889115,1863,1866,,0.0005996083972823417,
93013,20,1,5.783055944698348e-07,0.9598019620562559,-0.5663324221862562,-3.4863112396976703e-10,-0.0029775181396993755,1.3661019119491489e-08,5.718730201993217e-07,0.0005496208257228045,1.6715902836794905,1863,1866,,0.00020469304107997648,True
93014,20,1,5.783055944698348e-07,0.9686212345893431,-0.6309730462164871,-2.7482780051713007e-08,-0.0009635039607862605,2.7316797747732125e-07,1.2016475103792704e-05,0.0004319512964167766,1.6373721914742616,1863,1866,,0.00012815696830201963,True
93026,20,1,5.783055944698348e-07,0.9458756735281025,-0.5480696301312789,-1.820313610956248e-08,-0.005383535090490721,4.3100565351294605e-07,1.8504382447373193e-05,0.0002704369507093952,1.5942682427333996,1863,1866,,5.415085039071372e-05,True
93031,20,1,5.783055944698348e-07,0.9407952506654479,-0.7582767177229262,-1.272926875017788e-09,-0.012335721822967605,5.085631672764262e-07,2.520482013399361e-05,-0.0003318575347943536,-0.29665536763722816,1863,1866,,0.0023001418708888523,True
93035,20,1,5.783055944698348e-07,0.9500262008544983,-0.6374030047299568,8.251366353462242e-05,-0.0009276147270853574,0.00876814992808787,0.39524948552006867,0.0003974187492101319,0.693791260866648,1863,1866,,0.0006060749650907231,
93054,20,1,5.783055944698348e-07,0.9424962853105859,-0.4943147758774096,0.001210772105374125,-0.007876636781136703,0.034178017066034905,1.555234198612893,2.877673932943709e-05,0.050474337757187175,1863,1866,,0.0006076392876914295,
93065,20,1,5.783055944698348e-07,0.938672367185125,-0.514019884500021,-9.903741604588845e-09,-0.0033203808706472326,1.237841018909437e-06,5.391287882705332e-05,0.00023951401965382178,0.4321211480070169,1863,1866,,0.0005676096620529049,True
93067,20,1,5.783055944698348e-07,0.9221729664020661,-0.5797935289533163,-6.22295548424745e-11,-0.013446745381862524,9.75751296852916e-09,4.2487852413708807e-07,0.0009061036817829612,1.4783195901288244,1863,1866,,0.000697479125176644,True
93071,20,1,5.783055944698348e-07,0.9659841141698007,-0.6261014744696811,-1.463209775565133e-09,-0.008553607196978952,7.401772727211976e-07,3.3919436023339286e-05,-0.0003146317054120555,-0.5343298478372538,1863,1866,,0.0006434909818126816,True
93093,20,1,5.783055944698348e-07,0.9377958265325304,-0.8802674915780733,-1.2601031329495527e-12,-0.005771792347911697,4.917848540005205e-11,2.458447783892001e-09,-0.0020517307630661154,-1.8929040897132143,1863,1866,,0.002178134980271273,True
93094,20,1,5.783055944698348e-07,0.948959535146968,-0.5607278235701298,0.0001438383764318374,-0.0016111833932808128,0.01254563697300697,0.5236553729115526,-0.0005232874731006962,-1.0130423789359173,1863,1866,,0.0004957617200460247,
93095,20,1,5.783055944698348e-07,0.9467776296825344,-0.5990061005068055,0.002770826105694457,0.00030048828787443416,0.04323980615311853,2.3779566457511274,-0.0007320008675213077,-0.8820477769735169,1863,1866,,0.0012813422842965043,
93096,20,1,5.783055944698348e-07,0.959517204449298,-0.507365382259592,-2.5582589380235277e-08,-0.0017238706578748264,1.6683037868862833e-06,6.908024686608115e-05,0.0006296984222253234,1.664084355651868,1863,1866,,0.0002676210382760285,True
93098,20,1,5.783055944698348e-07,0.9539189330124603,-0.5392827520957277,7.46318124472678e-05,-0.0014417462368541134,0.009253468225066204,0.3760916877129474,0.00035780709354966956,0.9154550427790535,1863,1866,,0.00028305151864224296,
93101,20,1,5.783055944698348e-07,0.9470993324254726,-0.5258561742234147,-2.7089641640998252e-09,-2.4240038518641427e-06,3.1103901260429504e-07,1.2901505297652079e-05,0.0007725359358021034,1.936527290118999,1863,1866,,0.00029656151571152484,True
93104,20,1,5.783055944698348e-07,0.9553803775000143,-0.47977784824310454,0.0016776031038444605,-0.007162085432254273,0.0420834755776456,1.8460390559429805,0.0003381081831727481,2.158174690981305,1863,1866,,4.6169275577631066e-05,
93117,20,1,5.783055944698348e-07,0.9518219606066177,-0.5648567636295472,1.2612553670354743e-05,-0.004335487747868516,0.0036515274177146137,0.15390886603839687,0.000477761462811484,1.6456256679470842,1863,1866,,0.0001570030001592775,
93122,20,1,5.783055944698348e-07,0.9462340340225202,-0.5612530508931257,0.0012611856305910774,-0.009339949295874339,0.03459945027678145,1.5882040679632645,0.00030868818688418244,2.083126332200351,1863,1866,,4.2749035376545186e-05,
93123,20,1,5.783055944698348e-07,0.9645485897396536,-0.6829721775051187,-1.0950056417158294e-08,-0.001696858978627258,2.0586570640913546e-07,9.536524397407203e-06,0.00024780172813365566,0.3544923827209124,1863,1866,,0.0009116146265735453,True
93150,20,1,5.783055944698348e-07,0.9448771714779057,-0.6176264479992952,-1.0010168249863227e-09,-0.0015699107359716802,4.023347881478614e-08,1.7345422199345116e-06,0.00026098172714701033,0.6619012121929314,1863,1866,,0.0002926232344357496,True
93153,20,1,5.783055944698348e-07,0.9576344756258135,-0.509180986005767,0.0005230906550014458,-0.004791402395558864,0.02259672473735111,1.0099166339257355,-0.00018893282596941342,-0.29132094525831537,1863,1866,,0.0007830473295499796,
93174,20,1,5.783055944698348e-07,0.940142826514514,-0.4919243833129645,0.0006437893328373745,0.002735933523767775,0.025335050914590276,1.1230692589339222,0.0006532837601693498,1.7782224005331433,1863,1866,,0.00025130313997647895,
93175,20,1,5.783055944698348e-07,0.9391528636998077,-0.810375507519633,-1.0089600932516873e-08,-0.005011903761831471,1.7226013199886565e-07,8.13320556341027e-06,0.0005086635874126809,0.7615193058760458,1863,1866,,0.000822382789385571,True
93178,20,1,5.783055944698348e-07,0.9457873165427411,-0.5894662241952477,-7.241318655815121e-12,-0.0007615152057736108,2.2028583472705359e-10,9.088395981393987e-09,0.00038029831515130945,0.9273376506313982,1863,1866,,0.00031181001369786276,True
