stock,window_size,n_lags,lambda,r2_insample_stage1,r2_oos_stage1,r2_insample_stage2,r2_oos_stage2,kappa,kappa_tstat,intercept,intercept_tstat,n_observations,n_windows,n_oos_predictions_stage2,avg_selection_rate,eff_lambda,stock_vol
90444,231,1,0.0037716301938566597,0.005412168712139721,-0.0014382721385901576,-1.2011991401550404e-10,-0.004767567897195457,1.3957785435073414e-07,3.5031639229936687e-07,0.0006274759293111111,1.3448343954217095,1642,1645,,0.006138221768012264,0.0037716301938566597,0.018826421562846123
81540,231,1,0.002661012013819003,0.0001783646265370239,-0.003602477762915557,0.0012490176057083913,0.0022388761552648573,0.4442499319013196,2.5768640533806897,0.0007665505541022986,2.3724507172087246,1642,1645,,0.005684721512519163,0.002661012013819003,0.013282673905186847
70519,231,1,0.004191315747529806,0.013128832274681906,-0.008888309253425541,-1.7223245052377933e-10,-0.008218705711223961,3.241056979131555e-08,1.9322865412746594e-07,0.00044085557587173065,0.8746268420258562,1642,1645,,0.008983776188042922,0.004191315747529806,0.02092131866335105
90825,231,1,0.005802320703221133,0.006625027007596303,-0.001146797701363278,7.670979335716588e-05,-0.0024941619395921766,0.12213950615751572,0.40490450070581546,0.0005342057931849058,0.7921950322002059,1642,1645,,0.005834823709759837,0.005802320703221133,0.028962790620246676
83976,231,1,0.005957687487999242,0.004733213996537523,-0.003251399777983055,-4.103369199981444e-09,-0.005759763960038411,6.500448232913889e-07,1.208253686304933e-06,-0.0003730255941578735,-0.5058742247295509,1642,1645,,0.004733009708737864,0.005957687487999242,0.029738317497685775
77857,231,1,0.003223975495063721,0.012785727507931248,-0.012717740281754653,-2.4392877939760638e-08,-0.0007419570126907526,2.7840617920853704e-06,1.1050476318849659e-05,0.0006351023769507481,1.6340897302515194,1642,1645,,0.00633942258559019,0.003223975495063721,0.016092755296428164
12490,231,1,0.002373779091364853,0.00532601583921022,0.0005922406667108193,4.8641614509570275e-06,-0.0007285012398605684,0.036680265444104146,0.09341192910720444,0.0002047763558805604,0.6955660792254104,1642,1645,,0.004691492079713848,0.002373779091364853,0.011848925683089644
23085,231,1,0.002130170956596049,0.0026306198802216337,-0.0028128439462076216,-1.731192966758499e-11,-0.0012045159152562768,2.699697988715866e-08,3.652955987167755e-08,0.0005234613040643221,2.0026491456695075,1642,1645,,0.0039633367399080225,0.002130170956596049,0.010632934399329538
53225,231,1,0.003205522223772638,-0.0005161054834358103,-0.001973218017600642,6.22513345814868e-05,0.0002457353624094605,0.16637085012625175,0.38334137061822937,0.0006518414501237703,1.7542807251632322,1642,1645,,0.0035066428206438427,0.003205522223772638,0.01600064418089373
89882,231,1,0.0016151009817210525,0.005100068770201659,-0.004124291444046246,0.00017260227971915842,-0.007335439361820129,0.15326108028550198,0.6280663695364441,0.0003007131966441088,1.566162154034586,1642,1645,,0.004116632600919775,0.0016151009817210525,0.008061917628609047
92655,231,1,0.0028811736556569973,0.004797183104772278,-0.006290181881246193,-7.420067005270425e-09,-0.0003475106819750273,3.760945835573279e-06,7.204439423570902e-06,0.0011637684340873944,3.3372542270719197,1642,1645,,0.00444238630556975,0.0028811736556569973,0.014381629971442144
10952,231,1,0.004129271272180797,0.013073269335199578,-0.016526420288209387,-1.3285822220154841e-08,-0.005748873297661827,8.493077170110839e-07,4.230343200506853e-06,0.00019829250542791586,0.4093047892943736,1642,1645,,0.008616504854368932,0.004129271272180797,0.020611618245089294
83856,231,1,0.003695701695194591,0.00500798670815013,-0.006093588746951761,-2.777222896099829e-11,-0.0011289884457399424,6.725958241884456e-09,1.3930882894985216e-08,0.0012366940889703385,2.720747491699666,1642,1645,,0.006419264179867144,0.003695701695194591,0.018447417829454006
29647,231,1,0.0019237970748973148,0.010551941223467079,0.00046456696194407954,5.214689045240917e-06,-0.0014942428839652688,0.03000505245443065,0.09539593612846682,0.0003891091267544109,1.716886821031016,1642,1645,,0.0055250383239652525,0.0019237970748973148,0.009602801142164037
62068,231,1,0.0022109436783858292,0.00896494081494138,-0.010283563492110792,-2.14887541094555e-08,-4.035604048313601e-05,3.0932690318662484e-06,1.1038870860815064e-05,0.00047673918345771295,1.8212787774878791,1642,1645,,0.009868421052631578,0.0022109436783858292,0.011036118495604347
81044,231,1,0.0038574539582521368,0.005552294842569351,-0.004126333899426404,-8.742340185108333e-12,-0.005849030253428866,1.4092632956796513e-09,3.383747836674499e-09,-6.375380865329107e-05,-0.13921502503166033,1642,1645,,0.0047170413898824735,0.0038574539582521368,0.019254818379493582
93094,231,1,0.004456044770131709,0.003978476953945555,-0.0015406585321287025,-1.822009210172837e-11,-0.0017916393210763992,4.886934284502255e-09,9.5302342483612e-09,-0.0005526624009750369,-1.0053550311784638,1642,1645,,0.004097470618293306,0.004456044770131709,0.02224273670363017
79235,231,1,0.0026477190123447335,0.010057077001475285,-0.003767909487092602,-6.069683200493614e-09,-0.008239634693717246,3.4220854423527326e-06,9.565365804434021e-06,0.0004884552089192084,1.612261982935094,1642,1645,,0.0062148696985181405,0.0026477190123447335,0.013216320727190296
35124,231,1,0.004177820181133933,0.03163281730654374,-0.03009033271131778,-4.430647848607805e-09,-0.00013471888465343973,3.5035500021236756e-07,3.5003995349814022e-06,0.0007456953077395299,1.4072172776995486,1642,1645,,0.011066044966785897,0.004177820181133933,0.020853954364854356
88281,231,1,0.0034408396165122373,0.01199247402772187,-0.007899731934215115,3.530031059051364e-05,-0.0005125592498738119,0.07112698983080465,0.25969097606178043,0.0007794066318331106,1.8689868666366378,1642,1645,,0.006923863055697497,0.0034408396165122373,0.01717525150162245
18956,231,1,0.0018031183508078839,0.007645223705793361,-0.011969078983600667,-7.988865124985978e-10,-0.005471788728887761,7.95681274606819e-08,2.850574801291588e-07,0.0005316075563670515,2.538339722637557,1642,1645,,0.008175779253960142,0.0018031183508078839,0.009000422749639067
91707,231,1,0.00529371519958862,0.01802050451020515,-0.0216799961187486,-1.1064390292858661e-08,-0.003219212494651069,1.031987367686334e-06,6.690781267419416e-06,-0.00033485679463625146,-0.49239464890810514,1642,1645,,0.011394992335206949,0.00529371519958862,0.026424041822401715
23931,231,1,0.0019611834910881975,0.0010451469928103433,-0.002664861943277197,-2.9056845818331567e-10,-2.6716473939591978e-05,5.548127997495383e-07,4.950699741460588e-07,0.0006063863497870644,2.5012042981928735,1642,1645,,0.0020215891670924886,0.0019611834910881975,0.009789418704267562
78059,231,1,0.0012963700346384117,0.003947966422710763,-0.0033459136741673667,4.459182139093798e-05,-0.001616876519901611,0.09382282646395698,0.29859577311985025,0.00030833937001694436,1.9801480636937878,1642,1645,,0.006997317322432295,0.0012963700346384117,0.006470944265240367
91567,231,1,0.001856195139479737,0.010344783589594352,-0.0123659212212468,-2.064149962066608e-09,-0.009662105182117076,2.562754512343236e-07,1.3543188241513713e-06,0.0003598299816156773,1.671579380823405,1642,1645,,0.006090316811446091,0.001856195139479737,0.009265360176528374
52936,231,1,0.002610512759817031,0.013628845498970385,0.0024932458712383365,0.00011346505821918651,-0.0003099615587969229,0.09128743843953892,0.4744209986469764,0.0004423558530590021,1.3507499198415247,1642,1645,,0.004480710270822688,0.002610512759817031,0.013030602467748752
62092,231,1,0.002895762112369113,0.0025520105795951275,-0.006782100004888214,-7.269440160939666e-09,-6.307496852442362e-05,1.4709925510478054e-06,2.5383410110714147e-06,0.0008125076173061948,2.3269312951885635,1642,1645,,0.00444238630556975,0.002895762112369113,0.014454449527415838
76136,231,1,0.003575387515508658,0.015292899451761049,0.0035116278880946705,4.0446699467455716e-07,-0.0021852356386671268,0.006944454429893159,0.026784846059432776,0.0005350302373516238,1.2572896066889458,1642,1645,,0.008131067961165047,0.003575387515508658,0.01784685909216189
75183,231,1,0.0018354696945121747,0.013102135338663909,-0.026034471959151873,-1.428055451668797e-10,-0.009969887773965125,9.676245612126361e-09,6.078048341395768e-08,0.00027650396100551864,1.393450848021365,1642,1645,,0.00920094532447624,0.0018354696945121747,0.009161907307614438
87043,231,1,0.007977479008177161,0.005016494927153397,-0.008571283688799225,-3.2961822160615384e-09,-0.0057529144152954625,3.073880024803601e-07,7.090387444668657e-07,-2.1931748854435155e-05,-0.022488768610446897,1642,1645,,0.004832013285641288,0.007977479008177161,0.03982028329853981
18964,231,1,0.002590259804348095,0.006261063299329136,-0.005311874614313483,-1.935787752316287e-09,-0.0019712445452877425,2.040544216936409e-06,6.106155366580134e-06,0.00011252650822705384,0.35839386777089327,1642,1645,,0.007696729688298416,0.002590259804348095,0.012929508071438956
77920,231,1,0.003431231931595478,0.00873902427427674,-0.0015666271964682732,0.0003878590595393083,-0.0004640941253561959,0.1936999449448822,0.9851736654305258,0.0005859850141793022,1.4161447523010178,1642,1645,,0.0034172202350536535,0.003431231931595478,0.017127293903133466
89056,231,1,0.003719246728206735,0.008454355567293315,-0.0030699756480909723,-4.774296513687659e-10,-0.0042078600099377805,2.076237543880994e-07,5.770657234215713e-07,0.0007726965263678617,1.744856746156182,1642,1645,,0.005186509964230966,0.003719246728206735,0.018564944918382228
84385,231,1,0.0041724664906103584,0.0028142681112372633,-0.002956331019304148,-1.8705606841251665e-08,-0.0009008695250558585,5.999720318200334e-05,0.00012936608679266524,0.000874274137971505,1.834894753721939,1642,1645,,0.004289090444557997,0.0041724664906103584,0.02082723095096346
27909,231,1,0.0044949287740471385,0.003044837098278978,-0.0014506580797875035,-1.9365029579887505e-09,-4.877773307487843e-06,1.6171689001029778e-06,3.566759341400511e-06,0.0009649878118440155,1.9415860324411485,1642,1645,,0.004107051609606541,0.0044949287740471385,0.02243682960567439
84781,231,1,0.0015010888498335603,0.005256529154634456,-0.005189359059108112,-8.545204543963791e-10,-0.002028239715399005,3.0335979857298856e-07,6.100466648997564e-07,0.0003869110298592754,2.1463313954841743,1642,1645,,0.0055473939703628,0.0015010888498335603,0.007492816113383901
86754,231,1,0.0015281979798761833,0.007188046675612058,-0.0015756211301123368,0.00047844294103560614,-0.0012203279625246921,0.24273148575160405,1.1696803513134917,0.0003612307471116412,1.9415908351964053,1642,1645,,0.0057837250894225865,0.0015281979798761833,0.007628133703962038
39731,231,1,0.008008500657217395,0.002080649118797305,-0.0020484902840525177,0.0007621815464025072,-0.0044551026023313955,0.4249274119065633,1.945493836766235,0.0018645833338014348,1.979822205654653,1642,1645,,0.004202861522738886,0.008008500657217395,0.0399751305694513
88310,231,1,0.004212178767048329,0.00780251592009287,0.0006895747943708175,-3.1140534595408553e-10,-6.856032179447524e-05,4.224601359040193e-07,1.0296109516827095e-06,0.0008086898232387266,1.6183546001241937,1642,1645,,0.006844021461420541,0.004212178767048329,0.021025458247653176
90312,231,1,0.004877539805776824,0.003082076896039115,-0.006769430710407587,0.0008861088944485118,-0.00042784692862074536,0.2695688784272722,1.652696081490045,0.0010020738197908507,1.7683711008797056,1642,1645,,0.004519034236075626,0.004877539805776824,0.024346665991455612
77120,231,1,0.003335448876455359,0.010444464427393111,0.0005137227427999269,0.0009688698009900909,0.00046604227122049036,0.272737864856725,1.7323493456050412,0.0006977131446129665,1.8173700519740772,1642,1645,,0.007348620337250894,0.003335448876455359,0.016649184416794534
92854,231,1,0.00420568703928028,0.005292203817292546,-0.0032672160153399687,-1.347579825505818e-10,-6.545494352305781e-06,3.784208601025616e-08,7.80404148848798e-08,0.00028885984155117475,0.5886530240148192,1642,1645,,0.0038164282064384264,0.00420568703928028,0.020993054221449443
90340,231,1,0.003675426301819783,0.022012138243441358,-0.010293687285648057,0.0011806180865401306,-0.18712825271936606,0.15621231863268062,1.651605632702256,0.0002062803168799515,0.43850905164871723,1642,1645,,0.01696154828819622,0.003675426301819783,0.01834621143237711
10693,231,1,0.003781855296639954,0.0061644393401409535,-0.003949604708479049,7.015029275581064e-05,-0.0016232777174072233,0.09346789703100511,0.37317628406362363,0.0007345917123704714,1.577523467073664,1642,1645,,0.006914282064384262,0.003781855296639954,0.01887746105654709
85636,231,1,0.002385787544444729,0.011753053389725628,-0.008705315754514498,-1.3073853111222888e-10,-0.001658389043224684,2.6651422429429042e-08,9.965151688062338e-08,0.00026959597806498065,0.9763232903566761,1642,1645,,0.00837378640776699,0.002385787544444729,0.011908866925570851
13928,231,1,0.003414444469328573,0.008513699149413113,-0.006186703748509714,0.00014829130635951593,-0.000549248213282727,0.10392191636169675,0.549813165775417,0.00019852528945764791,0.4656186045125159,1642,1645,,0.009325498211548289,0.003414444469328573,0.017043497818850888
91111,231,1,0.005702875393653664,0.01795262837053566,-0.031115009061993826,0.0015822726041244684,-0.00510011843513225,0.14972583868962278,1.897088271002727,0.0010607952468007311,1.4303179097746197,1642,1645,,0.01854241185487992,0.005702875393653664,0.028466400671037336
91133,231,1,0.0056301514323425445,0.0027417015267145886,-0.0036031572289334513,-1.8532064771648038e-11,-0.0005090731146897287,7.177866187736042e-09,1.1778580986332708e-08,0.0008366331505173848,1.1862169518591075,1642,1645,,0.0057454011241696475,0.0056301514323425445,0.028103392665747393
80725,231,1,0.002062910899025889,0.013247510271551747,-0.0054060582864590145,-3.1735347683081727e-10,-0.0068299248543230995,3.863367478156737e-08,1.21139437146601e-07,0.0001770018281547116,0.7096983071748526,1642,1645,,0.00816300459887583,0.002062910899025889,0.010297199946832137
91629,231,1,0.0012011482157114502,0.02195407198397082,-0.014751076808133146,-5.8954429782431816e-08,-0.0017712002159402385,5.097158250529348e-06,2.4068817424703972e-05,0.00036370932433503554,2.6841897379011104,1642,1645,,0.005981732243229432,0.0012011482157114502,0.005995636238483143
93054,231,1,0.004933922051566194,0.001583610307703015,-0.0004545772605433207,8.66237649832513e-05,-0.008770938530830108,0.18469455042787464,0.46220997289978855,0.000230157830591103,0.3801174367521465,1642,1645,,0.003944174757281553,0.004933922051566194,0.02462810289627721
46674,231,1,0.0024987080493756933,0.009736826611222688,0.0007719887541823844,0.0016870555769509243,-0.003908684095975223,0.36719485252621986,2.6302280114900984,0.0005419116084414874,1.8016412419732104,1642,1645,,0.0050300204394481355,0.0024987080493756933,0.012472519489489362
90373,231,1,0.0030452596107662035,0.00900597721766673,-0.007634874572306938,-9.967582315084655e-13,-0.0007424234412407582,1.3483344118033716e-10,3.258587790675418e-10,0.0007948976234003746,2.176035946339102,1642,1645,,0.004953372508942259,0.0030452596107662035,0.015200679349204538
89049,231,1,0.001389910327871103,0.005899789543922199,-0.0012471622976331087,0.0008824298344015657,-0.011931156754697803,0.3112554364850732,1.746800046971527,0.00034688436233806113,2.1231302314595517,1642,1645,,0.007236842105263158,0.001389910327871103,0.006937858809614125
86942,231,1,0.0024482859536233696,0.009366671700854623,-0.00875451582669795,-1.056117637787679e-09,-0.001713547483668476,1.102032899292127e-07,3.9040800310654406e-07,0.00046326569152411757,1.8764836293132845,1642,1645,,0.006476750127746551,0.0024482859536233696,0.012220833194194125
77925,231,1,0.001436860354284642,0.003978333649166537,-0.002391131645576028,2.2069829841542266e-05,-0.002800331336537676,0.08807713274580434,0.20893767189779233,0.00037710237659963454,2.162262568863484,1642,1645,,0.0046978794072560035,0.001436860354284642,0.007172213967521115
62498,231,1,0.002883889022755585,0.006131422102367292,-0.0011114136638106231,0.004837646104898896,-0.0004913255731642252,0.6066476868177286,7.186720344793171,0.0010608823875219826,3.0239355690243586,1642,1645,,0.004075114971895759,0.002883889022755585,0.014395183963500846
88660,231,1,0.003557830541028076,0.00780932689769215,-0.0011340061355991082,0.0011473158671410078,-0.0015328211353107246,0.38172574468746934,2.2178907104994927,0.00035696526508226695,0.8120548553931759,1642,1645,,0.006198901379662749,0.003557830541028076,0.017759221920448192
89810,231,1,0.004243927470925609,0.014511594589415092,-0.015080379470412852,-4.5299501927331676e-09,-0.0029884676487645923,1.1561387974341449e-06,6.820315043341802e-06,0.0009818007316800643,1.9885113012692532,1642,1645,,0.011196985181400101,0.004243927470925609,0.021183934676291705
86949,231,1,0.00575524120087934,0.0029756484142144353,-0.003386072555053632,0.00034802502589559303,-0.0025943644644330632,0.2558633787854366,1.0157986483995893,0.0013033211456429008,1.883538770015939,1642,1645,,0.0035800970873786407,0.00575524120087934,0.028727789171934144
75459,231,1,0.0015730508059044145,0.003536659838670631,-0.0008197255632016454,0.0007856090544505756,-0.0017313942755909917,0.367847272329698,1.7959402387829086,0.00035417211350138156,1.925501158393818,1642,1645,,0.006815278487480838,0.0015730508059044145,0.007852020502956247
71079,231,1,0.0023643011079785706,0.008300940783369713,-0.011061412864685538,-7.674438862181887e-11,-0.011861077653305907,2.561708991107866e-08,1.1272568253753747e-07,0.00041479768434115363,1.5011840939348284,1642,1645,,0.007754215636177822,0.0023643011079785706,0.011801615501119404
90103,231,1,0.001953710382901545,0.011079032868367776,-0.00909959120709769,-1.579183450672872e-08,-0.0030173704975244853,3.070200698923717e-06,1.4632064720140024e-05,0.00040819195655063993,1.7991077202724945,1642,1645,,0.007869187531936639,0.001953710382901545,0.009752116031981228
85414,231,1,0.0022504044787663227,0.01398518878111197,-0.0051226977777030225,-2.804958487701015e-10,-0.01008554759700786,6.652858814730164e-08,2.386138508698813e-07,0.0002955898842170579,1.0722996636678115,1642,1645,,0.005767756770567195,0.0022504044787663227,0.011233090527586847
79226,231,1,0.0012984234653025137,0.004809143236630216,0.0009755931040713595,0.0006116256456979441,0.0004283819159235369,0.28298394118198783,1.3972033624992153,0.00020076043803555062,1.349566974129277,1642,1645,,0.007217680122636689,0.0012984234653025137,0.006481194143766483
65307,231,1,0.00291715376168734,0.007751303492558979,-0.008464625312022855,-2.39200437235354e-10,-4.23104744735614e-05,2.9803183984106934e-08,9.140414034163862e-08,0.0007627178549626221,2.1707733631202153,1642,1645,,0.00653104241185488,0.00291715376168734,0.01456122781353877
92543,231,1,0.009402830281580295,-0.00033162796267714224,-0.0022817845541911463,-2.042810365310288e-14,-0.01028019930719637,8.565888263593413e-12,1.0773690277998697e-11,-0.0006810572821450414,-0.581893400456138,1642,1645,,0.003295861011752683,0.009402830281580295,0.046935048683527804
61815,231,1,0.004153023375813608,0.003146295931946128,-0.004378310733937019,-3.2520652837320085e-12,-0.00021509865488211766,7.164592319247565e-10,1.4345500132041346e-09,2.358805606334516e-05,0.0456231047504779,1642,1645,,0.005426034747061829,0.004153023375813608,0.020730178945108098
45356,231,1,0.002806891091684415,0.00271401503627631,-0.0035436217946744897,-9.848913240517732e-09,-0.00032856318528584616,0.00011133842141395028,0.00020888899621515194,0.0006589664838554325,1.9145817456564995,1642,1645,,0.004771333673990802,0.002806891091684415,0.014010842064824258
87666,231,1,0.003244309657619678,0.004760165428059406,-0.005380547248940992,-1.452517661704178e-09,-0.00039493112474531245,9.715789573588895e-07,2.3327349232423944e-06,0.0004045112733010873,1.0356069694283574,1642,1645,,0.006051992846193153,0.003244309657619678,0.016194255045006226
89053,231,1,0.0013249750771902025,0.00390680826486435,0.0002641544464169199,0.0030067702945705266,-0.007726969855802679,0.4769181322574108,4.250806690278905,0.00031233942717854955,1.9263773143489387,1642,1645,,0.004292284108329075,0.0013249750771902025,0.006613728833775305
20053,231,1,0.004813121137871176,0.007972574155271065,-0.010316258468324069,-3.1454927551521905e-10,-0.0028864685029628134,1.4049605414609206e-07,5.692563331465909e-07,0.0008175399144537705,1.542313435683263,1642,1645,,0.007345426673479816,0.004813121137871176,0.024025114583662743
88615,231,1,0.0040954750419079766,0.009867411894258337,-0.007898409392733896,0.0002084221931032415,-0.0005681294023436312,0.10426656265957975,0.6525471104803708,0.0006228245784872324,1.1953190954978814,1642,1645,,0.009727899846704139,0.0040954750419079766,0.02044292140959691
24969,231,1,0.0023014512508183495,0.004840549951143162,-0.0008250618993104197,0.0004320014548611084,-0.0004264192018088586,0.3437046329466181,1.2821708722001008,0.0006107062766605732,2.1880976826643646,1642,1645,,0.004483903934593766,0.0023014512508183495,0.011487894949197245
85663,231,1,0.005972686766791191,0.005683318082675973,-0.00589566033088329,-5.69151392681988e-11,-0.0014996195321776984,3.202696663670329e-08,7.233300420970277e-08,0.0013836081657487803,1.9282447302059254,1642,1645,,0.0060487991824220745,0.005972686766791191,0.029813187707956077
79918,231,1,0.0016746480393961545,0.013401287170041373,-0.024622125131969153,-2.3313573294103662e-11,-0.004096674039137271,9.823866039022238e-10,4.554783357557406e-09,0.00023765447897630871,1.187146850395018,1642,1645,,0.005710270822687788,0.0016746480393961545,0.008359151968403174
86349,231,1,0.004066600360165794,0.006396702520697,0.00147509871697038,2.1038313529508912e-05,-0.0006548866954112498,0.08626298264074109,0.20347810631629143,0.0005759075871861009,1.1695958931830364,1642,1645,,0.004566939192641799,0.004066600360165794,0.020298790913490267
24272,231,1,0.0036012540739194876,0.007363721805444588,-0.004232977844250696,0.0004761737994045667,-0.00023875271741480297,0.2167628210157683,1.1276739331604881,0.0007545271330448031,1.8687917647710328,1642,1645,,0.00633942258559019,0.0036012540739194876,0.01797597427790185
14752,231,1,0.004136347430667618,0.006838324730786528,-0.0062101490947563676,-1.3113954366872349e-11,-0.002265501527166869,8.569399549866546e-09,2.5753866143554208e-08,0.001485839122475615,2.930850351284618,1642,1645,,0.004867143587123148,0.004136347430667618,0.02064693950827554
91801,231,1,0.004197404053853777,0.00834783225656349,-0.01610421239082216,-7.425633441471291e-10,-0.18808528698227955,1.1980095715279212e-07,5.352437783211668e-07,0.00046145155392882066,0.9030170681843144,1642,1645,,0.007578564128768524,0.004197404053853777,0.020951708976177985
71722,231,1,0.0018508026851083098,0.006549098406349428,-0.01037577306140225,-2.18538698248949e-09,-0.0013996460624186025,3.7941974305656006e-07,1.103217548923588e-06,0.00035686410725260207,1.6469503125452538,1642,1645,,0.004736203372508942,0.0018508026851083098,0.009238443269504917
16555,231,1,0.0032881953315259055,0.00987888833469173,0.00018107388384114298,0.00041475592808271067,0.0004947645737394257,0.24636610204212153,1.0942712110605146,0.0005426905791127449,1.4262133783910398,1642,1645,,0.004503065917220235,0.0032881953315259055,0.01641331421970315
32942,231,1,0.0028811622733913365,0.00791583966880733,-0.011562180198402494,-6.884359748937641e-11,-4.61452469697754e-05,8.646315561010873e-09,2.512175349123392e-08,0.0005591779402799116,1.630982970113299,1642,1645,,0.006090316811446091,0.0028811622733913365,0.014381573155868863
80204,231,1,0.0036689789762834792,0.0033027801685634748,-0.002134100654711091,0.000569999697711876,-0.0011997829238286073,0.41916443316891955,1.6669877732420133,0.0007519238269347965,1.673374351311133,1642,1645,,0.0037749105774144095,0.0036689789762834792,0.018314029043791646
26403,231,1,0.0026544083865691474,0.0030594142319881087,-0.0027257749655229535,1.46040525413893e-05,-0.005328300466685754,0.06519658704633743,0.16566425355320896,0.0007641230956733697,2.382615401657534,1642,1645,,0.0052950945324476235,0.0026544083865691474,0.013249711322945305
92010,231,1,0.004494809090480882,0.007107677843715227,-0.0060128686269975695,-7.300826609935029e-13,-0.0012446292146048865,7.709163658869067e-11,2.0701421652648818e-10,0.00018250700792199297,0.33582619136316705,1642,1645,,0.004771333673990802,0.004494809090480882,0.022436232194699115
89236,231,1,0.003994832930293678,0.0032270864302646335,-0.0059620535933180285,-2.2926716081173026e-09,-0.018566944625073356,5.321619227549633e-07,1.3633123053826202e-06,0.00022186654501368783,0.4847186167182757,1642,1645,,0.004186893203883495,0.003994832930293678,0.019940557518430702
90050,231,1,0.0019902575185485527,0.0028434407708539224,-0.003732882844692087,0.0016270298117079252,-0.004390479820175486,0.38689181425898295,2.6646702312249375,0.0004771822059719684,1.956430560229532,1642,1645,,0.005655978538579459,0.0019902575185485527,0.00993454425193922
23393,231,1,0.0021377738906649315,0.009935169466982818,-0.005028489148697357,-5.190817242706203e-08,-0.0009618766956618341,1.8889479237685792e-05,4.715938765615845e-05,0.0007811291895219137,2.99955859929053,1642,1645,,0.004531808891159938,0.0021377738906649315,0.010670885108847254
60206,231,1,0.002899392703749204,0.006223131708606185,-0.0065708173627807565,-2.2320171932932453e-08,-0.003791753180369506,7.3463737247400455e-06,1.8174736867497476e-05,0.0007840542358021485,2.2496322599607312,1642,1645,,0.005694302503832397,0.002899392703749204,0.014472571941420096
85254,231,1,0.0036878148875315354,0.0018808002003383663,-0.00048602298375954867,0.0006764988328590293,-0.0020149425260169718,0.5112060225301118,2.152229169015285,0.00035012187688930477,0.7642941322002413,1642,1645,,0.003334184977005621,0.0036878148875315354,0.018408050140094744
79644,231,1,0.00330774752017072,0.003022291978453867,-0.0007108408526790289,9.281900472668525e-06,-0.0007382002499300988,0.07245658026001137,0.1328907938724445,0.00021636455354162508,0.5408021916743098,1642,1645,,0.004030403679100665,0.00330774752017072,0.016510910677198676
77878,231,1,0.002677877364646908,0.0026482428047981794,-0.004877140328228169,-2.3468049725750006e-10,-1.09127657310637e-06,1.6366146270949426e-07,3.579551696912374e-07,0.0006607544180508187,2.0679158525917076,1642,1645,,0.0039633367399080225,0.002677877364646908,0.013366858777025186
82932,231,1,0.0029058609296724034,0.0004910044577057306,-0.0008665905213145475,0.0019536491508761467,0.0028429996665386703,0.6721350326316647,5.462427850206644,0.00027356220684765075,0.7501947705392994,1642,1645,,0.004030403679100665,0.0029058609296724034,0.014504858656112389
17830,231,1,0.0024280664910690053,0.006117788575999907,-0.004655970287648747,-9.488219099296202e-10,-0.003756486740794873,3.6665436962106e-07,1.1090362693809438e-06,0.00042477087141893553,1.439318465975822,1642,1645,,0.006738630556974962,0.0024280664910690053,0.012119905980693004
79663,231,1,0.004176815083077707,0.004138609254125457,-0.0029454240939912335,-8.90421070209868e-11,-0.014824189871625704,4.7179653334941327e-08,1.1165602974732265e-07,6.372699573422602e-05,0.12079655132666708,1642,1645,,0.0037365866121614713,0.004176815083077707,0.02084893733011184
93093,231,1,0.009389675140197649,0.009556319999821273,-0.008734577373646024,-2.5757174171303632e-14,-0.09986263593019884,3.0598226178370203e-12,1.1389636154523027e-11,-0.0010484978671541664,-0.8647357580200339,1642,1645,,0.009903551354113438,0.009389675140197649,0.04686938364622061
79461,231,1,0.001822963410655648,0.01926644994582432,-0.018535206915994973,-4.450562340885256e-08,-0.004527917596823139,3.6702515924995436e-06,1.741573396498383e-05,0.00035395307620964635,1.716713199673798,1642,1645,,0.007974578436382218,0.001822963410655648,0.009099481099326285
85905,231,1,0.0018622098514128147,0.014474799741989603,-0.004273137714609243,-6.7371159762075195e-09,-0.004105154596807825,9.134670538846071e-06,3.9551899304524866e-05,0.0003517282089484137,1.5620294997037047,1642,1645,,0.007853219213081247,0.0018622098514128147,0.009295383136524728
82855,231,1,0.0024648133634205343,0.00569833658391267,-0.004293370705098498,-9.512690857249595e-09,-0.00034392700434682233,5.519251445320131e-06,1.0108495049919009e-05,0.0005600883608472663,1.866504400166046,1642,1645,,0.003883495145631068,0.0024648133634205343,0.012303331203858526
90056,231,1,0.0035299184628864353,0.025419079522557144,-0.015135330612197295,-2.3422137562789658e-09,-0.003921874435912187,8.735491065275686e-06,5.081802572905818e-05,0.00025626691042034074,0.5806039894751386,1642,1645,,0.01223811957077159,0.0035299184628864353,0.01761989634429665
34032,231,1,0.004464518095080424,0.012873167430808961,-0.008064111982857058,0.0009832021341089625,-9.871242650327794e-05,0.27339973268493606,1.7457164254827444,0.0010309248925161399,1.9675262369765512,1642,1645,,0.00881451200817578,0.004464518095080424,0.022285032045252826
84386,231,1,0.0032204934099251703,0.005109524896865373,-0.0042769402441804605,-2.4007968946193614e-09,-0.017078948340119693,4.947742737911368e-06,1.1164350186300808e-05,9.393113847194896e-05,0.24282815241962008,1642,1645,,0.005448390393459376,0.0032204934099251703,0.016075374164300507
86556,231,1,0.0017181027472933277,0.0016444634592734967,-0.003357139621924965,-1.3138330534623321e-07,-0.007179929734196788,0.0003385742375332521,0.000630624798277602,0.0004039579524739079,1.9412390307323992,1642,1645,,0.005170541645375575,0.0017181027472933277,0.008576059938621214
32870,231,1,0.0023604264415949825,0.0003512616100985163,-0.006026605029470389,-1.107834268765373e-09,-0.015146262884023987,5.986758884515267e-07,5.991998901480634e-07,0.0007311389396719611,2.4474821344213242,1642,1645,,0.002363311190597854,0.0023604264415949825,0.01178227476541535
28484,231,1,0.0043763934489016885,0.003017342076519128,-0.001638718645217363,-2.0735916983483094e-08,-1.4159380825384815e-05,2.297071391358491e-05,5.154526098563067e-05,-5.103046922452069e-05,-0.09332907611233131,1642,1645,,0.005068344404701074,0.0043763934489016885,0.02184515017620324
47941,231,1,0.004499977390390238,0.014829206195141479,-0.008848702789374663,-7.638460974845884e-10,-0.0019449386458008089,1.9937461098214334e-07,1.070045042319802e-06,0.0007131139547369085,1.3375993612878068,1642,1645,,0.004301865099642309,0.004499977390390238,0.022462030215145347
32678,231,1,0.0038767918193475825,0.020507829401246222,-0.010762737839563163,-7.308606164713183e-09,-0.0022838382842798044,4.983320176756489e-07,2.3424264190529735e-06,0.0009453424739832274,2.046059886449006,1642,1645,,0.008431272355646398,0.0038767918193475825,0.01935134500230502
91547,231,1,0.003248156196333258,0.00534099239783209,-0.0004334795645559719,0.000659425299573968,-0.006913787391340964,0.3910710797215027,1.7049754441634315,0.0005689957343083483,1.3829740439005602,1642,1645,,0.006262774655084314,0.003248156196333258,0.0162134553789885
89428,231,1,0.0025186663787680683,0.007363310437448202,-0.0046175350894703815,-3.753042276954943e-08,-0.007619037695945519,1.5926320429485337e-05,3.645230722488237e-05,0.0002793589269258515,0.9285840168568674,1642,1645,,0.008274782830863567,0.0025186663787680683,0.012572143234002547
93026,231,1,0.0014669107362565402,0.00973974584954468,-0.004060518576856742,0.0005561466569121709,-0.010749830006320682,0.24332600140977045,1.2618835023504382,0.000369656952387604,2.075125104888219,1642,1645,,0.007738247317322432,0.0014669107362565402,0.007322213074021269
90993,231,1,0.0030394258197980993,0.015826222187571515,0.006014405157474312,0.0025321877151368577,-0.00041926389028801303,0.3515473192841005,3.148545883074528,0.0007458559634360916,2.1101883901819303,1642,1645,,0.006265968318855391,0.0030394258197980993,0.015171559472008215
31500,231,1,0.0035518031217596727,0.009505792217856331,-0.002436129652644059,-6.88960444250597e-10,-0.0065874366859794975,2.2803425322141932e-07,7.282326212781571e-07,0.0005338202314800316,1.2386723212752233,1642,1645,,0.006642820643842617,0.0035518031217596727,0.01772913553067758
83011,231,1,0.003959765258250939,0.0052232102354610585,-0.0008120209235078502,3.691009500594866e-06,-0.0021252611668980403,0.03240427458651143,0.08033559372286739,0.00044411101294109987,0.9640134043700047,1642,1645,,0.004739397036280021,0.003959765258250939,0.0197655141702839
89541,231,1,0.003487110391474424,0.016392106801648383,-0.0038025280140345785,0.003326944034521828,-0.05075363016048784,0.38358816336892926,3.797903228273191,3.802827918701898e-05,0.08569853345068529,1642,1645,,0.009868421052631578,0.003487110391474424,0.017406216116577704
77605,231,1,0.003748870010804358,0.005304322273178995,-0.00579314986903845,-3.551137162105533e-11,-0.0018757511388509673,1.1214116829732254e-08,3.25278409441632e-08,0.0009418628884776214,2.133872387141574,1642,1645,,0.0049182422074603984,0.003748870010804358,0.018712812121048746
92271,231,1,0.00258660218784582,0.0017091352340428364,-0.0008866764249253478,-1.4471023934703453e-08,-0.0004606442209400541,0.00011055570827049046,0.00010696691662210221,0.0003245551492976348,1.0379577276259948,1642,1645,,0.002669902912621359,0.00258660218784582,0.012911250759176684
75152,231,1,0.004923742600462527,0.015202485468951572,-0.00041657873161482506,4.445341023795457e-05,-0.0034976020153085763,0.06872885989627874,0.2893043046871401,0.000374039297838378,0.6643519936850771,1642,1645,,0.007374169647419519,0.004923742600462527,0.02457729127692275
91237,231,1,0.006126656912359911,0.004950500764668325,-0.0015256919674782043,-8.102496451556362e-10,-0.0002216144722715363,1.095736851377063e-06,2.805082279085151e-06,0.0010538336375315025,1.4362385698184792,1642,1645,,0.00407192130812468,0.006126656912359911,0.0305817431387857
88593,231,1,0.003643906470310757,0.001983718578884074,-0.0020101213435457232,-2.9989431160615254e-08,-0.0007089044776653619,4.047181123381519e-05,5.545924244713288e-05,0.0010712437622797156,2.4561068831534265,1642,1645,,0.002347342871742463,0.003643906470310757,0.018188877440156622
90041,231,1,0.001956700657823471,0.011069810135566821,-0.014261483596436753,-3.6093359412348036e-08,-9.346753310546241e-05,3.6118672847749653e-06,1.5584448329246088e-05,0.0006447574657201806,2.833470635021745,1642,1645,,0.005585717935615739,0.001956700657823471,0.0097670422504532
54199,231,1,0.0034469879033712375,0.009025276011284668,0.001802315319802017,0.0014055552453072773,-0.0014307345588773224,0.3953244492923511,2.516570781994426,0.0006210934638823318,1.5099407258155828,1642,1645,,0.0022706949412365867,0.0034469879033712375,0.017205941212529257
79444,231,1,0.012039205524460818,0.017810419510819516,-0.0151852504129526,-9.288680935526372e-11,-0.19405776262736207,1.2052073815431712e-07,9.084132398022815e-07,-0.000645366240676708,-0.41625076127917443,1642,1645,,0.016725217169136435,0.012039205524460818,0.0600947459945643
89840,231,1,0.0009826834308644425,0.010738769632324844,-0.0070965252777905885,-1.361180501646686e-07,-0.00431926373932745,5.783651918055263e-05,0.0002246082777191094,0.00022995916559251535,2.1063056930497934,1642,1645,,0.008610117526826775,0.0009826834308644425,0.004905150182118054
90965,231,1,0.008512743811147807,0.010522255126319166,-0.006897618930456817,0.0004600539850853069,-0.5438940460949668,0.15142545242956146,1.0221555610523407,0.0002363840797840652,0.2168635029778855,1642,1645,,0.012761880429228411,0.008512743811147807,0.04249210431770894
22293,231,1,0.003580782065944791,0.012419115883451461,-0.010368749142933176,-3.252353941718411e-11,-0.010817067896933041,5.793429945806093e-09,2.1892484088661212e-08,0.0005145703839105442,1.1936637409784414,1642,1645,,0.00890393459376597,0.003580782065944791,0.017873786461875412
89858,231,1,0.0039920770919044226,0.013090542779527776,-0.012373405166408613,6.496279379619718e-05,-0.02719695463917482,0.044391497557701796,0.34167789801722953,0.00035735831809883547,0.6916732063454748,1642,1645,,0.014480071538068472,0.0039920770919044226,0.019926801510389485
21152,231,1,0.002863268321616815,0.008178838639027786,0.0031337074051029923,0.0010332649472043487,-0.005267285156146606,0.334484170914303,1.9589925266396053,7.795248923779607e-06,0.022424520607572183,1642,1645,,0.005173735309146653,0.002863268321616815,0.014292253932557654
88391,231,1,0.004488928055256529,0.003635088875696712,-0.005756991131316447,-6.823430709346212e-12,-0.0009014859121283525,1.099737971417276e-09,2.6152429111834408e-09,9.105606337594137e-05,0.1626089130554835,1642,1645,,0.00470426673479816,0.004488928055256529,0.022406876493670957
90796,231,1,0.00566334710541954,0.001182093438654216,-0.0014714508901494394,-7.803779844550718e-11,-0.004655818896895925,8.934048436183388e-08,9.460287570597674e-08,7.176355879642322e-05,0.1027350725776897,1642,1645,,0.003912238119570772,0.00566334710541954,0.028269091767538414
46578,231,1,0.0020012795738547397,0.016111812217978774,-0.01218196165939145,-4.408413634138242e-10,-0.001964613713463237,3.552665880557815e-08,1.3641991303779056e-07,0.0006206422912865111,2.444995988586834,1642,1645,,0.00975983648441492,0.0020012795738547397,0.009989561803771656
89812,231,1,0.003916845735101297,0.009099057359189087,-0.020635966512606352,-1.677347150064179e-11,-0.006709544527571776,4.3441735180056935e-09,2.9827990372758366e-08,0.0005488403412475936,1.496080874760431,1642,1645,,0.009718318855390904,0.003916845735101297,0.01955127762148131
85645,231,1,0.003141412546079668,0.0017797295634267762,-0.003555663606619408,0.0005538112611478407,-0.0007784517736650898,0.3767921919456398,1.525441065145045,0.0007481427276809796,2.0029144936363226,1642,1645,,0.004263541134389371,0.003141412546079668,0.015680635124737594
75825,231,1,0.004152044158706396,0.002740470516341141,-0.00042559201998826346,7.205983171210129e-05,-0.0034652939970638563,0.21081612549020434,0.4351735515361106,0.0006470670322973797,1.282211845020521,1642,1645,,0.003960143076136944,0.004152044158706396,0.02072529109738327
87659,231,1,0.003144749932684787,0.003483825021752294,0.0023232328141284952,0.00240974751007339,0.0038379186477892624,0.534444707423933,4.280714689668211,0.00033334677384715843,0.8907578045865142,1642,1645,,0.0038707204905467554,0.003144749932684787,0.015697293981496274
86223,231,1,0.003060438438904499,0.020641426749597805,-0.0071206585618457385,0.0024794524859922396,-0.05918220424939946,0.27916443111831823,2.7992898849133225,0.0004832218159658746,1.2517562023006263,1642,1645,,0.01311318344404701,0.003060438438904499,0.015276445795720692
39642,231,1,0.0021414624691899046,0.0017884672092072977,-0.0020384884556789995,-3.82773519547186e-08,-0.0008410317299396564,0.00023676662854910102,0.00027428915999466334,0.0006377769652649115,2.401552446255812,1642,1645,,0.003385283597342872,0.0021414624691899046,0.010689296970750342
65541,231,1,0.0032061797047408464,0.005617520121153588,-0.006074207533339759,-3.53379601136794e-08,-0.002673376819809059,0.00030466360374679577,0.0007526181073369335,0.001002522137406383,2.5342782605455767,1642,1645,,0.006904701073071028,0.0032061797047408464,0.01600392605457721
89016,231,1,0.0038212534249881074,0.007878924670315063,-0.0013263447714344512,-5.705280692325232e-11,-0.0008121596572003842,4.9222746340238334e-08,1.374561668552828e-07,0.0001779305301628291,0.3795270422636587,1642,1645,,0.006917475728155339,0.0038212534249881074,0.01907412025560579
89437,231,1,0.0015200711150483983,0.005061839444883899,-0.0037807334186643615,2.826597292782118e-06,-0.000843980591636706,0.03169567274535926,0.0714019083447301,0.0004508995846792758,2.5135654021173592,1642,1645,,0.00458290751149719,0.0015200711150483983,0.007587567748296141
77691,231,1,0.0030684554676997417,0.00133623961466757,-0.0013889708671419587,0.00023562210367278347,-0.007283321223787498,0.3465735429242654,0.9504719340996495,-0.0001533625810580168,-0.41224596898383736,1642,1645,,0.004455160960654062,0.0030684554676997417,0.015316463495236025
82298,231,1,0.004817580718742157,0.008068867087769707,0.0012020020600579384,-1.5059570701581038e-08,-0.01092619113236215,7.713565246742523e-05,0.0002062397798706993,-0.0006253199826027951,-1.0375735504809893,1642,1645,,0.006578947368421052,0.004817580718742157,0.02404737497112264
79909,231,1,0.005799043553799215,0.007912539469983212,0.0015058032285296674,0.0006346506466652357,-0.0028997188866251022,0.25288995516885016,1.3692326317888452,0.0007501484838196655,1.1097608630435767,1642,1645,,0.00790112416964742,0.005799043553799215,0.028946432442649637
78077,231,1,0.005007418132107612,0.008477103745258638,-0.006787159977114543,-8.429672515575248e-10,-0.004236028721662066,5.770880243513761e-07,2.011358309419804e-06,0.0010107318699689313,1.7519985142636165,1642,1645,,0.008019289729177313,0.005007418132107612,0.024994965002149462
50702,231,1,0.004435283033557626,0.009276256212917923,-0.007570390728887322,8.675263196866734e-05,-0.012947468969223053,0.07148303915992262,0.40626271365308164,0.00023368451841597693,0.4628078850512891,1642,1645,,0.008581374552887072,0.004435283033557626,0.02213910268199223
89766,231,1,0.001846221160102297,0.013428330147674356,-0.014050414258040211,-6.595479717930175e-11,-0.00013408793630365068,1.1224477550477135e-08,4.4449330141210976e-08,0.0004682949421079446,2.1554732812997774,1642,1645,,0.007942641798671437,0.001846221160102297,0.009215574187243244
59408,231,1,0.004425379178150242,0.014816840769535274,-0.009080277709270668,4.9129887324972366e-05,-0.009651413267201647,0.04027621738391174,0.29398430671382875,0.0006527605118828863,1.2053664615241526,1642,1645,,0.010577414409810935,0.004425379178150242,0.022089666722628933
87445,231,1,0.0030644557445648362,0.01541941583816729,-0.012298297090987509,-2.7629010190821646e-11,-0.002052745651982768,7.33037690799559e-09,3.4506000099864197e-08,0.0007387903717250201,2.0149168709703953,1642,1645,,0.00849833929483904,0.0030644557445648362,0.015296498527834117
89139,231,1,0.009138239742514037,0.007211088324081399,-0.0016039963786185218,-3.0495828085008725e-11,-0.0001328961876858603,1.4678431057158891e-08,5.2380654979832414e-08,-0.0006629847653871273,-0.5645233145204317,1642,1645,,0.005767756770567195,0.009138239742514037,0.04561432189591333
35991,231,1,0.004330411155692167,0.001199101366953431,-0.002909085100744946,-3.232823342358415e-09,-0.00470989341317285,4.359482087272883e-06,5.1607514270149195e-06,0.0008713589270501123,1.6603065134313415,1642,1645,,0.0034970618293306078,0.004330411155692167,0.021615625543115163
10874,231,1,0.005214296139337551,0.010367040669291195,-0.010095482133642308,-9.920952948050399e-13,-0.00018382352902346355,3.055855634048711e-10,1.2117694606358824e-09,0.0010267696526510914,1.814304531064662,1642,1645,,0.0070675779253960135,0.005214296139337551,0.02602761464593911
64929,231,1,0.004662685812249194,0.009316441607948466,-0.006660314447135107,-2.313391700425882e-09,-0.0054267248632229315,6.222143075307958e-07,2.3041048330205386e-06,0.0010249713594222992,1.9646481221487917,1642,1645,,0.00891670924885028,0.004662685812249194,0.023274203515362208
37284,231,1,0.004874066675186092,0.003635715188123773,-0.004854380829615312,0.0009327709534605599,-0.0035444920492107013,0.38658298935260976,2.016312080868815,0.001350833560452026,2.2404909375887287,1642,1645,,0.004985309146653041,0.004874066675186092,0.02432932955673557
80008,231,1,0.0023775639143480388,0.00837823556589857,-0.011420551252184774,-6.377605554774846e-09,-0.007213403564307885,8.102714132762539e-07,2.8642570868546416e-06,0.0004504229129348984,1.63161672241309,1642,1645,,0.008559018906489524,0.0023775639143480388,0.01186781795761281
46340,231,1,0.004238083574703256,0.010745354517400846,-0.005306131946193338,-9.754091978564361e-09,-2.3378233966475648e-06,3.0756824613803295e-06,1.144124769491202e-05,-2.137842767644129e-05,-0.04338235876336255,1642,1645,,0.007406106285130302,0.004238083574703256,0.021154764357836104
88873,231,1,0.003230124958919696,0.0034804490604028885,-0.005213341008178274,8.165321865138964e-05,-0.0012954331615229187,0.16879627977649722,0.43976839936492196,0.0009691038640535034,2.45139725329835,1642,1645,,0.003391670924885028,0.003230124958919696,0.016123450882418178
62391,231,1,0.004655572319109019,0.007463754422436986,-0.001377967341624764,0.0012368368702355692,-0.6241177608601152,0.25902237029125,1.923067312640496,-0.00026489261281215743,-0.45314909433346373,1642,1645,,0.00890393459376597,0.004655572319109019,0.02323869589299258
90685,231,1,0.0015549483315967412,0.02095243632997424,-0.009790046733776592,1.7610020188851827e-05,-8.780950740794324e-05,0.030416592995596195,0.1752282178530664,0.0001384050368041332,0.744145753320544,1642,1645,,0.012241313234542667,0.0015549483315967412,0.007761660421206461
78170,231,1,0.007444343776129252,0.011763166340881284,-0.0007663357082612343,0.0006618880145593531,-0.0006489348527340955,0.18765857933609958,1.2815476635406047,-4.76325411334552e-05,-0.050088036065584596,1642,1645,,0.011439703628002043,0.007444343776129252,0.03715909221864859
79667,231,1,0.00733369133837423,0.007631616335679137,-0.0022410348896506616,-2.6002990871631937e-09,-0.005560098483743614,1.6194291428038793e-06,4.144270722820028e-06,0.0005640975015056308,0.6224740997815383,1642,1645,,0.006789729177312212,0.00733369133837423,0.03660676091015345
90067,231,1,0.007786384779087264,0.0017489967054081428,-0.002886513820177239,-7.7982065249671e-13,-0.0008961496250183831,9.845225630262329e-10,1.993429250178947e-09,-0.00044861425960795645,-0.4575591417426359,1642,1645,,0.004733009708737864,0.007786384779087264,0.03886641976204214
65947,231,1,0.002683543967360179,0.008538139520167534,-0.00728971424067959,-5.967064398149091e-08,-1.7977953532977153e-05,9.017065674826307e-06,2.0241797928964278e-05,0.0005656045094477734,1.7296689948324564,1642,1645,,0.006083929483903934,0.002683543967360179,0.01339514411944369
64194,231,1,0.0032055144624598664,0.01715774781812355,-0.008789752232385428,-1.9003243423298954e-11,-0.002787826667774107,4.242893037296081e-09,1.4174763295953737e-08,0.000877003046922691,2.197162098212478,1642,1645,,0.008182166581502299,0.0032055144624598664,0.016000605439623082
40539,231,1,0.002638087066537714,0.0035377809234142118,-0.0030662538883505785,0.00015088980238042726,-0.011759158177242712,0.22761502010538137,0.642722089326954,0.0008401322364411943,2.6146722067066497,1642,1645,,0.003445963208993357,0.002638087066537714,0.013168242028348402
79049,231,1,0.001489364384056881,0.009849572063106505,-0.0017510645165175198,-2.4435020451463174e-08,-0.002162208900003737,1.889414575245783e-05,5.011160672164762e-05,0.000254320536404396,1.4559145296919913,1642,1645,,0.007313490035769034,0.001489364384056881,0.007434292418332765
84588,231,1,0.003688418153672279,0.007921200055971214,-0.0033509629245505046,0.0005171698041902539,-0.0020535997018997776,0.2540685579700031,1.234018764831409,0.001032762900204015,2.3844553081310296,1642,1645,,0.007035641287685233,0.003688418153672279,0.01841106139573129
89199,231,1,0.005224875709624937,0.006762616681976273,-0.002876524662257074,-1.239837121858045e-10,-0.0005439766798973622,1.0557145643294151e-07,3.0655104274337345e-07,-0.00011611334552104251,-0.18024862052092197,1642,1645,,0.0074540112416964744,0.005224875709624937,0.02608042349514933
27511,231,1,0.0033210654042233894,0.005479127259347981,-0.005066157407297878,-1.0282134699224343e-08,-0.0008801408644212305,6.883996276640025e-06,1.8406325117527155e-05,0.00046176416664196323,1.167177189346966,1642,1645,,0.007466785896780787,0.0033210654042233894,0.01657738805875879
91516,231,1,0.0040601524270058205,0.0037775595118139053,0.0005874501896590001,0.002055021726930728,-0.0015061525615716054,0.5106184276217304,3.750971570635515,0.00038212812672462106,0.8235600912350481,1642,1645,,0.004087889626980071,0.0040601524270058205,0.020266605491898185
91392,231,1,0.003491418503843008,0.004884606398554916,-0.004273146168307429,2.118014381657929e-07,-9.884387828784647e-05,0.00808046962650963,0.019136387272959233,0.0009413519311874477,2.3157852152700684,1642,1645,,0.006780148185998978,0.003491418503843008,0.01742772043577718
82642,231,1,0.003135847730416977,0.012635933560154087,-0.012565135480841816,-1.962725537651977e-10,-0.0037934772014815987,3.8593221378014513e-08,1.4860757755400844e-07,0.0006923887873382409,1.8529352396852816,1642,1645,,0.007856412876852325,0.003135847730416977,0.015652857861273115
66245,231,1,0.004461713021203086,0.01047559821046569,-0.0014062810802337733,0.0027175322431324256,-0.006732542260834196,0.37116896293608553,3.3604676304248486,0.0005434125533211455,0.9943583125112464,1642,1645,,0.008504726622381196,0.004461713021203086,0.022271030273972144
28345,231,1,0.004755484960999523,0.008302179920184711,0.004718645315347603,0.002733022976707411,-0.016488818046994647,0.3586311586853593,3.3056039337200134,-0.00011620694068362277,-0.1928330657385593,1642,1645,,0.009293561573837506,0.004755484960999523,0.023737418572313616
69761,231,1,0.005320526248435769,0.011090026372542893,0.002369540356858102,0.0007546744513605708,-0.004854776852325493,0.2527614223327925,1.486163534404045,0.00020517585065554707,0.3248808836696909,1642,1645,,0.007642437404190087,0.005320526248435769,0.026557871514655385
88673,231,1,0.004092690935965496,0.005263295895283138,-0.0023794257266538388,-5.3154813883793395e-11,-0.0012341902700194751,1.6961571895900444e-08,3.1739164346766206e-08,6.129616087799794e-05,0.1215648967886673,1642,1645,,0.004295477772100154,0.004092690935965496,0.020429024301594607
92528,231,1,0.005341845876190475,-0.0013769675715105908,-0.0015253182863832482,0.00040343041378232414,0.00023636039796171016,0.3762592973332079,1.2987715428228646,0.00043689611373393886,0.7025450163759103,1642,1645,,0.003567322432294328,0.005341845876190475,0.026664290298852946
12076,231,1,0.004069305316828694,0.0021728115707481638,-0.005038495044300095,-2.0203723138934038e-09,-0.009370453640405785,5.515982655632853e-07,7.729201263832138e-07,0.0004766069468062726,0.949608590133927,1642,1645,,0.004943791517629024,0.004069305316828694,0.02031229294094989
38093,231,1,0.002163646521484985,0.010091885588117081,-0.008583637529574695,-6.920888306893858e-10,-0.0038387638493215803,1.02264447762073e-06,3.7020449041754643e-06,0.0006020426565130745,2.3212719813673734,1642,1645,,0.007402912621359224,0.002163646521484985,0.010800030605548282
75274,231,1,0.0018810214895451237,0.01701741635348054,-0.0025458270817819706,-6.380960204666053e-10,-0.0021384157593178355,3.8146246344881096e-07,1.393786443543467e-06,8.998354666456737e-05,0.391389011392551,1642,1645,,0.007840444557996934,0.0018810214895451237,0.009389283071450327
85246,231,1,0.004153268782106342,0.007387678842207719,-0.0036792821462023895,0.00035690658579179413,0.0006191407364565249,0.19829753918341875,0.9545275010287357,0.0004512809262644726,0.9057736416875818,1642,1645,,0.007856412876852325,0.004153268782106342,0.020731403912054414
75269,231,1,0.0024811395674756947,0.017652069108718936,-0.0064077961314539245,-2.6529746177672564e-08,-0.0022798092701861172,6.510089750333837e-06,2.8634811501254788e-05,0.0002916837294322021,0.93750055483812,1642,1645,,0.00662046499744507,0.0024811395674756947,0.012384824877486482
89892,231,1,0.0016883519403474425,0.006830900892125288,-0.0037550353339041997,0.00028741405206977877,-0.01544655437827025,0.15552467407139214,0.8128498437169899,0.00021524884294537615,1.1271981217444833,1642,1645,,0.007447623914154318,0.0016883519403474425,0.008427556187031148
47706,231,1,0.0053440662859634905,0.008482890008099825,-0.00502173029516273,-2.912936558630008e-11,-0.0002513976386244732,8.232667736054057e-09,2.500207121421506e-08,0.0009266191346722013,1.4702994578496091,1642,1645,,0.00716338783852836,0.0053440662859634905,0.026675373668186758
86305,231,1,0.0034127472061074673,0.007939925794310111,-0.0054281870765857665,-5.6708535645100255e-09,-0.00249275057971432,0.0024819263824432313,0.006457698202845758,0.0005418086673552484,1.3060121276966334,1642,1645,,0.006569366377107818,0.0034127472061074673,0.017035025781227554
75157,231,1,0.0015976907189474306,0.003359285420186257,-0.0020163456971638016,0.0006292180669708047,-0.0002749655478082591,0.34344329090747505,1.5477752255769017,0.0003807365331726016,2.078696468728359,1642,1645,,0.006000894225855901,0.0015976907189474306,0.007975012781195846
77860,231,1,0.002185490904991687,0.022093671286735953,-0.007416563603255488,-2.2734525373380166e-10,-0.0016422220318801362,4.1395284996746423e-08,1.6659126684176482e-07,0.00035713162705682964,1.3411341849747078,1642,1645,,0.006186126724578436,0.002185490904991687,0.010909068753919114
92261,231,1,0.002995670553223241,0.017973886032001687,-0.004382862800164533,0.00040706957164005075,-0.0013750947098827293,0.15608485329081384,0.96793204324447,0.0005540461202007,1.5541831270482553,1642,1645,,0.00617973939703628,0.002995670553223241,0.014953151236896844
85265,231,1,0.003372961930468102,0.01659488367856874,-0.014888721275751138,-4.950186927032973e-10,-5.607670500862305e-05,3.180564520986035e-08,1.3606590284625554e-07,0.00048041620963290425,1.283900457538241,1642,1645,,0.009868421052631578,0.003372961930468102,0.01683643410264763
86560,231,1,0.006034406958968499,0.016740433650699927,-0.005354533274947615,5.39583379902675e-05,-0.0003123852278767991,0.06267765960169269,0.31787434163043415,0.0003666128194302569,0.5188243030440447,1642,1645,,0.011082013285641288,0.006034406958968499,0.030121269438440294
82646,231,1,0.0033081034884514184,0.006333427841704362,-0.0021106824316179384,0.0001928561923469907,-0.0007899875339862916,0.2104758405560629,0.7120886512258557,0.0006956794637416209,1.7089479438691528,1642,1645,,0.004451967296882985,0.0033081034884514184,0.016512687523965452
92618,231,1,0.0024351739799999277,0.0027612654591992808,-0.004556763572474143,-2.852142966247584e-10,-0.005303247993285298,5.910574855327541e-07,7.886623288790882e-07,0.0007358592320669854,2.643025420780239,1642,1645,,0.004004854368932039,0.0024351739799999277,0.012155383632527684
70228,231,1,0.003949473388609471,0.007643844551821356,0.001017453345353525,0.0014882341770152685,-0.0017020303230323997,0.39064815850158774,2.5683109063382386,0.000617620593316539,1.2752382140581737,1642,1645,,0.007054803270311702,0.003949473388609471,0.019714141403978303
93123,231,1,0.006053039602666033,0.0029707968324270257,-0.0008931485136398631,-1.3502439166757085e-09,-0.001159869980721595,2.9818711660404467e-06,4.173352646465359e-06,0.0009814564304937152,1.3692041928537388,1642,1645,,0.004381706693919264,0.006053039602666033,0.03021427590700963
61508,231,1,0.003040897936759566,0.005055787099815126,-0.0025766370342130696,-1.773790003767317e-10,-0.008684411313576668,1.5020844874142573e-07,1.8921955718968644e-07,0.0005801200487557797,1.5372226897951273,1642,1645,,0.004356157383750638,0.003040897936759566,0.015178907672410136
18649,231,1,0.0041388409473952685,0.006413981001722019,-0.0008722513664554121,6.076706419611e-06,-0.015229423615504833,0.038071013236935965,0.10377210967481472,0.0008256860183214625,1.5966264132759638,1642,1645,,0.005624041900868676,0.0041388409473952685,0.02065938611482918
89217,231,1,0.003418712521045208,0.027277239834613682,-0.006287013982142042,-1.0732444266636776e-08,-0.01103093896899665,5.608933275290536e-06,2.5226414474632315e-05,0.0004986770262034174,1.161553588547351,1642,1645,,0.007690342360756259,0.003418712521045208,0.017064802171806878
48506,231,1,0.0035841197019724626,0.007484945970726624,-0.010667951351499783,-1.4412413484876652e-09,-0.0004926051340556903,2.553109420826865e-07,7.208967023204068e-07,0.0011357733089099285,2.690770756461427,1642,1645,,0.0063521972406745016,0.0035841197019724626,0.01789044656364855
79210,231,1,0.0028324035141404267,0.0168573858399176,-0.007250846251092735,-1.8360799547423312e-09,-0.0021051376413974143,3.646031706703505e-07,1.5366053519554365e-06,0.0006798202315638986,2.003256711392874,1642,1645,,0.00809593765968319,0.0028324035141404267,0.014138189550012132
23229,231,1,0.002151771001677271,0.005282583053903404,-0.008414346938982131,-4.401590203428896e-12,-0.0006707068348072998,1.195532550819149e-09,2.1963583593874655e-09,0.000737315051797732,2.829777669315013,1642,1645,,0.003653551354113439,0.002151771001677271,0.010740752911106734
90698,231,1,0.0037229532952764446,0.013822758824738417,-0.004360796494755403,3.848633271597013e-05,-0.000322073240014209,0.05662024817047051,0.26612512920883463,0.0005360365630724224,1.1301925598438285,1642,1645,,0.011232115482881961,0.0037229532952764446,0.018583446571677657
50585,231,1,0.0030607068581010653,0.005413533934352173,-0.005607295916844501,-1.8055335004873996e-11,-7.454608752510694e-08,6.751435531013208e-09,1.1262124293509956e-08,0.0003652151127364587,0.9899369258315122,1642,1645,,0.003953755748594788,0.0030607068581010653,0.015277785633586649
89244,231,1,0.008948613154161022,0.009659671416680247,-0.017698486377532463,0.0005801592243094289,-0.09552879452801788,0.14385091326792376,1.1397401477193327,0.0009246812918944166,0.790720107099159,1642,1645,,0.01293753193663771,0.008948613154161022,0.04466778421635157
14277,231,1,0.0035060627384799264,0.0020112778274786343,0.000584928048119937,-3.2978689334939304e-08,-0.0007198544227340342,7.377198445742295e-05,0.0001277283154971124,7.441194394209374e-05,0.17932240944187872,1642,1645,,0.004860756259580991,0.0035060627384799264,0.017500818412134703
92493,231,1,0.006090111655977837,0.01569826242783422,-0.006195800758708403,-9.598988270909103e-12,-0.005605425208614623,4.511356447046017e-09,1.568699604006694e-08,0.0002476307129797814,0.3195601628984601,1642,1645,,0.006090316811446091,0.006090111655977837,0.030399324299342775
84365,231,1,0.0042031405180755,0.008521062598601683,-0.002384591280538695,-3.0724619071165193e-08,-0.001465185311203543,7.5430993991554025e-06,2.163671887424826e-05,0.00034891103096990983,0.7290111061418946,1642,1645,,0.005614460909555442,0.0042031405180755,0.0209803430384183
10065,231,1,0.0018352457220498096,0.012803635521467202,-0.010248516765875904,-1.058274357035316e-09,-0.0022004797140826593,2.48727813708066e-07,9.483022638235955e-07,0.00047610725166330573,2.192988763528886,1642,1645,,0.00782766990291262,0.0018352457220498096,0.009160789329504648
79777,231,1,0.0042037104265487645,0.012239704518929686,-0.013008918681122639,-1.8769439336097093e-08,-0.00041804416008361933,1.776363497178854e-06,7.564799021241813e-06,1.0648992783031389e-05,0.022142701618391266,1642,1645,,0.005889115993868166,0.0042037104265487645,0.02098318778634384
77124,231,1,0.0012164177086722147,0.00399004690038567,-0.0040002964507988015,-1.8998172457429519e-07,-0.0012009408669555466,8.194374923103584e-05,0.00020936154799932702,0.0002440511879575708,1.6356197587409647,1642,1645,,0.006460781808891159,0.0012164177086722147,0.00607185524638018
90999,231,1,0.006494813433675375,0.01085736492643963,-0.002489469817801515,0.0001132154064588109,-3.6186806049665066e-05,0.10563369997257491,0.482309045591573,-6.725106642289149e-05,-0.0818747258724447,1642,1645,,0.00904126213592233,0.006494813433675375,0.03241942857323932
89304,231,1,0.0038817671134004014,0.0107231051225528,-0.010512855411136224,2.857258276633967e-05,-0.0428905609334409,0.04120622670935564,0.22585929375908093,0.000650072596172698,1.2951215742501443,1642,1645,,0.012164665304036792,0.0038817671134004014,0.019376179617159373
86033,231,1,0.001778523451211825,0.01394900028134238,-0.012872473665704876,-2.5596635921942834e-11,-0.008364762928578573,3.970058279159931e-09,1.5929513915797257e-08,0.0002728805606336153,1.304301502946637,1642,1645,,0.008335462442514052,0.001778523451211825,0.008877655159951859
77649,231,1,0.00297737693148011,0.0046534637057977085,-0.004120554048289149,-1.1282308420845766e-11,-1.2866775969122557e-05,7.683316592858674e-09,9.552870900323967e-09,0.0006583217550261577,1.828589717180543,1642,1645,,0.004819238630556975,0.00297737693148011,0.014861837026026328
91684,231,1,0.002381232703745727,0.017690185236276374,-0.012806885900622289,-5.080452902817001e-08,-0.011565756039668251,5.7794663603756916e-06,3.70713117249317e-05,0.0002734966483187444,1.0758150440891705,1642,1645,,0.00809593765968319,0.002381232703745727,0.011886131040358483
80681,231,1,0.0026760821261901362,0.009876170972048098,-0.011415320565928422,-7.388861522628076e-09,-8.613740124507885e-06,1.3431004123506387e-06,4.060882363543412e-06,0.0007043698966468974,2.2795089330117664,1642,1645,,0.0069589933571793565,0.0026760821261901362,0.013357897687454934
90548,231,1,0.006512132294591825,0.0012288797864277927,0.00025625188620326256,0.00028986331064173587,-8.072364043898439e-05,0.2791528952164925,0.9538029478448838,0.00019190981109079775,0.2350881313417984,1642,1645,,0.004346576392437404,0.006512132294591825,0.032505877180298536
26710,231,1,0.002278447540026292,0.005272409729661288,0.00026654695768313363,0.00021004749661357458,-0.006157867119538807,0.21236659877595118,0.7445222920901589,0.00019699443204770073,0.725536850006303,1642,1645,,0.005384517118037813,0.002278447540026292,0.011373069917414843
92793,231,1,0.004360053489384155,0.0026445085648464416,-0.0038855273560660653,0.00137179019522371,0.0012498424933534702,0.35384283641279757,2.317831456470702,-0.0005105743976882962,-0.9433918204125085,1642,1645,,0.007856412876852325,0.004360053489384155,0.021763587840983308
10294,231,1,0.004679610953322451,0.003965914913471424,0.0003734210886487954,0.0027803446360172845,-8.680324145693419e-06,0.5068359735751828,4.346753032033262,0.0007276368346453509,1.2922652215458565,1642,1645,,0.004586101175268267,0.004679610953322451,0.023358686835432876
81655,231,1,0.0030042304351024078,0.011361299240458585,-0.0051353217555834,-1.034358976248484e-08,-0.0014966192430700964,1.455560556318171e-05,4.253686588246701e-05,0.0007366319252838148,2.0207991944058143,1642,1645,,0.005662365866121615,0.0030042304351024078,0.01499587863499856
66376,231,1,0.003025781790496948,0.009492437275676491,0.0008822249114663894,0.001552342648700633,-0.0005643850174767984,0.3920308974582564,2.624556519561947,0.0007840555889362328,2.1829310357770373,1642,1645,,0.005751788451711803,0.003025781790496948,0.015103454107951662
19583,231,1,0.003971571632153389,0.009520879733658356,0.002396760396739195,7.320880360817128e-07,-0.00028528896001178694,0.008881685242373394,0.03515469885793575,0.0005328215156547906,1.1379557585205942,1642,1645,,0.006853602452733776,0.003971571632153389,0.01982444671689946
91321,231,1,0.0070461523620797654,0.007100800239103561,-0.004488198813916933,-1.0365752700636222e-10,-0.019297614625930715,8.410017053166749e-08,3.649732351859066e-07,-1.5867763559004824e-05,-0.018037668355362486,1642,1645,,0.008491951967296884,0.0070461523620797654,0.035171484993578646
85257,231,1,0.0029441266711043557,0.014108166430580858,-0.010927783488112519,-2.9937816670155826e-09,-0.00016283457046206706,9.25879078243774e-07,4.90484158430989e-06,0.0006371407678249193,1.7491623010563144,1642,1645,,0.010139882473173224,0.0029441266711043557,0.014695865446965377
61516,231,1,0.00267885166828733,0.011280702445530009,-0.004780299291054391,-7.433781812338225e-09,-0.012066704250736082,4.76433667299101e-06,1.2736408326701542e-05,0.0005509597800924031,1.7022792568308718,1642,1645,,0.006681144609095554,0.00267885166828733,0.01337172209875134
88853,231,1,0.003948386945670973,0.005428141445142038,-0.0005258507958649794,-1.6209107389641986e-09,-0.000198219932215693,4.872080855042012e-07,1.0893104263676271e-06,5.92748341880482e-06,0.012427834431351181,1642,1645,,0.005470746039856924,0.003948386945670973,0.01970871832915048
77548,231,1,0.0014741650042019102,0.013131554902155703,-0.004479931330847675,0.0002369987576302801,-0.0023607899794964027,0.14185123055541016,0.7263709616856147,0.00037209428206478636,2.1016746664270456,1642,1645,,0.006432038834951456,0.0014741650042019102,0.007358423386127645
68021,231,1,0.002281606624940986,0.015297012102528236,-0.005609366075761457,-7.962501769043229e-10,-0.0018062832482070856,3.615336996105119e-07,1.5081011338885e-06,0.0003795514929801155,1.3786377166670811,1642,1645,,0.0066013030148186,0.002281606624940986,0.01138883876571119
76224,231,1,0.0038016196040614523,0.007798068511111266,-0.0019074265467060592,-5.837803573882638e-10,-0.004232529054766232,2.9675053497439175e-07,7.741140938789547e-07,0.0005278062156904714,1.1513915859055517,1642,1645,,0.007313490035769034,0.0038016196040614523,0.01897611632344491
75844,231,1,0.004037079240367471,0.019213046335924466,-0.004165725254808628,-1.83722235203021e-08,-0.0004521537236368278,0.0002782474581652097,0.0013701147262867458,-0.0003428784134703523,-0.7258870622661528,1642,1645,,0.0075466274910577415,0.004037079240367471,0.020151433665360333
80168,231,1,0.006032493830062215,0.0046451740406861395,-0.004959513134737081,-3.009326121627964e-11,-0.002653925196877127,6.9628654252111e-08,1.766426921353217e-07,0.0014470865326086284,2.1428211705700595,1642,1645,,0.00416134389371487,0.006032493830062215,0.030111719888393625
88845,231,1,0.003259657096593004,0.0020881266100627495,-0.0040753701268752,-2.427057221865425e-09,-0.00027257962771076727,4.395905400134343e-06,4.4943902522011715e-06,0.0011492833642920606,2.8783711439962145,1642,1645,,0.003602452733776188,0.003259657096593004,0.016270863127233515
86896,231,1,0.0031883456304871156,0.013160601121529052,0.004567640190110245,0.0021785641382213727,-0.003415068858381387,0.3194309460177897,2.7813174886024172,0.0006747912232998436,1.8287289396629838,1642,1645,,0.0056911088400613185,0.0031883456304871156,0.0159149057151413
81046,231,1,0.002582082363492771,0.007768249351419809,-0.0023009952508763476,0.0021663876739256294,0.0014511352673846067,0.44921506522880755,3.424673598947933,0.0007906861669713588,2.5498976839237355,1642,1645,,0.005323837506387327,0.002582082363492771,0.012888689661113803
80169,231,1,0.005317318693545309,0.00497573087659341,0.0016164186101316202,0.0015821361349747098,-0.003447522206645459,0.2641726952687252,2.1953169390042087,0.0011815154898808704,2.1330888462750837,1642,1645,,0.0065629790495656615,0.005317318693545309,0.02654186072424117
10890,231,1,0.006531697385815794,0.0029387243799972934,-0.0022545193140675046,-1.0403677919157417e-11,-0.0066390287298276895,4.724486591306315e-09,7.057412874381521e-09,8.323156611876577e-05,0.10482120615883697,1642,1645,,0.005499489013796627,0.006531697385815794,0.03260353804214494
90885,231,1,0.007075282203267964,0.011717740127328282,-0.005669825865106226,-5.416289639015304e-11,-0.004523151202565856,4.007916888456209e-08,1.1958731588022645e-07,0.0011324259597863403,1.3233133021065169,1642,1645,,0.0064448134900357695,0.007075282203267964,0.03531688914034814
85349,231,1,0.006625412230255175,0.0025283611286425695,-0.0015179818743469298,-3.1350522178286155e-10,-0.010853890426792079,5.438843499357951e-07,1.1858738174195805e-06,0.0003889725776969063,0.47645420625291884,1642,1645,,0.006336228921819111,0.006625412230255175,0.033071323874113864
89842,231,1,0.0020280324099538555,0.00845548708167439,-0.009068334714243731,-8.714519572627921e-08,-0.0021287713079842785,1.2632984155331282e-05,4.892712501420551e-05,0.0005248305916079759,2.2221948371943463,1642,1645,,0.006837634133878385,0.0020280324099538555,0.01012310092200866
58675,231,1,0.007153990525518719,0.005470111139110868,-0.0014221203786637382,-4.0034642267983145e-13,-0.00024109008718653513,1.620779719796109e-10,3.638233751722133e-10,-0.00010738817794029436,-0.12047791221612293,1642,1645,,0.005767756770567195,0.007153990525518719,0.035709768605999524
91374,231,1,0.0026189940217739337,0.014234300691512826,-0.012588222376156644,-5.908096234463756e-11,-0.01808793824444166,5.674155833280687e-09,2.905284766609861e-08,0.00020036684947913235,0.7062777190593446,1642,1645,,0.008808124680633623,0.0026189940217739337,0.01307293742764107
16678,231,1,0.002815859683040483,-0.001914796417731778,-0.0013123713862166486,-4.183454027639755e-09,-0.01770371017207606,2.808507103513303e-05,3.941752372871771e-05,0.0006263400383921662,1.8091693429899012,1642,1645,,0.0026283852835973427,0.002815859683040483,0.014055609571980517
36468,231,1,0.002744454998769845,0.005038639422783779,-0.009519041662766181,-4.276170528783041e-10,-0.000458666241222927,1.8473052441621111e-07,3.2874537286784965e-07,0.0010164405852595589,3.0041898186110143,1642,1645,,0.0028168114460909556,0.002744454998769845,0.01369918685327639
79665,231,1,0.001955072898092122,0.002680885945550308,-0.0074734200453032695,-6.854897538488558e-09,-0.006244196582227746,3.0271495893726373e-06,9.575144196930122e-06,0.0001850804389210941,0.798307874623184,1642,1645,,0.0045797138477261115,0.001955072898092122,0.009758917145570086
58771,231,1,0.0035666324100127695,0.011331759234167044,-0.0034027805481189333,-1.1209382311250238e-09,-0.004141264662049116,5.470465250998738e-06,1.7889236800371698e-05,0.0002926337598528082,0.6787550312658255,1642,1645,,0.006808891159938681,0.0035666324100127695,0.01780315721832461
88683,231,1,0.0035804683192943577,0.003805403616821086,-0.0032046906795990537,-8.692535580223648e-11,-0.0018270422918889029,3.224879994013878e-08,5.747233826917311e-08,2.4258379050403624e-05,0.05744100635669848,1642,1645,,0.003940981093510475,0.0035804683192943577,0.017872220368064143
15202,231,1,0.004073651869846635,0.005071000184345073,-0.006344802994015852,-1.17667653398712e-10,-4.6364308224244866e-05,2.5907745912847908e-08,5.9358004166721617e-08,0.000857498476538456,1.740695073989479,1642,1645,,0.004493484925907,0.004073651869846635,0.020333989140008404
22779,231,1,0.0029180862545942605,0.004896848643681763,-0.01165352507332007,-3.791501779204509e-09,-2.271335275905173e-05,3.040195484768941e-07,7.605223722712054e-07,0.0006889457648779437,2.109494969811923,1642,1645,,0.003398058252427185,0.0029180862545942605,0.0145658824333365
90756,231,1,0.004798207140893583,0.00277156098202268,-0.005353570066979563,0.0007000351601140764,-0.007041164276760492,0.344113394437847,1.639403528162725,0.0007197251675807433,1.2190129363659918,1642,1645,,0.005007664793050588,0.004798207140893583,0.02395067006501812
11731,231,1,0.004178345621972668,0.004571162806389661,-0.0076447864835433865,-6.839426802685011e-10,-0.0014955941107852588,2.0758482635710755e-07,4.4356871749567897e-07,0.0007158196221160079,1.4874113628631598,1642,1645,,0.005199284619315279,0.004178345621972668,0.020856577148697923
83264,231,1,0.003618605596090028,0.012411943013144218,-0.002838854777208688,0.0005955368733128186,-0.09306628747583057,0.21638229750146415,1.2605580127932354,0.0003412675190743279,0.7508984736367963,1642,1645,,0.00911152273888605,0.003618605596090028,0.018062585916463803
92406,231,1,0.0016856977078374411,0.01156921747300185,-0.003760926517393459,0.0018629161077400314,-0.02073554763116059,0.33677092246948565,2.6366061533488456,0.0005254959133794875,2.558665978442535,1642,1645,,0.00740929994890138,0.0016856977078374411,0.008414307353611454
84660,231,1,0.0035661806273119567,0.000140542403568053,-0.0027909474351581753,-2.5413005033669833e-12,-0.00667829737282255,9.193216547043323e-10,1.4500564693827908e-09,0.00024502985984152834,0.5527504415225092,1642,1645,,0.004033597342871742,0.0035661806273119567,0.017800902105510483
71271,231,1,0.0023121562096608613,0.024445633380220516,-0.008348934381584794,0.00031371982506667173,-0.0006466646927660857,0.09331807254999892,0.7910093552517661,0.00048355553043252623,1.7232448573374608,1642,1645,,0.006071154828819622,0.0023121562096608613,0.01154132968633301
83822,231,1,0.004998428900394016,0.004722317176090715,-0.0028232102973093642,-2.1766868307793175e-09,-0.0008353257045510265,8.685597277525102e-06,1.4564912282558109e-05,-0.00031312005822557905,-0.5131124791709112,1642,1645,,0.0038707204905467554,0.004998428900394016,0.02495009446684568
89155,231,1,0.0022530819924356476,0.013688433212927677,-0.0044262405526793724,0.0001410844382465637,-0.0030921152826657305,0.10967242221935478,0.5407688090856811,0.0005666541318590437,2.205177555709933,1642,1645,,0.005403679100664282,0.0022530819924356476,0.011246455570946903
89349,231,1,0.005344787151198203,0.004923955266867625,-0.0011114484379386447,0.0014393692043203066,-0.001092068156628212,0.4561403399895211,2.8289938428857684,0.00011024984765386926,0.163971441304049,1642,1645,,0.0035609351047521712,0.005344787151198203,0.02667897192997308
24942,231,1,0.002367118887188035,0.004135624948258386,-0.006161076065505977,-2.225416295686955e-09,-3.0899393683725407e-06,1.0823444148065848e-06,1.980817950705041e-06,0.0009490402193771855,3.3048006524612252,1642,1645,,0.005339805825242718,0.002367118887188035,0.011815680692175201
89063,231,1,0.006471168926273739,0.011479539313183061,-0.0037588425497192546,-5.713052253497608e-11,-0.003102687322221742,5.1955833194958895e-08,2.0895810216230566e-07,0.0005664186472582113,0.7398596249195644,1642,1645,,0.009488375063873275,0.006471168926273739,0.032301404949206906
91974,231,1,0.0020763835479999946,0.011847105033486297,-0.0032979842108193935,4.67666561032587e-08,-0.015306307464526325,0.0034967651777419355,0.012637511424675467,0.0001646728566264382,0.6913601822620905,1642,1645,,0.009229688298415943,0.0020763835479999946,0.010364449851016245
83445,231,1,0.0059499680303539545,0.004517094135043267,-0.0025803793779597406,0.0006825673650303621,-0.018389920351825628,0.2878070480754979,1.4857252605200861,-0.0004009329677026208,-0.5303749263783906,1642,1645,,0.008482370975983648,0.0059499680303539545,0.029699785150558145
89952,231,1,0.0030762416549344846,0.009279315377926312,0.001144213126899385,0.0017920520641930837,-0.00011377607882145924,0.4332936586635025,3.026137778294855,4.9016738996014264e-05,0.13158294288965935,1642,1645,,0.006077542156361778,0.0030762416549344846,0.015355328928938216
88885,231,1,0.0035362786542559557,0.005253773877613984,-0.004027742163821291,-4.486767180011952e-09,-0.001298059517495842,9.99263689038278e-07,1.6064814208526642e-06,-0.00011781962218208246,-0.2656889080277288,1642,1645,,0.00495017884517118,0.0035362786542559557,0.01765164379507748
76082,231,1,0.004921005070846728,0.0026025959873712348,-0.0025395112681037,-8.420518060603399e-09,-0.0002991883894667424,3.844960478024181e-06,7.768263351123971e-06,0.0009111358927439488,1.5076735129715726,1642,1645,,0.005735820132856413,0.004921005070846728,0.024563626658723504
92154,231,1,0.00979381099358566,0.010110977381524056,-0.003949251081396987,-9.50350909079134e-14,-0.0001694980901791876,5.230717429069524e-11,1.478058169048526e-10,-0.0010231974405850092,-0.8165957354113312,1642,1645,,0.008137455288707206,0.00979381099358566,0.048886663059492914
85269,231,1,0.0043806049413352395,0.00795319437399763,-0.006637127981070412,-3.1371794051437973e-11,-0.0027412780246460766,2.950373233386299e-08,7.7334283051306e-08,0.0010479622181596576,1.9351526394770122,1642,1645,,0.0054611650485436895,0.0043806049413352395,0.021866172208557286
78876,231,1,0.004932908122732613,0.006725994052638585,-0.003673991059251369,-5.5673909926667875e-11,-0.0030090699753146932,1.2217803038773738e-08,2.7198484074511207e-08,0.0011230712979882944,1.9010976997818239,1642,1645,,0.0045062595809913135,0.004932908122732613,0.02462304178193816
84381,231,1,0.0035596924331797045,0.008310808967139436,-0.013569730186188123,-5.444533712761768e-12,-0.003752821601954892,4.380799318783209e-10,1.4283186819464207e-09,0.0007237763558804843,1.6878839441328937,1642,1645,,0.009322304547777209,0.0035596924331797045,0.01776851571775849
90507,231,1,0.0033637639618947124,0.013612283739449584,-0.010998298738804424,-2.006375177110442e-08,-0.000387785937634888,7.620420934012322e-06,2.722571641148578e-05,0.0011420274240888798,2.965040264295024,1642,1645,,0.009456438426162493,0.0033637639618947124,0.016790521639075115
27334,231,1,0.0033297939420926267,0.012691065065082687,-0.014880719925782326,-3.3574654167978224e-10,-0.004498283161198824,2.0612355949045668e-08,8.871263337437434e-08,0.0006978909201712939,1.7385897304561102,1642,1645,,0.009127491057741442,0.0033297939420926267,0.016620957317966967
66800,231,1,0.004159901565160429,0.00528271725688585,-0.0031296591966125664,0.00048217883552226226,-0.0010360743370965153,0.24232469077594343,1.1730002251498408,0.00039893235676491325,0.9059228155529718,1642,1645,,0.0066460143076136945,0.004159901565160429,0.020764512028039517
35044,231,1,0.004582720849222108,0.006822037204603362,-0.002541835483975907,0.0001770980000380673,-0.00720733320486544,0.1328481209513205,0.6179070604125092,0.0007690263497401337,1.4374930754169641,1642,1645,,0.008801737353091466,0.004582720849222108,0.02287505141750875
80193,231,1,0.006793821463448579,0.006542873059015979,0.0010800955292636916,0.001663223875388531,-0.0031161575483817927,0.3983511225215402,2.7461009184328535,0.00011818068059720317,0.14593809558684612,1642,1645,,0.006195707715891671,0.006793821463448579,0.03391195327206994
83450,231,1,0.004236224441258643,0.01499640974809476,0.0005755235665553249,0.0029824166536657204,-0.011555028628452035,0.4173842900351662,3.795552057435896,0.0005040968921389392,0.9417803384967474,1642,1645,,0.009054036791006644,0.004236224441258643,0.021145484330852848
76478,231,1,0.0036165170461623067,0.0043993536706928614,0.002072248167528712,-7.24927340378656e-09,-0.011741638301394186,0.0001302799074157214,0.0003075427893813162,0.00043124173697520337,1.099963507651265,1642,1645,,0.005866760347470619,0.0036165170461623067,0.01805216073706568
90376,231,1,0.0019321252929101604,0.008684890975027112,-0.005999864915816611,-2.8106702965047248e-08,-0.0006532648517298956,1.394013283848635e-05,4.542530345573391e-05,0.00042937599384704043,1.897002900985761,1642,1645,,0.007661599386816556,0.0019321252929101604,0.009644372169841275
81061,231,1,0.0030565337444696675,0.008702437849930258,-0.003624729287081463,0.00015939143526944033,-0.0006490048452409969,0.13381153182102207,0.5899813908409196,0.0006585316518689817,1.7394998237750137,1642,1645,,0.006527848748083802,0.0030565337444696675,0.015256955172375916
91575,231,1,0.005834699947361646,0.0037142846870949517,-0.003353637447123914,-1.9200641077077307e-11,-0.0006339380514144288,7.689655708431468e-09,1.9580890917537498e-08,0.00034751797684334394,0.4901857752415072,1642,1645,,0.0053877107818088915,0.005834699947361646,0.02912441444568654
65294,231,1,0.002622995238203765,0.0060758515412235176,-0.0009777671610771144,0.00010941258927510411,-0.007909498457461916,0.17559529634389054,0.5133801522337178,0.0007918012119706202,2.4374890793077975,1642,1645,,0.004566939192641799,0.002622995238203765,0.013092909848955038
87268,231,1,0.0050264518718635,0.008385394456866745,-0.004865479981329468,-9.330902051019052e-09,-0.0018238387144249302,6.509660743097135e-05,0.00022682600518625408,0.0005152699389845227,0.8367928636843158,1642,1645,,0.007990546755237608,0.0050264518718635,0.02508997357672963
51423,231,1,0.004306994493333802,0.005445533553907823,-0.003999798329538784,-9.940820167031461e-09,-0.0035423053422789508,4.348401444734251e-05,0.0001201222740304711,0.0008341371156633781,1.6287687869296295,1642,1645,,0.004768140010219724,0.004306994493333802,0.0214987392275184
79225,231,1,0.0011045081815094443,0.007876362032996515,-0.002336225808861947,0.0005315319822599696,-0.012839816496900358,0.23607791732416925,1.2218516018362904,0.00019519380886046117,1.4701071144723667,1642,1645,,0.007632856412876853,0.0011045081815094443,0.005513249066300064
18622,231,1,0.001947877046236349,0.007861227565501526,-0.00884010992825357,-5.943046055278955e-11,-0.0024409012721064993,1.2220236420557571e-08,4.429060431620027e-08,0.00043370383912332515,1.911390605449645,1642,1645,,0.008044839039345938,0.001947877046236349,0.009722998422477553
88590,231,1,0.003007907152717626,0.01845207559271141,-0.005871416503743898,-4.444156154193024e-11,-1.849685118848754e-05,1.437705141066624e-08,6.267356102996995e-08,0.00036106703229799725,0.9437469049027037,1642,1645,,0.006416070516096066,0.003007907152717626,0.01501423129213456
85449,231,1,0.0030825950170160674,0.006848427468744846,0.0008021762690777479,8.747568178146814e-06,-8.573881187423638e-05,0.05210467663971433,0.12614287434751367,0.0006021064224662204,1.6151578257122128,1642,1645,,0.003698262646908533,0.0030825950170160674,0.015387042290731774
82196,231,1,0.008768506173072357,0.014156501242766127,-0.004045096098302503,0.0008899221221072562,-1.3361921453917414,0.158912894404785,1.435203835066114,-0.0004676100192017692,-0.41221837223578056,1642,1645,,0.013863694430250382,0.008768506173072357,0.04376876448798325
79244,231,1,0.005780579290216212,0.007973430287736215,-0.009590187378407888,4.409120504145214e-06,-0.0002548557381083505,0.02875909384609771,0.0875681814781824,0.0007301463877697606,1.0658015015551865,1642,1645,,0.00858456821665815,0.005780579290216212,0.028854266458129912
44601,231,1,0.003236520284464096,0.009290290354525976,-0.006697692400578381,-6.247002914960831e-12,-0.0004935151032428031,1.0359525046101852e-09,3.843567363061434e-09,0.0006732187690426678,1.7592351946858082,1642,1645,,0.005834823709759837,0.003236520284464096,0.01615537370850188
59185,231,1,0.0038167399559214457,0.005638467142536321,-0.004171535241119795,1.6935417143093545e-06,-0.015327328728353518,0.025560274050757857,0.05414088214480072,0.0007004995335992179,1.498484390888459,1642,1645,,0.0032287940725600405,0.0038167399559214457,0.019051590880510044
23182,231,1,0.003007227236504188,0.020777952563054352,-0.000514988834295238,0.0018176363451349875,0.0031570273871347476,0.3110913970231468,2.50692332589355,0.0008258872638634979,2.247826379033825,1642,1645,,0.006409683188553909,0.003007227236504188,0.015010837430964806
58683,231,1,0.0036248548105900706,-0.0021188027867991904,-0.003713948878800055,0.0004175094310738814,0.0004761565105687593,0.39108505487316453,1.3592490235702108,0.0011434753199268738,2.5551067692165548,1642,1645,,0.003806847215125192,0.0036248548105900706,0.018093779416506858
85942,231,1,0.0019380644837928894,0.008307975288385639,-0.0035282881914222575,-5.250420875846373e-08,-0.006501977468069686,1.3079411549491576e-05,3.8553252756097846e-05,0.0002838622786230979,1.2367312791989433,1642,1645,,0.006234031681144609,0.0019380644837928894,0.009674018159918083
56223,231,1,0.005301962479039612,0.005246465708020267,-0.0075634796100940704,-1.0815352835535919e-08,-0.0013121510377553935,3.352238534074523e-06,8.159852153708702e-06,0.0008439073708047536,1.3896927707665414,1642,1645,,0.005480327031170159,0.005301962479039612,0.02646520883817751
77309,231,1,0.0021423782871668527,0.014415601714895676,-0.004284298709757328,0.00011068565436156419,0.00011091702574339557,0.09426557358620427,0.4706788997832847,0.0005468802860873447,2.3045314448159804,1642,1645,,0.004985309146653041,0.0021423782871668527,0.01069386835617857
82800,231,1,0.004238690718757462,0.0008519120270038875,-0.0027680373395262414,-5.553554949244699e-09,-0.003361152511963894,2.2280885952994517e-06,2.7963101890001624e-06,0.0001489957348591558,0.2980197784948026,1642,1645,,0.0032032447623914152,0.004238690718757462,0.02115779497041644
91594,231,1,0.004322310367407681,0.009627460534721946,-0.010769132191081887,-1.926392378948094e-10,-7.490961145073527e-05,3.640332449967741e-08,1.4305089756931432e-07,0.0008511560024126324,1.6513134119249022,1642,1645,,0.004314639754726623,0.004322310367407681,0.02157518975079292
83671,231,1,0.005173684076682285,0.002727971343568826,-0.0028589300935593087,-2.7711166694643907e-13,-2.4892727425340766e-05,7.17282763319473e-11,1.2263204442341058e-10,0.0005084710542352243,0.8425038799059308,1642,1645,,0.0038228155339805826,0.005173684076682285,0.02582489598774984
67360,231,1,0.0024118152362571123,0.01065751924317474,-0.0005308919304796156,0.003097028725215445,-0.0004416879495001691,0.44139972205668815,4.044272663945188,0.0006976733739739743,2.4058481011293638,1642,1645,,0.004592488502810424,0.0024118152362571123,0.0120387864227596
75466,231,1,0.003554777371620868,0.01161109740730452,-0.007543022984176639,-4.516453877556614e-11,-0.00028041774041986933,3.5599021668255497e-09,1.2624129092928535e-08,0.00039988360755548224,0.983713567955679,1642,1645,,0.005841211037301993,0.003554777371620868,0.01774398175865913
91125,231,1,0.005112945784001512,0.002479366164117826,0.0005989423251313575,0.0006825042550586691,-0.006352625685835278,0.4091487057473635,1.7906510783166258,0.00018374558243962723,0.3010575052665397,1642,1645,,0.005592105263157895,0.005112945784001512,0.025521715494371062
91579,231,1,0.004644114509700858,0.004200931859034995,-0.00037176941958949605,0.0010146372616869348,0.0005547978094533335,0.3542373905317826,2.001344229530438,-7.749645264103897e-05,-0.13461604789213005,1642,1645,,0.004972534491568727,0.004644114509700858,0.023181503236497217
86810,231,1,0.00533566068981316,0.0028490288569733985,-0.003554010178992595,-1.3417224886680401e-08,-9.873614011679521e-05,2.6223869653079716e-05,2.8908375642046177e-05,0.001415309567867722,2.1586379512297675,1642,1645,,0.004295477772100154,0.00533566068981316,0.026633416400777314
39917,231,1,0.003308120699088933,0.008922827040912828,-0.0028843615696523273,-1.38084987888476e-08,-7.0721084981517635e-06,2.1928424192574347e-05,6.222899410836217e-05,0.0006078555859879222,1.5571867106998813,1642,1645,,0.006984542667347981,0.003308120699088933,0.016512773432365947
89783,231,1,0.0013930535781498331,0.01082716204103775,-0.0037638561056343445,0.0004003028140657783,-0.0021218840257519744,0.17501924616216227,0.9821333269444489,0.0002825313986409724,1.8068024085853218,1642,1645,,0.00814384261624936,0.0013930535781498331,0.006953548617941912
24440,231,1,0.0024905975236887657,0.004171025304094585,-0.005739750411068556,-3.803921044820413e-08,-0.0034874940086813133,1.1300986326386996e-05,1.8389993393040515e-05,0.0004557666056809935,1.51668750397464,1642,1645,,0.004742590700051098,0.0024905975236887657,0.01243203509207227
92902,231,1,0.006093428964252272,0.0024694641550522148,-0.0022285480301129645,-7.727307682614537e-11,-0.003084354214637708,4.077061836690887e-08,9.637880030499207e-08,0.0003143065203540544,0.42986581046332,1642,1645,,0.004186893203883495,0.006093428964252272,0.030415882933360013
90066,231,1,0.002145961961887589,0.007236647547885108,-0.003372791712600076,0.00012167473515467542,-0.004155010939398851,0.17851700794598663,0.5438031999730104,0.0005951697634031548,2.3514802604036236,1642,1645,,0.0054228410832907505,0.002145961961887589,0.010711756581579508
87356,231,1,0.004990703964248037,0.012057635096951963,-0.007867064935245471,0.002093076639555158,-0.0014061496284809571,0.28933379492228184,2.6113044647243737,0.0007428232784887264,1.158576965495034,1642,1645,,0.011701584057230454,0.004990703964248037,0.02491153477330331
89406,231,1,0.0036995449912214443,0.017240759725007198,-0.004420082564046801,-2.0936717248787318e-08,-0.0007812315798894076,1.7802992550480746e-05,6.77794573575665e-05,0.0005289213893981839,1.1633506539620697,1642,1645,,0.008785769034236075,0.0036995449912214443,0.018466601977282233
83443,231,1,0.002318274819352063,0.023835464024132023,0.004710246012101904,0.0009552976522436696,-0.0002269282791638183,0.14933468553697218,1.4717023865213987,0.0005182768933441526,1.905955042429275,1642,1645,,0.007006898313745529,0.002318274819352063,0.011571871261064466
71176,231,1,0.0024153950361280293,0.0018373386964882232,-0.009650883816141764,-4.660145802581894e-08,-2.726258928831271e-06,6.337440808083534e-06,1.4579397379153336e-05,0.00044618098716775185,1.568496118055604,1642,1645,,0.0032415687276443534,0.0024153950361280293,0.0120566553065092
88895,231,1,0.006074363498932672,0.012233635213738324,0.0007763581088182647,0.0026054894659154337,-0.0068597310914364495,0.3629758856648509,3.25766187998295,0.001075328866080287,1.5144121018703836,1642,1645,,0.007763796627491058,0.006074363498932672,0.03032071599785736
75065,231,1,0.0031128487996267525,0.011180412419820996,-0.005779035971283264,-5.8322795482013134e-09,-0.00029940266735439813,1.8286601384297566e-06,6.6203543516355545e-06,0.0008566556977448972,2.153826600867605,1642,1645,,0.00867399080224834,0.0031128487996267525,0.015538056689287389
19350,231,1,0.0030918341241103994,0.006801161642939208,-0.000751942653929305,0.0007091833599318642,-0.006218293806521613,0.2940923290786265,1.5267835234857754,0.0004374829904238829,1.2007626319461824,1642,1645,,0.005739013796627492,0.0030918341241103994,0.015433160100825004
75082,231,1,0.0011102584188040032,0.007707415382083939,-0.003465554266208759,-6.694771714776948e-08,-0.0012790366644233053,0.00020110672283947398,0.0005072818821950728,0.0002580414376486917,1.9360795604985146,1642,1645,,0.005183316300459888,0.0011102584188040032,0.005541951878036512
38295,231,1,0.004305684350700871,0.010403613132143502,-0.003229904849050058,-1.7360601844984558e-10,-0.00031683697842166403,2.3377188599455704e-08,6.82377151877313e-08,0.0008822608165755127,1.634052950183121,1642,1645,,0.010187787429739397,0.004305684350700871,0.02149219953612575
91390,231,1,0.003946829743687828,0.011192170988760797,-0.005338202644308954,0.00043115588192632615,-0.0007883316928065653,0.20882359394385736,1.0619714770287616,0.0008098730663468426,1.8187114208017692,1642,1645,,0.007386944302503832,0.003946829743687828,0.019700945419430724
77638,231,1,0.0016057204867537334,0.014380330242064747,-0.011316164872705148,-2.1369293667916622e-08,-0.001413422704376055,5.248631066370182e-06,3.430137524391268e-05,0.000298631321715628,1.744750511325431,1642,1645,,0.010091977516607053,0.0016057204867537334,0.008015094068597633
87137,231,1,0.004572641489565425,0.00801546854611568,-0.002268369282011129,0.0005499231865023768,-0.3157298535231434,0.1840676694132978,1.1641930610151099,-0.00021066972184675706,-0.3627859488911944,1642,1645,,0.008948645886561064,0.004572641489565425,0.02282473941335486
71159,231,1,0.0023124162936540016,0.00473897482826687,-0.0022423909819171417,-2.264924248152056e-09,-0.006551604443050918,1.021419853109557e-06,1.934548887901656e-06,0.00021489945145789028,0.7702817993442351,1642,1645,,0.00653104241185488,0.0023124162936540016,0.011542627918302992
84181,231,1,0.002653110666261789,0.006713092325831979,-0.0062757284054408835,-7.399110080186233e-08,-0.0014183136213659076,3.597507783281804e-05,8.12851995674494e-05,0.0006958561932712931,2.1993909047818905,1642,1645,,0.0050938937148696985,0.002653110666261789,0.013243233638675838
32803,231,1,0.005010792680200778,0.0070508944899267964,-0.0038775255275522724,0.00015764358673675538,-0.0033321047153256345,0.15409727063030643,0.5999570461417132,0.0007454376910608471,1.203428605057959,1642,1645,,0.006396908533469596,0.005010792680200778,0.025011809353721763
92913,231,1,0.005689895157652916,0.010163368352592402,-0.005373759188077809,-8.038489873740673e-10,-0.005840339144478346,1.1406877040165148e-07,3.469119031910485e-07,2.3479587319314297e-06,0.003416109455618159,1642,1645,,0.005327031170158406,0.005689895157652916,0.0284016086892218
82292,231,1,0.00255478974393567,0.005200918721742532,0.0008452884157580387,8.772164758585888e-06,-0.001225376623823049,0.04593011074588888,0.1256595209241537,0.0005772730042656916,1.790975153435156,1642,1645,,0.005678334184977005,0.00255478974393567,0.012752456166596423
38746,231,1,0.005865661241782572,0.0014392928671360197,-0.002216705218977877,-4.687361609967411e-13,-0.008135193651295891,3.2056190499812735e-10,5.632915236541281e-10,5.2363802559433786e-05,0.07084978949137584,1642,1645,,0.0036631323454266737,0.005865661241782572,0.029278960451243813
89436,231,1,0.0015297540786035726,0.0034518908305826383,-0.0020071982446168146,0.00045221814688034545,-0.00208314468360582,0.3731367061701181,1.3737706647925012,0.00041119142593948674,2.290360547220095,1642,1645,,0.004889499233520694,0.0015297540786035726,0.007635901106684329
76602,231,1,0.002591172262913064,0.00974058683537883,-0.00563410267836173,-6.311190015040324e-09,-0.001967386139631211,6.239360132689951e-06,2.0570749361692135e-05,0.000732743450219812,2.3917463726105024,1642,1645,,0.00617973939703628,0.002591172262913064,0.012934062688068845
76605,231,1,0.0023398364377326345,0.00457406797347187,-0.002241701646208627,0.002459062417031088,-0.015527310953694418,0.5187923245383148,4.177296858965184,0.000509980287966292,1.7506351473527693,1642,1645,,0.004285896780786919,0.0023398364377326345,0.01167949796260881
89438,231,1,0.0015476308393736226,0.0029184860107063517,-0.002088983207099382,0.0002827934847947633,-0.007997306749146782,0.237972258101223,0.893901003645382,0.000349942442077426,1.8874933752870946,1642,1645,,0.004180505876341338,0.0015476308393736226,0.0077251345195950925
75239,231,1,0.0013671238852861658,0.0016232614772123065,-0.0022812945815235963,4.413519171320157e-05,-0.0035878929385284586,0.18995073272326196,0.33210879648322,0.00032438729258297687,1.903235953940077,1642,1645,,0.003995273377618804,0.0013671238852861658,0.006824118291065842
61567,231,1,0.0037237424552931954,0.009926438772513457,-0.007672627051175551,-2.313260694108976e-12,-0.0003373258589955963,4.693306793260966e-10,1.5372616695357942e-09,0.0008044942108468565,1.8688976874363938,1642,1645,,0.008230071538068472,0.0037237424552931954,0.018587385732834045
17929,231,1,0.002429653080802645,0.004662329354990222,-0.009415047894103301,-5.42832445660224e-12,-0.00016868281587534284,1.208525286050218e-09,2.4527258594654774e-09,0.0006937787934184332,2.315539255512549,1642,1645,,0.005180122636688809,0.002429653080802645,0.01212782558193637
41080,231,1,0.003881238618088012,0.006055693030692749,-0.008759037487195087,-4.395817043700845e-12,-0.007692259492764197,3.562566137513474e-10,1.1483890018752541e-09,0.00048122486288850396,1.0609307277094335,1642,1645,,0.0057230454777721,0.003881238618088012,0.019373541586643752
77768,231,1,0.0022537839248241514,0.004462191259465543,-0.006475865186811758,-1.212994149568658e-10,-0.001968272238518809,2.5341223623210132e-08,5.960912201053082e-08,0.0003457611212662114,1.258401642316113,1642,1645,,0.004455160960654062,0.0022537839248241514,0.011249959327777599
24248,231,1,0.0021972246745969514,0.0033078779229197617,-0.004136813676001605,-1.2051575959404204e-08,-0.001840792705481542,3.907864606549592e-06,5.667937901801573e-06,0.0006194923834956691,2.3202050026118792,1642,1645,,0.0031521461420541646,0.0021972246745969514,0.01096763888984332
56274,231,1,0.0023387066606369595,0.0014207927320689787,-0.002841477866100117,-6.893818849107447e-12,-0.0010088380400836705,2.0536473905029837e-09,2.0656993442806663e-09,0.0006358232784884357,2.1781521608826813,1642,1645,,0.003631195707715892,0.0023387066606369595,0.011673858581550223
90520,231,1,0.004210929195770684,0.008443981399465002,-0.0038232457428788447,-2.215972716435033e-08,-0.0024284359376514075,9.198261433134231e-05,0.00027811334788581306,0.0007680371277313062,1.5169515254677641,1642,1645,,0.007240035769034236,0.004210929195770684,0.021019220903471317
89973,231,1,0.006459468388984339,0.017349706377267352,-0.0082678171393471,0.0009280007395077172,-0.0003454490316403547,0.202660116696684,1.5512597255986145,-0.00046638442769867387,-0.5793589212528755,1642,1645,,0.010676417986714358,0.006459468388984339,0.03224300069529017
77469,231,1,0.001236128150854333,0.0073885466798496715,-0.0015308325372414,0.00024483749167991675,-0.004150869799588897,0.17328862754645702,0.7665723062575641,0.000295659354052407,1.9680557370616854,1642,1645,,0.00625,0.001236128150854333,0.006170241640230533
69892,231,1,0.005191960193749065,0.005987646811647059,-0.002576100527490688,8.784319792676243e-06,-4.195880657142936e-06,0.06269237385061667,0.12843917490002768,-0.00033490920170627667,-0.5094367892514906,1642,1645,,0.0050204394481349005,0.005191960193749065,0.025916122822499325
82924,231,1,0.0028275047270459614,0.002920192905691421,0.001194410755176345,0.00019719771940152064,-0.0006187622864028963,0.2711090313329269,0.780146224458537,0.00027018037781840364,0.7662217791337859,1642,1645,,0.005470746039856924,0.0028275047270459614,0.014113736826323248
86115,231,1,0.004081676351525296,0.011116407202913497,-0.002730750901859924,0.0001342947973778097,-0.0004968140466605764,0.13162063596506443,0.5397759355797528,0.0004124929061652223,0.8304320427001778,1642,1645,,0.008166198262646909,0.004081676351525296,0.02037404404124233
80072,231,1,0.0030511045713246545,0.01060714744730004,-0.00029423446834409006,0.0001823636404467699,-0.004196755358519599,0.15573976754420776,0.6466229113592621,0.0002646667316735734,0.7159772804022336,1642,1645,,0.006633239652529381,0.0030511045713246545,0.015229854980386738
91301,231,1,0.0028197641262766642,0.01424582296560293,-0.02677688013980739,0.0008609777190323742,-0.01030306318753671,0.09976925844926297,1.3207014488884874,0.00025007985425315693,0.7151090780041696,1642,1645,,0.01070835462442514,0.0028197641262766642,0.014075098941445284
92517,231,1,0.006230162608541858,0.007367592583522976,-0.0026130384232538884,2.567838960632063e-05,-5.648087857412776e-07,0.09017483705006853,0.225714673783167,0.0011262416658292447,1.4730671722018376,1642,1645,,0.004649974450689831,0.006230162608541858,0.03109840086245416
89581,231,1,0.003795087212371387,0.0174706611843918,0.001796654803906006,4.303018247020507e-05,7.45244218111063e-05,0.07598556777724398,0.286931110794717,0.00023569165143205376,0.5096389307318244,1642,1645,,0.007779764946346448,0.003795087212371387,0.018943509319722458
77236,231,1,0.00585910389353392,0.005039814135534307,-0.0054925580708447,-1.270741289971511e-10,-0.0005045586844740768,4.0731329948321066e-08,7.891012782771519e-08,0.0007455795246796895,1.0451168874355337,1642,1645,,0.005410066428206439,0.00585910389353392,0.029246228874679227
91119,231,1,0.0041271271134218765,0.029379626181560495,-0.010195134348102153,-1.0684342299782656e-11,-0.000308908964482546,1.8776609886600286e-09,1.0356920337309013e-08,9.282937233475178e-05,0.18942794281496494,1642,1645,,0.008115099642309657,0.0041271271134218765,0.020600915489352833
38703,231,1,0.0031533806183013826,0.015947597263733574,8.555938830578924e-05,0.0005331449381266173,0.00011904592197431452,0.16043940571407508,1.1121922876342758,0.0005715347935333497,1.5718034172633821,1642,1645,,0.009117910066428207,0.0031533806183013826,0.015740374802638037
92597,231,1,0.0030264845656841712,0.0018499276152458488,-0.00398906551335676,-4.393085895060267e-11,-0.0006540736209892373,2.186663072516865e-08,3.3155496334954455e-08,0.0005752065813521119,1.5282653206107863,1642,1645,,0.0030978538579458357,0.0030264845656841712,0.015106962071685786
75275,231,1,0.0025284159441659815,0.0011532647410825306,-0.003592777004021608,0.0038862881954262463,-0.011327516395112092,0.5663618971838816,5.836821847979149,0.000581336682346842,1.9335235534619477,1642,1645,,0.004531808891159938,0.0025284159441659815,0.012620809041306408
92044,231,1,0.005351063423799796,0.003940157580660381,-0.00023083392960510096,0.0038736009479017897,-0.001949192576020442,0.5246693443747323,5.327995777699451,0.0010460097489564636,1.6075881243616261,1642,1645,,0.006106285130301482,0.005351063423799796,0.026710300492893538
86416,231,1,0.0015036991680012423,0.006741848330890461,-0.0037125337031131966,-1.7067449342711427e-07,-0.011793383726416806,0.0005436032293334673,0.0015279593601905074,0.0002809695059218353,1.5464000682305146,1642,1645,,0.006658788962698007,0.0015036991680012423,0.007505845744528009
66616,231,1,0.002569410243046039,0.007113474465169456,-0.005810108145224424,-5.2355297430750625e-08,-0.006078860477184422,1.065263998256032e-05,3.438570703342759e-05,0.0001967458839040816,0.6499715677917726,1642,1645,,0.007667986714358712,0.002569410243046039,0.012825435664999888
43449,231,1,0.0018903496733286282,0.006191970748009368,-0.0036316095769914902,0.001148204068250891,0.0009362629802390776,0.4184790611648806,2.361308545023183,0.0005882327047832159,2.536437859479133,1642,1645,,0.0037781042411854883,0.0018903496733286282,0.009435845515618371
89550,231,1,0.0016327311289492806,0.00569228947838094,-0.0028523539634244255,3.547086552602163e-05,-0.0026615814879447086,0.09941332912917952,0.2679673887233743,0.00037472026210158413,1.966435247502669,1642,1645,,0.0059210526315789476,0.0016327311289492806,0.008149920048484223
51925,231,1,0.006528550584885887,0.005080322495783745,-0.0049218107160995395,-4.040986434361571e-09,-0.021060473965246462,1.7780943434049642e-06,3.5070090238688456e-06,0.00143037842834524,1.9299058391010793,1642,1645,,0.004978921819110884,0.006528550584885887,0.03258783051043166
82649,231,1,0.004079212486915451,-0.00014068923158789396,-0.00011642849970616709,8.429124758901896e-05,-0.00256327505751619,0.20591151876857797,0.4677808505137398,0.00036865494215479027,0.8395354820447517,1642,1645,,0.0032926673479816045,0.004079212486915451,0.020361745445824815
75642,231,1,0.0013335438389484996,0.007955961278783017,0.000964047967176862,0.0020538937760667952,-0.0022071212330523338,0.45485548091179034,3.3694462020750082,0.0002792169408897014,1.7224504183186096,1642,1645,,0.005339805825242718,0.0013335438389484996,0.006656500556569352
89238,231,1,0.005164589366399928,0.008259810020250903,-0.007570457314029833,-2.939973375859495e-09,-4.3151842412880725e-05,2.806812417296034e-07,1.0836895270892518e-06,0.00027270566728241973,0.44367025871864396,1642,1645,,0.009731093510475217,0.005164589366399928,0.025779498946956577
11628,231,1,0.006072143733321535,0.01105768377949368,-0.023292450930253894,-3.0791391658624434e-10,-0.006093429079493173,1.425581894608528e-07,8.462054704712301e-07,0.0003999061542864225,0.6574313908722427,1642,1645,,0.008747445068983138,0.006072143733321535,0.030309635843913836
64805,231,1,0.003411170225646134,0.011729769962932771,-0.0060247743767722906,-1.3251000297032078e-10,-0.003995666077275084,4.006728766352524e-08,1.2485915508067436e-07,0.0001854753199288506,0.4365705788334836,1642,1645,,0.008958226877874297,0.003411170225646134,0.017027154145506273
85517,231,1,0.002905240945009946,0.00034567476728946604,-0.002483197777425783,-5.936708902254395e-10,-0.00018112611735410233,4.466866003968468e-07,3.7264644250428356e-07,0.0006470158440448815,1.8322172492442965,1642,1645,,0.0026411599386816555,0.002905240945009946,0.01450176394851435
83188,231,1,0.004605802969340292,0.004705485731348509,-0.0010635880441349777,-2.6528934604641563e-09,-0.00017660499356986215,4.943805090598652e-05,0.00010116572153726747,-0.0005133259985393218,-0.8908126184376236,1642,1645,,0.003966530403679101,0.004605802969340292,0.022990267836291534
75341,231,1,0.0032737920342680565,0.014999327756128125,-0.01355405126673137,-2.004498744767602e-08,-0.00035423830624115027,3.950040115842141e-06,1.8870177576718528e-05,0.0007754460703031779,2.0604141670109417,1642,1645,,0.009261624936126724,0.0032737920342680565,0.016341418903319024
89183,231,1,0.0009601575305925567,0.0140426367489467,0.0011650586604853297,0.0013493000554785084,-0.00142287495722071,0.3198503756963826,2.18772623879664,9.880373062474268e-05,0.8523788306339306,1642,1645,,0.010254854368932038,0.0009601575305925567,0.004792710183283622
91991,231,1,0.0031641419532008803,0.003352342216140085,-0.000475544739357181,0.00034373959858391423,-0.005594086153063227,0.26377537176984545,1.0134976851394109,0.0004272596644848305,1.136694964883853,1642,1645,,0.0048352069494123654,0.0031641419532008803,0.01579409094578667
52695,231,1,0.0028701902970903197,0.002778287092833543,-0.0036162382709663543,-6.314980538491e-09,-0.004478770045469371,5.255767368132595e-06,8.020408941556576e-06,0.0003314424125906751,0.9402829473782665,1642,1645,,0.004301865099642309,0.0028701902970903197,0.014326805577765115
89068,231,1,0.003899048309005315,0.010738196137943579,-0.0005741782944395091,0.0024450683663869155,-0.005568901847281316,0.34028217687433476,3.0369405054488636,-0.00029655784670407873,-0.6008195626913065,1642,1645,,0.010829713847726111,0.003899048309005315,0.019462440214526006
10629,231,1,0.0035042542298619464,0.010363149025745998,0.001323828310891284,0.00010019284544593443,0.00014502137518079827,0.11288945269846622,0.4561944450881142,0.0005065906181628725,1.2487601117319125,1642,1645,,0.005550587634133878,0.0035042542298619464,0.017491791083395637
81774,231,1,0.006368969790560041,0.019835092972262026,-0.013889071464371128,0.002784470512702586,-0.003933029036365054,0.24363878922176635,2.8332194859975264,-0.0003233266301035961,-0.4049581293317372,1642,1645,,0.012231732243229433,0.006368969790560041,0.031791269036243186
85763,231,1,0.0026909019047509104,0.01238013633711105,-0.01114495177766961,-3.6672789249792004e-09,-0.0003923671720333921,5.683775101674934e-07,1.782169564260949e-06,0.0007830871419867186,2.3574277923151956,1642,1645,,0.007447623914154318,0.0026909019047509104,0.013431871906642067
22592,231,1,0.0022718165679390763,0.008639657387777546,-0.0015893978758414473,-5.112710121935038e-08,-0.0011526441025384582,0.0002832321146417679,0.0008618904787017918,0.0006952675300284193,2.550230038633956,1642,1645,,0.006061573837506388,0.0022718165679390763,0.011339970841029058
78927,231,1,0.003366382708629115,0.009026114171918691,-0.01052656059518875,-2.0310420012492614e-12,-0.014909708996817983,3.252936732675018e-10,1.1836158844173558e-09,1.697684338802157e-05,0.04660739459110374,1642,1645,,0.006907894736842105,0.003366382708629115,0.01680359334214624
75075,231,1,0.001330907416301017,0.0015961739110142688,0.0003717537699641227,0.000500284369969517,-3.481453278753044e-05,0.41486894930252927,1.5480218349758956,0.00013281408687117833,0.8643328376927499,1642,1645,,0.0025677056719468575,0.001330907416301017,0.006643340622634103
85627,231,1,0.0047415215068632435,0.009816819563761178,-0.00196613704097115,-3.5692826472200068e-09,-9.979451389630078e-05,2.4800956090586645e-06,6.158054911939751e-06,0.0004982346135790376,0.8913304620154074,1642,1645,,0.006604496678589678,0.0047415215068632435,0.0236677187712909
76185,231,1,0.0035729984919713486,0.006533382518716495,-0.008155055460758787,-9.355646257702688e-09,-0.0007263613546479863,2.6944257326567706e-05,5.7479074006891256e-05,0.0014515082266917546,3.2756175251563997,1642,1645,,0.00535577414409811,0.0035729984919713486,0.01783493407249527
12008,231,1,0.005535737194333996,0.008876355518420078,-0.0059575147421866426,-1.8706147741909263e-11,-0.000110937678815759,3.7197208025340975e-09,8.313527234927111e-09,0.001477967093235587,2.1888617548849694,1642,1645,,0.0053493868165559524,0.005535737194333996,0.027632115749686256
79859,231,1,0.0027835516759831852,0.014597252932236631,-0.0042904544591277904,-3.866862385848435e-11,-0.001401890822984031,1.3917030838270531e-08,5.735052520581171e-08,0.00011266422913001008,0.33300429109095936,1642,1645,,0.008856029637199796,0.0027835516759831852,0.013894341332664047
50550,231,1,0.00564917689081079,0.0019068226116986905,-0.0006294152984656076,0.0002448183349232913,-0.10929915942339963,0.30676127874163023,0.914029444988757,0.0005797074954296165,0.820325813946889,1642,1645,,0.004435998978027594,0.00564917689081079,0.028198359903556926
85951,231,1,0.0062093244204503946,0.006617179959243232,-0.003637999664878322,-1.8163275328220152e-09,-0.0019957091086875156,1.4002185905112694e-05,3.930565577341174e-05,0.0010056032906786523,1.314716356199376,1642,1645,,0.00423160449667859,0.0062093244204503946,0.030994385226389205
76083,231,1,0.0028383973775652615,0.00452825931968541,-0.004218199569227865,-5.605544428632925e-08,-0.010040262936507727,0.00039070412392383123,0.0011308848850593702,-0.00012775619921985424,-0.38425681994332334,1642,1645,,0.005528231987736331,0.0028383973775652615,0.014168108442858486
91416,231,1,0.003892839038312296,0.0025096248267073174,-0.004805489769850402,9.563195072392894e-05,-0.01013705891963923,0.14948340382667685,0.46554361750288187,0.0010145661182205973,2.125888126490951,1642,1645,,0.005100281042411855,0.003892839038312296,0.019431446097484782
49322,231,1,0.009904852799457011,0.011888010808746081,-0.005336696679301367,3.780089631322259e-05,-0.003038327249808015,0.05761011549977543,0.2651203121099294,0.001356328458257016,1.0597057794975,1642,1645,,0.011385411343893714,0.009904852799457011,0.049440937932951845
87033,231,1,0.0028692146377064564,0.0057597803113767785,4.417523905531073e-05,-1.0392326776909044e-08,-0.01173359435413035,4.845810964107262e-05,0.00012979694792558747,0.0002496032920108171,0.720884142809539,1642,1645,,0.006265968318855391,0.0028692146377064564,0.014321935488727148
90783,231,1,0.008433985312114122,0.006619854006542313,-0.0063702192526060575,-7.525460032908882e-09,-0.0019023243213003305,6.977317582965918e-06,2.385927655945176e-05,0.0012504497277222384,1.2592487684923268,1642,1645,,0.0074635922330097085,0.008433985312114122,0.04209897439026263
49015,231,1,0.004464564008206216,0.005315331617750099,-0.00669096225257193,-2.321983938458061e-09,-0.00438972864376419,5.110677990347468e-07,1.3378392914254056e-06,0.0008189646556976358,1.5417515906479886,1642,1645,,0.007521078180889116,0.004464564008206216,0.022285261224630707
62367,231,1,0.003255322195619129,0.015779593266182022,0.005569594812057543,0.0017062061608916768,-0.015622271589398329,0.22851633966997678,2.167355788716883,0.00020795062545913068,0.5170625118556887,1642,1645,,0.011771844660194175,0.003255322195619129,0.016249225090370755
51131,231,1,0.004273290655860277,-5.9626287929871746e-05,-0.001276460211353081,3.779039807405571e-05,-0.008291025997817059,0.1381374101254864,0.28857770162604507,0.00031729920780012205,0.593913721488141,1642,1645,,0.0029253960143076135,0.004273290655860277,0.02133050357875417
46922,231,1,0.006416535756276636,0.0065526247822142395,-0.002981549159804864,-2.5010749027387646e-10,-0.01649621138999069,4.991401204523739e-07,1.0091774662637404e-06,0.0012203759902499446,1.520772582857072,1642,1645,,0.00419647419519673,0.006416535756276636,0.0320286987089834
85917,231,1,0.001375052098044413,0.008321015305225006,-0.006477516226744751,-1.5115130436171853e-07,-0.001620113368595133,0.0001351804176336984,0.0003890926711805879,0.000394039612920768,2.3928292916856364,1642,1645,,0.008006515074093,0.001375052098044413,0.006863692657574472
78916,231,1,0.003367104762197026,0.006008254634739734,-0.007921448456231328,6.531040763224638e-05,-0.009873378288601575,0.1334498549791071,0.37785582377578464,0.0010981285801340643,2.582144912985643,1642,1645,,0.006716274910577414,0.003367104762197026,0.016807197535601524
40125,231,1,0.0043870140956494535,0.019986782396842314,-0.01594738238859983,-1.1726175586090903e-11,-0.10310207439690733,4.465057980412157e-09,2.5361043886230957e-08,0.0011204046313223557,1.9979157973766442,1642,1645,,0.008750638732754216,0.0043870140956494535,0.02189816406215345
32707,231,1,0.004831986439421174,0.007263076509893831,0.0004522184086268588,0.0018874625551809077,-0.015209705897247794,0.3905386734844399,2.886628566308459,0.0004648552722271645,0.775695046486731,1642,1645,,0.007016479305058763,0.004831986439421174,0.02411928238422521
75240,231,1,0.0013889111165719347,0.0032414694975263177,-0.0032542945811324664,-7.518331068823159e-09,-0.00028146325740219247,8.613726728659435e-06,1.1528901922499517e-05,0.0002587135892747667,1.5118836868271601,1642,1645,,0.0044966785896780785,0.0013889111165719347,0.0069328711591336665
91135,231,1,0.007022488934792955,0.011731638240088799,-0.014911486887056347,-2.1454686915944876e-09,-0.0002932477655954724,2.1898628250655613e-07,1.2572814142332853e-06,-0.0009663607554315035,-1.0635736458049128,1642,1645,,0.014323582013285643,0.007022488934792955,0.03505336692928675
50876,231,1,0.0025082817028265064,0.008550327355200869,-0.002859761786499826,0.0011455582392385644,0.00047298514630023103,0.3455470307355578,2.093319350692394,0.0007455350380831388,2.3544121366953337,1642,1645,,0.006147802759325498,0.0025082817028265064,0.012520307216943442
90753,231,1,0.0019017769279351159,0.01040461000599649,-0.006653144961661361,-3.414299976078894e-08,-0.0012714397201791794,1.9797893589223884e-05,6.093422207999428e-05,0.00051976050964933,2.34390239729224,1642,1645,,0.007533852835973429,0.0019017769279351159,0.009492885655152234
89788,231,1,0.001691385387089157,0.00784116219072113,0.001532613400918592,0.001872547901561994,-0.008526951353437173,0.2950339043920653,2.4858475634926354,0.000285232197321512,1.4196677513894111,1642,1645,,0.006914282064384262,0.001691385387089157,0.008442697901412633
77895,231,1,0.004609699728966053,0.004190044176117082,-0.0014304360673169647,-7.69131425215619e-11,-0.006391970753029996,9.48524893099273e-08,1.512202817039566e-07,0.0002327160268128083,0.4086835896383751,1642,1645,,0.0035449667858967805,0.004609699728966053,0.023009718852343732
80717,231,1,0.0028479234320330457,0.004863241320224944,-0.001104368067237349,-2.2962507451040892e-09,-0.0004983082418743567,2.4930562476806715e-06,3.1895330751072474e-06,-9.038025572538253e-05,-0.2533053605590192,1642,1645,,0.004675523760858457,0.0028479234320330457,0.014215658575831028
77516,231,1,0.0063114256770497945,0.004217969530897251,-0.0035057978730577144,-7.12489178766873e-10,-0.00012448998247105436,1.8193200512832365e-07,4.209681205615197e-07,0.00012095307744875086,0.15456235849372182,1642,1645,,0.005301481859989781,0.0063114256770497945,0.03150403256720421
56936,231,1,0.001536406455448599,0.024513517789678276,-0.01989391801684781,-2.5300428418972842e-11,-0.0027907117262024883,2.3082347109968867e-09,1.1838409077693794e-08,0.0002933546617918693,1.6031845695213158,1642,1645,,0.011404573326520184,0.001536406455448599,0.00766910702678842
91453,231,1,0.007754894509835876,0.009102404894770405,-0.004059221760146503,0.00013337191230888834,-0.0011247038062416337,0.11752220347597638,0.5299648764017825,-9.506916259910285e-05,-0.10093535477260003,1642,1645,,0.00837378640776699,0.007754894509835876,0.0387092333324129
89269,231,1,0.0047197837390946795,0.004637699027287572,-0.005834577639262539,3.1108866183071626e-07,-0.00029365371322875866,0.012132140280112268,0.02293159990172676,0.001392282495865407,2.373077504280315,1642,1645,,0.005100281042411855,0.0047197837390946795,0.02355921280468982
78763,231,1,0.003932217748861009,2.5077031261749493e-05,-0.003493391985966543,-4.685564602979753e-09,-8.8892250491579e-06,1.5650604745689588e-06,2.1152589930537604e-06,0.000545379646556592,1.164236921510379,1642,1645,,0.002752938170669392,0.003932217748861009,0.01962800837090144
64186,231,1,0.003211448448726074,0.0035083745024013435,-0.002711204689453073,-2.711756219575534e-08,-0.002152752756142906,0.00012815873345054527,0.0002463222243681471,0.0010489171237013668,2.7116915858600072,1642,1645,,0.004656361778231988,0.003211448448726074,0.016030225450401902
20204,231,1,0.0033651669969526187,0.002606702643569911,-0.004008800226472431,-3.283035621137742e-09,-0.004693763131657924,3.119351779631678e-06,6.687891945226753e-06,0.0006087276007506489,1.5477093308537226,1642,1645,,0.004761752682677567,0.0033651669969526187,0.01679752501112114
89653,231,1,0.0032880788273010842,0.013929607911116044,-0.0038997808306957538,-2.4545721011293153e-10,-0.002095306404571451,4.6302770627274035e-08,1.835213642046524e-07,0.0005730444850898595,1.492507240771518,1642,1645,,0.008412110373019928,0.0032880788273010842,0.016412732678688362
89011,231,1,0.001710933783633831,0.00039841560138266036,-0.001662326616473253,0.00016899843175832707,-0.0036100600898925084,0.24934504456117132,0.7010553506116627,0.00035437169585334773,1.7566438918516472,1642,1645,,0.004966147164026572,0.001710933783633831,0.008540275430309068
51625,231,1,0.0030214211439886264,0.012364961407674843,-0.010555758724773101,-3.305578033518941e-12,-0.00019087159571107293,5.357577601742094e-10,1.966913145449168e-09,0.0010240975015234186,2.8307897979743184,1642,1645,,0.008836867654573326,0.0030214211439886264,0.015081687560004851
83604,231,1,0.003105095740165328,0.0007083365889636262,-0.0003233719646955624,0.00018670229075834488,-0.001132872611466773,0.3094007917838061,0.8011509175699578,0.0005093241925655087,1.3182216028845464,1642,1645,,0.003519417475728155,0.003105095740165328,0.015499356615759411
92570,231,1,0.005051823596234568,0.0052565927966586505,-0.0036201588026887332,-1.0560163854478333e-09,-0.006596970436669514,1.9624267728500164e-07,5.343442010396922e-07,0.0004885033516498869,0.8144406690600651,1642,1645,,0.006374552887072049,0.005051823596234568,0.0252166187551366
67467,231,1,0.004353425652401829,0.019237536972024696,-0.011548547275341825,0.00029206546854021465,0.00010140096819477584,0.12787217392828146,0.7944911849911326,0.0005614692260816574,1.0258461466959834,1642,1645,,0.004592488502810424,0.004353425652401829,0.021730504413747437
89335,231,1,0.002460523121912404,0.00719595978981053,-0.004869383038718533,-4.739892878191654e-08,-0.16839553900393645,3.493359975183198e-05,9.902429112368728e-05,0.0004034978671542131,1.3058370692398236,1642,1645,,0.0049182422074603984,0.002460523121912404,0.012281916088620014
85653,231,1,0.003709130053928157,0.011192394958462144,0.0008253401406235206,0.003204021647383759,-0.004924504401935259,0.3469885102611844,3.511163465647536,0.0004108330947460814,0.9406760918416363,1642,1645,,0.008792156361778231,0.003709130053928157,0.01851444665503373
76127,231,1,0.006965625974062666,0.0076498447029229935,-0.0009389975501177261,0.00032927207698218997,-0.002923254285446042,0.20926464426411262,0.9287739675465475,-0.00028591529555150046,-0.33715088343344235,1642,1645,,0.0048639499233520695,0.006965625974062666,0.03476953049384732
76246,231,1,0.002203688545858821,0.0070211699391145785,0.00021452946969069409,-4.622074722959724e-09,-0.010027556870068732,6.13059307544105e-06,2.644104329273431e-05,0.00012216392418574006,0.47766905468261434,1642,1645,,0.007808507920286153,0.002203688545858821,0.010999903867863205
91355,231,1,0.007476715928327457,0.02096303031325591,-0.0034628764223432196,0.0014187814598705106,-0.003059696204584794,0.17501337230621997,1.8564978294890635,0.0005425971968312004,0.5883672785873596,1642,1645,,0.006051992846193153,0.007476715928327457,0.03732068064403894
92157,231,1,0.003083524786722334,0.006600062641573135,-0.005158629007323556,-1.0978484787926845e-09,-0.0011447784249061232,1.9401215325329235e-06,4.485468650579134e-06,0.0006694777568581388,1.8457336962203899,1642,1645,,0.0062052887072049055,0.003083524786722334,0.015391683317435569
87204,231,1,0.005716009154311177,0.008713607302790851,-0.008603958442603865,-6.066702695761705e-12,-0.004365605072129908,2.6657081280905508e-09,1.3864088672838278e-08,0.0004967452772699483,0.7010013751902205,1642,1645,,0.007814895247828309,0.005716009154311177,0.028531958984587436
34497,231,1,0.003237136388973834,0.007112121193113759,0.004976699189018108,0.0016821055242702831,-0.006272333720846346,0.40306651143162364,2.785525466128537,0.0003080469018709301,0.799727067228894,1642,1645,,0.004132600919775166,0.003237136388973834,0.01615844904797869
90562,231,1,0.0040083012314002095,0.013421835082199973,-0.0054910181496337085,-1.9123619354743937e-08,-0.0012096866418556118,3.3131647951790684e-05,0.00014035147823643698,0.0006924857533625112,1.3432946325855535,1642,1645,,0.008699540112416965,0.0040083012314002095,0.020007785719854027
92648,231,1,0.004416549603406631,0.00036782823958180633,-0.008361421237905953,-1.832123341927172e-10,-0.0009290961320789215,1.117741999170517e-07,2.5512415138227306e-07,0.0006854637416591875,1.2610933564087738,1642,1645,,0.006112672457843638,0.004416549603406631,0.022045593129036794
89398,231,1,0.005127316099255846,-0.0005549360896038246,-0.0033180157791885545,-7.357523479356587e-10,-0.008144255721693083,2.7536561979701803e-07,3.169299850597639e-07,-0.00010351736745714852,-0.16075183038849192,1642,1645,,0.0031585334695963213,0.005127316099255846,0.02559344617820368
11691,231,1,0.004244221720345647,0.005250615145254938,-0.0020810738083965052,0.00023668144885646836,-0.002180825610462067,0.28356239399557065,0.8707942256368507,0.0005334921668892098,1.0039845983141416,1642,1645,,0.0043593510475217175,0.004244221720345647,0.02118540344797438
89002,231,1,0.003430314550852669,0.0053042845806240396,7.655946204421227e-05,0.0011689595417703202,0.003489437896419312,0.31583679254737923,2.0239932354024512,0.0009231926608784745,2.3375195193244203,1642,1645,,0.004605263157894736,0.003430314550852669,0.017122714717022935
92729,231,1,0.004044137479837367,0.005427458003684874,-0.002222482883405652,-5.192911434193093e-09,-0.0021039409283780675,3.4104745860654567e-06,5.7105381975040915e-06,0.0011699128580993567,2.4497661768253156,1642,1645,,0.005790112416964742,0.004044137479837367,0.020186665484208374
75263,231,1,0.0017155376306136922,0.011967512392372549,-0.005887589273760652,1.0072057039511861e-06,-0.007944191846198878,0.009557060058246516,0.04123786334714709,0.00038359872972942876,1.8904906231762235,1642,1645,,0.0072528104241185495,0.0017155376306136922,0.008563255934653019
75887,231,1,0.003527268532182315,0.0022459717537823593,-0.001152892228310387,0.00036209697337385993,-0.00021826450521933438,0.25790621576930184,1.0379915756622935,3.229816713315788e-05,0.07648720185689971,1642,1645,,0.004167731221257026,0.003527268532182315,0.017606668983716774
42585,231,1,0.0022425265923587028,0.004487639463164155,-0.002649676192901129,-7.412093161462963e-11,-0.005274078040329089,8.188406436151346e-08,1.3735778940468207e-07,0.0005126057282147243,1.833803091501618,1642,1645,,0.0037685232498722537,0.0022425265923587028,0.011193767369453357
89282,231,1,0.0013860683587141249,0.004692690070628365,-0.0037496996184707143,6.923836690286844e-05,-0.00214683301847729,0.1162405937866759,0.3812710507519421,0.0003073873467501561,1.8291899517633228,1642,1645,,0.005394098109351047,0.0013860683587141249,0.006918681284972781
85419,231,1,0.004951040364751879,0.0037526971249179733,-0.004885005268257636,2.3030793770972835e-06,-0.0038066070744533498,0.019805151329301995,0.06261970741258947,0.0007569536867763563,1.323786295046059,1642,1645,,0.006808891159938681,0.004951040364751879,0.024713550451820557
91635,231,1,0.003234033230616872,0.019501838905794617,-0.026060583818767302,-2.807750743016868e-08,-0.0021408119833523642,1.6894284572884508e-06,8.990229808196917e-06,0.0008209597807968129,2.226262040942096,1642,1645,,0.011347087378640777,0.003234033230616872,0.016142959361980416
59619,231,1,0.0028677462994219256,0.005012877926139842,-0.005064082205595843,-6.139533326177116e-13,-0.0007352020596007591,1.0855146919992872e-10,2.2787645396056667e-10,0.0006437081048141333,1.8350861751951335,1642,1645,,0.004643587123147675,0.0028677462994219256,0.014314606149921222
42550,231,1,0.0036815450721841836,0.009935130447673173,-0.011636046224200669,-6.720402012660998e-11,-0.0021064721489612026,2.226423712124552e-08,6.479988503777043e-08,0.001042842778806522,2.468355666570896,1642,1645,,0.007524271844660194,0.0036815450721841836,0.01837675380912287
81132,231,1,0.005045720308863521,0.001884501401126721,-0.00566848393364161,-1.8806378676572422e-10,-0.016696365186256834,7.123759114202534e-08,1.297355143810491e-07,0.0007160822669104404,1.1406245956344747,1642,1645,,0.005234414920797139,0.005045720308863521,0.02518615366310459
36003,231,1,0.0028569514144345513,0.010912633055681973,-0.004245511874500396,1.409298024390715e-06,-0.0028422723474959,0.011908009916877575,0.048640007618211675,0.0008385313833027201,2.4317218046768296,1642,1645,,0.008670797138477262,0.0028569514144345513,0.014260722538578368
80828,231,1,0.0041197532354749185,0.008065868552300022,0.0026720545963551112,0.0014689199393078667,0.00188554434642485,0.44427109480757626,2.796249832562288,0.0006649686057980545,1.3713364344474102,1642,1645,,0.004921435871231477,0.0041197532354749185,0.020564108133475655
92530,231,1,0.003730936253171177,0.0017707957862810283,-0.0016435090608908354,-3.8344949437885134e-10,-0.0022303127007441415,1.220999799064087e-06,2.0487279410954873e-06,0.00017647227326668134,0.37969097791114415,1642,1645,,0.00437212570260603,0.003730936253171177,0.018623294203317018
62359,231,1,0.003759399083393613,0.008144929531459583,-0.010709192433963066,-3.028478845479299e-08,-0.012182862912590409,1.9003530378352857e-06,5.984964873063286e-06,-0.00014005850091536567,-0.30267411146793527,1642,1645,,0.008709121103730198,0.003759399083393613,0.018765368906587795
29612,231,1,0.003313182213383414,0.004011897179525462,-0.00510491100239685,-1.7092331994206234e-09,-0.0042869159505856125,5.459626108419643e-07,1.1903516268592537e-06,0.0005643936622663332,1.427441045441905,1642,1645,,0.005624041900868676,0.003313182213383414,0.016538038423087858
54594,231,1,0.004657882933133843,0.002640069101217424,0.0006595652392277218,0.00045142903761030695,-0.0068164565711406055,0.30639295759872776,1.2422696200053793,0.0004223266305010958,0.7620143668250782,1642,1645,,0.00437212570260603,0.004657882933133843,0.02325022952472859
91875,231,1,0.0021116406087915325,0.009937257403791781,-0.0075072839968668426,-2.9159363812425454e-10,-0.00014060066966647966,5.0966984498903786e-08,1.3489593169270916e-07,0.0005345265082252767,2.119932989645358,1642,1645,,0.005930633622892182,0.0021116406087915325,0.0105404385496457
90114,231,1,0.0020052058380546265,0.007451542662184953,-0.003733843354976729,7.46508107012378e-05,-0.015457921237293615,0.11680084755940592,0.3959765851213792,0.00038416572760117533,1.606867084558113,1642,1645,,0.007501916198262647,0.0020052058380546265,0.010009160094482812
89361,231,1,0.001426608402994831,0.004760755555351758,-0.0006612612369587545,8.17090184770386e-05,-0.008381952753926614,0.12219335507888499,0.416844750578048,0.0003786635891665816,2.248908447057976,1642,1645,,0.006879151762902402,0.001426608402994831,0.007121040457154663
25785,231,1,0.0035646355937418986,0.008786402272262383,-0.0032310535211872438,-1.1162751833992957e-08,-0.000503387632218244,2.9381532981565765e-06,7.705745641331758e-06,2.2118218963697008e-05,0.053620584581570915,1642,1645,,0.00716338783852836,0.0035646355937418986,0.017793189935487546
89648,231,1,0.006782405345077961,0.005911336164795257,-0.002321315481511377,-7.404980406633399e-09,-0.00027749006307109525,4.278514563348665e-06,7.726782912684522e-06,-0.0005447093235825886,-0.6299416169693355,1642,1645,,0.0048352069494123654,0.006782405345077961,0.03385496872003017
79356,231,1,0.001482013728503017,-0.00011133653196950018,-0.0018127519679453918,-6.10481678542385e-08,-0.004946756089354354,9.082934680415978e-05,0.00012600606656264,0.00035506946067344114,2.063566951834423,1642,1645,,0.0044232243229432805,0.001482013728503017,0.0073976009790591764
61778,231,1,0.0031727830696533293,0.0023626273381250735,0.0006417352399907816,0.000947313872430966,-0.0012526270014185936,0.5174774396834938,2.583778082540346,0.0002717205553833508,0.7081527417886602,1642,1645,,0.0028168114460909556,0.0031727830696533293,0.01583722383335673
51086,231,1,0.005707539272554376,0.0015647535411234792,-0.002528495569172673,9.401665564823247e-05,-0.003393363223846979,0.21509243827776584,0.5005326626648571,0.0008824462028208292,1.3245290643996617,1642,1645,,0.003956949412365867,0.005707539272554376,0.02848968082995798
77928,231,1,0.0031822374541056507,0.0020065680868161058,-0.0026421592382499526,-4.604414627351616e-10,-0.001826415379277746,4.7489154347791444e-07,5.724073515749338e-07,0.0003871541742982954,0.9856606451175944,1642,1645,,0.003110628513030148,0.0031822374541056507,0.015884416219186744
91037,231,1,0.005219787926314008,0.010920645847454297,-0.0013978761451738375,-1.1018618906177835e-08,-0.0007529971255373358,4.642100493007159e-06,1.5329206329066183e-05,0.0003436819012844638,0.5290402603903542,1642,1645,,0.006626852324987225,0.005219787926314008,0.026055027380337232
78841,231,1,0.007974989816431249,0.0029557238685783953,0.000597968230859891,1.0563544050712359e-05,-0.0001901678614133484,0.07801448555055233,0.14206321216666062,-0.00040422867718608663,-0.39771019422144127,1642,1645,,0.004943791517629024,0.007974989816431249,0.039807858280510304
93150,231,1,0.003415089683478495,0.01653637201692857,-0.004909265867635959,-3.2499247737405312e-09,-0.008188426858840803,1.9626640330027843e-06,7.740658375026769e-06,0.00020943266198591493,0.5034359129065026,1642,1645,,0.007485947879407256,0.003415089683478495,0.017046718461639392
77369,231,1,0.004135447283040937,0.007963004252986485,-0.0010626310139911777,1.999227048743446e-05,-0.025602294535885584,0.048839947280074306,0.19021622855531317,-6.82699573430543e-05,-0.13087549579921745,1642,1645,,0.006693919264179868,0.004135447283040937,0.020642446342769467
70033,231,1,0.0040017739557386455,0.002878111181161265,-0.003434473662957238,-4.6331050107539795e-10,-4.857604622365841e-05,1.713714212481232e-07,3.2949313615633493e-07,0.0005199494211893251,1.128724275472918,1642,1645,,0.004087889626980071,0.0040017739557386455,0.019975204253234725
89745,231,1,0.0016439650981996147,0.015588541427565794,-0.0291474015523554,-6.655007656064527e-10,-0.003535498681066729,2.920841517899098e-08,1.510343620023312e-07,0.0003485076173074542,1.8044386332271316,1642,1645,,0.0057837250894225865,0.0016439650981996147,0.008205995387279456
90703,231,1,0.004871004629368258,0.010106106559235613,-0.01909595886063009,1.9347947477488248e-07,-0.022099346984198576,0.00274625379123468,0.017957730211758362,0.0001022713869226494,0.16315286048822875,1642,1645,,0.012576647930505877,0.004871004629368258,0.024314045087567522
76613,231,1,0.009495576132075535,0.010067477914804043,0.000590463326830104,0.00047999369877671505,-0.2144679567734551,0.17631126957701176,1.0822554388473526,-0.0009129652650829326,-0.7699068194664105,1642,1645,,0.010915942769545222,0.009495576132075535,0.047397997697583356
19561,231,1,0.0029532338046235414,0.002766594054405647,-0.005349543901315368,-1.9892976155233555e-12,-0.006055270329776041,7.304407585071403e-10,1.1335077592823274e-09,0.0008773217550275724,2.526694131576778,1642,1645,,0.005160960654062341,0.0029532338046235414,0.014741324499430435
92949,231,1,0.0028666729719578434,0.006784530963739687,-0.009126963621166606,-1.7426282639121382e-11,-0.008981130406708226,5.382004073255144e-09,1.544762209308455e-08,0.0005807087141989409,1.6929174803437528,1642,1645,,0.005869954011241696,0.0028666729719578434,0.014309248542129581
17961,231,1,0.003972967681820112,0.005318941767595545,-0.002412398294939333,1.0808089020430955e-06,-4.3698892224774966e-06,0.02082669962043378,0.04322886763382955,0.00039220022019353625,0.8271075638940589,1642,1645,,0.004729816044966786,0.003972967681820112,0.01983141522075522
82213,231,1,0.003244516013254706,0.0028446506868146275,-0.0045398600857429194,-1.5482490844931363e-09,-0.007129189106860112,4.201514332913075e-06,8.173877335198464e-06,0.0004797263863508155,1.210797256687057,1642,1645,,0.006617271333673991,0.003244516013254706,0.016195285087183542
37584,231,1,0.003408600293766238,0.009488098207731846,0.0008321878023712648,6.034897732376532e-05,-0.0006936507932857605,0.0848627269485307,0.3438080282510329,0.0003484351186562069,0.8479298943928251,1642,1645,,0.007115482881962187,0.003408600293766238,0.01701432610604537
75622,231,1,0.005333197084448063,0.010480797566004832,-0.004489535016016788,-1.9959589536711064e-12,-0.003720187582424206,9.455376405887589e-10,4.596270905489442e-09,-0.0002691663619729515,-0.392648209941284,1642,1645,,0.012822560040878896,0.005333197084448063,0.026621119099402606
92240,231,1,0.003770191750409535,0.033596043251969285,-0.012392849527183225,-3.0193470612616125e-08,-0.014489522395349841,2.1797752747058853e-05,0.00013774606757633708,-0.00028526567504699285,-0.5992328744706193,1642,1645,,0.010931911088400614,0.003770191750409535,0.01881924144673241
45495,231,1,0.005142982241435847,0.010241376374614534,0.0008922894852961827,0.0023224457033518275,-0.00031793981364547363,0.40630023918741004,3.296311603946913,-0.00037138564901470505,-0.5835211454391491,1642,1645,,0.006946218702095044,0.005142982241435847,0.025671645095325664
61807,231,1,0.003683419276011132,0.003458855805871073,-0.0028064520208199717,2.9868042552561036e-05,-0.006624313304653517,0.09447672988813416,0.2440935339466808,0.0005207514489568258,1.1934310003399509,1642,1645,,0.0045062595809913135,0.003683419276011132,0.01838610906123595
75885,231,1,0.0018256687862141746,0.007058427266115526,-0.003312672985431808,0.0011281171828219083,0.002802360233685186,0.40013579345341854,2.2692024222742417,0.0006080706190958184,2.7579646337679327,1642,1645,,0.005109862033725089,0.0018256687862141746,0.009112985217740014
71563,231,1,0.003090979083239365,0.006851434072530755,-0.001852709588767265,-5.796884527953239e-09,-0.0025081885331015297,5.381480125996735e-06,1.8230475445978855e-05,0.0005533028673291567,1.5331697970968974,1642,1645,,0.005205671946857435,0.003090979083239365,0.015428892089629796
89125,231,1,0.003412542814137069,0.0037927302103579804,-0.004388950628251065,-6.553646514362299e-12,-1.1116473830341533e-06,2.1510986176310294e-09,3.6736840999873e-09,0.0007472925045702783,1.7913535742493785,1642,1645,,0.006697112927950946,0.003412542814137069,0.017034005540853766
21207,231,1,0.004703326837540723,0.004628806568642082,-0.0026686627069640867,4.449689908814225e-05,-0.002397487195772152,0.11531328511082121,0.30520017187100024,-2.8135892748323733e-05,-0.04748281959709796,1642,1645,,0.00617973939703628,0.004703326837540723,0.02347706674308026
92602,231,1,0.002184141461679109,0.001284489069265439,-0.006148647785397587,-9.09918940195098e-09,-0.0005236344790044978,4.565374105374494e-06,5.371815068246138e-06,0.00064559110302783,2.452921362997244,1642,1645,,0.003190470107307103,0.002184141461679109,0.010902332889751114
88411,231,1,0.003683254341954233,0.004759672184498978,-0.00025599594980141305,0.0002061336911095557,-0.00484345916115525,0.2795410988781025,0.8062292411023808,-0.0001763688646678901,-0.3928502923304323,1642,1645,,0.0025868676545733266,0.003683254341954233,0.01838528577848402
81133,231,1,0.004548686328711495,0.0031313054117389975,-0.004483398836530261,-3.97237798210881e-13,-0.0023884058611387537,1.1775984405303314e-10,1.913267235722706e-10,0.0004099390615478501,0.7290900661455927,1642,1645,,0.004091083290751149,0.004548686328711495,0.02270516513547988
76477,231,1,0.0034271083596157637,0.0016458079840478812,-0.004364911472013899,1.3408703495976226e-05,-0.0009981916843151417,0.05551620043810292,0.15691974470867812,0.0008691300063207051,2.033458299175256,1642,1645,,0.004212442514052121,0.0034271083596157637,0.017106710733404553
89301,231,1,0.004606682557862872,0.006316490383019844,-0.0025718856085441555,-1.4475531884272641e-11,-0.0034721458588182763,1.0596398566439108e-08,3.038114820404788e-08,0.0003950792199849009,0.6866090922743684,1642,1645,,0.0032735053653551354,0.004606682557862872,0.02299465837923366
81284,231,1,0.002370052348040224,0.00970552134667567,-0.004256863216135276,-6.591770684849507e-09,-0.003971337722245449,2.2042205750767664e-06,7.818304043234685e-06,0.00039166544344451247,1.4547324290699317,1642,1645,,0.006135028104241185,0.002370052348040224,0.011830323318255394
75465,231,1,0.0014736039459570247,0.00945274861354185,-0.002116717355551634,0.0009028937288876326,-0.004959160392848494,0.26523892475717076,1.6556608574659073,0.00032351262716649704,1.8020069698082883,1642,1645,,0.007712698007153807,0.0014736039459570247,0.007355622814890112
61743,231,1,0.003902709827966902,0.009928215025357042,-0.009362732288596742,-1.495736867695996e-11,-0.0012637949957992056,2.6955558447638124e-09,9.938871503500552e-09,0.0009305716026795027,2.0940333387007954,1642,1645,,0.007355007664793051,0.003902709827966902,0.01948071700625481
28302,231,1,0.002478729060580239,0.008190400536081886,-0.005592215360518793,-4.136436748680694e-09,-0.00046284750513736483,1.2478264837316152e-06,2.918762092358279e-06,0.000544772698938942,1.8411235347222141,1642,1645,,0.004455160960654062,0.002478729060580239,0.012372792621761115
16126,231,1,0.004222743743161714,0.009149412084201076,-0.002951148811000781,-1.2030062501722227e-08,-0.0018870131633790255,0.0006956055525315771,0.0013310652566843623,0.0008946929355100969,1.7403232536229454,1642,1645,,0.006036024527337762,0.004222743743161714,0.021078194248769073
17144,231,1,0.0019181775114822876,-0.0007629489983268724,-0.000960626866724601,0.00024171169801046055,-0.004254162647826298,0.551617149929695,1.4052508029415647,0.0004305860186734011,1.8423319724929696,1642,1645,,0.001309402146142054,0.0019181775114822876,0.009574750600511578
90386,231,1,0.004390181688507415,0.011222274138619986,6.709370921109681e-05,5.719307405516183e-05,-0.00017646223414846673,0.10561375565332766,0.3424903829834625,-0.00038587601595697544,-0.7354611671706064,1642,1645,,0.008201328564128769,0.004390181688507415,0.021913975378591785
89901,231,1,0.007782190891525429,0.013150408147520533,-0.0032706191762998937,0.0009290504386417764,-0.00012202560789331685,0.17868118018320717,1.5053235442335473,-0.0006173455210237658,-0.6142133409909897,1642,1645,,0.01157064384261625,0.007782190891525429,0.03884548560594304
41187,231,1,0.0023991147506253214,0.0018838341679555195,-0.0010761706576318808,0.00016795184922602235,-0.0001366037262415798,0.3059366062798593,0.7554164534992841,0.00046870384740670644,1.6165417976256706,1642,1645,,0.003120209504343383,0.0023991147506253214,0.011975390839346777
89786,231,1,0.00152168121522455,0.015001835036305691,-0.008890830085712453,-1.8878524010723652e-07,-0.005779356682934278,9.362098437671121e-05,0.00035036098318816193,0.0002530725167594259,1.3772279019359872,1642,1645,,0.006898313745528871,0.00152168121522455,0.007595604703966932
91582,231,1,0.003401615479605277,0.001801878186002239,-0.0001507202782713435,-1.0448257814488215e-09,-0.0007512038981940528,6.833146377913297e-06,8.775479629120481e-06,0.0002891657525219187,0.7053916281105704,1642,1645,,0.0037781042411854883,0.003401615479605277,0.01697946079604054
10866,231,1,0.005384100891382488,0.013813824530694411,-0.0072630353989475704,-1.0601741706750545e-11,-0.0009201391856079599,1.0810343491034213e-08,3.869685105308675e-08,0.0007986514320547764,1.236060599209865,1642,1645,,0.006623658661216147,0.005384100891382488,0.02687520989814056
52476,231,1,0.0026154186053072986,0.00966425109914421,-0.008700276728923262,-1.8193979656189185e-10,-0.00038953866150515104,3.377334692290855e-08,8.528707430454776e-08,0.0009624424131623332,3.0179104968508983,1642,1645,,0.007553014818599897,0.0026154186053072986,0.013055090424036832
52708,231,1,0.004430624878755845,0.006787939224670366,-0.00560290812710007,-1.821875983409882e-12,-0.001156685574207783,8.100659384274213e-10,1.8186145672391382e-09,0.0008870883607564019,1.7168201075738538,1642,1645,,0.006783341849770056,0.004430624878755845,0.022115851095411403
86869,231,1,0.0030547383558604054,0.0020194062471870938,-0.0013983448831265122,3.990586571744892e-06,-0.007015572573123352,0.057267897563348484,0.0858314590460987,7.937737166921798e-05,0.21801049022867053,1642,1645,,0.002877491057741441,0.0030547383558604054,0.015247993333306393
90253,231,1,0.0033439390817858994,0.006279166175707713,-0.004749642789642294,-3.7694403154375777e-10,-3.104640718398777e-05,2.0526383817280136e-07,5.088098775919121e-07,0.0005438970140156481,1.2796589180705393,1642,1645,,0.007259197751660705,0.0033439390817858994,0.016691564018317565
76644,231,1,0.007145160905114119,0.0015770255365254362,0.0021641177402381695,0.0021607952431877964,-0.055748412562631744,0.4692313030135258,3.550691363218233,0.00011443248092913551,0.1279877012739596,1642,1645,,0.005426034747061829,0.007145160905114119,0.03566569478448658
85427,231,1,0.00456669867271781,0.002390777260182823,-0.001148797940525581,-1.1193668214559693e-10,-1.0549836481521524e-05,1.1860234493783154e-07,2.0617060970839503e-07,0.0005110883606228766,0.9896374343347318,1642,1645,,0.003548160449667859,0.00456669867271781,0.0227950753239576
79139,231,1,0.001487880591457597,0.00756216789890631,-0.0036724625781796583,2.3031654123650824e-05,-0.0028617203293008764,0.06874604997567325,0.20866944198958434,0.00037163355481352635,2.0578337744118564,1642,1645,,0.0062787429739397035,0.001487880591457597,0.007426885937964817
86979,231,1,0.004366450201676517,0.009964291596415478,-0.005872389129364164,0.00047036219443985505,-0.0005275833056932466,0.19108938219331997,1.0875410092552464,9.751852948419752e-05,0.18024901948061636,1642,1645,,0.0070324476239141545,0.004366450201676517,0.02179551758914059
81035,231,1,0.002510901088729009,0.0004965938198191676,-0.0039826956620201415,3.042631870120438e-06,-0.006424324721009178,0.04694280051570026,0.0741905823980614,0.0005681427393157667,1.9190800227890648,1642,1645,,0.004087889626980071,0.002510901088729009,0.012533382110477968
73219,231,1,0.004943467999200027,0.006280951926306857,-0.004518988997434192,0.00020751156347031952,-0.004494566911116271,0.22379168531883406,0.7517556631204138,0.0013658016674262007,2.228950868553282,1642,1645,,0.005457971384772611,0.004943467999200027,0.024675752327725745
89630,231,1,0.007726236651459644,0.00522044366190891,-0.0038932295373146353,-5.957974114068065e-10,-0.011594763475027525,1.1424261857506657e-05,3.0149642823848292e-05,7.937111517385581e-05,0.08048359361098743,1642,1645,,0.005754982115482882,0.007726236651459644,0.03856618512907683
82634,231,1,0.0038749690399247677,0.0059369821902075836,-0.002280643749147826,-3.1050872983939826e-10,-0.006570350514527146,3.754370136474874e-07,6.419054374242893e-07,0.0003732809262648075,0.7830155808888296,1642,1645,,0.006115866121614717,0.0038749690399247677,0.01934224643959707
81299,231,1,0.0024237736441973905,0.007025233816946805,-0.0005798718117469015,0.00016421065794058887,-0.005718972991864302,0.20493386946323644,0.6528123393204056,0.00029386449972025375,1.0114546944031286,1642,1645,,0.0051673479816044966,0.0024237736441973905,0.012098477860555084
85925,231,1,0.0035951448651386528,0.007692676668785439,-0.0029214632737371016,-2.7345179454130175e-09,-0.00043320906325927666,6.979455523102747e-06,2.1446375591654333e-05,0.00041696222684617064,0.923084427651497,1642,1645,,0.0037301992846193155,0.0035951448651386528,0.017945479628635658
86871,231,1,0.0011322670687499469,0.002235318330599299,-0.004308079093026551,0.0006753079915706728,-0.0009940805667356667,0.32647178705213986,1.5627737850697885,0.0002980066442075399,2.23305648983894,1642,1645,,0.005323837506387327,0.0011322670687499469,0.005651809976687419
78852,231,1,0.0013008851023573304,0.006168357574817239,-0.002446912476271379,-5.933729507745511e-08,-0.00013240045206774909,0.00019874426834012903,0.00047374283540132427,0.0001677240242311817,1.1321675574179988,1642,1645,,0.00553142565150741,0.0013008851023573304,0.0064934816201484965
11018,231,1,0.008040392719821115,0.006731382500294009,-0.0034893377431011174,-3.1214746343266597e-09,-0.0070876360784024595,5.111978626124933e-07,2.4068335932305177e-06,0.0005365411330465561,0.6792947099601558,1642,1645,,0.008434466019417476,0.008040392719821115,0.04013432258569517
49680,231,1,0.0025023874827708485,0.00840144771902744,-0.008463148629064277,-1.5234369321603936e-09,-5.78973313936082e-06,2.723443119547614e-07,7.678766188379696e-07,0.0006035393053014917,2.012782111850993,1642,1645,,0.008016096065406235,0.0025023874827708485,0.01249088570267814
87280,231,1,0.0023218165982282725,0.005259874556229297,-0.0016743822585258972,6.804569514184955e-05,-0.002585428038906379,0.1589307047911476,0.39727068533015286,0.0004726518695873232,1.7334426473274431,1642,1645,,0.004167731221257026,0.0023218165982282725,0.011589550359697866
10606,231,1,0.0035981240088994127,0.005816275786627146,-0.0004909001307753513,-3.1288793778116997e-10,-0.00018449167307332814,4.537980598514973e-07,1.0743652548163443e-06,0.0005165722120661312,1.1894960435515418,1642,1645,,0.006285130301481859,0.0035981240088994127,0.017960350284944367
86339,231,1,0.002553075505538164,0.005206466129638291,-0.00441582281657471,-2.261054521390804e-08,-4.480433707310105e-05,8.598142097116694e-06,2.0004905356424867e-05,0.0006736855585654363,2.2158182800250894,1642,1645,,0.004180505876341338,0.002553075505538164,0.012743899395897313
58413,231,1,0.002404747276751279,0.016923785193160908,-0.011422541929858143,-1.4672842940655073e-09,-0.009811777716560943,1.2753573074854828e-07,4.977296723896723e-07,0.0004910700792031184,1.758153773558627,1642,1645,,0.005962570260602964,0.002404747276751279,0.012003506085503131
28804,231,1,0.0040704295342313575,0.003025383719838197,-0.007625398335753042,-2.1030932551013848e-10,-0.004252973243707103,1.535840506542178e-07,2.0877223932967018e-07,0.0013304801949958205,2.789981271075806,1642,1645,,0.003742973939703628,0.0040704295342313575,0.020317904570315175
79903,231,1,0.006695792534189939,0.019079035603079945,-0.016480935458486057,-9.805605216683944e-10,-0.052568675805551024,1.4473066847831343e-06,1.166394345077685e-05,-0.0007856130409656539,-0.9230808222200609,1642,1645,,0.0102165304036791,0.006695792534189939,0.03342263330889231
65875,231,1,0.002030300319240903,0.0024996492622662726,-0.0037998776448344707,-2.4636790385557106e-09,-0.007928584351525547,6.646797203616397e-07,9.474590690673032e-07,0.00037370201099631254,1.489371530059299,1642,1645,,0.003762135922330097,0.002030300319240903,0.010134421389315819
47511,231,1,0.0042539596264390385,0.010552918476844069,0.005408299374269565,0.0014318962364261445,-8.073625153737218e-05,0.3183003749421512,2.2480549619755728,0.00047602286902036857,0.9643001030208226,1642,1645,,0.005566555952989269,0.0042539596264390385,0.021234011056841282
83509,231,1,0.003927720955919823,0.0070630501630821,4.2008779544189245e-05,0.0006474222880287206,0.0004816305285648692,0.2613650502638925,1.3945831956993642,0.00016657897655629884,0.35529966027996035,1642,1645,,0.003988886050076647,0.003927720955919823,0.019605562236142658
92121,231,1,0.003340457009622632,0.005541361692760125,-0.0037761775959392896,-5.085174503705048e-10,-2.5943429611263724e-05,2.730638513129247e-07,6.906595210458538e-07,0.0009197921995920949,2.3709299865811744,1642,1645,,0.005834823709759837,0.003340457009622632,0.01667418295095717
80779,231,1,0.0029821887782142055,0.008790560363639774,-0.008255447905627156,-2.631228568361621e-13,-0.0039519448348182,2.1383844951109333e-11,6.286689017442176e-11,0.0001720798293723721,0.4855677442899604,1642,1645,,0.004365738375063873,0.0029821887782142055,0.014885855779312226
85237,231,1,0.005100806289319924,0.007165116509027398,-0.00205308047992947,0.0001958555873903256,-0.0007273396886311456,0.16644927418334687,0.6793377616931795,-0.00016871590580075176,-0.2580144366593143,1642,1645,,0.006725855901890649,0.005100806289319924,0.02546112014628848
61313,231,1,0.00303616340257032,0.0063751803686583714,-0.0014355796485598926,-4.315440893520872e-09,-0.005927631901425423,9.462961860341821e-07,2.5595024665527564e-06,0.0004303345521467803,1.1566148321708474,1642,1645,,0.006029637199795605,0.00303616340257032,0.015155274831445069
84372,231,1,0.00422305579432838,0.012486289095940123,0.0005493548575072893,0.0026540051572040424,-0.0005655821553443019,0.3190885952708418,3.0859089716693777,0.0008266678183620459,1.598550982761847,1642,1645,,0.004931016862544712,0.00422305579432838,0.02107975187942502
85348,231,1,0.0030057048326233887,0.013536666458892534,-0.005760393924248097,-9.327304484330057e-09,-0.015562343923613442,8.017580164551628e-06,2.8759607226136913e-05,0.0006542376599635053,1.7560282199505408,1642,1645,,0.006754598875830352,0.0030057048326233887,0.0150032382190125
87128,231,1,0.005653015975283325,0.008716298396087332,-0.005110890402587165,7.456152482820944e-05,-0.00015879107659300118,0.10567064261928057,0.3907472387299377,0.00029202681291895185,0.4093282045666806,1642,1645,,0.007109095554420031,0.005653015975283325,0.028217523029043897
89070,231,1,0.0028030613558882207,0.00479812433263641,-0.0018195806678422688,-1.6859917906231203e-09,-7.295502342952176e-05,2.519487473510323e-06,4.256782979092057e-06,0.0006472138934822548,1.8968516977823326,1642,1645,,0.0042763157894736845,0.0028030613558882207,0.013991725604071846
52396,231,1,0.004002822524970271,0.0038988328087450276,-0.0007021361763617229,2.4022116121513726e-05,-0.00015100699273840057,0.10290729515732921,0.2210163119072945,0.00029707612758570953,0.6030800613383733,1642,1645,,0.005208865610628513,0.004002822524970271,0.019980438278146436
90267,231,1,0.001825058437669681,0.006893502328062438,-0.005308076104932891,-2.868227877428353e-10,-0.0019586268889169034,4.992063767244627e-08,1.326622237962545e-07,0.00030199268738410797,1.4326625648205853,1642,1645,,0.0069589933571793565,0.001825058437669681,0.009109938609666501
91859,231,1,0.007261004892744903,0.005196216727839515,-0.0022750542269760476,-4.143583254290206e-10,-0.007285420388167818,9.046400249474048e-07,1.8245010304660172e-06,-0.0011934034106789843,-1.298166552026478,1642,1645,,0.003120209504343383,0.007261004892744903,0.03624394016766614
42614,231,1,0.0036057313762044648,0.002015632144693941,-0.00041973945548257063,0.0017168249766246202,-0.005507849689116773,0.4900998329376759,3.2946031343152877,0.0005043114640887968,1.1705559347885621,1642,1645,,0.003838783852835973,0.0036057313762044648,0.017998323123347666
76711,231,1,0.004133477295017545,0.005764773495285653,0.00011195799051066935,0.0009186344546801006,-0.0015181988077723751,0.4697489066173042,2.312731569477708,-6.027370034008865e-05,-0.12454559494292661,1642,1645,,0.005464358712314768,0.004133477295017545,0.020632612975473134
92257,231,1,0.004478099037982434,0.010748857238052476,-0.00809567228699204,-5.373479439185758e-13,-0.016794626452852235,1.1514860168954197e-10,3.516497159432273e-10,0.00023080560633760553,0.4253092770864408,1642,1645,,0.006489524782830863,0.004478099037982434,0.022352822508037495
43772,231,1,0.002422734672788473,0.0073826899205293285,-0.006884566937064074,-1.8890489172918024e-10,-0.003563871313724709,2.9690921322131185e-08,8.105781468892702e-08,0.0003897306520414651,1.3468866313828123,1642,1645,,0.005774144098109351,0.002422734672788473,0.012093291744013785
89348,231,1,0.0017793881707102988,0.016783044221553262,-0.021563242971187835,-1.689048900743728e-11,-0.005391731519340137,1.5913082978976062e-09,7.935780632023148e-09,0.00034617428397390676,1.618102420150233,1642,1645,,0.008955033214103219,0.0017793881707102988,0.008881971482861352
90073,231,1,0.0016121874702166056,0.006977641766172443,-0.007275813519203256,-3.2128345983650775e-08,-0.010186956758075016,7.254987519759049e-06,2.1658666691499067e-05,0.000322999999306447,1.6777126222560108,1642,1645,,0.008606923863055697,0.0016121874702166056,0.008047374581440675
89517,231,1,0.0017334137931904585,0.012154205638206236,-0.008349591461997319,0.00017045778759083863,-0.0006317026742608256,0.13440031453326715,0.6108942459756407,0.0005083078479398036,2.497679192170792,1642,1645,,0.005141798671435871,0.0017334137931904585,0.008652486361629755
58819,231,1,0.0021769480620696794,0.003939646609808937,-0.005205840914223714,-2.8096831528046096e-08,-0.00011580744137074106,9.60305650240384e-06,1.4424170470622152e-05,0.0006792620353434551,2.579452757661192,1642,1645,,0.003867526826775677,0.0021769480620696794,0.010866426407260404
41355,231,1,0.003358283620284516,0.004478942071198332,-0.005521102526025556,-2.3898503620500833e-08,-0.004642094941330166,3.615686677167166e-06,7.639358414912969e-06,0.0005806532602057823,1.4443604471478388,1642,1645,,0.005502682677567705,0.003358283620284516,0.016763166035222432
86111,231,1,0.0026185433883833364,0.011255403559596734,-0.008881628494872507,-2.548348843056658e-08,-0.0016613660686821685,6.954803587613974e-06,2.9154040658239107e-05,0.0007309518586218254,2.3125051509508214,1642,1645,,0.005049182422074604,0.0026185433883833364,0.013070688051709278
93071,231,1,0.004962099104244603,0.006341693186292024,-0.0006542661020669804,-1.016348005755674e-08,-0.007804551089410916,0.00013338119953960025,0.00023620083025401113,-0.00034224437365041157,-0.5609966092627143,1642,1645,,0.0037174246295350027,0.004962099104244603,0.024768751115974437
21186,231,1,0.0035472080028183615,0.004917924316932497,-0.004813561452880588,-2.831068712794149e-13,-0.005918786854346658,4.3477047744764675e-11,9.511498320143468e-11,0.0007472790981109099,1.7303623139275175,1642,1645,,0.004672330097087379,0.0035472080028183615,0.01770619859310044
91044,231,1,0.004005336557244219,0.010608139348773268,-0.0036394153089820414,0.001121692885961867,-0.0925333862686839,0.23048793674377216,1.7651707835385577,0.0004562394881170015,0.8896409016026803,1642,1645,,0.01306208482370976,0.004005336557244219,0.01999298728984144
86802,231,1,0.006177132730001144,0.01929984032410903,-0.006918751140480017,0.0003157686506116697,-0.008909371090996432,0.11208473811894624,0.8094369916125239,-0.0006980318161858017,-0.8796831477495926,1642,1645,,0.012215763924374042,0.006177132730001144,0.03083369759158201
79447,231,1,0.001545750484498831,0.004262105697764312,-0.005550825459821995,-2.3190123155103493e-09,-0.00828216591409392,3.0027962403395003e-07,5.904599353085587e-07,0.00026685618527042297,1.5432745658705662,1642,1645,,0.005435615738375064,0.001545750484498831,0.007715748563989413
11809,231,1,0.0037427837861059195,0.0017115882865308563,-0.0025468493598963526,-3.365482359463101e-08,-0.0008109717388675719,1.2650350055595089e-05,1.8418945639010594e-05,0.0003407513711293082,0.7381385473303544,1642,1645,,0.002471895758814512,0.0037427837861059195,0.018682432198837487
90700,231,1,0.006783953162164475,-0.004420105684915544,0.00015923153476238294,3.349291699761281e-05,-0.0017584247836763822,0.13604424064816698,0.27147567272274103,1.7163564329598783e-05,0.021843697333739802,1642,1645,,0.0031170158405723044,0.006783953162164475,0.033862694784218626
50017,231,1,0.005278891217397171,0.0061597803724728365,0.0005828784940712373,0.0009884188651716475,0.000486664610027443,0.290491945778058,1.7944668243859274,-2.4606337599024743e-05,-0.037507869494492814,1642,1645,,0.006547010730710271,0.005278891217397171,0.02635004662042488
57154,231,1,0.004193275453706489,0.007823952872653679,0.000697596990109961,-4.706901535200814e-12,-0.0007161159075472767,3.484978262369707e-09,9.555579568024977e-09,0.0005744680073131728,1.1471981794246282,1642,1645,,0.00570707715891671,0.004193275453706489,0.020931100707911415
79048,231,1,0.0012172191698508594,0.004396727710750711,-0.0016224043784642816,0.00020977707154323788,1.6980266657640186e-05,0.1771760641553235,0.7130462785843859,0.00021239133705943094,1.4663885357525834,1642,1645,,0.005649591211037302,0.0012172191698508594,0.006075855809860661
29938,231,1,0.0024583375112187935,0.0037520538062983818,-0.0015417354671045658,2.948811029934717e-05,-0.005103688223540903,0.14649640600453911,0.2575131215392086,0.0006275521771187322,2.0750734894050056,1642,1645,,0.004439192641798671,0.0024583375112187935,0.012271006421930745
56565,231,1,0.0025214077052697855,0.01147086119072554,3.122774121855354e-05,0.0014749869991382836,-0.0004944099066170882,0.3711338119312767,2.4768942619205174,0.00038126927639706544,1.2815014263871276,1642,1645,,0.006610884006131834,0.0025214077052697855,0.01258582680468951
21936,231,1,0.002317920983519586,0.009701279853167889,-0.0005282968319384462,0.00017868708715396142,-0.00023458328145053997,0.14541905120233467,0.6329986095882625,0.0006023499282528462,2.1632010374044337,1642,1645,,0.005129024016351558,0.002317920983519586,0.011570105058599255
21371,231,1,0.002772229676478527,2.9182798949830007e-05,-0.003228102156695112,-5.5503503570975e-08,-0.0021778894900654766,0.00010917914137305133,0.00013396915390110183,0.000604464970752602,1.801391345001482,1642,1645,,0.0024431527848748085,0.002772229676478527,0.013837826583164953
75104,231,1,0.003699404508760043,0.01094821731117884,-0.007430062759574918,-5.273559366969494e-13,-0.0022306747108196134,7.048716026752055e-11,2.686693936657561e-10,0.000936902498476532,2.1465480809479125,1642,1645,,0.008172585590189066,0.003699404508760043,0.01846590074680507
52337,231,1,0.006309205177533004,0.01535375607295815,-0.00098181588494195,0.00024239299668815661,-0.0005379457098881879,0.10314745966820912,0.7024703887182647,0.00021829629397535216,0.3084200228199736,1642,1645,,0.007096320899335718,0.006309205177533004,0.03149294874990651
80307,231,1,0.007167226272230035,0.018749406856544325,-0.01780522440307708,0.0002859625086929496,-0.41130356474916385,0.09249679697021905,0.7537191266483066,0.0004172272199879356,0.45265968055734734,1642,1645,,0.015141159938681656,0.007167226272230035,0.03577583599184562
90701,231,1,0.004283389176194565,0.007449063864958346,-0.0065250182364891,-5.656430879241725e-11,-0.0011452985853217523,8.300460783535932e-09,2.2284668118164435e-08,0.0005072157221206129,0.9630351792006426,1642,1645,,0.006783341849770056,0.004283389176194565,0.021380911225104004
72696,231,1,0.0056022195865000355,0.0109076089967089,-0.004940686024160312,-6.817435505013236e-12,-0.00015327535032239048,6.006631321092026e-09,2.2663128328355194e-08,0.0006213089579407747,0.9820413143699607,1642,1645,,0.010133495145631067,0.0056022195865000355,0.027963968417390267
85926,231,1,0.0035134084639674426,0.0024261953728744725,0.00012625199732074766,0.0017235478068761134,-0.002587389444127952,0.46205914468498815,3.1275416319348834,0.0005810975015234614,1.318752570835123,1642,1645,,0.004962953500255493,0.0035134084639674426,0.017537485242551477
63467,231,1,0.0024457290173681176,0.01312598775274945,-0.0067822935433703435,0.00018535346097958705,-0.001917711674980449,0.1050237731828542,0.6152411793508461,0.0004887833867623812,1.635436557658062,1642,1645,,0.008696346448645887,0.0024457290173681176,0.012208070023528795
91305,231,1,0.007640984949608874,0.009892288069430804,-0.008277338711299986,-9.114240473451218e-10,-0.005207451219968018,1.43890168000484e-07,6.54558348447525e-07,-0.0007941633150516086,-0.7990246303120161,1642,1645,,0.012142309657639244,0.007640984949608874,0.03814064381259068
81521,231,1,0.0026095886473528223,0.014537893367804288,-0.0017117200775940145,-6.139586616882298e-10,-0.0008965700673619903,1.2241723944310065e-06,3.840335625456151e-06,0.00034453503961032314,1.058345426046223,1642,1645,,0.006923863055697497,0.0026095886473528223,0.013025989679662845
89327,231,1,0.004830697309238115,0.004468349211867383,-0.003330316090118357,-2.236632212770928e-09,-0.0027097317708317803,1.0220208450410165e-06,1.921329140905557e-06,0.0009429530771582728,1.6934585107376097,1642,1645,,0.004170924885028104,0.004830697309238115,0.024112847578311527
79547,231,1,0.0027999785841526454,0.013636141105131854,-0.012100063859926458,-5.458271612468479e-09,-0.002096688446138195,6.52465183519817e-07,2.3452797848264574e-06,0.00045253443007082166,1.4442101661786875,1642,1645,,0.0076200817577925396,0.0027999785841526454,0.01397633767967499
92143,231,1,0.006100606460449365,0.0026860895932910617,-0.003909984125245014,-7.502443111206958e-12,-0.008826419946538655,5.659594915623527e-09,1.0378007039072251e-08,0.0010142358318097043,1.3624538417717822,1642,1645,,0.0048447879407256,0.006100606460449365,0.03045171003257888
24643,231,1,0.004548924400150199,0.0016127317560713542,-0.002229692624508006,-7.065661833394188e-09,-0.0005329998498706523,1.0137641970052978e-05,1.8978416101446044e-05,5.1800731241550166e-05,0.09218541031245868,1642,1645,,0.006301098620337251,0.004548924400150199,0.022706353489861605
92123,231,1,0.002002769610694575,0.001454270632204022,-0.0037037727326010295,-1.9316512833711386e-09,-0.0004913323288875393,3.195676619118697e-06,3.358212263581364e-06,0.0006259902498963316,2.555490339409353,1642,1645,,0.003621614716402657,0.002002769610694575,0.009996999452811744
17750,231,1,0.0018676689081193734,0.008498172626663232,-0.004287906976041089,-1.6062480234779741e-09,-0.006774270927476289,5.9280930778234315e-06,1.008228306931675e-05,0.0006379896405388205,2.7392156912314314,1642,1645,,0.006023249872253449,0.0018676689081193734,0.009322632494921677
85592,231,1,0.0033374186915913592,0.01496946237760285,-0.01538986869484349,-4.285048982310968e-09,-0.0037270578861108294,2.9591372821888414e-07,1.3468186217342055e-06,0.0006417221206991819,1.6736200287303151,1642,1645,,0.009842871742462954,0.0033374186915913592,0.016659016921108348
85914,231,1,0.005099387425411962,0.0022043638293199677,-0.00029774615474953414,0.0007110945459866125,-0.004874681920193691,0.3849938987164723,1.7570283119493162,0.0007819774527726996,1.2150842677177645,1642,1645,,0.004899080224833929,0.005099387425411962,0.02545403776315476
91233,231,1,0.003265453985622352,0.013115311927375526,-0.004461671075197682,-7.780420752112605e-10,-0.0003363889938654552,7.731790589767668e-07,3.3543904603396697e-06,0.0011834783668231996,3.1255409162735472,1642,1645,,0.008086356668369954,0.003265453985622352,0.01629979880517917
84820,231,1,0.005079947639302666,0.01882012929300091,-0.006416146144271773,2.55095617509582e-05,-2.1521622947773267e-05,0.034882103222411906,0.21287793431287322,-0.0005060292723354968,-0.8031501267108412,1642,1645,,0.012844915687276444,0.005079947639302666,0.025357002372733587
70295,231,1,0.0019637159795112087,0.012682456157102336,-0.008315108302821894,-3.278313953636314e-08,-0.0015743609134724057,1.036738000338125e-05,4.159235640363124e-05,0.00038858074636879226,1.6430717883349946,1642,1645,,0.009513924374041902,0.0019637159795112087,0.009802059841442754
88284,231,1,0.006849502572203328,0.013883318495441088,-0.007968012091949417,-5.8125120272478625e-09,-0.00014320645579823932,1.6790885670911427e-06,6.313223548667826e-06,9.133449406911948e-06,0.01048155420772344,1642,1645,,0.011046882984159428,0.006849502572203328,0.03418989039013921
43350,231,1,0.003216474848716317,0.017780917990099395,-0.012269323671869614,-2.1216177703564654e-09,-0.0035041797048411816,2.506646297767033e-07,8.660063716839481e-07,0.000658547227314367,1.710357884575081,1642,1645,,0.009753449156872764,0.003216474848716317,0.01605531516500699
93013,231,1,0.002869327326449,0.005432878335256727,-0.0025075158876051162,-1.1349720718811795e-08,-0.002800831540175297,1.5535456470537048e-05,3.055753507467515e-05,0.000609781844634825,1.8011658794179242,1642,1645,,0.0027976494634644865,0.002869327326449,0.014322497984428867
89879,231,1,0.0015706944677504207,0.004628513222539943,-0.0024774612766700344,0.0005511771921349329,-0.004787605847678789,0.21407514264901004,1.2085550947203085,0.0002202465002149052,1.31084524112943,1642,1645,,0.005649591211037302,0.0015706944677504207,0.007840258635235504
80928,231,1,0.004409768775598276,0.00610002145564049,-0.004842517281832492,-7.513226263355932e-09,-0.0019621148316244508,5.073056081946457e-06,1.32938431040848e-05,0.000314045704991055,0.5965271805387887,1642,1645,,0.007977772100153295,0.004409768775598276,0.022011746034729114
77129,231,1,0.0030999374458481367,0.014670251712349931,-0.013731425742040226,-2.1734702926323735e-10,-0.013638297177484882,1.5837924807670322e-08,6.187697646444476e-08,0.0003102047532064684,0.8773833013802985,1642,1645,,0.008012902401635156,0.0030999374458481367,0.01547360853910045
85616,231,1,0.0040837431560402145,-0.0008118991105542831,-0.00365798149765606,-3.750111332578854e-12,-0.015925684359729964,1.1075444793394646e-09,1.946445517062343e-09,-0.00038612614259605333,-0.7539443666885323,1642,1645,,0.004237991824220746,0.0040837431560402145,0.020384360676512992
76732,231,1,0.0042954052697234965,0.00517091649039268,-0.011078010022147255,-6.746982972316573e-10,-0.027827595690399276,6.965195522459062e-08,2.431365533240553e-07,0.00021530164537128491,0.46786792838796104,1642,1645,,0.0076839550332141035,0.0042954052697234965,0.021440890605554062
79145,231,1,0.004749581013195597,0.0013471283724407824,-0.002938835994448885,-9.227996145000361e-11,-0.001940159529105756,1.2857849143607875e-07,1.9508438212351515e-07,0.0008372614259684697,1.5246633005638937,1642,1645,,0.0037717169136433316,0.004749581013195597,0.023707948501143116
91978,231,1,0.002300480206965616,0.016569380911870206,-0.006397086097688076,0.00011316175235598358,-0.0038414751095892097,0.07217681489156982,0.4638959008510902,0.00016974857534515254,0.6320592449772683,1642,1645,,0.007853219213081247,0.002300480206965616,0.01148304789898608
89207,231,1,0.006325950396065303,0.00712654134755374,-0.003910572372760601,0.00016484981207687266,7.537095931542392e-05,0.16103935296867963,0.6175854610243577,0.0003060312432561146,0.3842589840757752,1642,1645,,0.007540240163515585,0.006325950396065303,0.03157653397089783
90042,231,1,0.002400459939934344,0.013424648848245714,-0.015144257706293462,-6.319678114152794e-10,-9.853998084285998e-05,4.283784566064567e-08,1.8073653368457146e-07,0.00033871115173928076,1.2407526046389135,1642,1645,,0.007000510986203373,0.002400459939934344,0.011982105469284448
86341,231,1,0.006094395938987314,0.008864467963517255,-0.00041105169146193887,0.0018955393099335804,0.00019257996192656446,0.3398594801632798,2.6746976682993426,-0.0004460329067641676,-0.5700925217929281,1642,1645,,0.007642437404190087,0.006094395938987314,0.03042070967221478
89784,231,1,0.002395559459908278,0.007631309883473815,-0.0029912475143625272,-6.7372774026353e-12,-0.019112500327674642,1.380440687384903e-09,4.648444754582405e-09,0.00030506459475918506,1.0638967147800904,1642,1645,,0.008827286663260093,0.002395559459908278,0.011957644295179598
86889,231,1,0.007320202666157945,0.013972204413578382,-0.00240481711318119,0.0006307382851872267,-0.004474175661061119,0.22073187994006266,1.305347701128053,0.0019765646120706096,2.342626072849393,1642,1645,,0.00623083801737353,0.007320202666157945,0.03653943102455638
51692,231,1,0.006379512769422478,0.0018535837518495113,-0.0005717920959946721,0.0001220502225837139,-0.009525320354710765,0.15732300383052283,0.5314837999375307,5.18915885155114e-05,0.0707934604402492,1642,1645,,0.003439575881451201,0.006379512769422478,0.031843895236159526
89256,231,1,0.004352940878437858,0.0037466119180594995,-4.0239757204796334e-05,-1.200211174889887e-08,-0.002071788592587165,0.0005037636460900521,0.0010343061097795709,0.00029461854603037046,0.546376631413608,1642,1645,,0.005496295350025549,0.004352940878437858,0.021728084622161484
29209,231,1,0.0037103664481717155,0.007038298189694591,-0.007885928539497877,-6.001865671123596e-13,-0.0002838074652322664,8.646748678426775e-11,1.9947714236496887e-10,0.0006765240706885777,1.496866654014075,1642,1645,,0.006281936637710782,0.0037103664481717155,0.01852061822489894
84776,231,1,0.0061173691393750645,0.0032779794201180977,-0.0023248698282591906,-2.5492052913023144e-11,-0.0053033179817740805,1.0800005148235725e-08,2.6839238681664673e-08,0.00010776416819006723,0.14123424011033114,1642,1645,,0.005138605007664793,0.0061173691393750645,0.03053538240864902
90612,231,1,0.0019998964876828053,0.02145044135074341,-0.010857307935657756,-4.773570427829554e-10,-0.006187716465565929,6.91718342727245e-08,3.186098508072499e-07,0.00026173248019212536,1.1326726609697133,1642,1645,,0.008466402657128258,0.0019998964876828053,0.009982658008332486
20765,231,1,0.004755652708077911,0.0019253838588292893,-0.0008981469443796186,-1.0469336508833749e-10,-0.000110231598992927,2.0123798480519589e-07,3.9861206613486154e-07,0.0010775124922825787,2.0439915908249735,1642,1645,,0.004253960143076137,0.004755652708077911,0.023738255896508024
91568,231,1,0.0014224616418553905,0.02093846492793096,-0.03190160951579091,-6.039499789167735e-09,-0.004539193933583485,8.417319070541836e-07,6.664507143837313e-06,0.0003547562465082694,2.179394563195608,1642,1645,,0.0095873786407767,0.0014224616418553905,0.007100341536709414
80575,231,1,0.0036532296027310357,0.01006678518450636,0.002436877179316621,0.002543124503365024,-0.0011366141623652126,0.4197648014693358,3.5235135448964043,0.0004242368705541846,1.0058388173978454,1642,1645,,0.005994506898313746,0.0036532296027310357,0.01823541467000389
70797,231,1,0.0021228232434486586,0.007712468692547828,-0.004908922903658741,-1.5993941948622137e-08,-0.004800562659294627,9.23072544794395e-06,2.7059919408716565e-05,0.00044453747729909153,1.7734775489401629,1642,1645,,0.005419647419519673,0.0021228232434486586,0.01059625764733488
90829,231,1,0.004865719181573269,0.005332916467893263,0.0013352575551131007,7.749491320296897e-05,-0.009036482029976423,0.1199236060913198,0.40320818818956383,0.0003802571602681294,0.639269188510508,1642,1645,,0.005499489013796627,0.004865719181573269,0.02428766231321733
60687,231,1,0.0022271933892791776,0.013963336845345668,-0.006856582589925164,0.0008074869699261633,-0.002787997736716896,0.20460295234955223,1.446920926547309,0.0008556562372840372,3.2667805865277577,1642,1645,,0.007696729688298416,0.0022271933892791776,0.011117230346933476
63132,231,1,0.0058859586290951026,0.00939079840293729,0.001618728736582753,0.002456886898703381,-0.007625331810102942,0.4478891620737684,3.6420949689861732,0.000619046313223644,0.8358271841931564,1642,1645,,0.003979305058763414,0.0058859586290951026,0.029380276632982014
32986,231,1,0.0022742813004760064,0.007630249560670394,-0.006111732087920707,-1.1341398931108415e-09,-0.0005060461857011589,9.121212574480326e-07,1.9941122104995683e-06,0.0007862638634979161,2.785889479659825,1642,1645,,0.006409683188553909,0.0022742813004760064,0.01135227376878043
26470,231,1,0.004691019014455148,0.007663267594170305,-0.001692894157012681,0.00046321375937186104,-0.00439877591367166,0.21191294813147754,1.107760196823421,0.0003359043266301038,0.5584436839857658,1642,1645,,0.007367782319877363,0.004691019014455148,0.023415631169065768
92945,231,1,0.002634026260680772,0.014412629736891275,-0.008220667501484868,-9.763168051790672e-11,-0.0021488481331761733,9.179998664783141e-09,3.09112862390163e-08,0.0004100383912254767,1.2747109267123036,1642,1645,,0.005279126213592234,0.002634026260680772,0.013147972161203898
92999,231,1,0.002521711803349936,0.019360826243287516,-0.013312716060910557,-2.3816725036596154e-08,-0.0042259658086150065,1.4911917863734067e-06,7.720079085416724e-06,0.0005809329678450265,1.9440191745064623,1642,1645,,0.00668753193663771,0.002521711803349936,0.012587344736819415
75034,231,1,0.0043779042555967245,0.006602015540206385,-6.404775422264031e-05,-8.588241229290361e-12,-0.0013883432234251813,1.1421876644597745e-08,2.434019931475005e-08,0.0002372821450300095,0.4512047231986172,1642,1645,,0.006208482370975983,0.0043779042555967245,0.021852691499789797
77661,231,1,0.004400490097417839,0.005362172235968058,-0.0036427870105035787,0.00029475118118016397,-0.0009938023219331349,0.2957451354638725,0.9864747631473988,0.0009063278902897843,1.708528158544938,1642,1645,,0.004678717424629535,0.004400490097417839,0.021965430702103075
84319,231,1,0.0056400413614557665,0.0041433986639033945,0.000850025526901832,0.0014220124603844253,-0.004301369435502744,0.39438867501250946,2.5285919192610105,0.0015136900271376691,2.400453412807982,1642,1645,,0.004988502810424118,0.0056400413614557665,0.028152759110796923
79237,231,1,0.005753078231811009,0.011995962698519307,-0.0016840113174032556,0.000324433173393035,-4.530796972757045e-05,0.17170481814198355,0.8813573313266456,-0.000748555837779873,-1.063902376513484,1642,1645,,0.008715508431272355,0.005753078231811009,0.028716992522895186
87184,231,1,0.004049253761431507,0.0023308583342805914,-0.003622228718543674,-1.797472659603727e-08,-0.0007657440700485907,6.507351167354524e-06,9.230777579666803e-06,0.0006377806217631104,1.2868235119768163,1642,1645,,0.003976111394992335,0.004049253761431507,0.02021220385069044
70420,231,1,0.00304662729847407,0.00953500652646992,-0.006864944859538591,-1.3883425520333503e-08,-0.008008996619787156,8.560899740414998e-06,3.6478828737617816e-05,0.00034928214503318606,0.9273803831719869,1642,1645,,0.009382984159427695,0.00304662729847407,0.015207506281865266
21928,231,1,0.002271293027242202,0.0067978609247144545,-0.001972355995428998,-2.2273982658305158e-10,-7.890956102785118e-05,2.425032000887635e-07,4.291327272945447e-07,0.000685260816575213,2.4942801993627226,1642,1645,,0.004324220746039857,0.002271293027242202,0.011337357541909567
17523,231,1,0.00468900052225929,-0.0003272330091396533,-0.0023044929005677783,-6.639799821073211e-12,-0.0006979312512600533,1.4382573649006402e-08,1.6106323696646703e-08,0.000868512492382774,1.5049092334717293,1642,1645,,0.0035162238119570773,0.00468900052225929,0.023405555688955748
51369,231,1,0.004244168047026099,0.00943773730724388,-0.00267845874667616,0.0018653368360751488,-0.0047695422168132495,0.36752264792393735,2.7692955433006556,0.0006702180090653984,1.376572890412911,1642,1645,,0.007259197751660705,0.004244168047026099,0.021185135532911514
85259,231,1,0.002740628374032197,0.01061094698505749,-0.0052960916659618995,-1.5745013293155807e-08,-0.0003353386102478151,3.54061630747555e-06,1.0142484556145053e-05,0.0005492870201438457,1.6693796046756872,1642,1645,,0.006349003576903424,0.002740628374032197,0.01368008592164446
46463,231,1,0.004568198053558598,0.01060298158698192,-0.004542698776301979,0.00025581430387822124,-0.003812801676766897,0.18119945998989825,0.7901664517453235,0.000638730125502122,1.1603982848370287,1642,1645,,0.009137072049054675,0.004568198053558598,0.022802559614394632
90675,231,1,0.0021611701527858946,0.017572973498320984,-0.014847961972170642,-5.008698789055188e-09,-0.0076200166774238465,5.436208652179458e-07,3.1691230058950074e-06,0.00025212370497629705,1.0387855244244437,1642,1645,,0.009306336228921819,0.0021611701527858946,0.010787669594877076
28388,231,1,0.0027788930282243805,0.010069093346061958,-0.008534787151693424,-1.861004683689771e-10,-0.00021575790774019943,2.5515502633487175e-08,7.409595100148953e-08,0.0003487397928122392,1.0970056337056016,1642,1645,,0.006949412365866122,0.0027788930282243805,0.013871087285445173
81055,231,1,0.003556615523202232,0.009697953851039538,0.002027962080646817,0.002025454535520166,-0.0008525331173898643,0.33716161767445885,2.747475263340433,0.0005933375877119785,1.4389537265545824,1642,1645,,0.006160577414409811,0.003556615523202232,0.017753157052839228
88659,231,1,0.004217191216989669,0.009851902125119038,0.0032633938323968215,0.0020065331951667487,0.0050218881816512795,0.4329869766122152,3.204767926853907,0.0005749722114479784,1.1262448198806394,1642,1645,,0.006007281553398058,0.004217191216989669,0.021050478329370632
11891,231,1,0.0051595389631717455,0.006195959962518437,-0.00603999899893215,-1.903255331114906e-11,-0.0035748660180678904,3.0499773824821082e-09,1.1851010560399525e-08,0.0007735405240629033,1.3315849213329767,1642,1645,,0.005592105263157895,0.0051595389631717455,0.02575428941809264
77607,231,1,0.0013600497815512416,0.010762435417851579,-0.004043812135556379,-5.279670722835306e-08,-0.0007856462458153413,3.988504400550142e-05,0.000112829703333003,0.000372431451363389,2.2395898670784895,1642,1645,,0.007521078180889116,0.0013600497815512416,0.006788807284353171
80688,231,1,0.0027098492667076506,0.01686987550468729,-0.020703478137612308,-2.375951790867248e-08,-4.459772114495664e-05,1.4768419595813029e-06,7.673925867183396e-06,0.0005566715417161461,1.7699105722310355,1642,1645,,0.007035641287685233,0.0027098492667076506,0.013526449318892728
76123,231,1,0.004326422774048588,0.017080324235522935,-0.010290169639316948,-5.918616707845104e-10,-0.0016148297946319001,8.98885658892623e-08,4.0795476565554164e-07,0.00010988665448362485,0.21672757540425827,1642,1645,,0.008175779253960142,0.004326422774048588,0.021595717187757883
91457,231,1,0.005690687594629316,0.005855464069166582,-0.0016646574934084946,-9.81684067369315e-10,-0.005794780721810833,4.136842179052261e-06,9.580858080135937e-06,0.0010760572821452677,1.4989155877146525,1642,1645,,0.007166581502299437,0.005690687594629316,0.02840556420760851
93117,231,1,0.002509026226965245,0.00408168461380071,-0.0018140128816050982,0.0024881452286504846,0.0003914935107028894,0.5869601032525457,4.898018112521893,0.0005642961607761731,1.82602797638541,1642,1645,,0.0043593510475217175,0.002509026226965245,0.012524023574215804
90979,231,1,0.005014705604169366,0.006193280887048339,-0.0029693079279882184,0.0005667577735325446,-0.01742046420310439,0.2498119311126892,1.2853170310537623,0.0010049410155896666,1.6329101264863601,1642,1645,,0.004499872253449157,0.005014705604169366,0.025031341055503132
92259,231,1,0.005145726757520745,0.003811294032876415,-0.0049137373617926805,-1.2031112772703523e-08,-0.0059434977707018,3.3242045551816826e-06,8.56543197499493e-06,-3.121450335394562e-05,-0.0488877266393813,1642,1645,,0.005949795605518651,0.005145726757520745,0.025685344587095683
90068,231,1,0.0022618776193774753,0.011122974645801937,-0.001813431913908481,4.231225447237641e-05,-0.0014526551761349094,0.08741775859839229,0.2883305402247747,0.00036582791374131925,1.330471475106056,1642,1645,,0.0074540112416964744,0.0022618776193774753,0.011290359711121115
76655,231,1,0.0027530778590943725,0.0026289849407335705,-2.3579667659090475e-05,-6.355105330868582e-09,-0.001076391729176951,4.771332259454527e-06,7.615428822475458e-06,0.00035992138940956186,1.0795524665403495,1642,1645,,0.0034299948901379664,0.0027530778590943725,0.013742228613789263
88373,231,1,0.002532627682762071,0.0036055056073121877,-0.0011812040480543295,-4.389191676779092e-09,-0.00399065488581396,3.5417990759375627e-05,4.619910667231209e-05,0.000516548445490651,1.7209255969530042,1642,1645,,0.0034874808380173736,0.002532627682762071,0.01264183230240227
91602,231,1,0.004395700859199213,0.004457473553897845,-0.0035683685261549414,0.0006823938317727096,0.0007139098137153299,0.3172984771435571,1.5504503544876977,0.0009559790631742116,1.8483257883997495,1642,1645,,0.0051769289729177315,0.004395700859199213,0.021941524801196984
30680,231,1,0.00466964460976136,0.010340016617706465,-0.00416198804674095,-8.277078356044854e-09,-0.0005869681532995052,2.6872434529867867e-05,8.123897975564148e-05,0.0004503784028232481,0.8091139566756121,1642,1645,,0.006428845171180378,0.00466964460976136,0.023308938960992034
71175,231,1,0.003212505571774773,0.010519204429210458,-0.0005698397915741005,-3.0635304071324754e-08,-0.004119607685245219,3.0780878325017535e-05,0.00011314022241049367,0.0005935051784359677,1.5511171194116593,1642,1645,,0.006016862544711293,0.003212505571774773,0.01603550217243871
79362,231,1,0.005681129488600717,0.006043269421848049,0.0019862759773568994,0.0026428805689804324,-0.0025424576294097445,0.4545657374782966,3.821622836936398,9.083485679464513e-06,0.012500619025806368,1642,1645,,0.006850408788962699,0.005681129488600717,0.028357854086470475
77478,231,1,0.008740684917772997,-0.00047739813570208707,-0.001360004306797613,0.00015047269951573572,-0.0010080500403999437,0.19986184467002877,0.6160286669207913,0.00016736456280156146,0.1523044240398159,1642,1645,,0.0035449667858967805,0.008740684917772997,0.043629892261982293
75100,231,1,0.003666278492377097,0.009765068534240112,-0.009964729995060706,-1.2917067415685324e-10,-0.0019292284415919347,2.2538620764709933e-08,5.774588825832415e-08,0.0004609536867763531,1.0354421660619408,1642,1645,,0.00742526826775677,0.003666278492377097,0.01830054934248688
92118,231,1,0.007397128525651834,0.010525760077742195,-0.011938509438918166,-1.283728678913576e-11,-0.0017811817445225753,4.610042758715078e-09,1.824115770573816e-08,0.0005678251066493022,0.5957300318936042,1642,1645,,0.007588145120081758,0.007397128525651834,0.03692341317165955
86121,231,1,0.003715183272897963,0.015963231858858378,-0.0048302977984238105,0.002718545155864338,-0.0012062993392074617,0.24014841128349773,2.780504386409556,0.0006794686166971357,1.4955349485927967,1642,1645,,0.0081087123147675,0.003715183272897963,0.01854466182626749
37875,231,1,0.00363546135500616,0.014063025738725535,-0.006864042872107179,-8.281997310177758e-10,-0.00019785106070369096,2.0704791532145678e-07,7.582293430518401e-07,0.0007495460084604675,1.7160308007758662,1642,1645,,0.008236458865610629,0.00363546135500616,0.01814672290943668
22103,231,1,0.0029601707334993327,0.011002821015187417,-0.0009063624597158704,-4.808331932615317e-08,-0.0012825020278757204,5.3956788871116186e-05,0.0001953205749999766,0.00023590739554772832,0.6659408042944648,1642,1645,,0.0073262646908533475,0.0029601707334993327,0.01477595078585158
80866,231,1,0.0022788452415407664,0.007967232106180368,3.277146752478366e-05,0.0012942182378288258,-0.0073828953874301995,0.34140389582450653,2.2118898304983317,0.00022998716772155343,0.84812196615947,1642,1645,,0.007652018395503321,0.0022788452415407664,0.01137505507926339
46077,231,1,0.003735844977553488,0.00036608146819849054,-0.0029699107665144275,-2.5674351533666595e-10,-0.00737069683313063,2.0936247783353993e-07,4.249948440994716e-07,0.0004032516758072889,0.8767315982154082,1642,1645,,0.005873147675012774,0.003735844977553488,0.0186477965298462
17743,231,1,0.002128639596555882,0.00848850354872659,-0.00020966836599489724,0.0005771808315223614,-0.0006311605274738064,0.26569761482691423,1.3251588558036214,0.0007010554539914687,2.6777365644169677,1642,1645,,0.00625,0.002128639596555882,0.010625290481925427
75819,231,1,0.002846279639061846,0.007190418027090012,-0.00319794409999985,-8.900147285828552e-10,-0.00020011877176107085,2.7936428828703773e-07,5.958582906251944e-07,0.000532014625229469,1.5750046320672482,1642,1645,,0.005457971384772611,0.002846279639061846,0.014207453439630703
92980,231,1,0.002350114596750285,0.01570890168824082,-0.008579097421691939,0.0003828969958977746,-0.013199025666382092,0.14051197393884982,0.9213175516703261,0.0002616093845216333,0.8992369931554778,1642,1645,,0.008434466019417476,0.002350114596750285,0.011730802291138005
84176,231,1,0.005059978327626036,0.007137047492397798,0.0006025682842610847,-2.034727941691017e-11,-0.0004312073539396444,7.154971514071007e-09,1.9415753869635648e-08,0.0006490140158405446,1.108870066602534,1642,1645,,0.0035800970873786407,0.005059978327626036,0.02525732380918925
86136,231,1,0.0021823564190230757,0.003095274005312899,-0.003311109080570862,-2.269734622473152e-09,-0.0001822820339751896,1.478648307744689e-06,2.3755436318568568e-06,0.0006509975624882165,2.4455918603334146,1642,1645,,0.0038451711803781296,0.0021823564190230757,0.010893422693410844
75346,231,1,0.0016628280876804936,0.0037591699622506274,-0.007383892597031538,-1.4721391439209697e-08,-0.0041032652641586065,3.6710309495222547e-06,1.0018586937787362e-05,0.0003840103601202886,1.9375713009661677,1642,1645,,0.004547777210015329,0.0016628280876804936,0.008300151646946958
43481,231,1,0.004391697391517655,0.020147310126327523,-0.00033283583494325697,6.691484931076186e-05,-4.427410829843659e-05,0.08108793796830707,0.3603322063517557,0.0008605489902828521,1.7593371351769242,1642,1645,,0.007693536024527338,0.004391697391517655,0.021921541142563377
53197,231,1,0.0059062746904990785,0.003982962199502548,-0.003852805058669473,-6.754108161644012e-09,-0.00020834874731479047,1.2229743980349652e-05,3.103399725554443e-05,0.0011646191346747186,1.6106751039095568,1642,1645,,0.0072975217169136426,0.0059062746904990785,0.029481686028078834
11267,231,1,0.004150402205020874,0.014183335222006113,0.0050857243762808535,0.0005857770248561822,-0.010504816580944487,0.22278695858955735,1.261912880162185,0.000135333473341402,0.26542655722549907,1642,1645,,0.004186893203883495,0.004150402205020874,0.02071709514213807
76226,231,1,0.0037055587486915075,0.010849871694752057,-0.007282520420193395,-7.780442956573097e-13,-0.0006778185151223859,1.0952996756018136e-10,4.119708654116974e-10,0.0009246057282145022,2.1216886820616927,1642,1645,,0.008488758303525804,0.0037055587486915075,0.01849662017299308
59555,231,1,0.0030120541953194964,0.007210847178698967,0.0013371846351055705,4.573710477662196e-05,-5.2512666556037146e-05,0.12409029873789924,0.31268797932864534,-1.714929920779992e-05,-0.04622058815627108,1642,1645,,0.0050747317322432295,0.0030120541953194964,0.015034931617524113
17478,231,1,0.0030100319681479275,0.007115184122071532,-0.007978570294240761,-1.1711724923202382e-09,-0.001947550878780957,1.7184421620946438e-06,4.317844363432875e-06,0.0010557111514184437,2.892730411337791,1642,1645,,0.005279126213592234,0.0030100319681479275,0.015024837493956588
20512,231,1,0.0032956476642955253,0.004723491156619429,-0.0031027160277770083,0.0002116549251135469,-0.00016147999977422778,0.25186936542441024,0.787329314266166,0.0006569061547836686,1.6124528317402622,1642,1645,,0.005275932549821155,0.0032956476642955253,0.016450513189680643
75649,231,1,0.005012969830652693,0.001090118135070524,-0.0024263997917690627,-2.523981024182831e-12,-3.0625411051588e-05,1.2256709137548256e-09,1.6846019569741388e-09,0.00026510725167578215,0.42335600924456573,1642,1645,,0.002471895758814512,0.005012969830652693,0.02502267679037562
89946,231,1,0.0042339284976352694,0.0061145021600212115,-0.01749071702607119,-7.417821912270028e-11,-0.003781885021048259,1.4212363898822092e-08,5.3529720928801094e-08,0.0006870012187689924,1.3584915969426075,1642,1645,,0.005790112416964742,0.0042339284976352694,0.02113402392770713
92550,231,1,0.00256168263233159,0.002066251873002512,-0.005533372069018494,0.0005023589710599907,-0.0035508837359328194,0.30527082074486167,1.3022653947727167,0.0009325277163672724,3.032264349725338,1642,1645,,0.004550970873786408,0.00256168263233159,0.012786862621115376
84042,231,1,0.00439820699424655,0.002403955393469697,-0.003670618355051225,-8.088045788667841e-10,-0.00028690841426715075,1.3576577346499554e-07,2.2428874061623962e-07,0.0008787294332621404,1.6537518941629963,1642,1645,,0.004075114971895759,0.00439820699424655,0.02195403439319554
83421,231,1,0.004908184819955261,0.021358169302757725,-0.011130871963458855,4.4156232389847005e-05,-0.004505652433685947,0.04494152558913846,0.28148112031665046,0.0007724078934441548,1.352248502891378,1642,1645,,0.006387327542156361,0.004908184819955261,0.024499633256555565
64653,231,1,0.0025642043403666095,0.018048008141476897,-0.011284518921982345,-1.1875833649810374e-11,-0.013204875831917207,1.6580729990362626e-09,6.7942915012077554e-09,0.000645681901278209,2.153363737836513,1642,1645,,0.007613694430250384,0.0025642043403666095,0.012799449947042244
40416,231,1,0.006062960633689204,0.013657343195248448,-0.010369319597929083,0.00032928710461388455,-0.0008395027906262786,0.14227907594231665,0.8567053464365206,-0.0006458616436179167,-0.8272508729630407,1642,1645,,0.0102899846704139,0.006062960633689204,0.030263797599959407
29867,231,1,0.006516072739902434,0.01314507684475511,0.005746774666039123,-4.702087608166039e-10,-0.0004207874158781433,3.758718209064514e-07,1.1848838766280273e-06,-9.957525867030895e-05,-0.1200576306942809,1642,1645,,0.007029253960143076,0.006516072739902434,0.032525546257262575
90037,231,1,0.0034619701425327594,0.008828923112220551,-0.0039507086086685295,-1.3699410050804772e-08,-0.0015144154935913257,2.7895608740700645e-06,8.286711555777556e-06,0.0007543619744054305,1.7038493333626559,1642,1645,,0.004723428717424629,0.0034619701425327594,0.017280726367995883
77117,231,1,0.006710044208508852,0.013396199534487877,-0.008298875022441976,-5.27673904571202e-10,-0.00395012662911598,1.2579869950387636e-07,4.618770688538634e-07,0.0008025124926615085,1.0951662947550314,1642,1645,,0.006042411854879919,0.006710044208508852,0.03349377178613254
70578,231,1,0.0024273553906885583,0.002097429383980638,-0.003834040219012458,-2.8333124735269166e-09,-0.00022448160724852784,4.8015766538462255e-06,5.102771916325117e-06,0.00070607678244091,2.377601210526719,1642,1645,,0.0037844915687276445,0.0024273553906885583,0.012116356461029702
18973,231,1,0.003652211817726956,0.008039099165835771,0.00025748944217740544,0.0003100319603375201,-0.002784752739540597,0.23618751594854118,0.933749197587548,0.0002814058720397954,0.6276363895113231,1642,1645,,0.004873530914665304,0.003652211817726956,0.01823033430725296
75401,231,1,0.0015487375094420503,0.005406719435419153,-0.008613099646449962,-3.3995435355649306e-09,-0.002121323399366437,9.618877119775548e-07,2.292206256290431e-06,0.00040363375990182417,2.121111820045355,1642,1645,,0.006071154828819622,0.0015487375094420503,0.007730658559908785
90162,231,1,0.007039525553330669,0.019539150515937753,-0.009604034868323064,-8.978067622678054e-09,-0.0028197372610183624,3.194059586153269e-06,1.684545859956025e-05,-0.00011652711760942292,-0.1322770956726941,1642,1645,,0.008629279509453245,0.007039525553330669,0.03513840669885875
79611,231,1,0.005900304816502345,0.005204461041255236,-0.0023481091820793942,-5.271605374446153e-11,-0.0025680500801439354,2.920968492697775e-07,5.114356676405813e-07,0.0007453954910334264,1.0636377720195165,1642,1645,,0.0044775166070516095,0.005900304816502345,0.02945188688055832
91977,231,1,0.003701114589839844,0.005812101954668797,-0.006437436645585937,-8.201217482906031e-12,-0.000596487960956793,1.4482323772830284e-09,3.3210379008496494e-09,0.0009254125533210571,2.010007209488821,1642,1645,,0.005215252938170669,0.003701114589839844,0.018474436765889713
10516,231,1,0.0031138560873893444,0.0047711060749793975,-0.0033336668296843897,0.00015983231281679888,-0.00027315340550027045,0.1563480265075211,0.6073074668847328,0.0003989622181596585,1.0368643454617277,1642,1645,,0.0043944813490035765,0.0031138560873893444,0.015543084654140503
25582,231,1,0.002978111840304978,0.0051123361880299235,-0.0017307797534904523,-1.2233721147225651e-08,-0.0018446434105161558,1.4061958265513489e-05,3.004180182507774e-05,0.0007320950649267628,2.078982140143483,1642,1645,,0.005208865610628513,0.002978111840304978,0.014865505387619613
63781,231,1,0.007383360547860986,0.015272592161170913,-0.01092704729915317,-5.056855822971329e-09,-0.006145167784754824,1.3262008830321127e-06,7.771173783594173e-06,0.00017849969588548803,0.18795694017713438,1642,1645,,0.014671691364333163,0.007383360547860986,0.036854689107889825
79323,231,1,0.002556736845081381,0.011677058396522083,-0.00865431669518113,-3.352923627630844e-08,-0.0016301366204387602,8.16426271593772e-06,3.658062750183986e-05,0.0007770712906768741,2.60339284752299,1642,1645,,0.0072240674501788445,0.002556736845081381,0.012762175292043654
79094,231,1,0.00452974164892721,0.007906138291665568,-0.003531478135413879,-4.171780698669636e-10,-0.0017561974199113983,8.586609716640771e-08,2.1408749719929225e-07,0.0005194996952812775,0.985577730504589,1642,1645,,0.005844404701073071,0.00452974164892721,0.022610601111527316
57904,231,1,0.0031756892869422696,0.013276745720754232,0.00041025316239817755,0.00012742329892012627,-0.0038927342738308557,0.09201461361274715,0.5027828442285913,0.00039470684337790716,1.0937801367992486,1642,1645,,0.011586612161471641,0.0031756892869422696,0.015851730470811252
11533,231,1,0.0038637018309909837,0.011572063137781342,-0.011375808864674486,0.0002977721098055275,-0.0009781425485688722,0.14310812513483634,0.8161794549340008,0.001266569774527727,2.686073875300747,1642,1645,,0.008281170158405723,0.0038637018309909837,0.019286005182018423
75381,231,1,0.005048795584982521,0.015398697735135813,0.0006493704076743212,0.000783405718024377,-0.001135761391323431,0.20658015325119786,1.4257996911805513,0.00040434981812528684,0.6899098608222568,1642,1645,,0.006840827797649463,0.005048795584982521,0.02520150417247657
88392,231,1,0.004113605820231931,0.00652350944925827,-0.004038557671356191,-4.342017412284349e-09,-0.0013233943929777947,2.214008726291448e-06,6.428265583020767e-06,-1.7405241330015908e-05,-0.03399039180692064,1642,1645,,0.004685104752171691,0.004113605820231931,0.020533422773316306
91234,231,1,0.005467075917814056,0.009646512504223093,-0.004504821917342472,6.544172340428034e-05,-1.9603599516138104e-05,0.08113547803322262,0.35669936132863916,0.0009738315082445695,1.538702718029821,1642,1645,,0.009073198773633112,0.005467075917814056,0.027289386990405177
90998,231,1,0.0017607816066887824,0.007305795196970979,-0.0029080706239899,-2.7831923432586336e-09,-0.003453887374411657,3.3442129528568057e-06,9.665830516537795e-06,0.00041003717252000694,1.9852824030808136,1642,1645,,0.005084312723556464,0.0017607816066887824,0.008789095193272908
80401,231,1,0.002285354333909374,0.007254965011499209,-0.004498484967718319,-7.553708769592049e-09,-0.0020712486235372474,3.5168083262649297e-06,7.000959983212135e-06,0.0004994747104404014,1.8552667168070376,1642,1645,,0.004177312212570261,0.002285354333909374,0.011407545782387602
34948,231,1,0.005247795109533778,0.006745233615349481,-0.0005352617426250816,0.0018249209565384117,-0.004177711814927099,0.3846847644434672,2.8214481309888,0.0008442342314161928,1.4558796320083736,1642,1645,,0.0063426162493612675,0.005247795109533778,0.026194827681793643
15456,231,1,0.003801666910986471,0.0039426960645804615,-0.0034952917227739633,-1.1145218081765051e-10,-0.008708160751806027,9.358788958041477e-08,1.807551691840662e-07,0.0008046617914819767,1.7873783133327905,1642,1645,,0.003931400102197241,0.003801666910986471,0.018976352460093385
76804,231,1,0.008554743910816155,0.014594627724061515,-0.014215081159375531,0.0002123389348225313,-0.00033959426967289374,0.07667530046683743,0.6335716490725278,0.0010843613650216653,1.0265933307317519,1642,1645,,0.012749105774144098,0.008554743910816155,0.04270175148389342
84656,231,1,0.0037557491754885634,0.006600715068291979,-0.0025896189778924494,-1.4051870778075681e-11,-0.0007657587217815287,2.5462048016072856e-09,5.885520715412411e-09,0.00043413650213315705,0.9821523850310382,1642,1645,,0.006265968318855391,0.0037557491754885634,0.018747150072461916
84772,231,1,0.007914025753539625,0.003323220782695157,-0.004419587689947102,0.00013256840069975073,-0.006690812798852086,0.19067765529965444,0.5760025625312951,-0.002228653260207225,-2.238410970751698,1642,1645,,0.007431655595298927,0.007914025753539625,0.03950355083540313
40272,231,1,0.002686091887867847,0.007449746852382223,-0.0014259406003129804,-1.874815014346609e-08,-1.4427235369263158e-05,9.110121565438205e-05,0.00016644800690675593,0.0007028628884805432,2.1491534992947066,1642,1645,,0.0037685232498722537,0.002686091887867847,0.013407862287217433
28310,231,1,0.0025799030651996037,0.009576360627711653,-0.006021736448627024,-1.5056400570756523e-11,-0.0028765202019671587,1.543339830436532e-08,3.784534902479129e-08,0.0005538281535488928,1.7988450463393442,1642,1645,,0.004710654062340317,0.0025799030651996037,0.012877811503322728
83728,231,1,0.002104124742213886,0.007037932573713353,-0.009739400709472434,-2.383249153581346e-11,-0.0003208685571136627,2.4295489815638486e-08,6.085491089617116e-08,0.000585257160246832,2.3128012921323164,1642,1645,,0.006080735820132856,0.002104124742213886,0.010502922445115793
89854,231,1,0.003857451964549538,0.0035031109367855704,0.00010850915613425105,0.0006599598789663874,-0.002537177152424519,0.376496958823859,1.668488836572441,0.00021841140279532501,0.4770210609874233,1642,1645,,0.0033629279509453246,0.003857451964549538,0.01925480842775291
34673,231,1,0.006502521273785547,0.0008958027013967416,-0.0009864032336377448,-1.2068273713694566e-08,-0.0031636284572569284,0.00012365929213709092,0.00015969099917428686,0.0005947409224500096,0.7807945192378384,1642,1645,,0.003270311701584057,0.006502521273785547,0.03245790293042563
60442,231,1,0.0030754607134258457,0.006619584979392147,-0.005622958290845581,-3.665290293497492e-12,-0.004474144866136065,8.503936888031765e-10,2.666346098131717e-09,0.0006421249238260559,1.809698186844658,1642,1645,,0.006150996423096577,0.0030754607134258457,0.015351430791182953
12503,231,1,0.007015437074456384,0.00788799203489984,-0.01100093124240309,-2.8784552519312e-09,-0.007371463953280255,3.723077847567766e-07,1.2530850195772954e-06,0.00016278549664105953,0.18169858886552026,1642,1645,,0.008380173735309146,0.007015437074456384,0.0350181669524399
25419,231,1,0.004191706038126818,0.004463837275384132,-0.0025734632685281422,0.00036394582855958646,-8.506821147102883e-05,0.2563516707114138,1.0384673581262724,0.0007413787202951826,1.498635212802555,1642,1645,,0.004854368932038835,0.004191706038126818,0.020923266832957733
84392,231,1,0.0029425060709645278,0.01232948698161536,-0.012687360629059619,-1.250730630175667e-10,-0.001921102686523124,1.1919259947456673e-08,4.0304066478450944e-08,0.0006715210237660422,1.981875504532204,1642,1645,,0.008907128257537046,0.0029425060709645278,0.014687776079808729
91584,231,1,0.006552895023476141,0.0013423056950764031,-0.00031631013759025883,0.0004936721147955625,-0.019438013291431355,0.2393367346105068,1.1842440128127845,-1.8552045451105588e-05,-0.022984211993275574,1642,1645,,0.005774144098109351,0.006552895023476141,0.03270934790213073
76573,231,1,0.003586582278947748,0.007867673393123938,-0.00963749102409861,-7.056577544517495e-13,-0.0008675980839634168,5.918742999678269e-11,1.7691559555699162e-10,0.0006912589884216626,1.5992166704990272,1642,1645,,0.007987353091466531,0.003586582278947748,0.017902738731725685
89551,231,1,0.00157976919048422,0.0011932991303204717,-0.004178588849563791,0.00018243748518942393,-0.005220860410046768,0.261759924505587,0.7409241261935674,0.0005100962300916998,2.751657522983087,1642,1645,,0.0038643331630045987,0.00157976919048422,0.007885555906434234
24459,231,1,0.0040188203011005015,0.006968421490196159,0.0010300395800441065,0.0014141755575597381,-0.005786223541195845,0.37275501661635685,2.4311065134537064,0.0001440216112686346,0.285428113885575,1642,1645,,0.00632026060296372,0.0040188203011005015,0.020060292575099073
78947,231,1,0.002585481649273731,0.010903251211505512,-0.011334101994179724,-7.258224687944903e-09,-0.00042606119235277795,1.266365528093021e-06,3.89797049790338e-06,0.0008664277874905878,2.896689654986899,1642,1645,,0.005972151251916198,0.002585481649273731,0.012905657493015556
61188,231,1,0.0025174584170911227,0.010958816358365372,-0.004681181057451855,-5.608704833903744e-09,-2.0996865386369024e-06,1.5177794733252413e-05,4.826376959042883e-05,0.000597474710542215,1.9772389571330684,1642,1645,,0.00535577414409811,0.0025174584170911227,0.01256611358777716
78854,231,1,0.0013899452837842336,0.008978820467191702,-0.008080849868375095,-6.125551177404986e-10,-0.003730476218523293,2.0754006460326087e-07,6.531424854308452e-07,0.0003482151127360944,2.023474397903255,1642,1645,,0.006093510475217169,0.0013899452837842336,0.0069380332951079
79770,231,1,0.003702332693421322,0.009350706967259138,-0.016741160929242493,-9.43467526326458e-13,-0.001114547286135581,1.1865465155417232e-10,4.734687886001565e-10,0.0005379207800120343,1.3088544553531931,1642,1645,,0.008808124680633623,0.003702332693421322,0.018480517036317465
14541,231,1,0.0026976898310952253,0.012966877452305393,-0.004251149440371638,8.852091684885544e-06,-0.000567817437700624,0.03011353559158477,0.12429232345234006,0.0003210347349181073,0.9633135359574997,1642,1645,,0.009421308124680634,0.0026976898310952253,0.013465754433912045
89051,231,1,0.0014788038487850406,0.012343768263402846,-0.01354197066593632,-1.5483855086984022e-08,-0.0015778772975565403,2.551206523450952e-06,1.30089536662853e-05,0.0003952394892287335,2.244795665000577,1642,1645,,0.008054420030659171,0.0014788038487850406,0.00738157858406534
79238,231,1,0.0026480748015329262,0.016338424566658058,-0.016925774036747443,-4.454845381474115e-10,-0.0063027281528234,2.9111510031998257e-08,1.2305468077087922e-07,0.00023302742230529855,0.7568362230371634,1642,1645,,0.006396908533469596,0.0026480748015329262,0.013218096680001188
81292,231,1,0.0035309057727339905,0.0035771927492928434,-0.0006867847022322682,0.00033438004678920663,0.0008876401928342714,0.34135993419457444,1.1249026048493724,0.0003468984173610553,0.812758870729133,1642,1645,,0.003305442003065917,0.0035309057727339905,0.017624824587641797
86563,231,1,0.004112901850680509,0.003193003590108336,-0.0029184367108274767,-1.177724584522366e-12,-8.095619872783288e-05,2.775410085605122e-10,5.207108567858358e-10,0.00018081048141372862,0.3837620224404736,1642,1645,,0.006949412365866122,0.004112901850680509,0.02052990884780896
90552,231,1,0.0011918676069199818,0.010017530240452956,0.0015702567330979633,5.072079047985234e-06,-0.00704502926762407,0.033883281532379975,0.09541054004554334,0.0001855012271852764,1.311678572356259,1642,1645,,0.005991313234542667,0.0011918676069199818,0.0059493112690435015
88487,231,1,0.0037258028951458813,0.005776502874109739,0.0010380503683143916,9.969185947422687e-06,-0.00415105088932588,0.048715075848223835,0.13446613767142654,0.00040909987182983495,0.9473170123315403,1642,1645,,0.006154190086867654,0.0037258028951458813,0.018597670598337227
87212,231,1,0.003833305204160685,0.00398038818397678,-0.0009134851489038809,0.00028628807427988345,-0.005115142046168364,0.25573526680527375,0.9191586489416156,0.00036564894293684915,0.8061827062286189,1642,1645,,0.006716274910577414,0.003833305204160685,0.01913427776406323
58501,231,1,0.0046417814598397064,0.01045557247133085,0.0023162271989797256,0.0004174712155871063,-0.001450248750259675,0.20709105789662116,1.0415350894330329,0.0008271987458632246,1.496037653156848,1642,1645,,0.006463975472662238,0.0046417814598397064,0.023169857614324413
81912,231,1,0.002950884570828829,0.006035893540780048,-0.003255178623201127,-1.5582888313048215e-09,-0.0059416830144269905,4.7325482080699983e-07,1.0510545368465946e-06,0.00025142291285341564,0.695125229163257,1642,1645,,0.005831630045988758,0.002950884570828829,0.014729598093739605
93174,231,1,0.0031622570371638375,0.008350260338489514,-0.009944569341811205,-1.3186074454552e-10,-0.0012139113371090193,2.1280629788035456e-08,8.851669139673978e-08,0.0008760871419832755,2.326955199830836,1642,1645,,0.006301098620337251,0.0031622570371638375,0.0157846822227412
21231,231,1,0.002478432376567824,0.007382537245098719,-0.005305853272729033,-3.9688696773509946e-11,-3.648081542628745e-06,9.443864747114557e-09,2.0009192123867364e-08,0.0007355472273005189,2.3863954400487266,1642,1645,,0.005681527848748084,0.002478432376567824,0.01237131169759793
91114,231,1,0.00505511170420802,0.0012421953614034863,-0.002769601901315921,-4.041433854240495e-12,-0.009150975555859864,1.5595565965148528e-09,2.4266343353220333e-09,0.00039472943327245185,0.639656886891816,1642,1645,,0.00398569238630557,0.00505511170420802,0.025233031633300842
72980,231,1,0.0039603249410460895,0.005163390590093907,-0.005220649285228918,-4.1108894066610446e-10,-0.00040826384602921095,1.1590540333376257e-07,2.50172491845315e-07,0.0010252778793439748,2.2716328814462106,1642,1645,,0.004321027082268779,0.0039603249410460895,0.019768307875843934
90927,231,1,0.0019862125694269576,0.010974577246719876,-0.010081939242326587,-3.5750473248441494e-08,-0.005542179362640676,0.002039656582964594,0.008708686829362324,0.00028071958680870516,1.1996636527678761,1642,1645,,0.007198518140010219,0.0019862125694269576,0.00991435353507428
93175,231,1,0.005671431100293402,0.015832661823002477,-0.0005542235905209303,0.0010954186627145646,-0.0088179429986599,0.24846697537661092,1.7843346938194944,0.00046345947592931104,0.6622163478673472,1642,1645,,0.009296755237608584,0.005671431100293402,0.028309443734084633
88668,231,1,0.003074422281708884,0.014337163452857087,-0.006389404643024843,-4.277245224670878e-12,-0.0024124590080125685,6.29494466139268e-10,2.4385403939230186e-09,0.0005242772699576352,1.4559233129952036,1642,1645,,0.007051609606540624,0.003074422281708884,0.015346247368561192
83834,231,1,0.00953248645662135,0.010149184529672945,0.004467689416639442,0.0004392406534607929,0.0003548038312255475,0.22018848732617524,1.089459610529187,0.0004341570082666287,0.3570700480405328,1642,1645,,0.010430505876341338,0.00953248645662135,0.04758223880665414
68187,231,1,0.002973923108255801,0.015334144537896258,-0.016693360033673388,-9.853047711061436e-09,-0.006734731389364423,7.177388658485091e-07,3.325599878173658e-06,0.0004320968924697504,1.2723957190181518,1642,1645,,0.006962187020950434,0.002973923108255801,0.014844596965712274
85604,231,1,0.0029148490272919163,0.009582437444700477,-0.011693972076463499,-9.466798456259085e-10,-2.4655879812041093e-05,1.4425570920185028e-07,4.2793075666128146e-07,0.0006316002436922812,1.8784348623349092,1642,1645,,0.00535577414409811,0.0029148490272919163,0.014549723530486496
75650,231,1,0.004257121254240919,0.01252149399589929,0.0011060591975334821,0.0003939439040344661,-0.0003995547699537916,0.19654685130319152,1.00140469949964,0.0006688765412797664,1.3638196754250815,1642,1645,,0.009143459376596831,0.004257121254240919,0.021249792598181143
80682,231,1,0.003932202516850134,0.017883860978909604,-0.009585004446357681,0.00047669002562100715,-0.009622773584421651,0.14690925753462733,1.0397869665019466,-0.00047015263411383164,-0.9281365358576964,1642,1645,,0.008983776188042922,0.003932202516850134,0.01962793233898865
91975,231,1,0.0040572441198576765,0.0004498426902050245,-0.00024955028518358624,0.0001472803977968784,-0.0014929908298597638,0.3411475519373028,0.7450451090270449,0.00029243266301035947,0.576955777542462,1642,1645,,0.0024591211037301992,0.0040572441198576765,0.020252088422728895
69980,231,1,0.002412957126048748,0.007104577229569707,-0.0059882964733104505,-4.257865415802087e-08,-0.005217677805373633,8.102275202690563e-05,0.0002342837338982855,0.0004950658212580864,1.728798091052619,1642,1645,,0.00846320899335718,0.002412957126048748,0.012044486265398112
79646,231,1,0.002624217803722038,0.008670236161598099,-0.00495697702091169,-4.116880170101922e-10,-2.813138709312213e-06,8.071926180984674e-08,2.056842649094168e-07,0.0003549932967736785,1.1653231600434886,1642,1645,,0.007897930505876342,0.002624217803722038,0.01309901239153005
90120,231,1,0.004893416971060554,0.007128909381784123,-0.009143152021781509,1.8329615809609123e-06,-0.005845946527375023,0.014301965137501736,0.05551110995601944,0.0008507421652175066,1.532234666964734,1642,1645,,0.00777657128257537,0.004893416971060554,0.02442591824883264
18438,231,1,0.0047482581518857765,0.0055350013017596835,-0.0014041040730186083,8.203659363625881e-05,-0.002889399334427445,0.12314335763525071,0.41888543991367216,0.00021448383674039435,0.3710531648218754,1642,1645,,0.0035130301481859994,0.0047482581518857765,0.023701345323363807
25081,231,1,0.0036655852130827097,0.006447220667835305,-0.003718564198417873,-2.737463589141953e-09,-0.014194693543183146,1.4044936037194101e-06,3.933771286915578e-06,0.0005587708712003828,1.2659793851350871,1642,1645,,0.0078021205927439954,0.0036655852130827097,0.01829708877833131
91655,231,1,0.00716458926201497,0.0027870778747452222,-0.0007547723291443376,-3.2565170560161505e-09,-0.0003721911160687874,1.5063814314986049e-05,3.641644432740374e-05,0.00028654299429483346,0.32771438362014654,1642,1645,,0.0038419775166070517,0.00716458926201497,0.03576267312501546
84083,231,1,0.007510230055114174,0.004551349136769181,-0.008481315907199027,-4.908284889637571e-10,-0.000606943352355449,9.460776735701996e-08,2.441619570690572e-07,-0.00044034734917744147,-0.45490039541248684,1642,1645,,0.007310296371997956,0.007510230055114174,0.037487969335338836
89855,231,1,0.0010164088749198227,0.0093075024143523,-0.002761501633981034,0.0009566325156492583,-0.0007254128985241248,0.29193914838248486,1.7691464955911176,6.878705564679428e-05,0.5767571975583933,1642,1645,,0.006872764435360246,0.0010164088749198227,0.00507349368202294
92611,231,1,0.0030699730713215725,0.00989575870117682,-0.004457305291379665,0.000286837936719464,-0.0008728548500362976,0.15359964518935051,0.8104035362632467,0.0011708895888170583,3.306635799888202,1642,1645,,0.004956566172713337,0.0030699730713215725,0.01532403874627639
56856,231,1,0.003466149819999702,0.009026566376905673,-0.010538117727189933,-1.5378827100676062e-09,-0.0022916310951834884,2.553274036853296e-07,1.1581905714158326e-06,0.0001432126756676833,0.4145937189321373,1642,1645,,0.0046627491057741445,0.003466149819999702,0.017301589593165082
59774,231,1,0.00534734273363418,0.013141871355395322,-0.0018843021629164625,-1.887379141862766e-13,-0.00025852325391206854,2.2281001730314973e-11,8.756811345138538e-11,0.0014422443631931803,2.248309693532793,1642,1645,,0.007885155850792028,0.00534734273363418,0.02669172834293124
85440,231,1,0.005917668653887911,0.0028242458586814215,-0.0024427478076434195,0.0002909930075279954,-4.908997422359285e-05,0.17847036860542514,0.8414578964611424,0.00034190364497505064,0.5024189910987403,1642,1645,,0.004263541134389371,0.005917668653887911,0.029538559991591797
86117,231,1,0.0019410067059798526,0.009440164293679937,-0.008441811010763134,-1.16173368258643e-07,-0.007070520571650585,3.733616235106381e-05,0.00016258055544976624,0.0002656209534618726,1.1631878460211134,1642,1645,,0.007715891670924885,0.0019410067059798526,0.009688704518966104
58334,231,1,0.0022658125481167975,0.01166219792115852,0.0003264509173913632,-2.3238457824703573e-09,-0.0011497666192246125,6.63921763671227e-06,1.933477143937706e-05,0.0003573839134497554,1.3040454646504702,1642,1645,,0.004461548288196219,0.0022658125481167975,0.011310001251637709
91979,231,1,0.006397414086609164,0.002410637508520552,0.001999358808416951,0.0006191874479481996,-0.009410766203804988,0.34809604145784595,1.546734153840007,0.0005777923211327579,0.7697851721735041,1642,1645,,0.0047170413898824735,0.006397414086609164,0.03193325122456892
80113,231,1,0.006641216293298763,0.002002242192253322,-0.0035173140796784796,-2.169153745512631e-12,-0.19454436575932643,5.90606725091181e-10,1.6770472437220942e-09,-0.00028340767824654417,-0.3384956988838072,1642,1645,,0.0037301992846193155,0.006641216293298763,0.03315021123527377
76515,231,1,0.003102327485705984,0.0028124800129804665,-0.0024308371129895257,-1.9375012705324934e-10,-0.0011492134645578744,6.7397534518458e-08,1.2800744471978926e-07,0.00011787568556877663,0.31638059458762197,1642,1645,,0.004391287685232499,0.003102327485705984,0.015485538631819807
83233,231,1,0.003861378812528393,0.004062735988666977,0.0005481816043095833,-3.0690217034390344e-09,-0.01819083830137047,2.1341538148766243e-06,5.235680066071053e-06,0.000257823278221027,0.5328596443427597,1642,1645,,0.005199284619315279,0.003861378812528393,0.01927440963244778
90346,231,1,0.004883462436977954,-0.0006471309331330851,-0.0013556795444529257,-9.517651999857435e-09,-0.0008125784769021926,7.235526046743025e-06,7.142221178222043e-06,0.00037670201046340117,0.6454088697872309,1642,1645,,0.002644353602452734,0.004883462436977954,0.02437622932243524
80054,231,1,0.005046107883935254,0.014813562383272829,-0.007554268218382898,0.0004889918811106231,-0.007858484907684371,0.18307663078197134,1.0975109118867095,0.00048599171992332935,0.8387219733904693,1642,1645,,0.007907511497189577,0.005046107883935254,0.025188088277929656
93104,231,1,0.001360767536252082,0.011409731599685315,-0.008871440656226026,0.002580599654391058,-0.006188491835077858,0.299351680887989,2.9279563786435645,0.00035177879341864726,2.1056233205704498,1642,1645,,0.008504726622381196,0.001360767536252082,0.006792390019637967
79915,231,1,0.005331378888778928,0.008395019172777508,-0.001190524333330334,0.0011390708405536465,-0.000344112912860961,0.3460367846322739,2.091049660411564,-0.00019967519804996978,-0.29817521174334644,1642,1645,,0.008131067961165047,0.005331378888778928,0.026612043416901543
76119,231,1,0.0022291517836638816,0.007452014916026529,-0.003198361711267639,-5.183631301974856e-11,-0.006232715569985947,1.5856839782061238e-08,4.743233645584717e-08,0.0003809884216944623,1.4835021386493612,1642,1645,,0.0048447879407256,0.0022291517836638816,0.0111270058435696
89184,231,1,0.0011807366105319717,0.012247042392936001,-0.002284591740508546,0.00026643499794232195,-0.001088554839067335,0.1670120122802423,0.7938118394711068,0.0001472770687997796,1.0577133599730477,1642,1645,,0.007945835462442515,0.0011807366105319717,0.005893749928285193
24766,231,1,0.002420218014481488,0.001440786222287934,-0.008761186323253511,-3.361501144105716e-08,-5.4949048461372385e-05,1.226015601375188e-05,1.8082751143632886e-05,0.0010635393051801742,3.678081077817445,1642,1645,,0.0037461676034747063,0.002420218014481488,0.01208072962424549
91854,231,1,0.0042917730938829505,0.001844948077414579,-0.0021827042915512074,0.0002724129391744601,-0.000274404566664721,0.2792880791255346,0.9272484092765702,0.00031448433487261897,0.663669848724635,1642,1645,,0.00307230454777721,0.0042917730938829505,0.02142276028257704
85442,231,1,0.003157408363448963,0.0032393691406282722,-0.003568955427972531,6.185027697858114e-05,-0.0013711238691969108,0.195263408396326,0.39601155599330906,0.0008978711733680346,2.3244759104006496,1642,1645,,0.003305442003065917,0.003157408363448963,0.015760479644363924
43123,231,1,0.006443764850344788,0.005909315654850558,-0.0005621434248399559,6.902341039949356e-05,-0.0014150009264279895,0.1073542747481053,0.3769295313125367,-0.00014486092420447097,-0.18111447497157313,1642,1645,,0.007064384261624936,0.006443764850344788,0.03216461511047377
91426,231,1,0.00420434375122841,0.003468974758245307,-0.0034189528088712784,7.936597573476867e-06,-0.0006649046390176938,0.054714050547702904,0.12031880938070974,0.000807122396023898,1.7002580160284526,1642,1645,,0.0038419775166070517,0.00420434375122841,0.020986349081802927
93065,231,1,0.004837784174424596,0.005481488137795157,-0.004518215471088993,-3.0735858302932684e-11,-0.0013090375475244276,1.6605268128363636e-08,3.7434432068199356e-08,0.0005945752589895358,0.9828176706123799,1642,1645,,0.004956566172713337,0.004837784174424596,0.02414822228492435
91040,231,1,0.012268862906807223,0.005808339941343984,-0.006474815648517707,1.8922909017504708e-08,-0.002051571208666836,0.0011829132632990493,0.006391985267771447,-0.0012322611250642375,-0.7816045621895124,1642,1645,,0.010909555442003067,0.012268862906807223,0.06124110087901602
47730,231,1,0.0031560013082541595,0.018244099446083194,-0.003305301181582454,4.0432872809748055e-05,-0.003257554287956488,0.04445023936218348,0.2690734954892554,0.0004806027908033157,1.2794524841080201,1642,1645,,0.009973811957077158,0.0031560013082541595,0.01575345620545342
84026,231,1,0.006070072550148413,0.03209777671176159,-0.01012769458549223,-2.014832745089734e-12,-0.0010854186946001043,4.4130460980012977e-10,3.0916272893271793e-09,0.0006079530773918421,0.8159719446089153,1642,1645,,0.007003704649974451,0.006070072550148413,0.030299297352188274
27828,231,1,0.004091065759138567,0.004451360345746025,-0.0020315421766703423,0.0001403260623088487,-0.010335330783900254,0.1693833399843076,0.57759717286914,0.00023267519804996939,0.44886410810418875,1642,1645,,0.005256770567194685,0.004091065759138567,0.020420912089504525
77157,231,1,0.004329438299551688,0.0030101383910489635,-0.004385262507725862,-5.511665346347172e-09,-0.009233503430764012,1.1017822915709201e-06,3.1510935802559808e-06,7.200548448572626e-05,0.1379044245642726,1642,1645,,0.004308252427184466,0.004329438299551688,0.021610769446711413
65330,231,1,0.003965790636089828,0.0027525411102452746,0.0027662191581074858,-6.960099163677569e-11,-0.0009599423275092889,8.438143868071146e-08,2.0362151222009412e-07,0.0002720341255202823,0.5831630640723837,1642,1645,,0.005432422074603986,0.003965790636089828,0.01979559037008077
66835,231,1,0.0036446551552170247,0.002926214150284744,-0.0015076287349418127,0.0004575456314254156,-0.009922789077833505,0.36621619140200523,1.3674976940427677,0.00046187809092329205,1.0636642089809023,1642,1645,,0.004956566172713337,0.0036446551552170247,0.01819261456626355
78089,231,1,0.0029544267615956806,0.010491021297213379,-0.008449497958909813,-1.8089907349860823e-10,-0.005037153951422235,2.0808527370072072e-08,6.537218484457624e-08,0.00036956002437284663,1.1237270634360927,1642,1645,,0.006703500255493102,0.0029544267615956806,0.014747279248361125
75443,231,1,0.001691594574442232,0.008029170886101665,-0.0064914584054327484,-5.188804941269609e-09,-0.00714402723999541,1.1519038301279448e-05,3.955164778151682e-05,0.0002531157806615061,1.287662549398038,1642,1645,,0.009782192130812469,0.001691594574442232,0.008443742078357928
89475,231,1,0.003079850079431951,0.004655500803347358,0.0019972552090944395,0.0001934525321235503,0.0001561922183789255,0.21555185350071013,0.717106034349169,0.0005179878123095673,1.3825859189157488,1642,1645,,0.004605263157894736,0.003079850079431951,0.015373340695011586
22509,231,1,0.0029006526582303948,0.0015860681721822526,-0.006793680196727658,-3.9576120158812955e-11,-0.002413253754054434,1.3407757094339805e-08,2.4123208686820272e-08,0.0007755411334550148,2.1970745094266597,1642,1645,,0.003346959632089934,0.0029006526582303948,0.01447886111426942
14816,231,1,0.0025850255984172918,0.004136821909275808,0.0009730835407287808,0.00042739766623955955,0.00017517521851828644,0.3648830869569985,1.318518231688949,0.0003782516758074347,1.1752946749746231,1642,1645,,0.0029413643331630043,0.0025850255984172918,0.012903381075329803
89728,231,1,0.0034439332694372934,0.002724818559610607,0.0013901879065020273,-4.5767589718082036e-10,-0.002788177502768052,7.12389730641303e-07,1.1060704339488216e-06,0.0004598238878727234,1.1160553074644395,1642,1645,,0.004043178334184977,0.0034439332694372934,0.017190693740427067
90850,231,1,0.0035445577740528104,0.002531738514015176,0.00022700746974990693,-2.093028417249343e-09,-0.014541890113221712,9.025443970307962e-06,1.4600585307190914e-05,0.0005699744055934114,1.3004234284705105,1642,1645,,0.00419647419519673,0.0035445577740528104,0.017692969744720895
67774,231,1,0.0025455040104257923,0.008871970677888684,-0.0034729418905241616,0.000890056810239348,-0.006537140191815505,0.28754184928927484,1.694250909695093,0.00037536502132845816,1.1890727735260473,1642,1645,,0.0076200817577925396,0.0025455040104257923,0.0127061056166772
85789,231,1,0.004031543898437157,0.007138723582547395,-0.004019545763112253,2.6477506496203063e-06,-0.0025575292600441557,0.017911225903278247,0.06706110738878533,0.0006361807291092748,1.3259291124946453,1642,1645,,0.0076105007664793054,0.004031543898437157,0.020123803522605527
78045,231,1,0.0038332708116462656,0.005054994760233727,-0.005945403629358248,-1.7740253710485376e-11,-3.500295842684409e-05,2.4360529078093474e-09,6.453590284258847e-09,0.000604705057891372,1.2974614388871075,1642,1645,,0.006345809913132346,0.0038332708116462656,0.019134106090823336
75416,231,1,0.0032002544004815546,0.013994747477793019,-0.010753077177654724,-3.069822840373604e-08,-0.006880212248390194,8.866317838966253e-06,3.664570855432208e-05,0.0003571663591570058,1.002878008430515,1642,1645,,0.008750638732754216,0.0032002544004815546,0.015974349380794277
89598,231,1,0.0016619039248118523,0.00854660423984787,-0.007452199843788643,-5.2773375225356745e-08,-0.0001435047032689596,1.4344406420666554e-05,4.073532581947132e-05,0.0004653363752791844,2.3720571279525546,1642,1645,,0.006115866121614717,0.0016619039248118523,0.00829553860726292
83366,231,1,0.007731289014219367,0.006151345492045171,0.002343815083677203,0.002737781839223463,-0.009971051051569368,0.4161080916481316,3.6254213400566013,-0.000796454570686573,-0.8010654137716582,1642,1645,,0.007089933571793561,0.007731289014219367,0.03859140443911361
89731,231,1,0.00461024890643599,0.0055273033027632605,-0.0032217007154706767,2.1546043668108084e-06,-0.00035099407276129035,0.02696203977003206,0.06109398298692746,0.0009190408015166231,1.7276690477068213,1642,1645,,0.005541006642820644,0.00461024890643599,0.023012460119655326
85081,231,1,0.005514763573563741,0.012771633279418344,-0.0013537193894139765,-1.1765632912386081e-10,-0.0012553395621774932,3.9363570918723046e-08,1.7493304982716615e-07,0.0007759159049254366,1.2014008421017541,1642,1645,,0.010839294839039346,0.005514763573563741,0.027527424089575137
80774,231,1,0.004049890743664617,0.01601773968857176,-0.012126578385009523,0.0011378334973753956,-0.010881220718251594,0.149564380498337,1.6075206666003365,0.0008880383177993971,1.761115809566068,1642,1645,,0.009951456310679611,0.004049890743664617,0.020215383403147116
79360,231,1,0.001382937904560886,0.00314100968155826,-0.00014385512806547318,0.0025174368329649033,-0.0031981037046528993,0.4517158594503901,3.7093247440020085,0.00027571016834864153,1.6690579238886483,1642,1645,,0.006837634133878385,0.001382937904560886,0.006903055349623119
89876,231,1,0.0033910952772164614,0.0053150455888600935,-0.007003444465726316,-3.5477509818804265e-10,-0.008217305301088995,8.455712619152909e-08,1.9531650233541975e-07,0.0008150432663006676,2.0131670318139996,1642,1645,,0.005649591211037302,0.0033910952772164614,0.016926948286881793
77073,231,1,0.0014011578292980643,0.0041417567892042375,-0.0019649432979520487,-5.014817450188502e-10,-0.0005365799731635867,2.0738521891916148e-07,3.7968593790222187e-07,0.00018629798901852816,1.0970996015883177,1642,1645,,0.006677950945324476,0.0014011578292980643,0.006994001695451022
91938,231,1,0.00210808557817565,0.006313456017654104,0.004050413224149674,0.004078737632507989,-0.008539665552584008,0.4771560178983308,4.955024894296347,-1.4500652377776051e-05,-0.057386455960297546,1642,1645,,0.004838400613183444,0.00210808557817565,0.01052269330379619
77131,231,1,0.0013818665061533474,0.006772230946148105,-0.002533876781040556,6.613781144382269e-05,-0.0010510083064090292,0.11360952624498122,0.3715852819370884,0.0003082810567275139,1.8829739992776664,1642,1645,,0.006853602452733776,0.0013818665061533474,0.006897707370885718
91461,231,1,0.003291081763715391,0.018321758021953585,-0.015307107514692442,-6.348788161858465e-11,-8.391063319512782e-05,5.896525186856541e-09,3.092337189464469e-08,0.0002726526508226287,0.6791621923456947,1642,1645,,0.0064064895247828305,0.003291081763715391,0.016427722098105526
12650,231,1,0.003887752337707534,0.0037669833810314683,-0.0009718151373299122,4.168659518244411e-05,-0.00010455181874813313,0.0998620236509041,0.29050755531346545,0.0006845205225961933,1.4691715044785911,1642,1645,,0.004998083801737353,0.003887752337707534,0.019406055387095094
87267,231,1,0.0033099413424066844,0.010026585054634721,0.0010402591422346008,2.044164519221514e-05,-0.00015664816416727234,0.04918114781933823,0.19252159838840563,0.0007264189979615351,1.842204555826299,1642,1645,,0.006368165559529893,0.0033099413424066844,0.016521861332518883
75331,231,1,0.0010117535612154383,0.004280311238839851,-0.00146569551189768,2.905987583734504e-05,-0.001412328821174702,0.09635218709910595,0.24185074681259522,0.00020180197800644402,1.6412633993445145,1642,1645,,0.0039186254471129285,0.0010117535612154383,0.005050256277027935
86486,231,1,0.0011525686657468265,0.010781798040858595,-0.020860763802195148,-1.224427226276248e-10,-0.0004950562047119078,5.641683444712739e-09,2.6629787186132366e-08,0.00025406215722111785,1.9715184737810605,1642,1645,,0.007361394992335207,0.0011525686657468265,0.005753147171432761
91656,231,1,0.006844015626747668,0.019174153829062776,-0.021886915170798993,0.0020469383678488606,0.0039154755686398035,0.16007236958228044,2.185974074687946,-0.0004298941421313731,-0.4871881765583691,1642,1645,,0.015652146142054166,0.006844015626747668,0.03416250182261506
84576,231,1,0.006007400547584804,0.009897245905590062,-0.0023528677625845873,-8.475886659198295e-12,-8.500596987315312e-05,2.513387750494847e-09,7.15686743791309e-09,0.0005463375990258192,0.7535005227154259,1642,1645,,0.006026443536024527,0.006007400547584804,0.029986464577020627
77501,231,1,0.005576220159779612,0.006370328680891353,-0.004995397407556279,-8.493268532916431e-09,-0.0008364371731939269,1.06766404487685e-05,3.228746215642321e-05,0.0004971505194952854,0.7627045887008232,1642,1645,,0.005374936126724578,0.005576220159779612,0.027834190007876975
59396,231,1,0.0031112772882946897,0.0081543198156745,-0.00517566794994373,-1.869193688719406e-11,-4.190788797941991e-05,4.529038034946256e-09,1.4565806031347613e-08,0.0005444223034721207,1.45979993186009,1642,1645,,0.006927056719468575,0.0031112772882946897,0.015530212353202585
78061,231,1,0.0012902334550566098,0.0037383393715323798,-0.004807353771219436,0.0004140653495716684,-0.011459112463068966,0.27413807381620675,1.1350997473769373,0.0003119136487027008,1.9774154373886543,1642,1645,,0.005831630045988758,0.0012902334550566098,0.0064403129922303215
89708,231,1,0.0016617956642318652,0.005093049896712953,-0.006220157571399154,2.179054655049306e-06,-0.0003699696349848125,0.02368431744715458,0.06140958464782845,0.0004974595638634473,2.492088072009355,1642,1645,,0.005272738886050076,0.0016617956642318652,0.008294998215121403
82694,231,1,0.0034011805082308933,0.006939723229132057,-0.0005677315424772456,2.54583494774252e-06,-0.0016814776210225535,0.027007712128477454,0.06641951099803524,0.0006429083313337895,1.585483142719648,1642,1645,,0.006760986203372509,0.0034011805082308933,0.01697728959843075
90630,231,1,0.0064269229724616544,0.010064921570419418,-0.005189203952542076,-7.226566012263902e-10,-0.8558815797997452,1.4956442389425057e-06,6.904007196067191e-06,-0.00014171237316287148,-0.17266706279961475,1642,1645,,0.009459632089933572,0.0064269229724616544,0.03208054740588961
80303,231,1,0.007789409161025481,0.004256080790516486,0.0031548860607034657,0.003798970424461645,-0.024395726865282574,0.534101032024557,5.353196527277352,0.000262706886040333,0.26790591649910805,1642,1645,,0.006083929483903934,0.007789409161025481,0.03888151622866516
60628,231,1,0.0030535346928638515,0.0049170167805324605,-0.0047196067192014635,-2.763100859226597e-11,-0.004611198009363049,1.2730982681746165e-08,3.0766792087337805e-08,0.0006438372943326409,1.7800946618743159,1642,1645,,0.0044775166070516095,0.0030535346928638515,0.015241985144319669
89839,231,1,0.001220432591612098,0.011659238902385266,-0.001854001109969472,0.00036883150238087303,-0.0024880183664315325,0.2382165365458853,1.0206185052310217,0.0002591432329591976,1.7541573896077884,1642,1645,,0.008277976494634645,0.001220432591612098,0.006091895885272837
27975,231,1,0.006735085506557756,0.01532830366730797,-0.0065777157062127944,-8.572116350080705e-09,-0.011401207552440784,8.80259613922948e-06,4.3675212722333933e-05,0.00013137720642520122,0.16413189326448568,1642,1645,,0.011385411343893714,0.006735085506557756,0.03361876761268983
23579,231,1,0.00421099775811714,0.007789019104610126,-0.0056697247678429985,-1.0377895209856547e-08,-0.0017679394768732593,6.530759943824266e-06,1.7973077116285585e-05,0.0006138324180836249,1.258125501388727,1642,1645,,0.007045222278998466,0.00421099775811714,0.021019563138412547
76274,231,1,0.005530373786108726,-0.00025526526847838185,-0.0022774740556879003,7.21462995789679e-07,-4.210833616125065e-05,0.026342310370979408,0.03535043957085358,0.0011962867641469605,1.7862010625471045,1642,1645,,0.004212442514052121,0.005530373786108726,0.027605343829038512
85918,231,1,0.0012418520736202645,0.006896433665869476,-0.005006114367350767,0.00023829768200289703,-0.0014731013529474257,0.1711354896766227,0.7539606702313227,0.00031094012882020694,2.1075634470436024,1642,1645,,0.006681144609095554,0.0012418520736202645,0.006198813100698773
89808,231,1,0.0019105834306738794,0.013689479895618752,-0.013960966474086511,-1.568176699606738e-10,-0.00024136420126863456,2.2311245812076542e-08,9.910013833880425e-08,0.0005201748933554507,2.4077401018264943,1642,1645,,0.004895886561062851,0.0019105834306738794,0.009536844082816846
34817,231,1,0.0033856986743271886,0.0014717988185214007,-0.002007308268893615,-6.810051411676454e-09,-0.0018345021783634508,4.2257137392635e-06,4.44780236831489e-06,0.00043611578298233456,1.052850333330911,1642,1645,,0.0033086356668369957,0.0033856986743271886,0.01690001067216914
92951,231,1,0.00278188656357888,0.009554725673598918,-0.0042103332561169715,-3.519162738996329e-11,-0.013206160586934246,4.0208043925734705e-09,1.189873477884814e-08,0.00044283180987195073,1.282477775255227,1642,1645,,0.007779764946346448,0.00278188656357888,0.013886029778651136
42286,231,1,0.003793922189044946,-0.00025465012468117113,0.00014388547120725015,-2.509132590589047e-08,-0.0029645045372301837,2.2999513963176815e-05,2.240333216508064e-05,0.0005400609384665874,1.1557013659812039,1642,1645,,0.0031010475217169136,0.003793922189044946,0.01893769400402426
90607,231,1,0.0026474476762788066,0.0064111063122239765,-0.005164377073784143,0.0012523726365538668,-0.0006796386033991464,0.31581175143911394,2.097663813291843,0.0007008939670932357,2.141730219683415,1642,1645,,0.005556974961676035,0.0026474476762788066,0.01321496632951614
72996,231,1,0.004146552091333131,0.006427848462364973,-0.007269402996527008,-1.3206280513600177e-10,-0.004021285881912862,2.013489041717152e-08,5.491771245029516e-08,0.0002803235831814348,0.5421112455958764,1642,1645,,0.005780531425651507,0.004146552091333131,0.020697876963359993
53065,231,1,0.003959175133434202,0.010509562024420592,-0.013541146064289578,-2.6868862690321293e-10,-0.00022543835586441574,4.7937927300206306e-08,1.9592158625771854e-07,0.0007728964046825596,1.6728197633228652,1642,1645,,0.008661216147164027,0.003959175133434202,0.019762568510714017
91106,231,1,0.0014355413935278447,0.006077193423584867,-0.002756664114966334,0.00024277051038645858,-0.0003701521171246558,0.16408730346689385,0.7549371472871292,0.0003817786195348791,2.2235099373395792,1642,1645,,0.005978538579458354,0.0014355413935278447,0.007165630259692928
84769,231,1,0.003048023322630608,0.014775471568423564,-0.00490931757473434,-2.168377477573813e-09,-0.0005560851197785599,5.626102099112588e-07,2.113926291237963e-06,0.0007653656308539752,2.1210640550738566,1642,1645,,0.008009708737864078,0.003048023322630608,0.01521447465838471
89704,231,1,0.0034021545950703616,0.01063226243329644,-0.009498341524456277,-3.6337599595981374e-12,-0.00046888225665298044,4.6281465782721e-10,1.201094813744017e-09,0.0008684076782450056,2.181733875749915,1642,1645,,0.007469979560551865,0.0034021545950703616,0.016982151837976005
75367,231,1,0.0013850474098905702,0.011584634836431044,-0.00572671298308669,-5.4176050312548796e-09,-0.008804646895335111,5.871788430460308e-06,1.840874815233593e-05,0.0003446026827839001,2.137685220202018,1642,1645,,0.006492718446601942,0.0013850474098905702,0.0069135851297405845
76592,231,1,0.002342185348910959,0.004348094446465608,-0.003554818012583061,-3.4919267477562244e-09,-5.518725005204672e-06,2.087572212462318e-06,3.565095341698043e-06,0.00047714686166944165,1.6611573963129522,1642,1645,,0.004343382728666326,0.002342185348910959,0.011691222757931758
30940,231,1,0.0038214491595272375,0.006209981477847995,-0.004623725877746843,-1.3285077482549923e-09,-9.244455937640339e-06,6.424550316021043e-07,1.7808037094063437e-06,0.0003122492383200879,0.6844783337975267,1642,1645,,0.006307485947879407,0.0038214491595272375,0.01907509728165518
91692,231,1,0.004789366973768756,0.008807702665986634,-0.006329954402517268,-9.110490140074035e-13,-0.00026503245513298523,1.075174107155409e-10,2.758535057677166e-10,0.0012676020719073636,2.1782676738102276,1642,1645,,0.006160577414409811,0.004789366973768756,0.023906543598629905
10375,231,1,0.003792371773774863,0.0055102649626923164,-0.001969088857697532,-3.299236395193361e-08,-0.0025068940215771107,0.0001269774151558432,0.00041775986404868527,0.0002943960200747432,0.656965743885012,1642,1645,,0.005435615738375064,0.003792371773774863,0.018929954970775563
90307,231,1,0.0042222442700351375,0.0156901801881547,-0.003776310764322721,-3.18576842683882e-08,-0.0093511093306764,0.00011625273728379658,0.0006017529882160349,0.0002663201599539013,0.5927530235684744,1642,1645,,0.008983776188042922,0.0042222442700351375,0.021075701085029017
90434,231,1,0.001615864660190883,0.014317689511458237,-0.00326198621960061,0.0005157628157745897,-0.007754143617309195,0.2246944706033948,1.1861577825121468,0.00018202731358022317,0.9689756970433676,1642,1645,,0.009999361267245785,0.001615864660190883,0.008065729596398178
88612,231,1,0.004130231415945163,0.006642743246286316,-0.0029671601721732443,-4.3321568554688383e-11,-0.0013809125733756922,1.638449795187736e-08,2.8149794116959402e-08,0.00019823217550102773,0.4174475865140531,1642,1645,,0.0048639499233520695,0.004130231415945163,0.020616410886557253
84172,231,1,0.005618320702861351,0.0032273639946408853,-0.0036619048534580756,-2.168904167376695e-09,-0.004992579494581761,1.0660311416587514e-05,2.447973320294776e-05,0.0009510639853754256,1.345045025468132,1642,1645,,0.004435998978027594,0.005618320702861351,0.028044338546133085
89540,231,1,0.003907168543266746,0.0028545967383013914,-0.0026265242093812535,-9.5568832847448e-09,-0.00106045059068971,3.644785796836584e-06,4.847530467838103e-06,0.0002878330280554957,0.6031406802415573,1642,1645,,0.003711037301992846,0.003907168543266746,0.019502973073140768
79057,231,1,0.0022779015582630514,0.012506273269691821,0.0006380780765353755,0.001337983141699417,0.000105332178283013,0.24129689102435267,1.9497918577520974,0.0006717449660550158,2.431125510202363,1642,1645,,0.007441236586612161,0.0022779015582630514,0.011370344601752364
80683,231,1,0.004237378925022694,0.01993498301733943,-0.028812761176478796,-6.076302794255639e-09,-1.5720467281266082e-06,2.1727722680536972e-07,1.3571233492750146e-06,0.000976781840207985,2.2272724191486692,1642,1645,,0.01166006642820644,0.004237378925022694,0.021151247037404744
52679,231,1,0.0019163642819274881,0.005803622419012014,-0.003061090519658416,-5.23530330198696e-10,-0.007759995410463683,1.1788180062644038e-07,2.8511403128401576e-07,0.00030535770870751517,1.3459615635906699,1642,1645,,0.009264818599897803,0.0019163642819274881,0.009565699706804006
77078,231,1,0.003237700369633799,0.004281139766007169,-0.0024084637099734962,-2.8531577100920913e-10,-0.00033940880905736215,4.985539274470234e-07,1.078469376525455e-06,0.0003097410115427378,0.79708255109744,1642,1645,,0.004241185487991824,0.003237700369633799,0.016161264206706362
79891,231,1,0.002280526540764829,0.004001593415819705,-0.001554479308518264,0.00071060704573922,-0.01759568097351427,0.3090513777834311,1.5627338138769422,0.00010212202149604938,0.3756920436980245,1642,1645,,0.005122636688809403,0.002280526540764829,0.011383447431201035
24109,231,1,0.00207473811156848,0.004140061723023489,-0.0031549697159305445,2.4373546140044056e-05,-0.0006850903197779257,0.132042957742131,0.23024097946576716,0.0006204667885435711,2.4326142291394426,1642,1645,,0.004352963719979561,0.00207473811156848,0.010356236511340206
85939,231,1,0.004294470502783397,0.002063300937109021,-0.0010658700871626348,1.4751261163681306e-06,-0.00011702166309945916,0.05230319753756255,0.05196785618114141,0.00014394141632180052,0.2843211571497258,1642,1645,,0.0022898569238630558,0.004294470502783397,0.02143622463472108
89179,231,1,0.003164069131256334,0.004718956370055453,-0.0026287716703559116,0.00033094746369688455,-0.00034681725299590127,0.2712923042411125,1.010964881249197,0.0009092804189166206,2.372030206929039,1642,1645,,0.004595682166581502,0.003164069131256334,0.015793727448689506
90160,231,1,0.001530517682378899,0.006711389336049506,-0.0018296200489009706,0.0008141779563334284,-0.0015288827571613428,0.2809128486237755,1.6040066657021659,0.00024702050747134715,1.3276303658701405,1642,1645,,0.006917475728155339,0.001530517682378899,0.00763971270162932
68830,231,1,0.0054692939595799754,0.006620421134506604,-0.005458052044406969,-3.363955780599781e-10,-0.0005338078855388062,5.7458350226835195e-08,1.5460117870856467e-07,0.0014702760511875494,2.1688803440509314,1642,1645,,0.0059849259070005115,0.0054692939595799754,0.027300458539624723
75313,231,1,0.0015903099862920622,0.00781510640768891,-0.0037402385270073335,2.270024875383747e-05,-0.005613752285756668,0.056138489577760506,0.20439366307058657,0.000154696625561345,0.8714472504043879,1642,1645,,0.005716658150229944,0.0015903099862920622,0.007938171209442879
88495,231,1,0.005119305564372182,0.00825808550337315,-0.004710908768166933,-1.0063097466428417e-08,-0.003840940867486875,2.5729375173213186e-06,6.797259904155385e-06,0.00029822303610963315,0.49919220518014173,1642,1645,,0.008396142054164538,0.005119305564372182,0.02555346089361523
92188,231,1,0.004116601396517276,0.008696944681278147,-0.008371819378131029,-3.5131897391238454e-11,-0.00022057856301493928,7.303053464703321e-09,2.579254809080473e-08,0.0006610895795254192,1.3464490763992847,1642,1645,,0.008297138477261113,0.004116601396517276,0.020548375454006857
75475,231,1,0.0015317589401831822,0.0029205514055886347,-0.0096893097600399,-1.6616830134097427e-09,-0.006355444425263146,2.286399242623714e-06,8.98261290773543e-06,0.0003143345503925007,1.9195340664759835,1642,1645,,0.004857562595809913,0.0015317589401831822,0.007645908548382713
21055,231,1,0.004725376976847016,0.006881969981035304,-0.002429940297712818,0.0005110683116631431,-0.004598509755544322,0.26079893645547353,1.2388430520597191,0.00023925373923738472,0.4131432834772062,1642,1645,,0.005113055697496168,0.004725376976847016,0.02358713193949743
59628,231,1,0.003653482244307688,0.031055527508332046,-0.012207480271055227,0.000457044281231167,-1.235479303307585e-07,0.10267524301362493,0.965015645265893,0.0005828541116715411,1.4890232266423336,1642,1645,,0.005611267245784364,0.003653482244307688,0.018236675752501878
87540,231,1,0.005200484675563144,0.005111099775109201,-0.0015009099394420744,0.00046261274539338704,-0.010775002856896476,0.3127927864617573,1.2661373309235149,0.00040474637651278443,0.6083767156654558,1642,1645,,0.004972534491568727,0.005200484675563144,0.02595867351808397
90839,231,1,0.002372530960021608,0.0159154368120635,-0.0031726732719048467,0.00020752504640886293,-0.004578233392967368,0.12464647201035335,0.6648353986250131,0.0005411159642706281,1.9268962380587238,1642,1645,,0.008102324987225344,0.002372530960021608,0.011842695526466121
85421,231,1,0.002655663996836704,0.005680127229671978,-0.0008378913668420918,-8.33320079607347e-11,-0.000841805817570096,3.038477098269224e-08,5.4490470399626853e-08,0.00027037233394263223,0.8216568995405443,1642,1645,,0.005991313234542667,0.002655663996836704,0.013255978811272807
85172,231,1,0.004889282317170974,0.006586696711115466,-0.002257894279816375,0.00026004929087675155,-0.0005396648133508819,0.15975042026421243,0.7761141917375612,0.00035181901279707505,0.5989797700686749,1642,1645,,0.007348620337250894,0.004889282317170974,0.024405279762782634
91065,231,1,0.004518598870697335,7.319789661532894e-05,0.0012087576123795962,0.00012837844281088362,-0.031906726849665557,0.20413252936418375,0.5755009307723947,0.0008164265691651437,1.443222986886074,1642,1645,,0.005272738886050076,0.004518598870697335,0.0225549809606762
77763,231,1,0.006126393113263471,0.007758508996217635,-0.0018321542591044349,8.472472004517062e-05,-0.03141625771210199,0.13254536233577885,0.42959563325654104,-0.00023068681904694907,-0.30009813802709806,1642,1645,,0.005930633622892182,0.006126393113263471,0.030580426362553082
91456,231,1,0.003557740774351959,0.0048291940020753045,0.0029754409833504525,0.005886263652091883,0.018976894375510645,0.5660204263643404,7.194522241664589,0.0004791916024186032,1.1057789381705743,1642,1645,,0.005410066428206439,0.003557740774351959,0.017758773842243277
90569,231,1,0.003910520253475417,0.007177702931830154,-0.005003578891386695,-5.1047166493845e-11,-0.0006426908411178989,8.130395109210722e-09,2.0927834433820868e-08,0.0006802949421085877,1.4391298553074667,1642,1645,,0.005489908022483393,0.003910520253475417,0.019519703427417736
91525,231,1,0.002621745221793072,0.018268118700588053,-0.012259860225585895,-3.685274196918442e-08,-0.007652564694088371,3.4544179296112313e-06,1.536244290773158e-05,-5.376477757551441e-05,-0.16800674415279682,1642,1645,,0.005943408277976495,0.002621745221793072,0.01308667028285269
91914,231,1,0.002374867681598441,0.010712962274928151,-0.002572118783517041,0.0002507938616653771,-0.004966675941875609,0.1987528295495971,0.8004217611950593,0.00037110871938812517,1.3400172970720503,1642,1645,,0.006364971895758815,0.002374867681598441,0.011854359476328468
75168,231,1,0.0018976473890709496,0.006741906124907955,-0.008999206167940477,-6.524094597892827e-08,-0.0062917167114882044,1.1042333434370128e-05,3.915280865950736e-05,0.000343302254779067,1.5123706609438203,1642,1645,,0.005860373019928462,0.0018976473890709496,0.009472272701198374
92426,231,1,0.006700086828954243,0.009971981183804502,-0.027426300924640712,-2.0317081350640365e-13,-0.013673757251324359,1.4534779205507646e-11,7.267145330086717e-11,-0.0005407617306520257,-0.6244656063743981,1642,1645,,0.011449284619315278,0.006700086828954243,0.03344406865631306
25232,231,1,0.004093838906574469,0.0034535689832775156,-0.0042574584639856194,0.000556118047623344,-0.08761094090299304,0.20494478227465118,1.2023722154587326,0.0008467135892748324,1.6299693527942076,1642,1645,,0.006904701073071028,0.004093838906574469,0.020434754497164018
76221,231,1,0.004695424582678317,0.010526703178129829,-0.0030995253485601726,-2.383619746026966e-09,-0.0062592977103348435,4.780776999538296e-07,1.305939054838613e-06,9.96825106250039e-05,0.17657554464121844,1642,1645,,0.006454394481349004,0.004695424582678317,0.023437621947676127
90302,231,1,0.0017671532302313876,0.014785387426938846,-0.003906353460102929,8.021965042315227e-05,-0.00533250204841873,0.07204984408688289,0.39068029091851625,0.0002052989216669352,1.0250828243070398,1642,1645,,0.009248850281042413,0.0017671532302313876,0.008820899708744289
91872,231,1,0.00265305962821792,0.012442655280806847,-0.0043969920557589415,-3.691180405773764e-08,-0.01213142930135147,1.6545012061011232e-05,5.720164765316789e-05,9.586654577515483e-05,0.3072103562133354,1642,1645,,0.008067194685743484,0.00265305962821792,0.013242978877821715
80191,231,1,0.0038859580626115775,0.015269369239856747,-0.012886950747223569,-1.479908684487441e-08,-0.008656051530381736,1.6409230784240458e-06,6.419694779987021e-06,0.0006330450944541318,1.3166487018080484,1642,1645,,0.008846448645886561,0.0038859580626115775,0.0193970991062245
14795,231,1,0.004307456869006477,0.005489736495200147,-0.005108686963213982,-5.852207607404125e-12,-0.004271768271204124,2.455220823185749e-09,5.890156567560423e-09,0.00048316453382106435,0.9357452847372707,1642,1645,,0.006652401635155851,0.004307456869006477,0.021501047216076864
65306,231,1,0.0031260806983165555,0.0021965488961911456,-0.0020750781545715302,-3.2869262867052385e-12,-0.00030195712074965186,1.1474971802432178e-09,1.8582683652690832e-09,0.0007004619134673701,1.8582304952505806,1642,1645,,0.003998467041389882,0.0031260806983165555,0.015604104867397972
83987,231,1,0.0027534329705773816,0.0062630468475823485,-0.0016683851485244094,3.7540623701537434e-05,1.662565215632128e-05,0.10908142475790783,0.27844526215502113,0.00046596160877513754,1.3732256501936286,1642,1645,,0.00437212570260603,0.0027534329705773816,0.013744001183775532
41217,231,1,0.004881996893977436,0.011871498503049692,0.010890837904535933,0.012573781389438987,7.410781368644148e-05,0.5259371885320823,9.672185887001039,0.000779066422544764,1.34100156405178,1642,1645,,0.0059753449156872765,0.004881996893977436,0.02436891393653363
59300,231,1,0.0028776882369263173,0.011514202233794108,-0.010700475588170555,-1.0539569217371536e-11,-0.00024409973432493182,2.7004283205522687e-09,8.295852310487973e-09,0.0005454741011555782,1.6680320096321783,1642,1645,,0.007061190597853858,0.0028776882369263173,0.014364232199398187
90827,231,1,0.0018759210030990176,0.011250069587364846,-0.013113428799983451,-5.43577383105287e-09,-0.008082671482654957,3.60673619034281e-07,1.699775059278412e-06,0.0003449402803141035,1.6006818475116293,1642,1645,,0.007955416453755748,0.0018759210030990176,0.009363823547829378
27991,231,1,0.0021065873566896006,0.0038354917360476034,-0.0033557905942607213,1.286309397197094e-05,-7.407609449039398e-05,0.0934419329095762,0.1599950804929909,0.0006451803778184032,2.5141816942082045,1642,1645,,0.0036375830352580484,0.0021065873566896006,0.010515214800379596
79452,231,1,0.002804869566982041,0.01696919005208503,-0.010259431901219696,-6.695450593952046e-08,-6.0865986124314375e-05,8.414596790679582e-06,3.393005173076582e-05,0.000549475928808847,1.7427953803643408,1642,1645,,0.007885155850792028,0.002804869566982041,0.014000751447693081
75306,231,1,0.0016135328337035964,-0.00044279853758302725,-0.0012799177005966555,0.001966279643853319,-0.003041786969235405,0.5409125156453864,3.917918250284419,0.0003329073735404333,1.6923009872112118,1642,1645,,0.0021333673990802248,0.0016135328337035964,0.008054090080802887
75415,231,1,0.001524858073956208,0.006378213118683796,-0.0040218221097521045,0.0004059538011559338,-0.0006383523952022685,0.23441615006292352,1.0660882649753847,0.00021778278634996883,1.2370173588545155,1642,1645,,0.0060871231476750136,0.001524858073956208,0.007611462271823193
64995,231,1,0.0038350747173339647,0.008684560671572706,0.0009302168342026906,0.000314185395861144,-0.006665119760021598,0.15501845366663036,0.8485308504161356,0.0007189400732905941,1.6283509501891822,1642,1645,,0.005732626469085335,0.0038350747173339647,0.019143110443633843
85935,231,1,0.0022910802645350814,0.01552150306875906,-0.014963760538979853,-1.8519759059643093e-09,-0.0049351737235645565,1.1898917565925787e-07,5.383161439595066e-07,0.0006328129189513222,2.250988306508742,1642,1645,,0.006361778231987736,0.0022910802645350814,0.0114361272652633
25320,231,1,0.0021224229671396437,0.0012289675999345297,-0.003356837935181156,-1.354553602617159e-08,-0.00834341250921522,4.276535914464388e-06,6.314447135099656e-06,0.00041797745280387674,1.5669444909008747,1642,1645,,0.002663515585079203,0.0021224229671396437,0.010594259633174475
89553,231,1,0.0017556067538464061,0.006609333398702876,-0.003172350085513198,-1.0445150477877974e-07,-0.0010985956591265111,4.3083021795518265e-05,0.00010710967297844334,0.00037189152707329,1.77094505945052,1642,1645,,0.00568791517629024,0.0017556067538464061,0.008763264463289105
76838,231,1,0.0022356459510127296,0.016237735578861035,0.006178127023043878,0.002189541864659472,-0.0007294142641454116,0.25138499070332193,2.532608781993912,0.0006798746360750745,2.533502427594496,1642,1645,,0.004962953500255493,0.0022356459510127296,0.011159422047153988
89629,231,1,0.0014662054781371884,0.0040166744757517085,-0.003976111919210323,0.0027186020230226537,-0.003381341215254796,0.41079570735044735,3.5865316234410476,0.00033137416209628274,1.8709024852503136,1642,1645,,0.006227644353602453,0.0014662054781371884,0.007318692716514544
70332,231,1,0.0048257798924533106,0.005316003890654391,-0.0014790724700814994,0.0005044914252942956,0.0016574991056432786,0.28004784118345905,1.2644266741653403,3.432997785178787e-05,0.06108389692854707,1642,1645,,0.006029637199795605,0.0048257798924533106,0.02408830186289602
85947,231,1,0.004027171790095392,0.005337759786595923,0.00046962805332373403,0.0007957405181362454,-0.0023760078060004464,0.2856771001318183,1.5993099050690904,0.0004428857111199884,0.9481490813560626,1642,1645,,0.006422457843638222,0.004027171790095392,0.020101979761915897
44329,231,1,0.0025403219619264225,0.006257033715549579,-0.004034560926818642,0.00011783058219150266,-0.00011705700305397748,0.1665323516404538,0.5269206535675129,0.0009390792504171146,3.1130923220343436,1642,1645,,0.005410066428206439,0.0025403219619264225,0.012680238968942976
92518,231,1,0.00615377274122104,0.004105013913400696,-0.002438399452616258,-1.509903313490213e-13,-0.002421270743599324,6.07623904711507e-11,1.329253233656211e-10,-0.000388255941499085,-0.4976604243796518,1642,1645,,0.004602069494123659,0.00615377274122104,0.030717094167101548
86876,231,1,0.004052837800732021,0.004222060281774524,-0.003487895491298687,-2.718179015204214e-10,-0.00035445865107597285,1.3669258834957273e-07,3.46601523058715e-07,0.00024475929305243507,0.4964022082876114,1642,1645,,0.004966147164026572,0.004052837800732021,0.02023009389592318
19880,231,1,0.005383333298462396,0.00391469779465351,-0.002756109056682776,2.111683250483054e-08,-0.008009778341954377,0.0029014162769140607,0.006302979027133213,0.0010539003328619225,1.5707752892970823,1642,1645,,0.004672330097087379,0.005383333298462396,0.02687137839103102
93001,231,1,0.004902448006398577,0.0009094420849743311,-0.0008947599631587977,-7.464053819461469e-10,-0.0018605381581475733,2.4861922333054487e-06,4.224144251065063e-06,8.527056673218756e-05,0.14761327402601418,1642,1645,,0.0035002554931016865,0.004902448006398577,0.024470997450579283
89960,231,1,0.006004591008711431,0.000506431295163339,-0.00013959180721201392,9.827030540388026e-05,-0.03799970448194245,0.1597998830079722,0.4777994213335677,0.000497560803696347,0.6943676171998293,1642,1645,,0.006745017884517118,0.006004591008711431,0.029972440518322218
81784,231,1,0.006314782585842577,0.0076441510871615975,-0.01821000247998561,-7.813283353641509e-11,-0.00012199280662295031,7.997704161941414e-08,4.5028752898586347e-07,-0.00023029494210868734,-0.28688014484689867,1642,1645,,0.013496423096576393,0.006314782585842577,0.031520788870667865
81134,231,1,0.005264996491503632,0.0021292675840296487,0.007346756537946031,0.005605912920684242,-0.017642329423612102,0.426287052771078,5.230033777625396,0.00021089961192836046,0.35893438374758657,1642,1645,,0.005799693408277976,0.005264996491503632,0.026280689882429188
27430,231,1,0.005124033667369468,0.009005911175413057,-0.002508111572333549,8.386268682047948e-05,-0.0011206353173578432,0.11559500726277909,0.41947978449121737,0.0006313005458295793,1.0194623947759434,1642,1645,,0.007607307102708227,0.005124033667369468,0.025577061632723865
90305,231,1,0.003048459924580061,0.01279451699698335,-0.019522980117407274,-4.5075054799781356e-14,-0.013120283832124935,2.8579417842637916e-12,8.966139695705658e-12,0.0011423686776355925,3.2507179321731896,1642,1645,,0.008086356668369954,0.003048459924580061,0.01521665399515239
55597,231,1,0.0053692670497517475,0.014306272187139186,-0.005209291577876529,-6.4173177882764776e-09,-0.004461291640456944,7.065125066141363e-07,2.65591153654192e-06,0.00033093967122976457,0.5278621728675197,1642,1645,,0.007588145120081758,0.0053692670497517475,0.026801165481911287
78044,231,1,0.005269335034154437,0.008423893997842767,-0.004362177872293982,5.236596566704499e-05,-0.0003661485127266495,0.08690745111837925,0.320768549178619,0.000681777079480331,1.081269098038792,1642,1645,,0.00681208482370976,0.005269335034154437,0.026302346097040442
18411,231,1,0.0017238125049842364,0.0028801391926472552,-0.002176397407166686,-4.2270675848499195e-10,-0.001271839517061668,7.690183186695714e-07,1.1088798447714188e-06,0.0003605984155340992,1.6860107873551002,1642,1645,,0.003078691875319366,0.0017238125049842364,0.008604560692880167
90371,231,1,0.006820521997177398,0.002735772191475411,-0.004126243994339918,-7.627232179174825e-13,-0.0015289332948147383,2.299493798431601e-10,3.785777664366032e-10,0.0007100847044485139,0.8835940275237506,1642,1645,,0.0038196218702095043,0.006820521997177398,0.03404523131845702
92927,231,1,0.0014092953372394626,0.006223341508245371,-0.003402618400559776,-1.0871929134737002e-08,-0.0006860845066474219,2.5711029467578644e-05,6.04088203703208e-05,0.0003300054843241371,1.9779166384136273,1642,1645,,0.00625,0.0014092953372394626,0.0070346207771481905
75278,231,1,0.003768199441528281,0.0005766705209493468,-0.000962999431413758,1.0770243276669866e-05,-7.978999577984425e-05,0.07755771668574943,0.14379027667431002,0.00047835026065371075,1.0335861471651286,1642,1645,,0.004365738375063873,0.003768199441528281,0.018809296662924337
93096,231,1,0.0032673739779551054,0.003994235003074685,-0.0028879123313705346,-1.8415435842911165e-09,-0.005545662905511062,3.6497088830010106e-06,5.46306208030197e-06,0.0006533991472186765,1.6542976064180306,1642,1645,,0.003707843638221768,0.0032673739779551054,0.01630938261461858
82775,231,1,0.004040868377071519,0.01713967618579853,-0.0031458457914259608,-3.78877551554524e-09,-4.437081919883568e-06,2.753505145879694e-06,1.5054087504483569e-05,0.0006714606914283586,1.420099890624054,1642,1645,,0.011420541645375575,0.004040868377071519,0.020170347472197984
54578,231,1,0.007553121743944713,0.013837166496522446,-0.0069683552750776645,-5.823075355237961e-11,-0.0008692863402615103,5.91356168503851e-09,1.8829177195808057e-08,0.0004828604509426492,0.5038435072549893,1642,1645,,0.009169008686765456,0.007553121743944713,0.037702066946706296
88490,231,1,0.006371356557786353,0.009618352879382275,-0.006873773031597086,-5.46229728115577e-14,-0.005886195094179092,8.978298287056169e-12,2.923290637683717e-11,-0.00028534125533211634,-0.34869083700724135,1642,1645,,0.00914665304036791,0.006371356557786353,0.03180318279333637
72726,231,1,0.003454786388888091,0.008295635170719354,-0.008630704942836243,2.275038038224153e-05,-0.005990973279570433,0.048109151096186104,0.2025564689614486,0.0006041664885211248,1.4675546610182677,1642,1645,,0.006569366377107818,0.003454786388888091,0.017244868034180853
79561,231,1,0.0018769867205678343,0.006280285951752005,-0.011901974548695016,1.281874296032992e-05,-0.007155656032026281,0.038053585340012776,0.1507516211741245,0.0005053584575656182,2.3480095557502416,1642,1645,,0.006131834440470107,0.0018769867205678343,0.009369143169664921
62930,231,1,0.0028708404695281043,0.001825300140079843,-0.0005967066898056039,2.6280446265403157e-05,-0.00015590659933772955,0.11843889434742855,0.23543909509712252,0.00017532297379646534,0.4964781596934654,1642,1645,,0.004343382728666326,0.0028708404695281043,0.014330050970280587
89281,231,1,0.0013409032026736125,0.0017346236242423041,-0.0027602662308936488,-2.2093806384404502e-07,-0.0035686624276227707,0.0002014678396952017,0.00038256658784192903,0.00029112004498057587,1.7780428518820355,1642,1645,,0.006013668880940215,0.0013409032026736125,0.006693235463440383
87842,231,1,0.0038263971501886367,0.00508998377846649,-0.005868487824660429,-5.906386491005833e-13,-0.0016852239518860834,8.473320871209592e-11,1.9584356086643964e-10,0.0004083144424131121,0.885971914771791,1642,1645,,0.005416453755748595,0.0038263971501886367,0.019099795609246326
89814,231,1,0.0018310282475602607,0.010870882064211404,-0.009492555280265158,-7.138543534068731e-09,-0.016584067831958427,8.994811955408306e-07,3.201609098849889e-06,0.0004615996339724937,2.2234731407274113,1642,1645,,0.007623275421563618,0.0018310282475602607,0.009139737437195554
29102,231,1,0.0063155444866042215,0.001641746132434656,0.001940297281782244,0.006269589559933508,0.004908382726935834,0.663205690695797,9.50738031601874,-6.548202315661219e-05,-0.08260878143498951,1642,1645,,0.005084312723556464,0.0063155444866042215,0.031524591964871305
40440,231,1,0.003660919029353589,0.0029074448182463256,-0.0017326182713888194,-9.846181203698734e-09,-0.0006075242450407359,1.69552462556408e-05,1.932848904195846e-05,0.00022075441790213811,0.4889718030375413,1642,1645,,0.0041645375574859474,0.003660919029353589,0.01827379711465834
86872,231,1,0.0013598225330182971,0.0023022343670186045,-0.003476463165556387,0.0012915873759774543,-0.005274404910851738,0.4140114107558178,2.4843614162004086,0.0004129419175351337,2.528666241466643,1642,1645,,0.004764946346448646,0.0013598225330182971,0.0067876729534509204
80183,231,1,0.002612879296174151,0.013749166969095523,-0.016727655261455032,-4.207523218724418e-12,-4.817114373767417e-05,2.699671828589826e-10,9.689934935583416e-10,0.0005544649603900408,1.7740719261707785,1642,1645,,0.006390521205927441,0.002612879296174151,0.013042415240691208
46703,231,1,0.003725652743269971,0.005610085166841411,-0.0019309309491306603,0.0004172215667094248,-0.0009336019422205855,0.22319539798550495,1.0642386676843933,0.0003108892615428717,0.719844979227182,1642,1645,,0.0058986969851814,0.003725652743269971,0.01859692110213292
79213,231,1,0.006671976253095613,0.008245704698197328,0.001232350705570373,0.002405447349940859,-0.0009201124626323498,0.39511333471347765,3.2914921527936856,0.00040551736745886714,0.4944618884302858,1642,1645,,0.005247189575881451,0.006671976253095613,0.03330375226146848
61735,231,1,0.0024191173830153873,0.01069991639671884,-0.001961945810386778,0.0003592572501081026,-0.0006522505068773388,0.17862524747216382,0.9334264891092113,0.0007663402461497631,2.5933443386266033,1642,1645,,0.006080735820132856,0.0024191173830153873,0.012075235726142785
21792,231,1,0.002485852521731334,0.005888137735886945,-0.00583970374600451,-4.153659638461704e-10,-0.0044299495036093095,1.107075657707287e-07,2.4532298129933746e-07,0.0005788647166363574,1.9000662488161664,1642,1645,,0.00307230454777721,0.002485852521731334,0.012408350000327951
92672,231,1,0.0035637750295089638,0.022731146620421378,-0.023796680586340324,-1.8719026328994914e-11,-0.0016924931025534828,1.7040126906893698e-09,1.3039025428581641e-08,0.0007335850091407503,1.6323870996379612,1642,1645,,0.015358329075114972,0.0035637750295089638,0.017788894353948953
32651,231,1,0.0069051798511697935,0.003813643460049965,-0.0018401108907004637,0.0001969531059543561,-0.014448434178184533,0.2101343702031533,0.7184643194581443,0.00016118220597196835,0.18898405780688407,1642,1645,,0.003701456310679612,0.0069051798511697935,0.03446780839148574
91068,231,1,0.004126248285808783,0.002222032459960426,-0.0003768579342247058,0.0003014095985203191,-0.005275452398500358,0.2731198689927594,0.9674754158866716,0.0005719064618363919,1.1594718065791592,1642,1645,,0.00437212570260603,0.004126248285808783,0.020596528744556877
13936,231,1,0.004264806387296602,0.004176505002647544,-0.0018995633039642357,-4.250333418553964e-11,-0.0007818025442551946,2.0824881361909036e-08,3.173181375295226e-08,0.000552446069469778,1.088551561904179,1642,1645,,0.00459887583035258,0.004264806387296602,0.021288153611121522
90689,231,1,0.0034256990987923917,0.01014772993202456,-0.003120498629078483,-1.830844365002804e-10,-8.987853700181958e-05,1.1611283748670632e-07,2.605015799844993e-07,0.00046420780011150484,1.0887568630337654,1642,1645,,0.007150613183444047,0.0034256990987923917,0.017099676284906388
91749,231,1,0.0021499420156718845,0.008974372166069935,-0.008121644016932938,-6.875453473220716e-08,-0.0015656694934476079,0.0002934502419237204,0.0010225314226888118,0.0004117026951977765,1.639286182015469,1642,1645,,0.0063521972406745016,0.0021499420156718845,0.010731623367699738
90925,231,1,0.0027763839863044816,0.010332475688493107,-0.0034654219899488137,0.0006484804220600049,-0.0006420540453258017,0.256648756814234,1.387626235095644,0.00101164280743633,3.137627928241699,1642,1645,,0.005282319877363311,0.0027763839863044816,0.01385856318353831
64020,231,1,0.004842786240192473,0.0025683439400456163,0.0009011205712988746,7.712660348158096e-07,-0.007149855903286095,0.02160066206077119,0.03648123719016965,-0.0001884632220216736,-0.3198239046525102,1642,1645,,0.004087889626980071,0.004842786240192473,0.024173190533132917
79767,231,1,0.003001355817814427,0.008774528157214342,-0.001266270140366732,0.0002819342315176776,-0.005285408651094281,0.2096484418412301,0.8605373324218921,6.252468007312588e-05,0.16578389643005242,1642,1645,,0.005403679100664282,0.003001355817814427,0.014981529731709069
89852,231,1,0.002021048652160525,0.008540876859254917,-0.011956482952259151,-4.600605230109522e-09,-0.00451901126098031,3.152162762002633e-07,8.551503313506574e-07,0.0004971297989127683,2.037230341008741,1642,1645,,0.005965763924374042,0.002021048652160525,0.01008824088495513
57007,231,1,0.0038795271977348795,0.003566989217173106,0.0006540127139093022,0.000311525524459344,-8.777880585109088e-05,0.29972068108912203,1.0207633980428394,3.9525289457647594e-05,0.08117480992436964,1642,1645,,0.004116632600919775,0.0038795271977348795,0.019364998882459288
88661,231,1,0.003979578018326776,0.0023763650468175694,-0.0015404537781136263,-8.389560157695541e-10,-0.002083925303188794,4.047104654825574e-06,5.873478055034446e-06,0.000198614868764407,0.408802230246002,1642,1645,,0.004761752682677567,0.003979578018326776,0.019864411292838172
23799,231,1,0.005589969049803665,0.0072706101440131905,0.003289660439359743,0.000983723160504213,-0.0025210964010977666,0.40368756275001216,2.1344821565829597,0.0003928837971594932,0.5563696410490191,1642,1645,,0.0029669136433316304,0.005589969049803665,0.02790281879339143
76932,231,1,0.0028722307638389495,0.013469273997588101,-0.004985331456109687,-1.4141594562033788e-09,-1.0174992677303152e-05,6.265069725567532e-07,2.7245732610955026e-06,0.00045612309567363596,1.2620219105875954,1642,1645,,0.009223300970873786,0.0028722307638389495,0.014336990745774759
59248,231,1,0.002824182700461385,0.015190598554364894,-0.0036324511964311856,-1.3374715779335133e-08,-0.003125132384786955,1.593642800053435e-05,5.082612009241493e-05,0.00051821998781116,1.4648592282241362,1642,1645,,0.005885922330097088,0.002824182700461385,0.014097154640448797
85077,231,1,0.006392323734916633,0.010978600286352036,-0.008835900006644248,4.284487431505113e-09,-0.015345313360010548,0.0009625548432069753,0.0034818287512253,0.0009764801950027136,1.2392872882212793,1642,1645,,0.009124297393970363,0.006392323734916633,0.03190784228945571
50286,231,1,0.008819434867328321,0.0076846707208828285,-0.003641455899372703,-2.1249668691325496e-12,-5.203337590664603e-05,3.3864924021148753e-10,1.2371634770297546e-09,0.0008066587446676606,0.7377137488330848,1642,1645,,0.008817705671946856,0.008819434867328321,0.044022979513960565
38762,231,1,0.0023956485733517188,0.004978400391701285,-0.009873851158444413,-1.0773426595278579e-10,-0.003850944735597217,9.606028818454028e-08,1.8035358166158008e-07,0.0010509177330893986,3.6027206401689114,1642,1645,,0.0038994634644864586,0.0023956485733517188,0.011958089112716555
86372,231,1,0.0034383667818767287,0.009573749891898587,-0.0032272390084564506,0.0008182713305511236,0.001583965987050795,0.33919703599472706,1.7542961362846667,0.0008193893403317059,1.9437924587008184,1642,1645,,0.005429228410832908,0.0034383667818767287,0.01716290813153831
28118,231,1,0.005349942092630705,0.0032924449126689667,-0.003842220448808664,-2.9937372580945976e-09,-0.0008203547536593803,9.836372403783855e-07,2.1739599945524038e-06,0.0007293991447406387,1.2724251884150413,1642,1645,,0.00437212570260603,0.005349942092630705,0.02670470327041524
42200,231,1,0.003141634123109502,0.0032461368744899867,-0.0016941087419446443,0.0004181312411011273,-0.0013134277916491133,0.36240286133169203,1.297954542987787,0.0007282300179343314,1.9402862074972698,1642,1645,,0.004234798160449668,0.003141634123109502,0.015681741145836665
91560,231,1,0.007266114207029351,0.010972637117667714,-0.003791575755232257,-3.5553782140596013e-12,-0.002150043870292384,6.39630745521573e-10,2.2515215921748666e-09,0.00017215356489948925,0.18571036481724235,1642,1645,,0.00395056208482371,0.007266114207029351,0.036269443756213285
65365,231,1,0.004606345472649554,9.118156897976128e-05,-0.0015082971388855615,-4.047828738862336e-11,-0.0020142872032060666,3.220220862968498e-08,2.266732152711582e-08,0.00073117489335756,1.3233277877329375,1642,1645,,0.001903423607562596,0.004606345472649554,0.022992975788947136
92170,231,1,0.0018455217726091003,0.01606538970620031,-0.010007630723914529,-1.703097662897335e-10,-0.021808545218090503,2.5940551967866717e-08,1.1204813164368229e-07,0.0004990213284587581,2.291481110475776,1642,1645,,0.007102708226877874,0.0018455217726091003,0.009212083133479768
77816,231,1,0.0023954495002290245,0.0027162269235925704,-0.0029827369829207306,-4.494361083295928e-08,-0.021061032625432796,2.7196479888859284e-05,5.4024728297104925e-05,0.000130244975142371,0.460838998176308,1642,1645,,0.004758559018906489,0.0023954495002290245,0.011957095421835678
50788,231,1,0.004209068457489452,0.007948087192577544,-0.006308698988877648,-1.806117411184971e-08,-0.004333101603186007,3.2256105088812256e-06,1.0321591619695122e-05,0.00042401828165779135,0.8222592759110648,1642,1645,,0.005576136944302503,0.004209068457489452,0.021009932865805894
67598,231,1,0.0030889907525174956,0.016836287253438588,-0.007694147958987596,-3.659099023778367e-09,-0.0004146989875695173,4.531988665835507e-07,1.571944007295745e-06,0.00030222242524614526,0.8267808136574722,1642,1645,,0.006770567194685744,0.0030889907525174956,0.015418967163151788
92120,231,1,0.0021246027779195805,0.0071151408007907365,-0.009488330934171563,-4.538910580720312e-09,-0.012976443905761137,1.5031833616281024e-06,5.260080795498936e-06,0.0003361304082671949,1.3728422881754871,1642,1645,,0.008319494123658662,0.0021246027779195805,0.010605140349088028
84103,231,1,0.004071860678883857,0.013597950028303402,-0.0014388733506438545,0.0030193853170706886,0.0007119567744586774,0.41263427067528125,3.7939924279622455,0.0006253381193705419,1.3008197493127114,1642,1645,,0.008440853346959633,0.004071860678883857,0.020325048253857968
85067,231,1,0.0035740560670673616,0.0071978797061767056,-0.002095472021202971,0.0004680853205514257,-0.003089495051544988,0.2985762630851817,1.2484603230385296,0.0009991927086611067,2.2212089764564493,1642,1645,,0.005946601941747572,0.0035740560670673616,0.01784021305096573
38156,231,1,0.005442854249794842,0.022075241595847152,-0.02356334993610054,-8.052438715822063e-09,-0.005748320052093137,1.3908650559738868e-06,1.007041047301318e-05,0.0008215472273012143,1.191164005837182,1642,1645,,0.016753960143076136,0.005442854249794842,0.027168482418735408
80185,231,1,0.003832142661433009,0.007083142607926872,-0.006620226022400644,-2.0896733898823072e-08,-0.003357460246634858,3.37957503297303e-06,6.87104898108347e-06,0.00042499146910310315,0.9294559728611534,1642,1645,,0.006285130301481859,0.003832142661433009,0.019128474830490447
75846,231,1,0.005497891809267098,0.02306968291291785,-0.022892420398455515,-1.214848222019782e-10,-0.0003867536936108529,6.647278679304167e-09,4.556815503663695e-08,0.0005652333942774122,0.9852321817303945,1642,1645,,0.011299182422074604,0.005497891809267098,0.02744320720434738
79758,231,1,0.0059018658009129385,0.0056898868483605735,-0.0038970108561051653,-3.4443952134921574e-09,-8.239612480753777e-06,1.1530371636824443e-06,2.550263279095822e-06,0.000970776965256389,1.3807594016447933,1642,1645,,0.006157383750638732,0.0059018658009129385,0.029459678670595086
85426,231,1,0.0040725041269902675,0.015969241364386016,-0.007809348820755124,-7.157252568390504e-11,-0.0010698902176222713,7.709170414099123e-09,3.789269640756151e-08,0.000780772090185195,1.67463649782386,1642,1645,,0.010424118548799183,0.0040725041269902675,0.020328260081286024
71298,231,1,0.005357531333270643,0.005098506193255844,-0.0011745670847342904,0.0014801554132818362,-0.0034244019308453666,0.4090523446814007,2.6430873711752,-0.00028095209247796496,-0.4112854691815724,1642,1645,,0.006262774655084314,0.005357531333270643,0.026742585627986266
75837,231,1,0.001655642792968528,0.002753977247871926,-0.007043978321285227,-6.261169360755048e-11,-0.0005285730236612718,2.405772001724078e-08,6.524648766892738e-08,0.00037481413772016097,1.9132278425674507,1642,1645,,0.004375319366377108,0.001655642792968528,0.008264285620759902
89964,231,1,0.003791633765750556,0.0057521903880319945,0.0002659484772796761,0.0005032194718934679,0.0006384779501943383,0.27783098722377414,1.2595628931735774,0.0006451849681863603,1.4696964540755668,1642,1645,,0.0036280020439448135,0.003791633765750556,0.018926271139257565
88818,231,1,0.005877977343025877,0.013022717612954027,-0.001818775621406754,0.000940353532851379,-0.014193316639680154,0.1746956091253291,1.5031688429165282,-7.006614883719359e-05,-0.09215073388149074,1642,1645,,0.013368676545733265,0.005877977343025877,0.029340437346405707
60943,231,1,0.002953171950349535,0.006371530240004305,-0.007630246777830196,-3.2834611918275414e-08,-0.0008415992346477719,4.778376219590624e-06,1.0473056881032182e-05,0.0007438805598409471,2.1454243956602115,1642,1645,,0.0064256515074093004,0.002953171950349535,0.014741015748418787
88822,231,1,0.0032137023030729627,0.01320078814718797,-0.007886990502017799,-9.382292720516716e-10,-7.372342528011444e-06,9.023188408000611e-08,3.2996100692521046e-07,0.0005146099939027942,1.3057055429433821,1642,1645,,0.009453244762391415,0.0032137023030729627,0.016041475761247568
91691,231,1,0.0011584944634065893,0.010540564646088893,-0.007039219291428145,-6.540749941663648e-09,-0.0038048331765150323,9.47647915645021e-07,3.1546581459545555e-06,0.0001915057891217935,1.4377713197820188,1642,1645,,0.0070867399080224835,0.0011584944634065893,0.005782726308067242
83720,231,1,0.0037387848430109477,0.012790776401626782,0.0009144552706615849,0.0005883598662751455,-0.0005518438693736805,0.21735209119976096,1.2572400125676768,0.0007628678877497217,1.857006934675142,1642,1645,,0.005869954011241696,0.0037387848430109477,0.018662471125073046
68144,231,1,0.003966081428816586,0.010212712911029728,-0.00380329747362107,-1.2957768191768082e-10,-0.005200110309767858,4.5591559735919606e-08,2.0033624420404443e-07,0.0006496800730998939,1.4155225763083803,1642,1645,,0.009456438426162493,0.003966081428816586,0.019797041887377003
91683,231,1,0.003842817674552633,0.0039624348586195166,-0.001509527042443226,8.38565285329329e-05,-0.011440947391255785,0.1377450347115145,0.4292785287352525,0.00036614481023910204,0.8209907822042476,1642,1645,,0.005397291773122126,0.003842817674552633,0.019181760090934672
63765,231,1,0.005930680540755026,0.010585889667531835,-0.0022823419115343135,0.0051849325825318315,-0.0005551133672885289,0.35192040137237013,4.499021915530232,-0.0006104408370145202,-0.8106115528907863,1642,1645,,0.01114908022483393,0.005930680540755026,0.0296035099614715
30796,231,1,0.006399216170224211,0.013404300131790666,-0.00590654666401802,-4.051805557736543e-10,-0.0005494517854425229,2.4321814402178507e-07,8.702468103655359e-07,-0.0003057245581970437,-0.3723499588186657,1642,1645,,0.01046244251405212,0.006399216170224211,0.03194224648234462
86593,231,1,0.004836287600338816,0.011893305318563743,0.005948152856064093,0.003678528316112928,-0.006904697393200099,0.3738360443180385,3.9342042590250683,0.0004485723890727398,0.7577766850237179,1642,1645,,0.0072240674501788445,0.004836287600338816,0.0241407520046501
84375,231,1,0.005229653427199295,0.010642427574434715,-0.010330922515084051,-1.91652671510667e-09,-0.00015008315609610356,2.3956063404203436e-07,8.023306931015425e-07,0.0005046154783218768,0.8271458687784407,1642,1645,,0.00918178334184977,0.005229653427199295,0.026104271889753228
90271,231,1,0.006467225496472203,0.00784574981964998,-0.012352474844467887,-1.7612578062653483e-11,-0.07989919114912114,2.5152017786163566e-09,1.0352660052798701e-08,-0.0008407404021954258,-1.0049603783602281,1642,1645,,0.011548288196218701,0.006467225496472203,0.032281720974895706
58318,231,1,0.006499418694240392,0.012465671562398651,0.000911340608533262,0.0013768145235610874,-0.015254823591547506,0.27084855763718996,2.060846368447832,0.0006386148689823283,0.7941180290952025,1642,1645,,0.00667156361778232,0.006499418694240392,0.03244241613361705
89893,231,1,0.0020833233953817883,0.00941965814631622,-0.0045036486984562085,0.00037735424110307836,-0.0021182166063824504,0.2347226245704292,1.0275868474904464,0.0005411585177246668,2.185746475735502,1642,1645,,0.007367782319877363,0.0020833233953817883,0.010399090705415035
90105,231,1,0.002240311366960073,0.014121041657459045,-0.0033183912934062754,3.0603056055178435e-05,-0.007392529933214931,0.06419603511010658,0.23911357070116437,0.0005282925282793274,1.9875380292005886,1642,1645,,0.00760411343893715,0.002240311366960073,0.01118270987837715
86313,231,1,0.0028126342519042323,0.01570947555139299,0.000524646020362729,0.00029080317069918316,9.980458321312558e-05,0.1532888037601808,0.8142766096970719,0.0003200150812247713,0.9558934749484113,1642,1645,,0.007763796627491058,0.0028126342519042323,0.014039509550723955
84780,231,1,0.004298327585861724,0.006123773991146968,-0.01014159779879864,-2.6068036618198676e-12,-4.400135695159513e-05,3.327461432745763e-10,8.524270584790335e-10,0.00043938452163317493,0.8414953438050641,1642,1645,,0.0056719468574348494,0.004298327585861724,0.02145547760182103
86408,231,1,0.0045799199773285245,0.004616295768942792,-0.00015564290107050738,0.0011436608797423808,-0.012526190526045644,0.3581698495739931,2.137341344065845,0.0011891895185862282,2.087963628666127,1642,1645,,0.004962953500255493,0.0045799199773285245,0.022861070620797022
54148,231,1,0.005077295090791379,0.010118003057749602,-0.002849135873618458,0.003960006131387139,-3.248297545077605e-05,0.3819271604853739,4.134787967565701,0.0010746173065204147,1.7341953968943917,1642,1645,,0.009207332652018396,0.005077295090791379,0.025343761945140573
90303,231,1,0.0039166275437575405,0.005752089174689435,-0.004954603487768328,-2.6124092000756605e-08,-0.0003230602633101931,7.253446890376734e-06,1.9517314530724965e-05,0.0006211066407386766,1.3292905938346604,1642,1645,,0.006345809913132346,0.0039166275437575405,0.01955018850033003
90943,231,1,0.0063803263946001325,0.012011222996838267,-0.003044249003345101,0.0012671610535643918,-0.00019457447697912578,0.21120597705647787,1.8293587749935354,-0.0007897410115783144,-0.9768585766079765,1642,1645,,0.012046499744506898,0.0063803263946001325,0.031847956517303586
80864,231,1,0.003919058998783659,0.005086705366299332,-0.0032047754832518205,0.0004871621047201069,-4.725309514053144e-05,0.3009391743969714,1.278055172241473,0.0004689050217447124,1.0165402140285515,1642,1645,,0.005595298926928973,0.003919058998783659,0.019562325320479412
84032,231,1,0.004331163025581353,0.0031949377492322376,-0.0013181915112463471,-3.806510662229812e-12,-0.000210018846974247,7.769161899341887e-10,1.6220872690730051e-09,-6.593601462523904e-05,-0.12496083505191849,1642,1645,,0.004825625958099131,0.004331163025581353,0.021619378567342532
75342,231,1,0.005093237473371017,0.007277814666781439,-0.002018484735422321,0.0005438485761484202,-0.0038425207538588246,0.2868985449799587,1.3237349656711483,0.0006808612582008868,1.1197723710932643,1642,1645,,0.006131834440470107,0.005093237473371017,0.02542333974034683
65285,231,1,0.007451096244319925,0.0061349642148591805,-0.00809733014745051,-4.750200233161195e-12,-0.00701116886159836,3.2463803465342317e-09,9.269981962926305e-09,0.00043091346739367097,0.4769906268791871,1642,1645,,0.008386561062851303,0.007451096244319925,0.037192797753447415
78056,231,1,0.0012817361719945498,0.007851330567219626,-0.0006825275745572235,0.0016749310114380078,-0.009751717457089581,0.371694502370753,2.6400021860104457,0.00036697391396288827,2.38344814733074,1642,1645,,0.006451200817577925,0.0012817361719945498,0.006397898061592174
11308,231,1,0.0018575973671845357,0.002885143562723658,-0.0015239244470088842,0.00011779272580147992,-0.0013325987125187844,0.18910323929303174,0.5414614480330447,0.0003520371264039623,1.5499196056003561,1642,1645,,0.0028295861011752685,0.0018575973671845357,0.00927235951860084
89284,231,1,0.0028787337913650695,0.011652355942382142,-0.010022345838330393,-4.031969957907222e-08,-0.006242295522881358,4.766578177250232e-06,1.9174279890130176e-05,0.00028211517290883535,0.8443891247040489,1642,1645,,0.006029637199795605,0.0028787337913650695,0.014369451175707931
11144,231,1,0.005694698724300433,-0.00037043668392157457,-0.0011959897697411126,1.8978524297996735e-05,-0.0004446720711503982,0.08481318419734216,0.19240749479599992,0.0009311569588662929,1.3345056527968187,1642,1645,,0.005058763413387839,0.005694698724300433,0.028425586111732272
87444,231,1,0.002886684783062331,0.0039003529513253715,-0.002377030800401414,0.003321088572498909,-0.00025368995511421133,0.5572709911942332,5.2711112452493625,0.0004873561084711817,1.4116580250694308,1642,1645,,0.005390904445579969,0.002886684783062331,0.014409139245280382
48653,231,1,0.003488357247797831,0.009244817486270922,-0.004646309842472718,0.00015767887699269512,-0.0001864501936719165,0.16662817946340958,0.6099894678512171,0.0010801322391254303,2.5021976705016695,1642,1645,,0.004713847726111395,0.003488357247797831,0.01741243990882833
17726,231,1,0.002666123907532496,0.007821477171737966,-0.006268473663131102,-4.9689585779333356e-11,-0.0006516871884170161,1.0141079868946279e-08,2.3272888202543524e-08,0.00042613772090266123,1.3117590711508422,1642,1645,,0.005649591211037302,0.002666123907532496,0.013308190369179377
87844,231,1,0.0035666242498880586,0.0057916539035365215,0.0009125309858259989,0.0004148708752871322,-0.006282654538297683,0.30299088097601184,1.1837586027159408,-0.00016177940280316915,-0.36847764389221527,1642,1645,,0.005662365866121615,0.0035666242498880586,0.017803116486349333
13901,231,1,0.0019338121874303623,0.00514037354997539,-0.011061082162143077,2.2456446410190622e-06,-0.001214215320152423,0.03348027956067891,0.0635182941371637,0.0009000426569165142,3.7681161251934943,1642,1645,,0.003781297904956566,0.0019338121874303623,0.009652792451188344
85897,231,1,0.0023700684960124624,0.021489288887235645,-0.0035792325314223383,-4.9470205709667425e-11,-0.013362504034091227,1.4617046238435578e-08,6.660033213958858e-08,0.00043012492382590357,1.4707441786545892,1642,1645,,0.0071059018906489526,0.0023700684960124624,0.011830403922269339
90458,231,1,0.0023179948718642465,0.007982031447359796,-0.002100936705958567,-8.35319637904064e-08,-0.002672335430773831,7.507317591727656e-05,0.00020504828727314187,0.0006598458224126734,2.4037486243938964,1642,1645,,0.004426417986714359,0.0023179948718642465,0.01157047387872574
78963,231,1,0.004424640677074078,0.005739953775697427,0.0040362609785103976,0.002201604429332926,-0.0016479111733984642,0.4382829336038058,3.3856376170206217,0.0001527056989601106,0.2954647700977279,1642,1645,,0.004241185487991824,0.004424640677074078,0.02208598042999952
90102,231,1,0.0043888279413420985,0.0045061390646748915,-0.005361019021953517,-1.579858466271844e-10,-0.002542696331934824,7.085094621390141e-08,1.8490868305508305e-07,0.0006477184643641428,1.4206152401943608,1642,1645,,0.005205671946857435,0.0043888279413420985,0.021907218031366898
82656,231,1,0.004135263695978845,0.0025379192930109346,-0.001826366044009875,1.0689511010242292e-05,-0.0041276431587113915,0.0698294496912697,0.14189335686052199,0.0003422595978062154,0.6532591566788376,1642,1645,,0.004611650485436893,0.004135263695978845,0.020641529951912787
90564,231,1,0.004486576221120745,0.021454193574279665,-0.010543386594907389,-5.4161564122523487e-11,-0.010300804439816513,3.6230349783929465e-08,1.6763157393890454e-07,0.0011543101767215113,2.1087907168075812,1642,1645,,0.005905084312723556,0.004486576221120745,0.022395137108150533
80381,231,1,0.0027280231475600002,0.008590244704009521,-0.012178052418361673,-7.288559422669039e-08,-0.0005951420622816173,7.466625458472584e-06,2.0085039001766845e-05,0.0005370633764875843,1.758769057147608,1642,1645,,0.006364971895758815,0.0027280231475600002,0.013617165832647595
75411,231,1,0.0016085809950897325,0.007097633966053711,-0.00011550311107511035,0.00023147763666997445,-0.0041726280627003565,0.23943603066596356,0.8099607358608837,0.0002556462194007923,1.2961893984110855,1642,1645,,0.00582843638221768,0.0016085809950897325,0.008029372545820897
64899,231,1,0.003965726234538935,0.0150895022806035,-0.006944127790348142,0.0009937903525192304,-0.000733565240411238,0.20089558427940266,1.5985078713780274,0.0015278762949421248,3.0698758092125726,1642,1645,,0.009488375063873275,0.003965726234538935,0.019795268904114045
90396,231,1,0.0032362838798075965,0.004829529179919718,-0.010491942188240122,-1.2897749535056846e-10,-0.017735150850459513,1.4277739293102037e-08,2.5871864742464713e-08,0.0008126977453084683,2.2174682673145716,1642,1645,,0.0053493868165559524,0.0032362838798075965,0.01615419367400912
65402,231,1,0.003333434419101855,0.0037899271084211386,-0.009307626030609084,0.0001607682874631422,1.2961348776485693e-05,0.2003228463145943,0.6409404388666075,0.001248914704235707,3.1043114570176975,1642,1645,,0.005119443025038324,0.003333434419101855,0.01663912907695257
77338,231,1,0.0026677106083739187,0.007958220548358737,-0.00386143974719122,0.00023971952793011564,-0.0002575864500808933,0.1770920346164985,0.7606804952493846,0.0007763156611822063,2.4244535269664405,1642,1645,,0.007693536024527338,0.0026677106083739187,0.013316110525026948
90338,231,1,0.004030399293370698,0.014710672966612347,-0.0026189463161139237,0.002674794955971893,-0.0018695184763615202,0.32831501971537075,3.1189980325088364,0.00012460156077006424,0.24341487982559734,1642,1645,,0.010226111394992335,0.004030399293370698,0.020118090126435558
89216,231,1,0.0041798534982779665,0.010875734113925282,-0.006851172004678441,-6.0317915107077624e-09,-0.0032737411941428096,2.970190607841936e-06,8.818261585958282e-06,0.0009767958551541605,1.9037474387191586,1642,1645,,0.005604879918242208,0.0041798534982779665,0.020864103844988144
86547,231,1,0.00556701320582956,0.004119787501035016,-0.0031026784880829883,-7.05564406899839e-09,-1.8756916430273662e-05,3.6932225285298166e-06,6.9640446555313756e-06,0.0004429116423845177,0.6839493213336009,1642,1645,,0.005972151251916198,0.00556701320582956,0.02778823269301198
39571,231,1,0.003340705728204605,0.0009140513344464392,-0.004454905786342334,-2.790228048610288e-10,-0.0005332138848719303,1.1039823931006986e-07,2.0198330818928724e-07,0.0008147544180378223,2.010869545366974,1642,1645,,0.004570132856412877,0.003340705728204605,0.016675424451484542
80719,231,1,0.0068586824125137285,0.0022116585548718616,-0.0022580241170788717,0.0020671684209552232,-0.004126227887432998,0.5433710160910052,4.025772844443539,0.0010754503818730414,1.3201735825939969,1642,1645,,0.0054515840572304545,0.0068586824125137285,0.034235712364903526
79668,231,1,0.004675353289498294,0.007705321383723471,-0.004933386333142664,-2.1938983962854763e-09,-0.0003976681557871231,4.830837131214114e-07,1.2602592766208996e-06,0.0006952017062753579,1.2258376676844547,1642,1645,,0.0069526060296372,0.004675353289498294,0.023337434334549562
90202,231,1,0.001684182773193559,0.009870202244683107,-0.002462965190133559,-3.523581426634337e-10,-0.012669992350031523,2.3942255561476165e-07,8.038439720384235e-07,0.0002676075563651044,1.3172850595377157,1642,1645,,0.00868995912110373,0.001684182773193559,0.008406745425007653
89971,231,1,0.005933702758878748,0.01955484054844984,-0.009971956819210037,0.0032940560067049596,0.0013998820474773188,0.2766447945111334,3.212811251845286,0.0006859158205743478,0.9213791557094229,1642,1645,,0.008776188042922841,0.005933702758878748,0.02961859562722546
34833,231,1,0.0033611009601977426,0.005196891685701148,-0.000640371936529327,0.0005925407924870507,-0.0019452929786551998,0.30091412993628386,1.4089544956579971,-6.137388541501472e-06,-0.014868439715962073,1642,1645,,0.005502682677567705,0.0033611009601977426,0.016777229033492682
39220,231,1,0.005267321367648417,0.005743434741352084,-0.006852112213139971,-7.972080773299695e-09,-0.0015802204423587263,8.605246792285463e-07,1.9678616194732755e-06,0.0011598890918662862,1.9811394621707534,1642,1645,,0.0071059018906489526,0.005267321367648417,0.026292294704782775
90648,231,1,0.0020855722882538287,0.006373884037418079,-0.0029788576714917525,-1.9361275693796642e-08,-4.4261262350797637e-05,2.3652379370975047e-05,5.0723967826944565e-05,0.0004726819038991999,1.971909326393702,1642,1645,,0.005940214614205417,0.0020855722882538287,0.010410316250625613
91626,231,1,0.002330070783988264,0.015068780845498005,-0.020228294807860037,-2.7928326318260588e-11,-0.0008150219790385993,3.941764145017507e-09,2.511137489825217e-08,0.0005919920780007665,2.2988097899458193,1642,1645,,0.009264818599897803,0.002330070783988264,0.011630751848918298
89782,231,1,0.0013409334561280209,0.007150814911554942,-0.002481187352938896,0.0012443131445032396,-0.008427651856335316,0.390398346741348,2.3442335166216792,0.0002895730239004826,1.7281460053260125,1642,1645,,0.006978155339805826,0.0013409334561280209,0.006693386476200688
90390,231,1,0.0017418187575153053,0.010541288053976342,-0.010895806361639782,-7.111022881645113e-11,-0.013480827601230594,1.0697872358461451e-08,4.5074207050258555e-08,0.00047592382692314406,2.375943141596648,1642,1645,,0.008319494123658662,0.0017418187575153053,0.008694440475227102
26607,231,1,0.0037315027631812186,0.019221536317027006,0.00291469238958042,2.299809580619261e-05,-0.00016386172089610795,0.03447048872439437,0.200797994172955,0.0002179236938843924,0.502232154660375,1642,1645,,0.006965380684721512,0.0037315027631812186,0.018626121987516536
46690,231,1,0.003944216199291033,0.006064281739561777,-0.004914734042248181,-1.2123857473511634e-11,-4.6831580428730035e-05,1.4512025603424924e-08,3.287093002932168e-08,0.00046483668495397173,0.9744715405383692,1642,1645,,0.00662046499744507,0.003944216199291033,0.01968789968428218
86369,231,1,0.0016129440742102773,0.006038872309755789,-0.0039379919791247,0.00027196455053579704,-0.012107343677406623,0.147007112810068,0.7803384847815225,0.00023270184075666642,1.2413269104039437,1642,1645,,0.007054803270311702,0.0016129440742102773,0.008051151236364107
89637,231,1,0.004250013618379053,0.0036706315313670746,-6.96328823424075e-06,0.0013028363576863544,-0.004125780645521937,0.36635933993762904,2.3092864921592406,4.16806825106641e-05,0.08013101190679443,1642,1645,,0.004158150229943792,0.004250013618379053,0.02121431421292783
79233,231,1,0.0027847107422807574,0.0027582702275314383,-0.007898591665375987,-1.0001408590198935e-09,-5.543909034022576e-05,5.193328847608665e-07,1.3787540436218373e-06,0.0005702193782689982,1.749324934795839,1642,1645,,0.004186893203883495,0.0027847107422807574,0.013900126913332303
18729,231,1,0.0020025187034441554,0.0049480521110508765,-0.0019659411592418685,-9.8367226808449e-08,-0.0002956135784750735,0.002536203980691362,0.003517899488644189,0.0005133967093278429,2.0848527773408185,1642,1645,,0.0031170158405723044,0.0020025187034441554,0.009995747027354639
77418,231,1,0.002947849923218936,0.004661381878224729,-0.0035166812856430862,-7.0669867735517755e-09,-0.0011149559018099886,2.1875959955594158e-05,4.438476794038451e-05,0.0009032017062780371,2.496854075911278,1642,1645,,0.005608073582013286,0.002947849923218936,0.014714450385119714
89215,231,1,0.005764143391757732,0.009004341092395632,-0.004201037333537494,1.4839489468343459e-06,-0.0023088206704520164,0.01904814898671849,0.05030637674771766,0.0015086627507624186,2.169583881347499,1642,1645,,0.006578947368421052,0.005764143391757732,0.028772225235306027
89538,231,1,0.0013516409751564975,0.005675949354112476,-0.008585575173890136,0.00014780021923899156,-0.001691576056052524,0.11510154846734909,0.5562628000349807,0.0003266624285726528,2.0438654375173533,1642,1645,,0.006243612672457844,0.0013516409751564975,0.006746833992728328
92354,231,1,0.005734141877824949,0.007801318894481927,-0.0029912727374146186,0.00011746740157514424,-0.0014377541835670637,0.13555625196388155,0.5076114389193638,0.0007703430834856795,1.0807235268793633,1642,1645,,0.008169391926417987,0.005734141877824949,0.028622470057891716
89071,231,1,0.00277293797475379,0.008137284066725191,-0.005205048920509547,-3.0302200748622e-09,-0.00027331158359999996,5.348029552338296e-07,1.570320779274441e-06,0.0007508939670939066,2.210698339879511,1642,1645,,0.0063330352580480325,0.00277293797475379,0.013841362115875467
72813,231,1,0.0027259390149105174,0.0006712544310847124,-0.001275631854838588,3.7430253190251506e-06,-0.01689792796918632,0.036946224679130266,0.08173653865520178,7.098751285477688e-05,0.22634146792311374,1642,1645,,0.004075114971895759,0.0027259390149105174,0.013606762702479647
21135,231,1,0.006352449667586659,0.004299087536016018,-0.0040833079801883,4.382775051647858e-05,-0.004594724898236313,0.08506713226950233,0.2916486342387739,0.0005986008531384397,0.7773641157563005,1642,1645,,0.007089933571793561,0.006352449667586659,0.031708807399396195
87447,231,1,0.00217546191069989,0.004133569003609621,-0.004093711362733288,0.00018392280490153734,0.00013301779645669143,0.26238309797199977,0.7440646230260434,0.00041892473835904664,1.6499366009074539,1642,1645,,0.0038707204905467554,0.00217546191069989,0.010859008152883445
69796,231,1,0.00383269602566403,0.01930711939518338,-0.013447693893213541,0.0001286723020764713,-0.0015796060283330693,0.06889691200425131,0.4932100766666594,0.0015111377209026829,3.123240098312958,1642,1645,,0.010813745528870721,0.00383269602566403,0.01913123699638571
81127,231,1,0.004549599795704576,0.003169473207177916,-0.0018439008145814118,8.966991250047851e-05,-0.006977343794553281,0.179763897535223,0.46691726063358086,0.000707702620353443,1.2573909006154744,1642,1645,,0.003921819110884006,0.004549599795704576,0.022709724785766775
69999,231,1,0.002560753452769316,0.007652855943409196,-0.002100661746702759,9.51556808503895e-06,-0.0021619755199817625,0.04012230796497364,0.13055502931913948,0.0002640737053433744,0.8844097536270025,1642,1645,,0.0071601941747572815,0.002560753452769316,0.012782224540166868
89382,231,1,0.0029952134511112005,0.009143500092071866,-0.0021952161161182815,-3.158120875923487e-09,-0.0016799236181470611,7.247684617095376e-07,1.891306780656939e-06,0.0006270335161706956,1.690862932977241,1642,1645,,0.0067769545222279,0.0029952134511112005,0.01495086957177693
80784,231,1,0.0029594885161723606,0.0078057735041062865,-0.002139237476289635,0.00031188076960397826,-0.005825962440360488,0.2174193842559703,0.9126311797584147,0.0007864905545399144,2.1480079651097004,1642,1645,,0.006955799693408278,0.0029594885161723606,0.014772545438472619
80089,231,1,0.003522568500684179,0.006387734552905994,-0.0005690179712007915,-1.0495877500460438e-09,-0.00034830198651114586,2.706792761131532e-06,5.2557242371988275e-06,0.0001291310181636303,0.30155189818013195,1642,1645,,0.004630812468063362,0.003522568500684179,0.017583208365948174
71810,231,1,0.001667449343212385,0.012845200719300587,-0.007849411029574815,-6.991781509313455e-08,-0.0017566907844808188,4.460444300447789e-05,0.00013850905762997809,0.00045648750698001986,2.254920155740578,1642,1645,,0.006668369954011242,0.001667449343212385,0.008323219047598997
75938,231,1,0.002562590355901663,0.008360540505464278,-0.008053959606502126,-3.180724572615645e-10,-0.002049190217350505,3.370630023501837e-08,1.126327073136866e-07,0.0005648196221831848,1.8387298436761241,1642,1645,,0.00872508942258559,0.002562590355901663,0.012791393602604645
92897,231,1,0.00677415693168624,0.0077521469000231494,-0.001909180565474955,0.0008948949981060217,-0.001714736145846274,0.30163452330067236,1.730192307781482,-0.0006365496648385127,-0.7687269388227562,1642,1645,,0.005339805825242718,0.00677415693168624,0.03381379604409017
76118,231,1,0.0025447968946425517,0.009364404897317049,-0.004908804051432902,0.0015408324843735333,0.000646906989263174,0.3071747884346929,2.288159049677965,0.0007134935259834646,2.493320927315229,1642,1645,,0.008424885028104241,0.0025447968946425517,0.012702575986478906
80399,231,1,0.003219284431226234,0.009185789844802235,-0.010749521150487773,-2.7697844018348405e-12,-0.014361659352504441,1.905708240443739e-10,6.524653286726391e-10,0.0004386886045095191,1.2398582383920622,1642,1645,,0.005457971384772611,0.003219284431226234,0.01606933944152102
54253,231,1,0.004020894445933811,0.012165519343102992,0.000689368654829936,-4.3357850643133133e-10,-0.005784039363986304,2.1195681043130205e-07,8.341545504685004e-07,0.0008863705057893256,1.748300296024751,1642,1645,,0.00849833929483904,0.004020894445933811,0.020070645850210164
91138,231,1,0.0015768190462508561,0.011100579743239507,-0.0127169823365052,0.0003595896951728017,-0.017321453779592266,0.12467234010782756,0.8755175793796428,0.0003988032453309869,2.1601504241878784,1642,1645,,0.00797138477261114,0.0015768190462508561,0.00787083000379962
89789,231,1,0.0023578244445386976,0.012205799763006434,-0.00908761393560309,-5.297572380769111e-09,-0.000352347635848016,1.2501623070239982e-06,5.124249661249456e-06,0.0005322413162705623,1.850989892231981,1642,1645,,0.00948198773633112,0.0023578244445386976,0.011769286669825624
88888,231,1,0.004081586789487794,0.00756992543847916,-0.0010414729078744855,1.0149432202899433e-05,-0.00040225443046582043,0.04930417165992146,0.13587547469101133,-0.00010839142980806814,-0.2169880451584349,1642,1645,,0.005748594787940726,0.004081586789487794,0.02037359698450893
90249,231,1,0.0040951175037626485,0.007606010854982285,-0.003045015159201636,0.00016823717040526098,-0.00027188146678680525,0.1436091145985731,0.6139556659425401,0.0007091547026322426,1.4304781825604171,1642,1645,,0.007249616760347471,0.0040951175037626485,0.02044113672671371
81736,231,1,0.003352000382708095,0.005531199570056219,-0.004642322402930388,-3.385041136283462e-08,-0.00074652443009815,7.703078384040107e-06,1.3927891255173186e-05,0.0006713753808468829,1.6274834477931952,1642,1645,,0.004691492079713848,0.003352000382708095,0.016731802706021735
90199,231,1,0.004375353747357967,0.00734652611388134,-0.008882960244141147,-1.496536228273726e-11,-0.0009388235546861079,1.6144175085452484e-09,4.757642699693846e-09,0.0005618726386349337,1.0821462522502703,1642,1645,,0.008316300459887583,0.004375353747357967,0.02183996041513029
27633,231,1,0.0038610975811321125,0.0036133001630339417,-0.0034279491360242886,1.0346941561878431e-05,-0.008146656043442224,0.06593378417483166,0.13944458754007708,0.0004820150941009943,1.0220283486738582,1642,1645,,0.0032287940725600405,0.0038610975811321125,0.019273005841367808
75623,231,1,0.0014152868590107445,0.00547625901241277,0.0011290214945970378,0.0027167516199904096,-0.0011287356357623235,0.39606841420635386,3.498362872069105,0.0003475299381927738,2.084723003691418,1642,1645,,0.0063521972406745016,0.0014152868590107445,0.007064527981426291
22111,231,1,0.0017469248256970142,0.00541689366444559,-0.006847850501465524,-2.8263169582487535e-11,-0.0006568196855176733,7.759654054411412e-09,1.519253809810434e-08,0.00062119500304688,2.8606264288164707,1642,1645,,0.005170541645375575,0.0017469248256970142,0.008719927860568874
84661,231,1,0.003912425343502076,0.010316205742301278,-0.010515294488130378,-1.587747155973318e-08,-0.005127600447052183,2.653536731602119e-06,8.68362975224141e-06,0.0002108500914106465,0.42626766279367606,1642,1645,,0.0047170413898824735,0.003912425343502076,0.01952921285069457
58975,231,1,0.0044221054289620716,-1.0414970817725549e-05,7.283219249554218e-05,0.0014215568018730584,0.002541269492521314,0.5190256121414063,3.1718808675428454,-9.23748725410053e-06,-0.01772704633603071,1642,1645,,0.0038196218702095043,0.0044221054289620716,0.022073325517595655
25590,231,1,0.003190465421057167,0.005510969306233781,-0.004880930949248352,1.880285269539872e-05,-0.0024071737248874125,0.06984015208551742,0.18879474569463137,0.00014316608427663473,0.3736156912152552,1642,1645,,0.0081087123147675,0.003190465421057167,0.01592548683493447
64282,231,1,0.003562515461315662,-0.0013835481538845198,-0.0041149304706644685,-1.3282972499695234e-09,-0.010822994344573678,2.7914359777293438e-05,3.3353256292909825e-05,0.0007245228594521946,1.7003689661189305,1642,1645,,0.0021429483903934593,0.003562515461315662,0.017782607109289368
80926,231,1,0.008234064858635972,0.0033955540138008774,-0.0029456341598310676,-2.8179680811035723e-12,-6.233044330561377e-05,2.832380750214048e-09,4.40533861291797e-09,0.0010898433881789706,1.1425714503172502,1642,1645,,0.0049278231987736325,0.008234064858635972,0.04110105398376425
89635,231,1,0.0022834799731230445,0.006864678897676931,-0.006781537580779595,-7.573128790738792e-10,-0.007118136411287335,1.6161742935697767e-07,4.070948385801687e-07,0.0005757001828148879,2.0764985092919823,1642,1645,,0.006815278487480838,0.0022834799731230445,0.011398189746798062
59459,231,1,0.002241271817040234,0.010029926681251912,-0.0016772114005429994,0.002106149103860089,0.0003107914329922856,0.3153175655159382,2.7161642959645587,0.0006608463168745735,2.41338210994608,1642,1645,,0.006575753704649975,0.002241271817040234,0.011187504048847158
24328,231,1,0.0040012991068026724,0.002399942613795148,-0.003293649678007604,-7.640574839484771e-10,-0.0003601978092566682,9.699796222137759e-07,1.6922702204991951e-06,0.00038978854357036403,0.7870059961720697,1642,1645,,0.003519417475728155,0.0040012991068026724,0.019972834003292972
82860,231,1,0.002915174143240752,0.01128093801934586,-0.002510939315578664,-3.639456069848279e-09,-3.00528785701637e-06,1.1539287583678956e-06,4.060676240373961e-06,-5.4791590374408795e-05,-0.1480538394893504,1642,1645,,0.008683571793561573,0.002915174143240752,0.014551346375143841
92901,231,1,0.0015410227795273953,0.00985269126219879,-0.001726520102002027,0.00014829317960129984,-0.005130566659864,0.16276359343588664,0.5887608944844595,0.00028333573560132205,1.47297259127917,1642,1645,,0.006524655084312723,0.0015410227795273953,0.007692149811661576
87657,231,1,0.004039122884654834,0.007003142020693466,-0.005866965868012608,-1.7213316549913316e-08,-0.00020973823522130175,3.228638135043156e-06,1.0100632980727867e-05,0.0008564936039932104,1.7049901088518453,1642,1645,,0.0043593510475217175,0.004039122884654834,0.020161634694332114
89900,231,1,0.003895666437746064,0.0026742837520383404,-0.0036695910857926783,0.00010314266949074113,-0.0003324494708403236,0.20898898344469816,0.5189555760232818,0.001014106032906764,2.1020284751632468,1642,1645,,0.003398058252427185,0.003895666437746064,0.019445559308730515
12052,231,1,0.002558990736515712,0.003311797411264708,-0.0041942787845485885,-3.789171731938268e-08,-0.004183022983476947,1.8141766315247533e-05,3.936987762851923e-05,0.0007932803175730421,2.606529031420811,1642,1645,,0.004646780786918753,0.002558990736515712,0.012773425788014525
61946,231,1,0.0027845730243898944,0.0009157529487398656,-0.0025288147512727566,-7.705359239551512e-09,-3.5470209137633546e-05,7.453409818607365e-06,1.0772399884943744e-05,0.0007197044488073221,2.1313766349857026,1642,1645,,0.003270311701584057,0.0027845730243898944,0.013899439482450463
85931,231,1,0.004416383700772479,-0.0006485045602457879,-0.0012349041950634465,-5.132866132129266e-09,-0.0003629734348757907,2.711611044777136e-06,4.99809633971259e-06,5.39177339502302e-05,0.09992940817006862,1642,1645,,0.005809274399591211,0.004416383700772479,0.022044765011546907
75336,231,1,0.0020598163359078206,0.01385276630178066,-0.017115407745063926,-6.527001161771295e-12,-0.007763107968016714,7.262493791705725e-10,3.257391518145212e-09,0.00038648385131029637,1.650843518400112,1642,1645,,0.00939256515074093,0.0020598163359078206,0.010281753164719595
79558,231,1,0.002877649684506773,0.009707654438757549,0.0010979460350863945,0.0006023884361900933,-0.0003160463230598154,0.24567039513309408,1.3179633635387251,0.00036892237619472656,1.079183660744862,1642,1645,,0.003656745017884517,0.002877649684506773,0.014364039761628495
90387,231,1,0.007438027782764525,0.012056934920247942,-0.005387443161384509,-4.87461182530069e-11,-0.0014005399512750927,1.0311540220346799e-08,3.654836154045355e-08,-6.907251675812089e-05,-0.07837960203317668,1642,1645,,0.006524655084312723,0.007438027782764525,0.03712756538606936
84668,231,1,0.004399396114094262,0.008463437411338938,-0.004266890243872057,-3.6158520622109336e-10,-0.00231564719519195,1.34002007710698e-07,3.9593888872148924e-07,0.00042375137111340497,0.7789887473791147,1642,1645,,0.007476366888094021,0.004399396114094262,0.021959969988784484
10933,231,1,0.0022694258918382585,0.018236318296585206,-0.0018473094011985935,3.788849211994183e-05,-0.001962373039395393,0.05004419651228232,0.262747993211278,0.0006326262818998793,2.335337449735399,1642,1645,,0.007693536024527338,0.0022694258918382585,0.01132803757244734
90394,231,1,0.004210043008700165,0.014935109444432264,-0.012929878381538584,-4.766929073696247e-10,-0.00037067686097369545,2.3671516615209065e-07,1.3749567868340923e-06,0.0006098086532798931,1.2678159110828997,1642,1645,,0.009670413898824731,0.004210043008700165,0.02101479742330078
78877,231,1,0.007382424553332759,0.014428337745343797,-0.008836384092032024,0.0009132118316940163,0.00043212158573635584,0.16389029111236636,1.4690260472435814,-0.00017841072516737701,-0.1871836756941369,1642,1645,,0.012592616249361267,0.007382424553332759,0.03685001700944348
89258,231,1,0.0036949119996635745,0.00878645151943301,-0.0006151553167219603,-3.9825120978775885e-10,-0.004621220324213082,1.4067465199386594e-07,4.271056521121872e-07,0.0006461285801457631,1.4493333829563353,1642,1645,,0.005732626469085335,0.0036949119996635745,0.018443475995231388
80100,231,1,0.0026907288115901058,0.015541332140062314,-0.010411890548861047,-6.731767898671137e-08,-0.010870727836288507,8.482313265126057e-06,3.4170065361245e-05,0.0005458689821314434,1.7984710506348662,1642,1645,,0.005937020950434338,0.0026907288115901058,0.013431007897010301
19393,231,1,0.0028487924304744458,0.010294408223114218,-0.0027681353393476105,0.0010827712104818366,-0.0036105093693445944,0.33408648155960685,2.001196176495603,0.0006977922130144013,1.9393449167408057,1642,1645,,0.006138221768012264,0.0028487924304744458,0.0142199962574579
81045,231,1,0.002637356104412542,0.01709994261692463,-0.013938399921495037,-2.1892243573518044e-10,-0.002397557176801124,1.90913452613391e-08,6.865934670545567e-08,0.0005652760511871499,1.8118259415817322,1642,1645,,0.004209248850281042,0.002637356104412542,0.013164593367051391
52716,231,1,0.003528023139423302,0.013782934460396674,-0.011708916091357713,-5.443614670141983e-09,-0.008573284221185196,2.5249322486575613e-06,1.1519729624499872e-05,0.0006177343081081968,1.4375554481105461,1642,1645,,0.00851750127746551,0.003528023139423302,0.01761043567167476
68419,231,1,0.0023444854662876143,0.02213837558001257,-0.006150763302469997,-3.7919336559610883e-08,-0.0024152784155733187,6.054812309506854e-05,0.00028245049431687916,0.0006544723013114569,2.323171374807544,1642,1645,,0.0076009197751660705,0.0023444854662876143,0.011702703994731556
89365,231,1,0.00149439189096961,0.0028782757048882576,-0.0016383477910077993,-1.3484737770852462e-08,-0.00118284749208164,1.1343714142334274e-05,1.8030705714957838e-05,0.0002740188909195044,1.4987390769168087,1642,1645,,0.004448773633111906,0.00149439189096961,0.007459387658238131
90531,231,1,0.005005457210843963,0.009420907367204976,-0.0033779165559328916,3.8244197923420487e-05,-0.0017943488850460376,0.07160248782952612,0.2696666553542425,2.5801666844942278e-05,0.04180535569179647,1642,1645,,0.006850408788962699,0.005005457210843963,0.024985176892376365
88595,231,1,0.003628906710689778,0.018305822469932533,-0.0005518267372153218,0.0005925382540774571,-0.019537325702494668,0.16639957181063045,1.182174777533577,1.0991591675004317e-05,0.02437255562444048,1642,1645,,0.006061573837506388,0.003628906710689778,0.01811400482978621
89443,231,1,0.004015627468862409,0.016511513745102898,0.011300445185417285,0.00391629933261517,-0.0003311239615424455,0.33523546823807115,3.8259047726299977,0.0005556520324516003,1.1640832406221282,1642,1645,,0.005790112416964742,0.004015627468862409,0.020044355274090167
70121,231,1,0.003216260570438998,0.009665858483524465,-0.01604927005502299,-2.026601575444431e-08,-0.002810840324726227,1.6448058613082123e-06,7.565264025679379e-06,0.0005584893360957254,1.5015994618063762,1642,1645,,0.008843254982115483,0.003216260570438998,0.016054245576268642
85796,231,1,0.00469455118891337,0.008204141067361134,-0.00652310436643222,-4.18554080283684e-13,-0.000288309268188236,8.19024056923615e-11,2.5915853876373414e-10,0.0005634515539304635,0.9939453086628074,1642,1645,,0.006610884006131834,0.00469455118891337,0.023433262326407845
89968,231,1,0.004820191251884278,0.007133339398726467,-0.0010910923948825868,0.0010715868524386885,-0.0010374779157416025,0.28385700018709015,1.8474609650091498,0.0006208599058810538,1.0466994235362717,1642,1645,,0.00686318344404701,0.004820191251884278,0.024060405675330437
60599,231,1,0.003022729914372135,0.014942330106928591,-0.0011969611909625755,0.00014896943317488365,-0.0007247054511494433,0.10809565812924632,0.5540109172981346,1.2693378495171967e-05,0.03278716089144851,1642,1645,,0.0076743740419008685,0.003022729914372135,0.015088220401694642
89911,231,1,0.006441512306045633,0.0038850360382858746,-0.0002734523110732301,-2.394027198704407e-10,-0.001219271757391116,1.0734861130382858e-06,2.227350113477994e-06,-0.0005962181596583923,-0.7570129561530047,1642,1645,,0.00616377107818089,0.006441512306045633,0.032153371338845806
86594,231,1,0.004601566249647667,0.01052955039164487,-0.007525714861903454,-2.0744295170516125e-11,-0.001354300052356594,9.23855512731164e-09,3.37632670774834e-08,0.0005085508836070007,0.9196074036955052,1642,1645,,0.008632473173224322,0.004601566249647667,0.022969119879870225
49488,231,1,0.008193920700876798,0.01702830680491863,-0.012731805806945662,0.0022146839183214695,-0.06490082452338508,0.22190609612026843,2.4531505643341545,0.0004338912044453808,0.4114940063914294,1642,1645,,0.012247700562084825,0.008193920700876798,0.040900670913735095
39693,231,1,0.0036732973194113457,0.010200733269835652,-0.0020567719096278303,-1.0530034622036055e-09,-0.005488174582534144,7.33859899711164e-07,2.5621874658670098e-06,0.00083406642291312,1.8859418129012933,1642,1645,,0.007469979560551865,0.0036732973194113457,0.018335584430719733
85792,231,1,0.004000410426326313,0.01597226599182289,-0.0057416682915927275,-4.731356195719627e-09,-0.0029903076345092483,9.00622698413742e-07,4.048591998588658e-06,0.0004977001828144364,1.0080888236480499,1642,1645,,0.008456821665815023,0.004000410426326313,0.019968398077069384
89649,231,1,0.0019641205273041354,0.01487031819348001,-0.014537630654692713,-8.860370215302282e-10,-1.4772715476230047e-05,6.446386591129022e-08,2.6704586427977e-07,0.0005664113345517328,2.521728373679852,1642,1645,,0.00500447112927951,0.0019641205273041354,0.009804079177088218
90987,231,1,0.003804284213571336,0.0221880165842199,-0.02592927293595726,-2.8040850530430816e-08,-0.005014235837046632,5.333641516591962e-06,3.972753824953576e-05,8.98007312609012e-05,0.18280162531372618,1642,1645,,0.012244506898313745,0.003804284213571336,0.01898941695456595
88282,231,1,0.003949080795458836,0.000913890669667113,-0.0012199479772556643,-7.907641208504401e-09,-0.0019599011670550226,7.693153400738315e-06,6.733450230543794e-06,0.00025389152955625595,0.5246506252221764,1642,1645,,0.0027465508431272355,0.003949080795458836,0.019712181740974073
89817,231,1,0.004941883840863248,0.0037253408388468272,-0.002061470906237206,-1.8609558338766874e-12,-0.0006473103134057023,8.050737324007357e-10,1.1552289119364685e-09,0.00019953625837901607,0.32727753909936963,1642,1645,,0.004911854879918242,0.004941883840863248,0.024667844863012187
81043,231,1,0.0031781152109202535,0.007288975685578255,-0.006784487436212183,3.671112765635254e-05,-1.587778983025423e-05,0.06934365962177501,0.26364121426797155,8.658446603848213e-05,0.2141183945467295,1642,1645,,0.005997700562084824,0.0031781152109202535,0.015863839682250736
79363,231,1,0.002794484970163973,0.00392458236442416,0.0007244584335280857,0.0016748662394454605,0.002413083139780059,0.5179555892951788,3.445024852888932,0.0005406185253822537,1.5835595478016096,1642,1645,,0.004592488502810424,0.002794484970163973,0.013948915825585807
57074,231,1,0.0015494488997102095,0.014067622699917815,-0.006203097650092415,-5.243314671332655e-09,-0.0037507372576586206,1.3835398637098719e-05,4.4009650682517285e-05,0.00034342656437164054,1.842818501797306,1642,1645,,0.009124297393970363,0.0015494488997102095,0.007734209526571923
89692,231,1,0.006448995940239418,0.0031643180725318223,-0.0034223744259282984,-2.8972380050618085e-11,-0.004716470470486511,1.0755365080565267e-08,1.8343770454074737e-08,-0.0003552931139546332,-0.4301686185153422,1642,1645,,0.005541006642820644,0.006448995940239418,0.03219072655261618
87426,231,1,0.004161467801775574,0.010980750226748052,-0.0040113823450482755,-6.947015407376966e-09,-0.0016609578000785774,6.435713937914486e-06,2.1924844369940384e-05,0.0011807757446953998,2.519214690781093,1642,1645,,0.006083929483903934,0.004161467801775574,0.020772330034914084
42796,231,1,0.003526126330129042,0.003131143782679054,-0.0007884591872522329,0.0013488363950509008,-0.0037281974962257713,0.5361559537259258,3.210811357254084,0.0006257325872510455,1.4295749734112564,1642,1645,,0.004736203372508942,0.003526126330129042,0.01760096758239702
86218,231,1,0.0024625322634531065,0.0015356191190504431,-0.0016081897148703117,-8.511200633165572e-10,-0.004022625318237383,8.662986496683379e-07,1.0836277518342458e-06,0.0002744533820845124,0.9176973227139635,1642,1645,,0.0032830863566683695,0.0024625322634531065,0.012291944894118048
85425,231,1,0.003515358748370541,0.001829125132753615,-0.001454960129791294,-5.01032326738482e-09,-0.0007561241086240233,2.2381379448394717e-06,2.667734098872939e-06,0.0002682175502574953,0.6182805382002167,1642,1645,,0.002947751660705161,0.003515358748370541,0.017547220257506012
79895,231,1,0.005949595762581011,-0.0007197987866135793,-0.0020743450857549917,-5.2927138227687465e-09,-0.0034578060023846557,3.548545101791749e-06,3.5514419813603017e-06,0.000801216331507868,1.0871031731846525,1642,1645,,0.004081502299437915,0.005949595762581011,0.029697926943452073
25304,231,1,0.005268594987569904,0.010004373105660191,0.0010422308738747832,0.00010478147222747758,-0.2527798071859666,0.08166940919832247,0.451522217432466,0.00015871663619732634,0.23975445815441426,1642,1645,,0.007798926928972917,0.005268594987569904,0.02629865208987101
59010,231,1,0.004031409009329554,0.0025949197552592837,-0.00033432229264107605,-1.6088685939052993e-11,-0.00224565259983045,3.5970428768127634e-08,6.163653701394022e-08,0.00033018220595020897,0.6567436765728583,1642,1645,,0.004953372508942259,0.004031409009329554,0.02012313021184242
89707,231,1,0.002379949729139249,0.010185941714057732,-0.006560634020198464,-2.15203677100817e-09,-0.01802908065072928,1.2928991973862151e-06,5.02844903276641e-06,0.0003118750760930114,1.097659562253864,1642,1645,,0.009325498211548289,0.002379949729139249,0.011879726960542989
29946,231,1,0.002441093793646265,0.002927509111219537,-0.0037478423135026695,-1.3274170651556005e-09,-0.002470947117702016,4.5680472342518163e-07,5.642131118053994e-07,0.000612236441264382,2.0527654715005865,1642,1645,,0.0040463719979560555,0.002441093793646265,0.012184932899436448
88901,231,1,0.0028932983143233567,0.021480663360966587,-0.011653545653676822,0.0017496015364241169,-0.0390199101950528,0.24575766458210793,2.2483729074757357,0.0008489524680073125,2.320970792670852,1642,1645,,0.014911216147164025,0.0028932983143233567,0.014442151264258789
70703,231,1,0.004128153785451507,0.021884932213893454,-0.030418937164605975,-1.6718433304419023e-09,-3.291424673035337e-06,6.85562639665975e-08,5.909256934126215e-07,0.00047173065204866697,0.9375261390769206,1642,1645,,0.011315150740929994,0.004128153785451507,0.020606040212468073
86314,231,1,0.0029886868328423493,0.010107392450855316,-0.013025811613385008,-1.7101888571957602e-08,-0.000478465512443238,2.1170561676994454e-06,7.957469685656631e-06,0.0006049012785266581,1.7560477464173572,1642,1645,,0.007958610117526828,0.0029886868328423493,0.014918291386590772
77467,231,1,0.0015126068182845843,0.00393214079345651,-0.0031392833054944003,-3.2647662351337203e-10,-0.001324021135546971,1.9023882957068636e-07,4.5502215907959844e-07,0.0004008043875685901,2.1608104865825646,1642,1645,,0.0058986969851814,0.0015126068182845843,0.00755030905899658
72776,231,1,0.0014647670625540764,0.0030766972127687056,-0.002560341806727706,0.0007467975616912703,-0.00037506572296108764,0.3350990589345706,1.6648384984465805,0.0003873906154783669,2.1846473598887206,1642,1645,,0.0039824987225344916,0.0014647670625540764,0.0073115127394864825
89257,231,1,0.0019884944737136425,0.009469874380968968,-0.009856427763785147,-9.249552679335693e-09,-0.011204397663778565,3.1262817027255963e-06,1.1234359598784482e-05,0.0005635417427578109,2.3722245573619025,1642,1645,,0.005885922330097088,0.0019884944737136425,0.009925743859644589
82859,231,1,0.004944835129608855,0.0014339733978241864,-0.0029501297238263557,0.0007413226734521716,-0.009015081307434336,0.36529199558271075,1.7258620657134864,0.0008019916759734163,1.3881453143944262,1642,1645,,0.0029924629535002557,0.004944835129608855,0.02468257647857964
29890,231,1,0.0034842429333770313,0.006258698188821489,-0.00779043976273508,-4.924675334194717e-09,-0.003305467686558483,4.889411329305794e-07,1.893227139421863e-06,0.00019319926859490632,0.5096533849165596,1642,1645,,0.0050108584568216655,0.0034842429333770313,0.017391902949013386
51916,231,1,0.0014681446491125259,0.005625616597967114,-0.009814276154602952,-9.382095100818333e-11,-0.0015320630122070966,1.6901135384378668e-08,4.211982260563829e-08,0.000301351005483513,1.8061789852503565,1642,1645,,0.0053046755237608585,0.0014681446491125259,0.007328372257823658
64936,231,1,0.002003219415652644,0.0034193010535034695,-0.004191083608487967,-1.812985694904512e-08,-0.00044318118742747714,2.2780695778509483e-05,3.101531407911425e-05,0.0005562376603550214,2.293262308159467,1642,1645,,0.00300204394481349,0.002003219415652644,0.009999244693550206
89760,231,1,0.004541575752807096,0.010352607107093646,-0.0009343908659271705,-4.935788666671215e-09,-0.005013861495162919,1.5483722550057818e-05,4.558773731756679e-05,-0.00012901401940609093,-0.23226752274822351,1642,1645,,0.007872381195707715,0.004541575752807096,0.02266967207474745
17778,231,1,0.0022056375958579596,0.01817874177957123,0.006267202420376594,0.001978579629455468,-0.00023187163556670498,0.23422192679970924,2.3546001646565853,0.000511221333521816,1.999717168599736,1642,1645,,0.006815278487480838,0.0022056375958579596,0.011009632721182551
55001,231,1,0.005243374323071411,0.0028253299911358293,-0.002491381760714617,-5.797726743139719e-10,-0.001657764598635536,5.200052036895319e-07,1.0500222691349011e-06,0.0008772650823069245,1.3640778489691636,1642,1645,,0.005435615738375064,0.005243374323071411,0.026172760940013015
90057,231,1,0.0008821700532952629,0.005458692741175235,-0.001770897435196428,8.327624771164999e-05,-0.007948861164869259,0.1608726259839996,0.4410173011297034,7.470619314054318e-05,0.7136667971229387,1642,1645,,0.006326647930505877,0.0008821700532952629,0.004403428878182918
92379,231,1,0.005798590517934552,0.012939147342186378,0.006485693160271366,0.00012900558651096627,-0.001039225375637054,0.08455215942304119,0.5035708674713397,0.00019484411658722065,0.27183932435402414,1642,1645,,0.008638860500766479,0.005798590517934552,0.02894417107455869
60186,231,1,0.00268756665674264,0.00816311602164861,-0.0017151180305003955,-6.401679186751608e-09,-0.00606318817580509,1.435681071864205e-06,3.923365942791744e-06,0.0002459603900050803,0.7542942284384347,1642,1645,,0.0062595809913132345,0.00268756665674264,0.013415223724876364
92467,231,1,0.0058217670686517165,0.008811980570269518,-0.0009828185459073158,-5.863309837650377e-12,-0.005338944257306633,2.3943392450255356e-09,5.8070878902586755e-09,0.00016923705057891658,0.23878048210404829,1642,1645,,0.007399718957588145,0.0058217670686517165,0.029059858851924757
91519,231,1,0.002938039619009649,0.020058077079486942,-0.01839096105198368,-2.1535166538910744e-08,-0.001565512661400259,1.5677536418902752e-06,7.55908387235035e-06,0.0007104357101462857,2.1121615021908866,1642,1645,,0.008961420541645376,0.002938039619009649,0.014665481394733372
85339,231,1,0.0013692988464125465,0.010308093388085169,-0.007469779938405363,-1.605517054859007e-07,-0.004084058552940251,7.139496745384253e-05,0.0002757743563456794,0.0002936099818458826,1.8076019737101423,1642,1645,,0.006853602452733776,0.0013692988464125465,0.0068349747995100525
86102,231,1,0.0033707821469128154,0.005073434552734241,-0.004106349207501081,-5.003026659622378e-09,-2.741513141835128e-05,4.495790844438415e-06,1.010094813596377e-05,0.00039981170034587767,0.9508478326006404,1642,1645,,0.005850792028615227,0.0033707821469128154,0.0168255535226283
88597,231,1,0.004437417251007074,0.005301128722771123,0.0007340665737363139,0.0012852667917856442,-9.865055506641518e-05,0.3545099096212167,2.252115738470935,0.0008962101617709124,1.7892352184101095,1642,1645,,0.006345809913132346,0.004437417251007074,0.02214975581481409
75285,231,1,0.004027923517145037,0.0005738000446093388,-0.0017958211728519302,-5.869171815220398e-11,-0.0027452929364311096,3.041379852158259e-08,4.577216575644864e-08,0.0005954320536261011,1.2192198540337706,1642,1645,,0.00433699540112417,0.004027923517145037,0.02010573207314722
70092,231,1,0.0056893578081071905,0.011603931857812898,-0.00032261970342517543,0.0012465945065270878,-0.006695579192698364,0.28282480770797525,1.9982778736188378,0.0007781033907790564,1.1202285223137611,1642,1645,,0.009628896269800716,0.0056893578081071905,0.028398926462027064
50606,231,1,0.00805201374043688,0.016342965640989235,-0.006439873301446797,0.000616559052341592,-0.0011127154605263812,0.13220429463800268,1.1620138235394617,-0.00156722815929035,-1.493774513060002,1642,1645,,0.016702861522738886,0.00805201374043688,0.04019232992518972
19166,231,1,0.0034095343235251456,0.0016613352317531738,-0.0028314616263460657,-3.294874106885004e-08,-0.010235655531975807,6.253266126565564e-06,1.2218814068582324e-05,0.0005613339427185135,1.3188981351378417,1642,1645,,0.0051481859989780275,0.0034095343235251456,0.01701898839717404
81598,231,1,0.003411116188850021,0.00582413678778449,-0.0006257195907797275,0.0005787090145006335,4.091355715263312e-05,0.2761074738988343,1.34712420589557,0.00026269683335158005,0.6580558426844406,1642,1645,,0.005240802248339295,0.003411116188850021,0.017026884416118385
91688,231,1,0.0037599666238853392,0.007136259666464212,-0.005072887469513843,1.1055540738436065e-06,-0.00613445661860168,0.018940080248019135,0.04369681471847358,0.0007697054465710902,1.6612203386245812,1642,1645,,0.006096704138988248,0.0037599666238853392,0.018768201834526654
85945,231,1,0.0037331615447806915,0.0216580698768018,-0.013227298594246761,-9.869438599707792e-12,-0.005443305955151523,1.1407144168460543e-09,5.081551163494386e-09,0.0010431419865933838,2.3534838115433065,1642,1645,,0.009012519161982627,0.0037331615447806915,0.018634401940764135
90523,231,1,0.0019721662364965524,0.009018723219299526,-0.005547254316839112,-6.074099001551758e-10,-0.0029976967687037614,5.915360194078231e-07,1.7333652319488643e-06,0.0004924308350135117,2.178312192102773,1642,1645,,0.007537046499744507,0.0019721662364965524,0.009844240037311264
81030,231,1,0.0026747452937553,0.00534962580821997,-0.00459084319210179,0.0004421439505888358,0.0006518123141676657,0.308151617996536,1.2303160222854634,0.000810060072920292,2.534527087570093,1642,1645,,0.005633622892181911,0.0026747452937553,0.013351224771584735
79448,231,1,0.0013892263626160896,0.009261497060628962,-0.0034516967457929315,0.0010148882201270748,-0.0011706036480094717,0.2932531725712136,1.8253971989750264,0.0004092492710571817,2.4019665332463136,1642,1645,,0.0068567961165048544,0.0013892263626160896,0.006934444737299667
90922,231,1,0.0008759127363223779,0.008505973555174141,-0.005171244812033349,-9.107439247202365e-10,-2.1645192471497765e-05,2.3444628469718393e-07,5.472010082613193e-07,0.00010319195612019881,0.9972120054761431,1642,1645,,0.005518650996423097,0.0008759127363223779,0.004372194933938923
90989,231,1,0.005199995985261001,-0.000734479346274568,0.0005524430084415943,0.0026371398924321943,0.005986171466074719,0.7702118924630363,9.08139036688847,0.0004611116463518946,0.7300469906637085,1642,1645,,0.001539345937659683,0.005199995985261001,0.025956234177753945
75320,231,1,0.003559338618819541,0.009413033132153794,-0.0012138339778156038,-3.385700098057498e-08,-0.0002238816247657205,2.7815868804631147e-05,7.354265717029866e-05,0.00011416026812918952,0.2555681883458531,1642,1645,,0.004854368932038835,0.003559338618819541,0.01776674962247421
11850,231,1,0.0023439854078071572,0.006960584236845864,-0.0047383505027025485,-7.043461525135797e-08,-0.00032095729264414175,2.1730250588370553e-05,5.951996352254128e-05,0.00024487324721476596,0.845804927946372,1642,1645,,0.006741824220746039,0.0023439854078071572,0.011700207909146469
90882,231,1,0.0020162474320945885,0.012301438468540923,-0.007137476219313488,-2.552289490864723e-09,-0.0023050387832845853,1.7604309672727297e-06,6.475099749394967e-06,0.0004182742226724154,1.7772108130752584,1642,1645,,0.00791709248850281,0.0020162474320945885,0.010064275175611582
55213,231,1,0.005808237205107323,0.003383398841772806,-0.0005808891609000444,0.002370870626694499,-0.002842001930045912,0.5738785828054203,4.63918326493722,-0.0007232676962493259,-1.0209705478815625,1642,1645,,0.003755748594787941,0.005808237205107323,0.02899232335621538
77470,231,1,0.0012862889207499353,0.015045086944111616,-0.010643819513365571,-4.093492655954378e-09,-0.0005420315789648189,9.414914101283181e-07,3.855632883077935e-06,0.000244460085313714,1.5832672061856305,1642,1645,,0.008412110373019928,0.0012862889207499353,0.006420623504685248
63263,231,1,0.003297771411209311,0.005210410975875627,-0.0022052729853567765,4.936545161982053e-06,-0.00832750183220865,0.053447297180062546,0.09501563773519814,0.0006106503774680601,1.5062965966697288,1642,1645,,0.0044040623403168114,0.003297771411209311,0.016461114057909145
76712,231,1,0.0035318764440977184,0.001283491368456937,-0.0010025999764586846,0.00018022526377636794,-0.0005404328519855728,0.2274028671880233,0.7024428778839523,0.00015809544327123357,0.3852059966261281,1642,1645,,0.0026922585590189066,0.0035318764440977184,0.01762966977854155
89781,231,1,0.005274262089331832,0.014817062437901998,-0.010750180142137022,-5.705813599377052e-11,-0.0008832379822309999,3.038852090960203e-08,1.561722153572894e-07,0.001189094454598836,1.7818938686654422,1642,1645,,0.007744634644864588,0.005274262089331832,0.026326939923334475
90761,231,1,0.004058898980236056,0.022268284027977023,-0.015349745987518038,0.0003629214875654485,-0.13317079639642437,0.08299391306841011,0.8430186346568107,-6.897501523449548e-05,-0.13306059681317758,1642,1645,,0.019369570771589167,0.004058898980236056,0.020260348802858895
77069,231,1,0.0011685807785956459,0.008723602483609944,-0.0072275026158956646,-9.671283396350816e-08,-0.0018934169645268284,2.1436668042496432e-05,6.921123736628967e-05,0.00030163802638026826,2.1602848493495843,1642,1645,,0.009711931527848749,0.0011685807785956459,0.005833073031368539
61146,231,1,0.00478555082617296,0.005962428132878382,-0.002602257797255536,-1.2260192860935604e-11,-0.0033874324755263086,2.0964944646040696e-09,4.954295581668743e-09,0.0004930621572211457,0.8702901996136885,1642,1645,,0.006537429739397036,0.00478555082617296,0.023887494964566703
64450,231,1,0.002608202531958416,0.011493847498000306,0.00138734233713933,0.0001945836251099342,-0.00043076549593279445,0.14103421018883724,0.6569252479041449,0.0005944600853138328,1.8345263780413104,1642,1645,,0.00366951967296883,0.002608202531958416,0.013019070763595104
18091,231,1,0.0032653372936346696,0.006828550734219539,-0.007189645015782453,-5.027755989317484e-11,-0.00010188682047806985,1.9782474055087592e-08,5.261124209152217e-08,0.000770648994515449,1.9474012231467819,1642,1645,,0.006083929483903934,0.0032653372936346696,0.01629921632692966
91570,231,1,0.0020937167780237416,0.0081812513887697,-0.004873669921321433,1.0098390474722052e-05,-0.0009456638359368608,0.03979290268264826,0.13448194548309875,0.0004525363682774759,1.8776983340440803,1642,1645,,0.007182549821154829,0.0020937167780237416,0.01045097018272967
80421,231,1,0.0015011096943816395,0.00526392832194185,-0.001904692325833901,0.00028041155805713647,-0.004031861063579445,0.1420070293666786,0.7892393412980947,0.0003131472196981136,1.7585539066844151,1642,1645,,0.007278359734287174,0.0015011096943816395,0.0074929201607663995
92748,231,1,0.005378941545764874,0.0040123249005449965,0.0013434622454376877,0.0030185514519980305,0.0051209984060514024,0.5860824276845493,5.375249243511338,5.0878732480189116e-05,0.07467090466976706,1642,1645,,0.005077925396014308,0.005378941545764874,0.026849456573823708
90762,231,1,0.0023583413062910888,0.0038128789501986754,-0.001281361100725853,0.0010216351838262527,-0.01161018770414124,0.33127257006447614,1.9330442055379482,0.00027510531755726796,0.965505318643728,1642,1645,,0.005572943280531426,0.0023583413062910888,0.011771866630410327
49154,231,1,0.00263020217193946,0.0016420127920989459,-0.002195308536816043,-4.5836490158990273e-10,-0.009996818462944201,2.6686435483175503e-07,4.163175753450299e-07,0.00010746374163354652,0.33076802971673896,1642,1645,,0.0028455544200306593,0.00263020217193946,0.013128883888219199
82272,231,1,0.0028538887315578527,0.007883107433966327,-0.002054949510153392,1.4463430753064443e-06,-0.001738180116378274,0.02380022650550562,0.05002053388652986,0.0004502585849532153,1.311554337123658,1642,1645,,0.00514499233520695,0.0028538887315578527,0.014245434889475347
64311,231,1,0.0031525302512126845,0.0033912198678457146,-0.007535053439121864,-1.354324208335811e-09,-0.005298285231443822,5.583619329725285e-07,1.0728799521722696e-06,0.0006164052407303269,1.6107771996353633,1642,1645,,0.00388030148185999,0.0031525302512126845,0.015736130121035617
87133,231,1,0.0014468354467111393,0.004176658438167574,-0.0023519982562041353,0.0017371240616139705,-0.003388425100231407,0.39032628516887835,2.770583028316635,0.0003763751595668491,2.178009619735726,1642,1645,,0.006131834440470107,0.0014468354467111393,0.007222005512687838
90533,231,1,0.007980550077515245,0.007738469165815073,-0.005712786401315784,-1.3069767490492268e-11,-0.00012199812156010736,4.455214545883172e-09,1.2100028791658542e-08,-0.0003798848263257478,-0.37762655397909234,1642,1645,,0.008255620848237097,0.007980550077515245,0.03983561280939739
89976,231,1,0.0064781268686407165,0.002667885738489802,4.243514199619991e-05,-2.9390712086296844e-11,-0.00022934360453263913,2.023164269173924e-08,4.071219948796005e-08,-0.00035477696526505306,-0.4273887310213387,1642,1645,,0.005288707204905468,0.0064781268686407165,0.03233613612630483
78451,231,1,0.0051147042737204745,0.004737065654059212,-0.0015851599920309045,0.00022115153473212246,-0.0007004289353058635,0.1977263154585716,0.7496599467237599,0.00011492160224729986,0.18372900580962503,1642,1645,,0.004994890137966275,0.0051147042737204745,0.025530493149406554
20750,231,1,0.0027988228523815432,0.01496253576489021,0.0004614203567773201,0.0005788688183513413,-0.0018273521368357137,0.25118978524687324,1.3002563959569675,0.0006249293989829886,1.785251436581019,1642,1645,,0.006128640776699029,0.0027988228523815432,0.013970568743586879
89012,231,1,0.001555286446285199,0.002469913565916891,-0.0019869338994200625,0.001163797034159253,-0.001804179439439224,0.37700408396890456,2.218070690317275,0.00042337537759180155,2.292285756216542,1642,1645,,0.004413643331630046,0.001555286446285199,0.007763348150208066
82743,231,1,0.0031749869300174496,0.00762149615521137,-0.00265629970183201,0.00011286944109578645,-0.0018430120994150645,0.16202626933023903,0.5133138197744016,0.0007977330895795246,2.0119639948370405,1642,1645,,0.005515457332652018,0.0031749869300174496,0.015848224594870453
90988,231,1,0.004855365902971935,0.004318985137450584,0.0008222741413644874,0.0008202123471964251,0.002218789745557559,0.34803528938491946,1.7855133122423876,6.0575551303209046e-05,0.10393974160060994,1642,1645,,0.005643203883495145,0.004855365902971935,0.024235983018724518
75041,231,1,0.0028934557918336525,0.007093875643367933,-0.0063681486001565535,0.0006995534868367015,-0.0032536887348264543,0.29579598492871206,1.522093846564416,0.0012620486187392855,3.8235290963347035,1642,1645,,0.006780148185998978,0.0028934557918336525,0.014442937327007022
78936,231,1,0.0015318785896315697,0.01045885659365039,-0.005373757609729912,-1.4325260977443577e-09,-0.00555215464351666,1.0496043475744085e-06,3.6380284163645942e-06,0.00036107312608655374,1.9506606055575255,1642,1645,,0.008836867654573326,0.0015318785896315697,0.007646505789055665
90853,231,1,0.004608766030773049,0.001888849954541084,-0.0012638691981443628,-4.935192032817781e-09,-0.010706708958311717,1.48278652535611e-05,2.973374968582096e-05,0.00015179279698931343,0.2715095913711732,1642,1645,,0.0032000510986203374,0.004608766030773049,0.023005058216255234
20618,231,1,0.004839556514007127,0.006954034728928301,-0.0047291900622195016,-1.6362466936925557e-12,-0.0008280930051480784,2.2011249485583237e-10,5.419590894915099e-10,0.00027271907373542937,0.47115456824568874,1642,1645,,0.004602069494123659,0.004839556514007127,0.02415706907276362
42439,231,1,0.004874555945889338,0.003413158832978958,-0.002844664853312917,-1.2651181435785475e-08,-0.00011964485670645786,3.7863604750516984e-06,5.700439233388958e-06,0.0005298104813680306,0.9107518444379167,1642,1645,,0.005726239141543178,0.004874555945889338,0.0243317717941884
90558,231,1,0.005534185212070911,0.013138354351125378,-0.002160245564045926,-3.0005997686544106e-11,-0.009632880542246536,2.6220907257644963e-08,1.0470086736304903e-07,0.0007972273004265971,1.1695674716393063,1642,1645,,0.009172202350536535,0.005534185212070911,0.027624368894655107
89492,231,1,0.0017612742367656075,0.00589895361996364,-0.009671985141014083,-2.5427282501766513e-10,-0.00019075104426669043,3.69641696155369e-08,1.0594790105591807e-07,0.0004553101767162996,2.179878341458762,1642,1645,,0.005419647419519673,0.0017612742367656075,0.008791554199332398
91929,231,1,0.008350099971479017,0.023976749707484504,-0.011582446430677074,0.0005109974187891275,-0.0036243400366482437,0.13254944765395757,1.0540496314225218,0.0014059414990859225,1.3172641188727197,1642,1645,,0.01448326520183955,0.008350099971479017,0.041680253385135514
85340,231,1,0.0015381282342975526,0.006447646048599846,-0.005538201098132189,-4.38677638658902e-08,-0.0014164980452333609,1.3051097816504063e-05,3.520303478801716e-05,0.0003793296788149448,2.050500152996124,1642,1645,,0.00582843638221768,0.0015381282342975526,0.007677701436309586
91813,231,1,0.004886554178225637,0.004426279722914076,-0.004867653584607279,-1.1457501614131615e-12,-0.014098834547836114,4.3316888903144996e-10,1.561034752121558e-09,-0.00029020840950640857,-0.46129116556935257,1642,1645,,0.008667603474706184,0.004886554178225637,0.024391662018935265
12062,231,1,0.0024959667114486336,0.0016579933545563044,-0.0021559056811264465,-4.7158499327792924e-11,-0.003028613654957324,2.7668390211902727e-08,2.2515382818109584e-08,0.0004105496648357494,1.3302284915132412,1642,1645,,0.0028423607562595814,0.0024959667114486336,0.012458835861771801
52230,231,1,0.0036275118189961087,0.008458664421618469,-0.0011601026738738973,-3.664784631318696e-08,-6.949549416557232e-05,4.642524311969853e-05,0.0001023443567385981,0.0004984021953684552,1.135297777130942,1642,1645,,0.0077574092999489015,0.0036275118189961087,0.018107042106054093
85072,231,1,0.003882875526587698,0.008335005648222505,-0.0036405595498489873,-1.8435128978921966e-09,-0.002290679325145595,1.4860765072110703e-05,4.1038155110971446e-05,-1.4646552215188932e-05,-0.030853986231707806,1642,1645,,0.006218063362289219,0.003882875526587698,0.01938171235840316
89462,231,1,0.0029744954122326865,0.0115390391765511,-0.0029788937979087216,-1.2326501375170551e-08,-0.010837217937966104,7.868438805112106e-05,0.00018841439511373646,0.00044891839429942674,1.2610609034408025,1642,1645,,0.006745017884517118,0.0029744954122326865,0.014847453671003397
91041,231,1,0.00431268589474915,0.003394325210153919,-0.0035809895651170986,-1.6586731987899839e-13,-0.0028251665989647012,8.258320228357531e-11,1.6389959324562207e-10,0.0008479999999998527,1.7457418371298592,1642,1645,,0.004975728155339806,0.00431268589474915,0.021527148354824475
72864,231,1,0.0028910714389320073,0.008494024002919794,-0.0048300206509324095,-3.853180641222309e-08,-0.0036566176394101646,1.1799850731787805e-05,3.1167907063519844e-05,0.0007882358318094201,2.1896226291000667,1642,1645,,0.00668753193663771,0.0028910714389320073,0.0144310356212263
27983,231,1,0.003696332674439043,0.0046501510910738324,-0.0004362393655863439,4.874646838848307e-06,-0.03308066300734125,0.04294795194380657,0.09352926462171884,0.00017895909864366265,0.40225733032496924,1642,1645,,0.003931400102197241,0.003696332674439043,0.018450567417468443
88485,231,1,0.0076721602421265574,0.016001981548958575,-0.002992561152036277,0.003093354259386283,-0.008415914143235392,0.3046280408484424,3.2443705754888033,0.0014271822306449326,1.5143684738915466,1642,1645,,0.011171435871231478,0.0076721602421265574,0.03829625800834056
78950,231,1,0.004566445348437459,0.004095870412983658,-0.0018101648440937979,-2.8867708223856425e-09,-0.002329446250349143,0.0001475671155857039,0.00021091365259691102,0.0009701619461626894,1.845552393146939,1642,1645,,0.0036950689831374553,0.004566445348437459,0.02279381083368446
10517,231,1,0.0042842773763544185,0.007426328407389002,-0.00199333552718306,-1.4808940074217958e-08,-0.004324680432667316,2.0849623945313036e-05,6.252134396226878e-05,0.0006359585651220535,1.2385924573837899,1642,1645,,0.005068344404701074,0.0042842773763544185,0.0213853447537858
91414,231,1,0.0020254240229853992,0.004591646945474509,-0.007268799135436543,0.00031968258874559563,-0.01098227101653948,0.1534140457089426,0.8528588580160588,0.0001906977591046711,0.8037777536509201,1642,1645,,0.005189703628002044,0.0020254240229853992,0.010110080930614175
63706,231,1,0.004110259556951237,0.01099993640580104,-0.004451543046889661,1.0448376258520575e-05,-0.0005499034966287564,0.032771147532066655,0.13523708584134458,-0.00030415661182227175,-0.57720483534138,1642,1645,,0.008533469596320899,0.004110259556951237,0.02051671960785612
90494,231,1,0.008287459020778052,0.017169142659863613,-0.006294930771125307,0.0017224721661974751,-7.163401574583617e-06,0.24660025662654936,2.232959186962464,-0.0006356252285191956,-0.5933265117179372,1642,1645,,0.014179867143587122,0.008287459020778052,0.04136757560805262
81584,231,1,0.0033030281631131644,0.006754896297418899,0.004952872403363839,0.004393843145001686,-0.00419171605408919,0.5330537299877596,5.750455529191824,0.0006848507258588615,1.7933349862291275,1642,1645,,0.004991696474195197,0.0033030281631131644,0.01648735359421216
90880,231,1,0.003737650009108294,0.00561808540675838,-0.0004410747319014696,-1.536944749247482e-08,-0.0014682183423773143,2.3073973032976865e-06,7.914905282869434e-06,0.0007417196831192423,1.662191048314482,1642,1645,,0.007102708226877874,0.003737650009108294,0.018656806502520714
90499,231,1,0.0033099666016447285,0.02443714299617327,-0.02253369605174882,-1.912747737975451e-10,-0.008709486786182774,1.21386372702964e-08,7.902888943848085e-08,0.00019716758074326675,0.47191166187327394,1642,1645,,0.01162493612672458,0.0033099666016447285,0.016521987416211963
90680,231,1,0.004019654761666129,0.005114971025972924,-0.0006404958945245287,0.0004796983640691366,-0.0016683172475469021,0.21537976521529567,1.1287030547290031,0.00030602893486865197,0.6622627671385154,1642,1645,,0.006891926417986714,0.004019654761666129,0.020064457857902156
90269,231,1,0.0017213573428411617,0.001279043630199623,-0.0009011246690782126,0.0002844085690435483,-0.008764529158185042,0.2469759463255218,0.9070719441274234,0.0002895117251864691,1.4741281910464972,1642,1645,,0.004975728155339806,0.0017213573428411617,0.008592305536585694
90793,231,1,0.0030471566192067775,0.009667952557632262,-0.005467391988157377,-1.3699961387558801e-08,-0.0019047016167215158,5.408782842085901e-06,1.854483186646602e-05,0.00022317733090027525,0.5994381500251486,1642,1645,,0.00679611650485437,0.0030471566192067775,0.015210148432538503
82311,231,1,0.0033720024390282897,0.011695198077178552,-0.012490282869270564,5.686166131080306e-05,-0.0038507148962476645,0.05298707530692444,0.3223050135983565,0.00047486654478978013,1.1361612393877385,1642,1645,,0.00461803781297905,0.0033720024390282897,0.01683164471731466
88953,231,1,0.00324540246728293,0.011968109604213713,-0.00694065681397249,-1.825177786685117e-09,-0.008023574530997113,1.4452817720655162e-07,5.954851671178782e-07,0.0003356715417401924,0.8786040224024685,1642,1645,,0.008089550332141033,0.00324540246728293,0.016199709899896785
89332,231,1,0.004995677928016662,0.011200909578982197,-0.0020935116410902843,0.0005896098871190913,4.7542055959803875e-06,0.2665782114319042,1.3428624655117365,-0.0003150146252285191,-0.4985314364441136,1642,1645,,0.007393331630045989,0.004995677928016662,0.02493636274792791
81067,231,1,0.005661864633946977,0.003121945331622868,-0.004799568425498224,-2.7406610314528734e-10,-0.014715425866525633,2.3766169692128664e-06,3.6966273461358838e-06,0.0014239646556991553,2.0277826424423058,1642,1645,,0.005342999489013797,0.005661864633946977,0.028261691881689897
89014,231,1,0.002611773267955565,0.00657815704160586,-0.005381051828261985,-1.4730336062029892e-08,-7.337400715234921e-05,0.00035817178855737544,0.0008754564457837906,0.0005007867792122146,1.6196552541057634,1642,1645,,0.0060487991824220745,0.002611773267955565,0.013036894404227064
47677,231,1,0.004872754080132228,0.005440234197021441,0.0007921259332511754,0.0011288779954050643,0.0013930101876948875,0.4898038300798158,2.6686479862415946,0.0005841907372388682,0.9619051518615434,1642,1645,,0.0045605518650996425,0.004872754080132228,0.02432277762386962
92355,231,1,0.005590045897434392,0.0033757870584946634,-0.003146307895216971,-1.53932244728594e-08,-0.0003741335962985648,4.107769137891987e-06,1.0995028842420587e-05,-1.6447288235681823e-05,-0.024554859211669694,1642,1645,,0.005454777721001534,0.005590045897434392,0.027903202385052808
78186,231,1,0.008989629903987896,0.012823139368371532,-0.0037402293954762467,0.0014620310727024854,-0.00029097501853181384,0.2534448028251831,2.076996259396825,-0.0006386884679392403,-0.559297825043738,1642,1645,,0.008581374552887072,0.008989629903987896,0.04487252290590717
89733,231,1,0.0027091012226608565,0.016048397483760635,0.0001165550532387094,5.1355704110522815e-05,-0.0006261779460996486,0.08021034251022391,0.31555718792635973,0.00035737189015232695,1.0825004031376702,1642,1645,,0.00890074092999489,0.0027091012226608565,0.013522715391691843
85621,231,1,0.00311254338909023,0.008896444911845143,-0.01219194918876565,-3.143596494226131e-11,-0.007815927095034203,3.907528893431155e-09,1.1079625262067104e-08,0.0009356422912857131,2.442645706044528,1642,1645,,0.008086356668369954,0.00311254338909023,0.01553653220591686
77239,231,1,0.003041619693069206,0.007963135531327293,-0.00638903492906695,-4.2190473337200274e-11,-0.010960138160945876,2.04354254077963e-08,7.348839654816295e-08,0.00029659658744307784,0.807625778852959,1642,1645,,0.008728283086356668,0.003041619693069206,0.015182510382074792
88897,231,1,0.004886480338157509,0.0029338555290205496,-0.0023292302491928485,-2.413554245350724e-09,-0.0051538279200682435,9.556360744670872e-06,1.6180860720261626e-05,0.00010175319926974688,0.1688329703435788,1642,1645,,0.005748594787940726,0.004886480338157509,0.02439129343978531
91858,231,1,0.0034394312264734626,0.0015882968572084142,-0.006821025023721505,0.00023655551919876672,-0.00681424265733388,0.12415428145892371,0.7129266957795877,0.0007364360583540376,2.1723480289125687,1642,1645,,0.003570516096065406,0.0034394312264734626,0.017168221399721666
91973,231,1,0.03323472976480426,0.03796907689900443,-0.13324780216898424,-6.712408406883696e-13,-9.129207696112474e-05,4.672370728773247e-11,1.0050346793635126e-09,0.0038349804996953047,0.8776101478657914,1642,1645,,0.01929611650485437,0.03323472976480426,0.16589405665980148
51263,231,1,0.006537797071388823,0.004196437091415399,-0.0006771899587292296,0.001807745741261857,-0.0008715290853664737,0.4160543475096601,2.94784969057702,0.0009470151548174642,1.1817474533131542,1642,1645,,0.005742207460398569,0.006537797071388823,0.03263398515548753
44206,231,1,0.0021412453589045857,0.005667027971157259,-0.002050010408590097,7.992935621148334e-07,-0.0007350069830249772,0.017669439585690404,0.03713321525710054,0.0005832126751982906,2.2237108178673823,1642,1645,,0.004605263157894736,0.0021412453589045857,0.010688213245796687
43837,231,1,0.004822309223294927,0.008641740062856527,-0.004100271789182264,0.00040434716828607886,-8.391219283421236e-06,0.19071896092198912,1.0065241624476238,0.0009457274211173488,1.6353886486373659,1642,1645,,0.007281553398058253,0.004822309223294927,0.02407097771463055
83835,231,1,0.002391421326508183,0.008821490386809593,-0.0053528198233478985,-3.3079883277054023e-09,-0.002544411909565447,6.377331231618424e-07,1.8044279805717368e-06,0.0004033217545282282,1.429129812190085,1642,1645,,0.007805314256515074,0.002391421326508183,0.011936988440848924
52898,231,1,0.0023522236836801915,0.012685498244388279,-0.0024365342194938577,-3.194444708753963e-10,-0.0006389856006281391,2.22279790814485e-07,7.347405157665753e-07,0.0005426099939062842,1.8785918940131594,1642,1645,,0.0047170413898824735,0.0023522236836801915,0.011741329982776435
92891,231,1,0.0015301680083866984,0.004101819192224304,-0.0029874346732565726,-3.0375106874203084e-09,-0.001408834998520181,1.1727059593319759e-05,2.0373114825395018e-05,0.00029512736300949384,1.5937217679836593,1642,1645,,0.003889882473173224,0.0015301680083866984,0.007637967273353384
89444,231,1,0.0023655633901836504,0.006683136188413034,-6.713297893767844e-05,-7.453240780108672e-08,-0.003072497391536144,2.3719218615467913e-05,6.437806078597429e-05,0.0003464381488592093,1.2100475266489168,1642,1645,,0.006438426162493612,0.0023655633901836504,0.011807916293005845
16548,231,1,0.0027444265337623025,0.005946498242944249,0.000447019788569869,9.129647285288645e-05,-0.00032803378541101935,0.12868719779431423,0.44350910163833074,0.0005609697930088022,1.7051436660817851,1642,1645,,0.0052950945324476235,0.0027444265337623025,0.013699044767704836
93031,231,1,0.009913479780440727,0.02089673915350847,-0.013479594839125086,-2.7267077484793845e-13,-0.02696427278004876,3.280079727524098e-11,1.9438586753527794e-10,0.0007687062766605262,0.5935659606983775,1642,1645,,0.017878129790495655,0.009913479780440727,0.049484000262095
87541,231,1,0.00339201227185172,6.349679688301757e-05,-0.00529304917842488,-7.322454864677752e-09,-0.012287276406886205,1.0000702779415418e-05,1.2371267369598769e-05,0.0011452169409293372,2.8360258157435165,1642,1645,,0.0032000510986203374,0.00339201227185172,0.01693152554570276
60580,231,1,0.0029102703485560204,0.006319064177748669,-0.008046671435831376,-6.458900081440788e-11,-0.005443051256270204,5.1156238467791205e-08,1.4915066997051285e-07,0.0010513400364899096,3.0994257921890838,1642,1645,,0.005796499744506898,0.0029102703485560204,0.014526868655630729
77730,231,1,0.003440271407043858,0.0012381661248967054,-0.004659606819467088,7.320285625667111e-06,-0.006535181549629732,0.08613360228644898,0.12002781620446186,0.0009519104164852815,2.286226626119887,1642,1645,,0.002998850281042412,0.003440271407043858,0.017172415234428192
27422,231,1,0.009055660468040606,0.009380074064227226,-0.002688719341308987,0.00014960585840262386,-0.048069196292547245,0.12347887382847827,0.5640896069025056,-0.00033508226691041993,-0.29218432910365255,1642,1645,,0.010187787429739397,0.009055660468040606,0.0452021202341165
75049,231,1,0.0036916170545604468,0.009580749293416542,0.00146832082596271,-7.29512383834674e-09,-0.00042264409474990217,8.922397997022339e-05,0.00024163675839851057,-5.784887462660966e-05,-0.13077591870123645,1642,1645,,0.006195707715891671,0.0036916170545604468,0.018427028988937146
21776,231,1,0.002513102013208321,0.0027080064967338656,-0.0007536365718392446,7.00555564669969e-08,-0.00027131994651874436,0.008450459444323433,0.013104253761206401,0.0001610986742935017,0.5140381850607461,1642,1645,,0.0034172202350536535,0.002513102013208321,0.012544368217266224
56653,231,1,0.001845650294689315,0.006019834147151597,-0.0041427658179489235,-1.944278960053225e-09,-0.009860928073090802,1.7562589735463851e-06,8.406034000855727e-06,0.00045923583178631247,2.081187548765897,1642,1645,,0.006610884006131834,0.001845650294689315,0.009212724662669506
86128,231,1,0.006223651981826447,0.003346926881127226,-0.0008396834217723192,-8.811704699240863e-10,-0.00026363685484853683,7.009187250824099e-07,9.801909413252643e-07,0.0008802723948384839,1.196839993698754,1642,1645,,0.0038611394992335204,0.006223651981826447,0.031065902500503846
76639,231,1,0.002873729439559936,0.002788713954943973,-0.002577309270197725,0.00034803385813697574,-0.0032194952721296133,0.3454623826060218,1.1542352783516183,0.0009652471197781398,2.7975019174786127,1642,1645,,0.0036822943280531424,0.002873729439559936,0.014344471516544716
80432,231,1,0.0046628213815934965,-0.0005074692772083816,3.0881836959206765e-05,0.00024577477715714835,-0.0021650552604155493,0.4273825186460147,1.1086340621129605,0.00031259627980966437,0.548041020305548,1642,1645,,0.0021748850281042413,0.0046628213815934965,0.023274880221586216
77496,231,1,0.0037873053314283435,0.009732500971041714,-0.005150651131538897,-5.6598918884986915e-09,-0.00023720261398940679,6.5857493121773344e-06,2.0117792460891213e-05,0.0010111377276267593,2.324111224000297,1642,1645,,0.006965380684721512,0.0037873053314283435,0.018904665381251438
15720,231,1,0.0022007908572949948,0.0023809391929301596,-0.005678791114666737,-1.2961578477188596e-09,-0.00020072141099714003,7.047918004943372e-07,7.098652740704273e-07,0.0006058232784884181,2.2609437974851745,1642,1645,,0.003340572304547777,0.0022007908572949948,0.010985439802285066
79037,231,1,0.0051454579773410935,0.005301674425489124,-0.005175461399620884,-5.351274978693255e-13,-7.57349530999818e-05,8.732199941361113e-11,1.8932961519520038e-10,0.0006007397928093079,1.0435061313633878,1642,1645,,0.004988502810424118,0.0051454579773410935,0.025684002947351126
84767,231,1,0.002841638930255402,0.01312166063971805,-0.01274428479211731,-3.3449272240915207e-09,-0.005384127007478812,6.475154562605697e-07,2.8346601252898418e-06,0.0005289201700287631,1.6089483202701547,1642,1645,,0.008147036280020439,0.002841638930255402,0.014184288936259499
92128,231,1,0.001929368971847724,0.0072844187504629235,-0.006607708879360352,-1.93955518312805e-10,-0.005669083556579135,1.357022962726075e-07,2.919828305470446e-07,0.000502101767245992,2.1744848934266563,1642,1645,,0.006773760858456822,0.001929368971847724,0.009630613752494712
86021,231,1,0.002656007767897377,0.0017392717610279118,0.00011885593485405632,0.0010422302221575475,-0.0021052274906576685,0.4538143990824515,2.3952163152100163,0.0007151822059719682,2.200137665726284,1642,1645,,0.004004854368932039,0.002656007767897377,0.013257694774550405
12431,231,1,0.0034015815657690474,0.008854138570914336,-0.006286306259238872,0.0004673137136480543,-0.005162995881428767,0.19917057252003628,1.0906795804750755,0.0007452393471080607,1.8071360980038926,1642,1645,,0.008335462442514052,0.0034015815657690474,0.01697929151216464
92405,231,1,0.005014873957169367,0.0042806143778282065,-0.002366454658374817,0.0024460898239280215,0.004468704245208954,0.43764005745214984,3.5690413211306304,-0.0005074864984474205,-0.82810057882987,1642,1645,,0.006872764435360246,0.005014873957169367,0.025032181404208195
25953,231,1,0.0032884677042441823,0.004234289695766465,-0.0028262264768552647,-3.757273159266106e-09,-0.0012249375835433618,9.80902042290615e-07,2.434592729201152e-06,0.0004981620962818617,1.262515599379702,1642,1645,,0.0049278231987736325,0.0032884677042441823,0.016414673791918064
80200,231,1,0.0027338735573929243,0.00300460726051452,-0.0017096979216735253,0.00016943789035406276,-0.008835113168305986,0.164921126863665,0.629844684851466,0.00018354177079986015,0.562818679366541,1642,1645,,0.004365738375063873,0.0027338735573929243,0.013646368664359318
88233,231,1,0.002200293931115272,0.008069832748314075,-0.006262509353667234,-4.449488488766917e-08,-0.00023450633612709382,6.421076164923921e-06,2.3801797995344823e-05,0.0004344625231479689,1.6120738466010878,1642,1645,,0.004978921819110884,0.002200293931115272,0.010982959351852702
49330,231,1,0.0034433796544803695,0.00865354106547225,0.001723819497037038,0.0014190710670928253,-0.004304435506514048,0.35536059972298706,2.367469524501811,0.00047508206282866836,1.1592466957371048,1642,1645,,0.008083163004598876,0.0034433796544803695,0.017187930323011563
46877,231,1,0.002518548118743569,0.0037432574857409967,-0.0037370601144639526,5.921129564356864e-05,-0.0047082953263122285,0.1489376816155034,0.3655235357342894,0.0008471015831906071,2.6830544025114946,1642,1645,,0.0028263924374041897,0.002518548118743569,0.012571552928760298
92144,231,1,0.0028301448994241763,0.007714273016891186,-0.005754318087644261,-3.856840624649749e-09,-0.0025624116506979266,1.7535493203694194e-06,5.264926745141879e-06,0.0004940505789162613,1.3877588327090389,1642,1645,,0.007179356157383751,0.0028301448994241763,0.014126915477366983
68929,231,1,0.002335090600553283,0.014404739632359992,-0.008571258353685218,-5.246780787615535e-11,-0.007658350166515504,2.4777371573835526e-08,9.141965448153127e-08,0.0004896898232797575,1.7153134532213619,1642,1645,,0.007837250894225857,0.002335090600553283,0.01165580870178132
75154,231,1,0.0034288882048181123,0.00245889512295506,0.0025832778426299052,0.0003082292074071402,-0.003356829179603338,0.3307203994599753,1.0616794278443231,0.00045871083386936785,1.1290729890122437,1642,1645,,0.003343765968318855,0.0034288882048181123,0.017115594986200758
77066,231,1,0.002404382382692009,0.007009942849507036,-0.002282536507284716,-3.0751720059285503e-08,-0.00841729478827391,6.917287874662749e-05,0.00018183383803141627,9.41054196125203e-05,0.3300584871151151,1642,1645,,0.006224450689831375,0.002404382382692009,0.012001684684932953
46392,231,1,0.004679482490067166,0.0035409320295218994,-0.0013494238118005875,0.0009286041825731228,-0.006017697818708978,0.3892571936921324,2.0209288909282055,0.0004609646556977448,0.7834694004769281,1642,1645,,0.005595298926928973,0.004679482490067166,0.023358045599872913
76282,231,1,0.0036520390059264765,1.531999277776219e-05,-0.0003287955538775478,0.0011093306003053804,-0.004300067264608076,0.6031202358565313,3.4017187915207705,0.0004027308324480208,0.9165348388875199,1642,1645,,0.003056336228921819,0.0036520390059264765,0.01822947170205583
90164,231,1,0.004427333091672306,0.001525417668816131,-0.0015609321913963026,-2.096691664732475e-08,-0.0009782016100072788,2.1674918522875553e-05,3.243966019388908e-05,-0.00040153077392172265,-0.7235082794627055,1642,1645,,0.00437212570260603,0.004427333091672306,0.02209941985264779
79698,231,1,0.0030288806337193963,0.005957517662413677,-0.00593489055221208,2.9949861526157306e-05,-0.0010504884338080611,0.09643667877894704,0.24555836393404978,0.0009083280858252402,2.477009065449405,1642,1645,,0.0047904956566172715,0.0030288806337193963,0.015118922254579082
83597,231,1,0.0028178890303173455,0.0073929851380956264,-0.0032504186682988934,2.9014075185074262e-05,-0.0003627568575530482,0.08012435004922261,0.23672389744389497,0.0004991419865935404,1.445200879173884,1642,1645,,0.0071059018906489526,0.0028178890303173455,0.014065739236175552
31077,231,1,0.0036904111481585785,0.009790685389266673,-0.004595221403363325,-5.120139867642592e-10,-0.0012202494598314573,1.03798850213839e-07,2.630071647536331e-07,0.0001548001218742388,0.34196312685638425,1642,1645,,0.006780148185998978,0.0036904111481585785,0.018421009601796833
85346,231,1,0.0047765188693206255,0.007779827458795769,-0.0022150862307490637,-1.935340776526573e-12,-0.006253123279725825,1.2779045811719524e-09,2.3925714820016767e-09,-0.0002054698354662168,-0.3345380951556508,1642,1645,,0.006454394481349004,0.0047765188693206255,0.02384241116300088
75268,231,1,0.0016471612380620998,0.010913579916630969,-0.0026186418601894523,-1.2596301779410624e-10,-0.008148934322431911,2.2870381523589444e-08,9.000923556309023e-08,0.00018792748323876552,0.9826174894948049,1642,1645,,0.007361394992335207,0.0016471612380620998,0.008221949198584438
86799,231,1,0.006293611906798192,0.004841706066547908,-0.0028487632361320347,-1.6848811235092853e-10,-0.003179681554803082,1.5050871525858006e-06,4.9658266135676805e-06,-0.0001419207800125394,-0.18064403945261912,1642,1645,,0.008102324987225344,0.006293611906798192,0.031415113576968474
77520,231,1,0.0039793451340158995,0.01102664048628309,-0.006995966157657074,-8.203870915934885e-10,-0.0022741875444056703,8.861824004997789e-08,3.0570793575333483e-07,0.00038099634369271294,0.7962860745748501,1642,1645,,0.007348620337250894,0.0039793451340158995,0.01986324883045809
49656,231,1,0.0032130480293953417,0.0059775470716073534,-0.00642578528948734,-6.72282229885468e-11,-0.00292041392531206,8.121234592235488e-08,2.8971587339224734e-07,0.000522818403412511,1.3335221795567913,1642,1645,,0.007377363311190598,0.0032130480293953417,0.016038209897035208
87214,231,1,0.005675739229295164,0.005039200257875026,0.0016234959346687061,0.00028047658038088397,-0.004429914971733506,0.2284229991558187,0.8788078931288591,0.0004790901889092016,0.6846708553467775,1642,1645,,0.005493101686254471,0.005675739229295164,0.028330948136310066
75064,231,1,0.0022674704449827405,0.007314729351552832,-0.002890132664603362,-4.8436143984531554e-11,-0.00017957901025567047,1.8969860409497746e-08,5.0606010683464704e-08,0.0003392894576477496,1.2312008122088915,1642,1645,,0.00487991824220746,0.0022674704449827405,0.011318276788660611
90038,231,1,0.002941764074887352,0.004941356085793108,-0.0017002599044233513,-1.4252166113948306e-09,-0.001397000936498527,8.666142583552226e-06,1.7543644915042276e-05,0.0007921943950830289,2.2628630978556252,1642,1645,,0.00461803781297905,0.002941764074887352,0.01468407234157648
86228,231,1,0.0022540436715713917,0.008813448845274725,-0.004285620570725346,0.0006860869644704781,-0.00501041080483744,0.2597548305336388,1.4313953584119323,0.0006241048779107272,2.3612602395731215,1642,1645,,0.007850025549310169,0.0022540436715713917,0.011251255876355212
62308,231,1,0.002535232684636438,0.012320187506872813,-0.0012466994998308056,-2.0609701945062397e-08,-0.002646646364228955,0.0004087547708426462,0.002034084529924307,0.0007422029933608462,2.5510696236043713,1642,1645,,0.006061573837506388,0.002535232684636438,0.012654835396803923
92149,231,1,0.0015388952112470428,0.006420760785695686,-0.0021412176188277954,0.0003540913182745742,-0.008860818658651626,0.16576432236657895,0.9114591388736543,0.00030353285339885974,1.754951920969349,1642,1645,,0.007141032192130812,0.0015388952112470428,0.007681529868748059
80711,231,1,0.0031607276979829417,0.009872328593719532,-0.010989442745418465,-3.1183944315671397e-12,-9.014285597652716e-05,3.585062870044796e-10,9.701833109835669e-10,0.0005406697135892516,1.521760653317098,1642,1645,,0.007335845682166582,0.0031607276979829417,0.015777048392632664
76558,231,1,0.002223597914527618,0.009932628990992001,-0.0037024931316473886,-3.214579713528565e-10,-0.0005680721538332545,2.0951579326442026e-07,7.128426270235276e-07,0.0005594795856147227,2.2215999175740313,1642,1645,,0.004305058763413388,0.002223597914527618,0.011099283220647954
89138,231,1,0.0033866775921137077,0.0016545773808858408,-0.0015075954060521646,-1.1399770016851107e-12,-0.008944253643804023,1.5483458246037687e-09,2.031209151803726e-09,0.0002872583790356648,0.7233652078135417,1642,1645,,0.0025804803270311704,0.0033866775921137077,0.016904897025808583
45751,231,1,0.002267180010222296,0.01767061627823708,-0.011035161281214956,0.0004089317843273266,-0.000645373002908789,0.13899009166691417,0.9513858201880305,0.0007928567991358122,2.9063916071855433,1642,1645,,0.007185743484925907,0.002267180010222296,0.011316827058184506
64390,231,1,0.0023665934861954656,0.013068382998484089,0.0022443087871953926,0.000354964100152122,-0.001394734045077728,0.16220860291455697,0.911401461501136,0.0006969704875095801,2.484925061077756,1642,1645,,0.007310296371997956,0.0023665934861954656,0.011813058107227247
85916,231,1,0.0013287079597398977,0.00938971182270275,-0.002333061584407714,0.0006633066449146519,-0.0039402065020834875,0.22567488985315634,1.3471491143213121,0.00032956615112123423,2.10362495240311,1642,1645,,0.007798926928972917,0.0013287079597398977,0.0066323618430877305
73139,231,1,0.0024913757550315834,0.0038382723283806428,-0.0014214667620962018,-3.413269666907581e-11,-0.000964796857186645,1.0506337506002825e-08,1.966139456648294e-08,0.000711596587445188,2.4010552397544616,1642,1645,,0.0060487991824220745,0.0024913757550315834,0.012435919701798104
47626,231,1,0.0027465684913437266,0.006667471164944616,-0.0003711285657552743,0.00042849009662593307,-0.011781019346716493,0.19913905084328012,1.0456014280623915,0.0006464745908109174,1.9901977712798025,1642,1645,,0.0061030914665304034,0.0027465684913437266,0.013709736536071552
79236,231,1,0.0014119713412888858,0.005270294253224323,-0.006113335374093198,0.001684977845847313,-0.007555004522582953,0.2835601018781581,2.312353003618716,0.000326880252397608,1.8397089193003857,1642,1645,,0.004448773633111906,0.0014119713412888858,0.007047978285108643
76572,231,1,0.0011760668755608128,0.0026341470504931777,-0.005004146794489683,-1.40760704425702e-07,-0.0029766982682282173,3.409450960926812e-05,0.00010877609341093407,0.0002747867096206851,1.964012178587213,1642,1645,,0.006304292284108329,0.0011760668755608128,0.005870440538277392
85602,231,1,0.007765607616607432,0.017191923171561332,-0.009154746948894621,0.00033573121630470215,-0.024843304396641397,0.11874506351283394,0.8441390861725343,-0.0002672413162705566,-0.2678779933680816,1642,1645,,0.009609734287174246,0.007765607616607432,0.03876270874064821
89537,231,1,0.0012565142645950922,0.0030575077270682937,-0.006312873322870782,-1.1995631155059527e-09,-0.0024458918622096704,2.641837494267354e-07,6.700310251202404e-07,0.0002558177940278791,1.6732517388012995,1642,1645,,0.0064064895247828305,0.0012565142645950922,0.006272000707685451
11955,231,1,0.002103432670476561,0.01184833752639345,-0.010959163058873012,1.316822828290043e-05,-0.00120411636528317,0.02716492053847843,0.15090353695741668,0.0006108702010968922,2.363552396162762,1642,1645,,0.0077478283086356665,0.002103432670476561,0.010499467908586779
45728,231,1,0.005000212436574307,0.009450620794482932,-0.001588752725941056,-2.010503319382906e-09,-0.0007607617191998095,1.3957956316971998e-06,3.3541446111531075e-06,-0.0001639366240542421,-0.26095138032560405,1642,1645,,0.007208099131323455,0.005000212436574307,0.024958997143480682
49373,231,1,0.0038700728844684785,0.0036219817593538144,-0.0017354320019202785,3.432488284660362e-05,-0.00010405236353361325,0.11801406203271876,0.2692432303070182,0.0008504952641592714,1.8593576193372396,1642,1645,,0.005365355135411344,0.0038700728844684785,0.019317806851960013
92621,231,1,0.008429101313596006,0.029923864294236567,-0.01512020436860051,0.0046756337111194535,-0.006608107972176258,0.23465790537993303,3.62885435755801,-0.0006617396827649214,-0.6125666633037082,1642,1645,,0.017561957077158918,0.008429101313596006,0.042074595485044365
51633,231,1,0.002233809898562043,0.005505894665245782,-0.004867289347450399,-9.401635026051736e-11,-8.01243544623631e-07,5.811655335967447e-08,1.2861700877530603e-07,0.0007312333942717728,2.675304244270793,1642,1645,,0.004138988247317323,0.002233809898562043,0.011150257230968024
27684,231,1,0.003563436498245976,0.011451872699988697,-0.00566831034483295,-2.710054403110007e-12,-0.0014593075414359724,5.294175410750331e-10,1.769136895612954e-09,0.0002922468007306959,0.6874289109841933,1642,1645,,0.006642820643842617,0.003563436498245976,0.017787204545579194
13610,231,1,0.004220239149373448,0.004015060530687088,-0.0028976414106134385,1.2411826926683744e-05,-0.030416787096945175,0.07165638432717347,0.15351875431230982,0.0005773144424133745,1.1177344565108798,1642,1645,,0.004847981604496679,0.004220239149373448,0.0210656923500998
92263,231,1,0.0034723602333106506,0.0017804411551998022,0.00037170838681388485,0.0006287359631510503,0.0007261519306565045,0.4730499554416636,1.9309873241784905,0.0003512349873877797,0.8585639405211777,1642,1645,,0.0027114205416453752,0.0034723602333106506,0.01733258941368351
20415,231,1,0.003702615317070173,0.004825338730673239,0.000801084624600934,0.00045537327947597905,-0.016354345686505845,0.21047672503388398,1.092560183552308,0.00015649380589563796,0.3493867447983048,1642,1645,,0.007048415942769546,0.003702615317070173,0.01848192777694775
77692,231,1,0.0014577904549772935,0.0032685971485793826,-0.003383918585408985,2.6292687230089484e-05,-0.0009515166662503738,0.12086882559462556,0.23622787313101734,0.0003511715864114769,1.915610429648749,1642,1645,,0.0049469851814001025,0.0014577904549772935,0.007276688393363419
12211,231,1,0.004467619071025139,0.008377043877921934,0.008535331020897208,0.004334758211447687,-0.0004126733257878712,0.37768921715465514,4.27025646451048,0.0005105470333782558,0.9612582854223756,1642,1645,,0.007613694430250384,0.004467619071025139,0.022300510837549734
92728,231,1,0.00798699349071307,0.020395111489646088,-0.008407735898557034,0.00023100283958865653,-0.02118054631199784,0.09141450955859964,0.6779987468533365,0.0015982352224253504,1.5753902661231673,1642,1645,,0.010353857945835463,0.00798699349071307,0.039867775669203596
90751,231,1,0.004721261630122469,0.00912051806087841,0.0001304586990572565,1.1567085111741093e-05,-0.004028855045442592,0.04989915514854519,0.14484465890433496,0.00034026897175752673,0.614779576746788,1642,1645,,0.006412876852324987,0.004721261630122469,0.02356658982684815
92506,231,1,0.004517678962990926,0.006618137370397931,-0.0011207606246013135,-8.024139130924368e-10,-0.008368550036143896,2.7205974191128247e-06,4.6158552900852585e-06,0.000171864714628469,0.3067536727250824,1642,1645,,0.005847598364844149,0.004517678962990926,0.022550389161006136
43553,231,1,0.0030503790516804245,0.002089070876528128,-0.0010524486200111927,-1.7911505612033807e-09,-0.008141767430255298,2.371303792453685e-06,4.247912843767804e-06,0.0007890505789276362,2.09543407983006,1642,1645,,0.003385283597342872,0.0030503790516804245,0.015226233485708746
77584,231,1,0.004270622532238545,0.0027104325598336374,-0.0017970397764759394,1.3478519163334646e-05,-0.004407742859417807,0.08454440008739356,0.1623590581350377,4.101694255097707e-05,0.08026055622784689,1642,1645,,0.004646780786918753,0.004270622532238545,0.021317185406636886
90300,231,1,0.002648315804813777,0.011217176081199189,-0.008605255073655282,-2.5857249674743343e-10,-0.00011215765059224836,3.5203246498660386e-08,1.0387167583370204e-07,0.0004803449116373094,1.5627685936126254,1642,1645,,0.005528231987736331,0.002648315804813777,0.013219299668929083
88924,231,1,0.0031357083937619276,0.004676211766796435,-0.0016484342441451805,-9.385603405576148e-12,-0.0004566221718296237,5.088065495472316e-09,1.0984437373263502e-08,0.0004771377209022493,1.1898000977436591,1642,1645,,0.006032830863566683,0.0031357083937619276,0.015652162350188438
79229,231,1,0.001267801964460469,0.0018099127964143233,-0.0019347335913753039,0.0003464316407519874,-0.008530541333173325,0.3075790696971312,1.0891189516442386,0.00036321655361637456,2.3241775837298273,1642,1645,,0.004566939192641799,0.001267801964460469,0.006328344247539013
83462,231,1,0.0037832075506637947,0.007937283976758577,-0.0006954783783008622,0.00010136801672888662,-0.0009774507413538025,0.15868128926332203,0.4847382061143749,0.0005281660006010801,1.1675371173836702,1642,1645,,0.0053877107818088915,0.0037832075506637947,0.018884210950625875
62922,231,1,0.005640890356911068,0.012310153335536705,-0.0009600522096981923,0.0002345961937437746,-0.03316464999252777,0.14590328134499628,0.725450358972778,-9.693443278649489e-05,-0.13406778327596647,1642,1645,,0.00856859989780276,0.005640890356911068,0.028156996945771437
69032,231,1,0.004477961415918665,0.010768563142169148,-0.005110509439372191,-7.474955099340264e-09,-0.009285870690315612,3.516962574368152e-06,1.6279565533345134e-05,0.0006061170018288141,1.0891119345130085,1642,1645,,0.010203755748594787,0.004477961415918665,0.02235213555548497
92385,231,1,0.0030219582409579944,0.01457167945382619,-0.0036151713040082356,9.947592285552975e-05,-0.012487743305438004,0.08628729204702007,0.4417438834557562,0.0006165738806071323,1.7156133628193888,1642,1645,,0.007543433827286663,0.0030219582409579944,0.015084368526442633
23835,231,1,0.0029304948730194892,0.004229341764120983,-0.005055227966970444,0.0004311591645702606,-0.0068046039038596184,0.23153445975016015,1.094908053381252,0.0003892480195003046,1.0939920967040921,1642,1645,,0.005905084312723556,0.0029304948730194892,0.0146278211360933
78038,231,1,0.007512875538079676,0.01936248652205632,-0.02319783122471386,-1.188360521098275e-11,-1.2609053373857648e-05,1.0286188157326216e-08,8.586975698396655e-08,0.001036237050561168,1.2087341234996865,1642,1645,,0.014253321410321922,0.007512875538079676,0.03750117449464289
92635,231,1,0.004662192719396338,0.009243556777264177,-0.005857008698094246,0.0001359825077278387,-0.0008306348414823805,0.11828222304101255,0.5346298604825093,0.00032885794849111215,0.5998238238226232,1642,1645,,0.006521461420541646,0.004662192719396338,0.02327174219931574
85261,231,1,0.005799245220644554,0.004645270803548121,-0.005078954270454128,-1.3321638681063064e-08,-0.011294697308904311,5.427650847263056e-05,0.00015671642722740688,-0.000294685557586319,-0.4090630129832511,1642,1645,,0.00568791517629024,0.005799245220644554,0.02894743908032365
