claims,paper_id
Long-memory behavior is associated with each of k frequencies in the k-factor GARMA model.,10
inflation predicts stock returns,12
structural breaks in daily stock returns are detected for the Coca Cola Company during the 1990s.,14
The proposed estimator is applied to daily stock returns of Dell Corporation.,21
"Empirical examples, using stock returns and US inflation, demonstrate the practical value of the tests.",30
"Extreme values are often correlated over time, for example, in a financial time series, and these values carry various risks.",34
A model comparison was conducted using marginal likelihoods to investigate the time‐dependent dynamics in extreme stock returns for financial risk management.,34
The generalized t distribution is associated with stock returns.,46
Monthly value‐weighted returns of 12 industrial portfolios are analyzed.,55
The daily stock returns divided by tick price are associated with asymmetric responses in the volatility.,63
The relationship between various US sector Exchange‐Traded Funds returns and individual companies' stock price returns influences optimal financial portfolios.,66
Financial variables predict the excess return of S&P 500.,74
Liquidity uncertainty is associated with asset returns.,86
The relationship between liquidity uncertainty and asset returns turns out to be positive when using an alternative approach based on high‐frequency data.,86
Structural breaks in factor loadings are associated with stock returns.,98
Pricing errors in the conditional capital asset pricing model are associated with stock returns.,98
Skewness in the distribution of individual stock returns predicts stock returns.,103
Asymmetry in the dependence between stocks is associated with stock returns.,103
Data-driven approaches influence stock returns.,115
Financial variables display predictive ability for stock returns.,121
'Head-and-shoulders' price patterns have predictive power for future stock returns.,128
Firm characteristics are associated with expected stock returns.,132
Conditional betas are significant drivers of expected stock returns.,132
The market beta of a value-minus-growth portfolio decreases during economic recessions and whenever the default premium increases.,140
The proposed method is applied to stock returns.,142
Long-term negative skewness increases stock returns.,152
Skewness in a market factor implies high defaults and default correlations associated with stock returns.,152
The MVR statistic can detect differences in stock returns.,159
Dynamic component models of returns predict stock returns.,166
Improved point forecasts for realized covariances are associated with stock returns.,166
There is long memory in stock return volatility.,174
Book-to-market predicts stock returns.,182
Cash flow-to-price predicts stock returns.,182
Jumps predict more jumps stock returns.,194
Past returns affect present skewness stock returns.,197
Correlation of money flow among mutual funds forecasts skewness stock returns.,200
Flow Driven Skewness measure is significantly related to future skewness stock returns.,200
Multivariate variance ratio statistics predict stock returns.,203
Evidence of a reduction of linear predictability is associated with stock returns.,203
The Fama–French three-factor model is better than the capital asset pricing model in explaining the mean–variance efficiency of the U.S. stock market.,213
Factor structure influences stock returns.,224
High-frequency data conveys information on daily extreme returns associated with stock returns.,225
Higher moment dependence is associated with U.S. stock market returns.,228
Financial ratios are used for stock return predictability.,230
The default yield spread predicts stock returns.,232
The short-term interest rate predicts stock returns.,232
Positional portfolio management strategies are associated with stock returns.,234
The expected value of excess market returns influences stock returns.,235
The term structures of risk-neutral expected loss and gain uncertainty on S&P 500 returns are upward sloping on average.,243
The dependence of oil and stock markets is influenced by aggregate demand.,249
The dependence of oil and stock markets is influenced by stock-specific negative news.,249
The proposed Blockbuster shrinkage estimator can be used to deliver more efficient portfolio selection and detection of anomalies in the cross-section of asset returns.,250
Consumption-based asset pricing models improve the excess returns forecasts of a hypothetical investor.,251
The hedging demand on risky assets depends positively on the predictability of the risky asset.,254
The hedging demand on risky assets depends negatively on the degree of investor’s relative risk aversion.,254
Heterogeneous spatial effects and heteroscedastic disturbances are associated with distinct risks of the 11 eurozone stock markets.,266
Volatility timing strategies are associated with the ability to correctly forecast next period stochastic variance.,267
The implied variance smile of the S&P500 is a potential pricing factor for momentum-sorted portfolios.,268
Co-skewness is priced in the cross-section of stock returns for a small range of short horizons.,271
Cash flow and discount rate news are associated with market returns.,273
The components of the conditional market variance outperform several benchmark variables in forecasting future market returns.,273
Various predictor variables are associated with the monthly S&P 500 value-weighted log excess return.,286
Consumption is a priced factor for the cross-section of excess equity returns.,292
Self-exciting (clustered) jumps in stock returns are predictable.,293
A new statistic derived from predicted probabilities of positive and negative jumps is effective in return predictions.,293
The change in the aggregate earnings–returns relation is largely driven by intertemporal changes in aggregate inventory accruals.,297
A time-varying premium associated with a carbon risk factor is estimated in the cross-section of U.S. industry portfolios.,298
Firms with higher sensitivity to the dynamic network index exhibit lower expected returns.,299
Incorporating the dynamic network index into conventional asset pricing models improves return predictability.,299
The network factor generates a significant equity risk premium.,299
Graph information influences stock returns.,307
Predictive regressions are associated with stock returns.,314
Evidence for stock return predictability is found in volatile business cycle periods.,314
Large jumps are associated with market return forecast.,316
Financial data on stock returns is used to estimate the matrix of factor loadings.,394
Mean-variance efficiency tests are associated with US stock returns.,398
Stock market returns exhibit some of the characteristic features of the linear ARCH model.,403
The predictors display strong persistence and are associated with U.S. stock returns.,490
"The conditional mean estimator for GARCH(1,1) model predicts S&P 500 stock returns.",500
The proposed tests indicate that predictability exists in US stock returns.,537
The term spread predicts stock returns.,543
Pricing factors are associated with stock returns.,602
Macroeconomic predictors are insignificant at the 1% level for stock returns.,618
The proposed framework demonstrates empirical relevance for stock return prediction.,629
Profitability is associated with the subjective evaluations of bureaucrats regarding state-owned enterprises.,677
Managers of Indian state-owned enterprises can be expected to propose strategies that would increase their firm's profitability.,677
Optimal portfolio choice in a mean lower partial moment framework permits a two-fund portfolio separation between a riskless asset and a 'market' portfolio of risky assets.,685
"When security returns are lognormally distributed and 'small risk', this new mean lower partial moment valuation specializes to the mean-logarithmic variance capital asset pricing model.",685
Risk-taking characteristics of executives are associated with stock returns.,707
The day of the week effect is associated with Japanese stock returns.,712
Low Tuesday returns are associated with low Monday returns in the U.S.,712
High Wednesday returns are associated with Japanese stock returns.,712
R&D expenditures generate lower stock returns than indicated in previous research.,732
Advertising expenditures generate lower stock returns than indicated in previous research.,732
Risk is associated with stock returns.,735
Calendar effects are associated with stock returns.,735
Skewness persists in stock returns.,740
Future returns are estimated in relation to investment policies.,743
Stable laws predict stock returns.,745
The Bayes-Stein method forecasts the mean returns vector.,761
Estimating the covariance matrix is key in implementing portfolio theory.,761
Insider trading influences stock returns.,772
Unexpected earnings are associated with stock returns.,772
Prior-year excess security returns influence current analysts' earnings forecasts.,777
Greater market instability is associated with an increase in the value of marketing expertise.,784
Increases in the profit impact of marketing decisions are associated with an increase in the value of marketing expertise.,784
Increases in the loss from marketing mistakes are associated with an increase in the value of marketing expertise.,784
Winning a quality award predicts stock returns.,786
Strong environmental management is associated with improved stock market performance.,792
Weak environmental management is associated with significant negative stock returns.,792
Investors' stock selections and their perception of the risk of the same stocks were different in a series of decisions in which they lost money than in a series in which they made money.,800
Changes in preference coincided with changes in the perception of the riskiness of the choice alternatives.,800
"The Bayesian approach to dynamic seemingly unrelated regression forecasts the one-step ahead, conditional distribution of asset returns.",809
"The factor model assesses the relative attractiveness and risk of the assets in relation to the index, influencing the returns of the index portfolio.",809
"Stock returns exhibit positive or negative autocorrelation, depending on observation frequency.",816
"If first-order serial correlation is nonnegative, then the expected value of the optimal risky investment is increasing over time.",816
"If first-order serial correlation is negative, this path can be increasing or decreasing over time.",816
IT capital is associated with positive returns to IT investment.,821
Excess returns on IT investment relative to labor input are associated with IT capital.,821
Some evidence of excess returns relative to ordinary capital is associated with IT capital.,821
Factor model parameters are associated with explaining equilibrium asset prices.,834
Improvement in parameter estimation accuracy influences portfolio performance.,834
IT investments have a significantly positive association with Tobin's q value.,844
Returns from IT investments influence the demand for the products and services of the global IT industry.,858
Relatively depreciated real exchange rates favor stock returns.,879
Equity ownership of the largest external shareholder is strongly negatively related to the size of CEO equity compensation.,891
Equity ownership of the BOD is more important in managerial compensation control than other BOD related variables.,891
A higher proportion of stocks in the portfolio as the investment horizon increases predicts stock returns.,895
Technology usage is positively and significantly associated with measures of hospital revenue.,904
Dividend ratios have predictive ability for stock returns over horizons longer than 5–10 years.,906
A factor model describes security returns.,934
Investor competence influences trading frequency.,941
Higher trading frequency is associated with home bias.,941
ISO 9000 certification leads to significant abnormal improvements in financial performance.,943
Firms with abnormally high inventories have abnormally poor long-term stock returns.,944
Firms with slightly lower than average inventories have good stock returns.,944
Time variation in expected returns is associated with the use of more information.,947
Stock price variation influences managerial decision making.,948
Risk management practices are associated with benchmark performance.,961
"Volatility dependence produces sign dependence, so long as expected returns are nonzero, so that one should expect sign dependence, given the overwhelming evidence of volatility dependence.",968
"Sign dependence is not likely to be found via analysis of sign autocorrelations, runs tests, or traditional market timing tests because of the special nonlinear nature of sign dependence, so that traditional market timing tests are best viewed as tests for sign dependence arising from variation in expected returns rather than from variation in volatility or higher moments.",968
IT investment is positively associated with openness to trade.,978
IT investment is positively associated with telecommunications infrastructure.,978
IT investment is negatively associated with interest rates.,978
Complex investor learning influences stock returns.,983
Small investor sentiment is associated with stock returns.,985
The degree of trade clustering is related to investors' stock preferences and portfolio returns.,1004
Participation in an open standards community is associated with a greater likelihood of an initial public offering or acquisition for startups.,1014
Stock returns exhibit short-run momentum.,1029
Stock returns exhibit long-run mean reversion.,1029
Alliance announcements influence stock returns for rivals.,1033
"If an alliance is expected to make partner firms more competitive, this should lead to negative abnormal returns for partners' rivals.",1033
"If an alliance is expected to facilitate a reduction in competitive intensity, this should lead to positive abnormal returns for rivals.",1033
Volatility spreads are associated with expected stock returns.,1042
There is a significant relation between expected returns and the realized-implied volatility spread.,1042
There is a significantly positive link between expected returns and the call-put options' implied volatility spread.,1042
The factors have distinct correlations with market returns.,1044
The model generates stochastic correlation between volatility and stock returns.,1044
The number of dealerships in a manufacturer's distribution network explains the difference in finished-goods inventory.,1052
A manufacturer's production flexibility explains the difference in finished-goods inventory.,1052
Investor biases influence stock returns.,1068
An initial run-up of the stock price leads to lower future returns.,1068
An initial drop of the stock price leads to higher future returns.,1068
Size (SMB) predicts stock returns.,1074
Book-to-market (HML) predicts stock returns.,1074
Momentum (MOM) predicts stock returns.,1074
The market factor predicts stock returns.,1074
The stock price reaction upon CEO departure is negatively related to the firm's prior performance.,1077
The stock price reaction upon CEO departure is negatively related to the CEO's prior pay.,1077
A more negative stock market reaction is associated with worse postdeparture firm performance.,1077
Inattention is associated with less pronounced acquirers' merger announcement abnormal stock returns.,1078
The stock price reaction upon CEO departure is negatively related to the firm's prior performance.,1080
The stock price reaction upon CEO departure is negatively related to the CEO's prior pay.,1080
The sensitivity of the CPT value function with respect to the stock allocation influences stock returns.,1086
"The large-loss aversion degree (LLAD) is a critical determinant of the well-posedness of the model, which is associated with stock returns.",1086
"Overconfident CEOs are more likely to pursue innovation, which influences stock returns.",1101
The end of the tax year is associated with more support for the CCAPM.,1112
The disposition effect is associated with stock returns as investors exhibit a tendency to sell assets that have risen in value rather than fallen.,1124
"The investor will sell at a loss when the asset has a sufficiently low Sharpe ratio, which influences stock returns.",1124
Revenue generation is strongly associated with stock returns.,1136
Replacing CEOs with more able CEOs is associated with improvements in subsequent stock returns.,1136
The negative relation between equity financing and future abnormal returns is mitigated by managerial ability.,1136
An increase in the expected jump size can increase stock investment.,1143
Risky allocations are elevated in both the risk tool and experience sampling conditions.,1151
Investor sentiment influences the breadth–return relationship.,1176
Disagreement is associated with the breadth–return relationship.,1176
Market-wide sentiment variation is associated with the breadth–return relationship.,1176
Same-sex domestic partnership benefit policies are associated with higher stock returns.,1180
Dividend volatility positively predicts future asset returns.,1181
Aggregate dividend volatility predicts future aggregate market returns.,1181
Dividend volatility of portfolios predicts future portfolio-level returns.,1181
Stock returns of larger firms lead those of smaller firms.,1188
There is a strong contemporaneous and a lead–lag relation in stock returns between firms from industry leaders' minor-segment industries and pure players in the industry leaders' major-segment industry.,1188
The Tiger Woods scandal negatively influences stock returns of his sponsors.,1195
Endorsement deals are associated with stock returns of competitors.,1195
The scandal sends a negative marketwide signal about the reputation risk associated with celebrity endorsements and influences stock returns.,1195
Advertising expenditures predict stock returns.,1196
The control threat from a hostile takeover attempt positively influences stock returns of peer firms.,1199
Investor expectations of economic conditions are associated with stock returns.,1203
Higher expected returns are positively linked to portfolio equity positions.,1203
Target analysts' coverage decisions are associated with better long-term stock performance of merged firms.,1204
Active mutual fund managers' over- and underweighting decisions contain valuable information about future stock returns.,1227
Stocks heavily overweighted by active funds outperform their underweighted counterparts by more than 7% per year.,1227
The adjusted dividend-price ratio is associated with stock returns.,1234
There is evidence of out-of-sample predictability associated with stock returns.,1234
Brand licensing announcements are associated with changes in the licensor firms' shareholder values.,1245
Investors react more favorably to announcements involving brands with greater ability to stimulate licensee product sales and thus generate higher royalties for the licensor.,1245
Investors react more favorably to announcements involving larger licensors.,1245
The stock-level contrarian score significantly predicts stock returns.,1253
Economic policy uncertainty positively forecasts log excess market returns.,1276
An increase of one standard deviation in economic policy uncertainty is associated with a 1.5% increase in forecasted three-month abnormal returns.,1276
Investor sentiment influences stock returns.,1300
"High beta stocks are overpriced in optimistic periods, affecting stock returns.",1300
"Investor behavior during pessimistic periods aligns more closely with rationality, impacting stock returns.",1300
Residential electricity usage predicts stock returns.,1305
Ambiguity aversion is negatively related to stock market participation.,1317
A-insensitivity is negatively related to stock market participation.,1317
Cash-flow news quantitatively explains the investment effect in the cross section of stock returns.,1321
The negative return predictability of asset growth is evident through the cash-flow news component of returns.,1321
The negative return predictability of investment growth is evident through the cash-flow news component of returns.,1321
The negative return predictability of accruals is evident through the cash-flow news component of returns.,1321
Aggregate purchases of company stock by lower-level employees predict future stock returns.,1322
Announcement abnormal returns are higher for matches with higher estimated productivity.,1325
Proxy contests influence stock returns.,1348
Poor stock performance predicts proxy contests.,1348
Weaker covenant protection is associated with higher risk-adjusted equity returns.,1354
Deviations in CMO compensation elements adversely impact stock returns.,1356
Changes in analyst forecast dispersion predict future cross-sectional stock returns.,1358
Higher information intensity is associated with lower future stock returns.,1360
Downside liquidity risk is associated with an economically meaningful return premium.,1361
Investor attention comovement is positively associated with excess stock return comovement.,1365
The volatility of the underlying stock return influences the probability that executives exercise options early.,1366
Search-based habitats can improve return predictability of related stocks.,1367
Large firms’ tail risk increases during recessions more than small firms’ tail risk.,1370
Interest rates predict future returns in currency markets.,1374
Restructuring charges influence the accrual anomaly and subsequent abnormal returns.,1379
Dynamic conditional beta is positively linked to the cross section of daily stock returns.,1380
Short-run expected economic growth is negatively related to future returns.,1382
Long-run expected economic growth is positively related to aggregate market returns.,1382
Lucky numerical stock listing codes are associated with inferior post-IPO abnormal returns.,1384
Political instability abroad influences firms' capital allocation and leads to lower stock returns.,1405
Higher investor–stock decoupling is associated with higher performance in mutual funds.,1417
Momentum profits are associated with higher short-term productivity.,1422
The value premium is associated with lower long-term productivity and higher operating leverage.,1422
Intangible investment outlays are associated with improved predictability of future stock returns.,1429
Investor overconfidence is associated with lower subsequent stock returns.,1431
An equity pairs trading strategy generates large and significant abnormal returns.,1435
The MAX-premium is associated with expected stock returns.,1437
There is a positive association between ex-day returns and adjustment factors.,1439
Order flow volatility strongly predicts stock returns in the cross section.,1440
Learning about persistence generates high and persistent stock return volatility mostly during recessions.,1458
Disagreement among agents fluctuates and earns a risk premium.,1458
Price movements in industrial metals such as copper and aluminum predict stock returns.,1460
Increasing industrial metal prices are good news for equity markets and predict stock returns.,1460
A one-standard-deviation increase in industrial metal returns predicts a price drop in monthly stock market returns.,1460
A one-standard-deviation increase in industrial metal returns predicts an increase in stock market returns during recessions.,1460
Selling output abroad is associated with higher stock returns.,1462
Restrictions placed on a manager's personal account result in higher expected returns.,1464
The investment-specific technological shock plays an important role in explaining return spreads.,1469
The risk shock plays an important role in explaining return spreads.,1469
Factors associated with alternative profitability measures forecast the equity premium.,1475
Several factors based on firms’ asset growth predict a significant decline in stock market volatility.,1475
Investment-based factors are strong predictors of an improvement in future economic activity.,1475
Factors that earn larger risk prices tend to be associated with state variables that are more correlated with future investment opportunities.,1475
Lead underwriter trades in IPO firms are significantly related to subsequent IPO abnormal returns.,1483
Underwriters’ information advantage is likely greater among IPOs with higher information asymmetry or subject to higher investor sentiment.,1483
The SDFs price international stock returns.,1491
"The first principal risk is associated with future economic growth and earns a relatively small implied Sharpe ratio, which is related to stock returns.",1491
"The second principal risk correlates with future changes in the long-term interest rate and earns a large implied Sharpe ratio, which is associated with stock returns.",1491
"Return predictability can significantly increase the value of deferring capital gains realization, which is associated with stock returns.",1494
Expected-return news predicts future returns.,1496
Information aggregation techniques influence stock returns.,1500
Emotional social media word of mouth influences firm abnormal stock returns.,1504
"Longer reporting streaks reflect lower risk during earnings announcements, leading to lower stock returns.",1505
Decreases in effective tax rates following tax reform experience positive returns.,1509
Option-implied prices predict stock returns.,1517
Stock price pressure is the primary driver of the option price-based stock return predictability.,1517
The success of certain funds in a financial conglomerate affects stock returns.,1523
The presence of star funds affects stock returns in ways consistent with investor attention.,1523
"Firms that call on more favorable analysts tend to underperform in the future, which influences stock returns.",1525
The conditional volatility of investment predicts excess stock market returns.,1526
Changes in the number of job postings are positively associated with changes in future stock returns.,1528
Analysts' use of EDGAR is associated with substantial and persistent abnormal returns.,1532
The speed of informed investors' trading reactions to newly generated private information can be explained by the expected profits from informed trading.,1539
Greater differences of opinion and tighter short-sales constraints are significant predictors of valuation differences between conglomerates and pure plays.,1540
Firms attracting abnormally high asymmetric attention from local relative to nonlocal investors earn higher returns.,1541
Weekly index put order flow positively predicts weekly S&P 500 index returns.,1546
Aggregate implied volatility spread (IVS) is significantly and positively related to future stock market returns.,1554
Exemption denials are associated with significant negative future abnormal returns.,1555
The focal firms' risk levels are significantly related to the proportion of shared tier-2 suppliers in their supply network.,1561
Focal firms experience negative abnormal returns as tier-2 suppliers are impacted by idiosyncratic risk events.,1561
"Firms with exploitation strategies are undervalued relative to firms with exploration strategies, which influences stock returns.",1563
Pre-IPO classification shifting is negatively associated with post-IPO stock returns.,1565
"Assets with low realized capital asset pricing model (CAPM) alphas outperform those with high alphas, which predicts stock returns.",1568
Incomplete information amplifies the relation between trading costs and future stock returns.,1569
The use of euphemisms by managers is negatively associated with future abnormal returns.,1576
The frequency of euphemism use moderates the negative market reaction to bad earnings news.,1576
The price-dividend ratio predicts stock returns.,1583
The variance risk premium of the aggregate stock market predicts stock returns.,1583
Currency value is associated with expected currency returns.,1584
Carry is associated with expected currency returns.,1584
Momentum is associated with expected currency returns.,1584
Expectations of future stock returns are influenced by the use of red color to represent financial data.,1589
Increased trading activity is associated with abnormal future stock returns.,1590
Productivity volatility risk is important for pricing variance risk in returns.,1591
Diversification increases the expected return of a portfolio.,1592
A Bayesian-averaging heterogeneous vector autoregressive portfolio choice strategy predicts excess returns.,1600
"The risk-return tradeoff adapts to the client’s risk profile, which depends on idiosyncratic characteristics, market returns, and economic conditions.",1607
The optimal portfolio’s Sharpe ratio and return distribution improve if the robo-advisor counters the client’s tendency to reduce market exposure during economic contractions when the market risk-return tradeoff is more favorable.,1607
Insider silence is associated with significantly lower stock returns.,1612
The variance risk premium predicts stock returns.,1615
Higher socially responsible investor (SRI) ownership is associated with negative stock returns.,1624
Employee turnover is significantly associated with future stock returns.,1626
Patent thickets are associated with lower subsequent stock returns.,1632
Firms that adopt DVR by default significantly underperform in terms of stock returns after Florange relative to those that reject DVR.,1640
Investor inattention is associated with stock returns.,1643
Low media coverage is linked to more pronounced stock return anomalies.,1643
The disaster risk index is a powerful predictor for stock returns.,1646
Global disaster risk drives stock returns primarily through the discount rate channel.,1646
The generalized lower bound may serve as an expected excess return proxy for individual stocks.,1651
Investor sentiment influences stock returns.,1654
High investor sentiment weakens the connection between fundamental economic predictors and stock returns.,1654
Low investor sentiment allows fundamental variables to be strong predictors of stock returns.,1654
Nonfundamental predictors perform well during high-sentiment periods and are associated with stock returns.,1654
The extent of offshoring potential is associated with industry risk premiums and stock returns.,1656
Deep learning signals predict stock returns.,1663
The combination of out-of-sample market excess return forecasts predicts stock returns.,1664
Terrorism affects target firm abnormal returns.,1666
Option trading volume predicts stock returns.,1668
Investor attention predicts stock returns.,1669
The scarcity of arbitrage capital influences stock returns.,1671
Variation across analysts in the earnings metric forecasted is associated with lower stock returns around the earnings announcement.,1672
"Variation in the earnings metric forecasted is incrementally associated with a lower earnings response coefficient, which predicts lower stock returns.",1672
The extracted factors from the reduced-rank approach are applied to model the cross-section of expected stock returns.,1673
The positive relation between the equity risk premium and the slope of the equity term structure is associated with stock returns.,1674
Obstructing the flow of information leads to significantly lower cumulative abnormal stock returns.,1678
"Expected returns vary cross-sectionally with investment, profitability, and expected growth, which influences stock returns.",1681
Utilization predicts excess returns.,1683
The asset pricing model should be used for computing expected returns.,1686
Cashflow-timing skills influence stock returns.,1689
A network risk premium introduces a new risk premium component that influences stock returns.,1690
The asset pricing model estimates individual stock returns.,1691
Manager fixed effects on systematic risk are positively related with manager fixed effects on stock returns.,1692
Ownership concentration is negatively related to expected stock returns.,1693
Changes in expected stock return over time are positively affected by changes in managerial incentives.,1693
Increased heat exposure impacts negatively on stock returns.,1695
Stock returns of firms with lower short selling constraints become significantly more sensitive to negative news reports.,1698
FOREXS predicts stock returns.,1702
Skewness preference of investors predicts stock returns.,1714
Return predictability associated with the mispricing component of market anomalies is stronger among firms with higher idiosyncratic skewness.,1714
Political affiliation predicts stock returns.,1722
Partisan beliefs about COVID are associated with abnormal stock returns.,1722
Emotional engagement influences trading performance.,1726
Current account uncertainty is associated with higher expected future excess returns on investment currencies.,1727
Expectations of contrarians and extrapolators are associated with aggregate stock market momentum and future stock performance.,1728
U.S. downside and upside variance risk premiums predict international stock returns.,1734
"DVP and UVP predict international stock returns through U.S. bad and good macroeconomic uncertainties, respectively.",1734
CEO activism results in positive market reactions.,1735
Smartphone trading app adoption leads to a decline in mutual fund investment returns.,1739
Sibling effect enhances corporate investment efficiency and stock returns.,1740
Investor regret predicts stock returns.,1745
Household-level regret measure predicts stock returns.,1745
Firms with higher cyber risk earn higher average stock returns.,1755
Investor logins influence stock returns.,1764
The disposition effect on returns since last login is associated with stock returns.,1764
AI analytics <relationship> stock returns.,1775
A global long-run consumption factor drives equity returns.,1784
Shorting costs influence the cross-section of returns.,1785
"Variation in energy consumption betas explains a large part of the premia related to value, investment, and operating profitability.",1790
The return autocorrelation of underlying stock is an important determinant of expected equity option returns.,1791
Statistical improvement in volatility forecasts translates into significant annual returns.,1799
Flow-driven noise trader risk predicts variance of factor returns.,1804
Expected variation of flow-induced noise trading forecasts covariance of factor returns.,1804
Imposing constraints can affect performance associated with returns.,1806
Cloud-based information risk positively predicts future stock returns of retail firms.,1807
Lagged high-frequency cross-sectional returns predict intraday return on the aggregate market portfolio.,1808
Targeted firms experience significantly lower stock returns during the enactment process of the corporate minimum tax.,1809
Operations management-related information significantly affects abnormal stock returns.,1811
"Stated OM focus predicts future abnormal returns consistently over one, two, and three months.",1811
Market ambiguity attitude predicts stock returns.,1813
Market volatility is associated with future stock returns.,1813
Aggregate retail attention negatively predicts marketwide returns.,1827
Aggregate institutional attention positively predicts future marketwide returns.,1827
The distribution of investor beliefs is associated with stock returns.,1834
Polarized stocks earn lower expected returns.,1834
The breadth of ownership is positively associated with expected returns for large stocks and negatively associated for small stocks.,1834
An interquartile increase in the firm’s uncertainty level is associated with 0.65% higher market-adjusted returns in the 10-day period before earnings announcements.,1837
Higher temperature sensitivity is associated with lower average future returns.,1839
Mispricing related to temperature sensitivity generates predictable patterns in returns.,1839
High nominal prices are associated with return momentum.,1840
Option characteristics predict stock returns.,1844
Liquidity preservation is associated with greater returns to liquidity provision during market stress.,1849
"Learning with information sources of different qualities endogenously generates value firms, growth firms, and a value premium in equilibrium.",1859
The learning model predicts an upward-sloping equity term structure for value firms and a flat equity term structure for growth firms.,1859
"The conditional model of asset returns allows for good and bad states of the world, influencing stock returns.",1865
"The conditional risk premia of observable factors are estimated from the latent factors, which are associated with stock returns.",1865
High-frequency stock returns are predictable.,1873
"Predictability in high-frequency returns is large, systematic, and pervasive.",1873
Correlations of individual income shocks are associated with stock market returns.,1874
Discussions on social media fueled the association between retail trading and subsequent stock returns.,1875
Management-sponsored proposals to reorganize closed-end investment companies are associated with significant abnormal returns.,1881
The day of the week influences stock returns.,1883
The turn of the year effect is associated with Japanese stock returns.,1883
Differences in information available influence systematic risk associated with securities.,1889
Listing announcements predict stock returns.,1893
Abnormal returns are associated with listing announcements.,1893
"NASDAQ has reduced the benefits associated with listing on a major stock exchange, influencing stock returns.",1893
"Stocks earn significant positive abnormal returns following the initial announcement of listing, predicting stock returns.",1893
"Stocks earn significant negative returns immediately after listing, influencing stock returns.",1893
"Proxy statement disclosures are associated with significantly positive abnormal returns around annual shareholder meetings, predicting stock returns.",1900
"Risk and expected return can increase around predictable, information-producing events, influencing stock returns.",1900
"Significant and prolonged negative abnormal returns are observed in the postsuspension period, predicting stock returns.",1901
Portfolios of small firm stocks are associated with rates of return in excess of those commensurate with their market sensitivities.,1904
Portfolios of small firm stocks react more severely than portfolios of large firm stocks when surprises do occur.,1904
Risk differences influence stock returns.,1908
Expected inflation and unexpected inflation are associated with stock returns.,1908
Tax-loss selling is associated with seasonality in stock returns.,1909
The predictive power of the multifactor methodology is superior for well-diversified portfolios and is associated with stock returns.,1919
International listings reduce stock returns.,1922
Growth rates in industrial production are associated with stock returns for small firms.,1929
The covariance of asset return with aggregate consumption rate changes is associated with the expected excess rate of return on a risky asset.,1930
The covariance of asset return with individual wealth change is associated with the expected excess rate of return on a risky asset.,1930
Stock returns positively influence future inflation rate changes.,1932
Stock returns positively influence future interest rate changes.,1932
Systematic skewness is associated with stock returns.,1936
MLPM rates inferred from market data appear to be related to equity market mean returns.,1939
The prior period's worst stock return performers (losers) outperform the prior period's best return performers (winners) in the subsequent period.,1942
Short interest is positively related to stock returns.,1946
Prior months' returns are positively related to changes in short interest.,1946
Changes in expected inflation and industrial production are associated with stock returns.,1954
Cancelled debt offerings are associated with negative excess returns of the firm's common stock.,1961
Divergence of opinion is associated with observed common stock returns.,1972
Odd-lot transactions are associated with the January effect in stock returns.,1978
Analysts' recommendations are associated with positive abnormal returns.,1987
Aggregate insider transactions predict stock returns.,1994
Managerial ownership is significantly related to abnormal returns in contested cases that are ultimately successful.,1996
The holiday effect is associated with abnormally high returns on the trading day before holidays.,1998
Friday's return influences Monday's stock returns.,2000
Changes in management ownership are related to announcement period abnormal returns.,2003
The presence of bubbles implies positive duration dependence in runs of high returns.,2007
Evidence of duration dependence in monthly real stock returns is found.,2007
Large price changes predict stock returns.,2014
Systematic abnormal return patterns are associated with stock returns.,2014
Acquisition announcement period returns are negatively correlated with spin-off announcement period returns and predict stock returns.,2016
Stock highlights are associated with strong positive abnormal returns.,2017
Dividend changes are associated with significant abnormal returns.,2022
Information transfer affects stock returns.,2022
Post-split excess returns are associated with stock returns.,2023
"Factors associated with the market, size, past return, book-to-market, and dividend yield help explain return comovement.",2027
Macroeconomic factors perform poorly in capturing stock returns.,2027
Exchange risk is priced in the Japanese stock market.,2037
The exchange risk is priced in both weak and strong yen periods.,2037
The exchange risk is priced regardless of the exchange rate measure used.,2037
Domestic bidders earn significantly positive average announcement period abnormal returns.,2045
Momentum strategies are associated with stock returns.,2046
Higher profits for momentum portfolios are associated with stock returns.,2046
Shifts in small investors' portfolios reflect past market movements and are associated with stock returns.,2048
Target firm shareholders gained abnormal returns from takeovers.,2049
The 1986 Tax Reform Act is associated with a strong November effect for prior losers in stock returns.,2055
"Differences in long-run returns are related to the scope and magnitude of investment barriers that induce segmentation of capital markets, which influences stock returns.",2057
"Post-issuance buy-and-hold abnormal returns are significantly and positively related to the offering's ability to generate a larger share of U.S. trading volume, affecting stock returns.",2057
Negative abnormal stock returns occur near record dates of stock splits.,2061
Lower returns are associated with more positive ex-date returns.,2061
Negative abnormal stock price reactions are associated with post-SEO earnings announcements.,2063
Goodwill had a large negative effect on stock returns of low capital thrifts in 1989.,2065
The elimination of put option values was largely responsible for the stock price decline.,2065
The behavior of momentum investors is typically more correlated to changes in the S&P 500.,2069
Market returns have a large economic impact on subsequent aggregate mutual fund flows.,2072
Unexpected earnings surprise predicts stock returns.,2076
The earnings surprise risk factor influences stock returns.,2076
Changes in population age structure are associated with stock market returns.,2086
Net outflows from the stock market are positively correlated with stock market returns.,2086
Net outflows from the stock market are negatively correlated with stock market returns.,2086
Mispricing is associated with long-run stock returns.,2090
Financial innovation influences expected stock returns.,2091
Limited stock market participation generates a substantial liquidity premium associated with stock returns.,2092
The actions of U.S. Senators are associated with abnormal returns from their common stock investments.,2095
"A portfolio that mimics the purchases of U.S. Senators beats the market, indicating that their actions predict stock returns.",2095
"A portfolio that mimics the sales of Senators lags the market, suggesting that their actions influence stock returns.",2095
"Firms that substantially increase capital investments subsequently achieve negative benchmark-adjusted returns, indicating a negative relationship between capital investments and stock returns.",2096
"Foreigners' flows into several markets show positive feedback trading with respect to global and domestic equity returns, indicating that foreign trading influences stock returns.",2099
The precision of noisy public information affects stock market returns.,2104
The proposed model provides substantially stronger support for the conditional CAPM relative to competing beta models and helps resolve asset pricing anomalies in the cross section of stock returns.,2106
Stock split ex-dates are associated with a positive abnormal return.,2107
Revisions by high ability analysts outperform those by low ability ones and provide an empirical link between evidence on individual decision making and stock market returns.,2108
Acquirers of unlisted targets earn a significant average abnormal return.,2109
The relation between stock returns and innovations in systematic volatility is substantially negative.,2111
There is a negative and significant relation between abnormal accruals and post-issue abnormal returns.,2113
Emerging market currency risk is priced separately from other local risk factors and represents a significant component of equity returns.,2115
Divergence of opinion is positively associated with stock returns.,2116
The introduction of designated dealers is associated with an average cumulative abnormal return of nearly 5% in stocks.,2126
Three latent factors with multivariate stochastic volatility best explain excess returns.,2130
The reward-risk CAPM captures the cross section of U.S. stock returns better than the mean-variance CAPM.,2133
Democratic governance structures are associated with significantly positive abnormal stock returns.,2138
Own segment style inflows positively forecast future stock returns.,2146
Distant segment style inflows forecast negatively stock returns.,2146
Idiosyncratic volatility is inversely related to future stock returns.,2149
Firm efficiency exhibits significant explanatory power for average equity returns.,2151
Real money growth is an additional factor determining stock returns.,2153
Founder-CEO firms influence stock returns.,2155
Investment behavior of founder-CEO firms predicts stock returns.,2155
"An equal-weighted investment strategy in founder-CEO firms would have earned a benchmark-adjusted return, indicating a relationship with stock returns.",2155
"Expected returns based on implied costs of capital increase with world market beta, influencing stock returns.",2156
"Expected returns increase with financial leverage, which is associated with stock returns.",2156
"Expected returns increase with book-to-market ratios, indicating a relationship with stock returns.",2156
"High levels of institutional investment in newly public firms significantly outperform those with low levels, influencing stock returns.",2159
Investors' dynamic style preferences influence stock returns.,2160
Preference shifts across style portfolios are associated with stock returns.,2160
"Stocks with relatively high unconditional expected returns will on average outperform, indicating a relationship with stock returns.",2161
Downside risk has a positive and significant relation with expected stock returns.,2163
Trading volume predicts stock returns.,2165
Information influences stock returns.,2165
Heterogeneity of beliefs has a positive effect on stock returns.,2166
Social influence predicts stock returns.,2170
Investor protection is associated with stock returns.,2171
The short interest rate predicts stock returns.,2172
The term spread predicts stock returns.,2172
The FIFA World Cup effect is associated with stock returns.,2180
The ex ante factors predict stock returns.,2184
The dynamic factor pricing model (DFPM) can better forecast stock returns.,2184
The shape of the volatility smirk has significant predictive power for future equity returns.,2186
Stocks with the steepest volatility smirks underperform stocks with the least pronounced volatility smirks in their options.,2186
Higher first-year post-issue returns are associated with a higher probability of follow-on equity issuance.,2188
Issuing firms with greater mispricing tend to earn lower stock returns.,2190
The volatility of liquidity influences stock returns.,2191
Return dispersion (RD) positively relates to stock returns.,2194
Return dispersion (RD) negatively relates to stock returns.,2194
Predictable returns influence stock returns.,2196
Mutual fund trades forecast stock returns.,2197
Seasonal predictability is associated with stock returns.,2199
Transparency improves stock return synchronicity.,2202
Better information on the state of the economy lowers required excess returns for holding stocks.,2203
Diversification discounts are associated with higher expected returns.,2205
Firms with diversification discounts have higher expected returns to compensate investors for offering less upside potential.,2205
Differences in exposure to skewness are associated with excess returns received on diversification-discount firms.,2205
Weaker governance is associated with significantly larger abnormal returns around announcements of new regulations.,2206
Aggregate mutual fund flows are associated with temporary price pressure that is subsequently corrected.,2209
Mutual fund flows are correlated with market returns.,2209
The conditional covariances of equity portfolios with market and uncertainty predict the variation in stock returns.,2210
Equity portfolios that are highly correlated with economic uncertainty carry a significant premium relative to portfolios that are minimally correlated.,2210
The predictability of stock returns is explained by a bubble model in which expected returns are constant.,2211
Large stock illiquidity is associated with stronger cross-autocorrelations.,2213
The lead from large stock order flows is stronger when large stock spreads are higher.,2213
IPOFDR predicts stock returns.,2216
Changes in IPOFDR help explain the cross section of stock returns.,2216
"The predictive power of IPOFDR reflects its close relation with market variance and average idiosyncratic variance, which are associated with stock returns.",2216
"The model envisages the impact of time constraints on equity premium and volatility, which are associated with risky asset returns.",2218
"Using derivatives is associated with significantly higher value and abnormal returns, which influence stock returns.",2222
Reduction in default risk is a significant factor in explaining the 3-year excess returns following dividend increases and initiations.,2223
MY t predicts stock returns.,2224
DP t explains fluctuations in stock market returns.,2224
EM is a strong determinant of stock returns.,2229
Firms with low EM values have higher subsequent stock returns than firms with high EM values.,2229
Volatility is associated with expected stock returns.,2232
Active institutional investors alleviate the anomalous comovement of stock returns.,2238
The exit of active institutional investors results in a strong price synchronicity effect associated with stock returns.,2238
Dividend growth predicts stock returns.,2246
"Cash flow news contributes importantly to return variability, influencing stock returns.",2246
"Sentiment affects the profitability of momentum strategies, which influences stock returns.",2248
Firms with forecast earnings per share greater than the industry median experience abnormally high future stock returns.,2249
Firms with forecast earnings per share lower than the industry median experience abnormally low future stock returns.,2249
Portfolio distortions of smart investors are associated with superior stock returns.,2251
"A portfolio of stocks with smart investor clientele outperforms the dumb clientele portfolio, indicating a relationship with stock returns.",2251
High stock returns predict low stock returns in the future when ownership dilution occurs through issuance.,2253
"Macroeconomic news about inflation, unemployment, or interest rates is associated with higher stock returns.",2254
The marriage of a member of the controlling family is associated with an increase in the family firm's stock price.,2255
Risk-neutral skewness is negatively related to skewness asset returns.,2259
The asset growth effect is associated with lower risk-adjusted stock returns.,2260
Jumps in daily stock prices are associated with cross-sectional stock return predictability.,2262
The application of a moving average timing strategy generates abnormal returns in high-volatility portfolios.,2263
Analyst disagreement is associated with low future stock returns.,2264
Aggregate volatility risk can explain the abnormal return differential between high- and low-disagreement firms.,2264
The link between analyst disagreement and future stock returns is stronger for firms with high short-sale constraints.,2264
"An unexpected dividend increase generates a positive return and raises the correlation between future dividend growth and consumption growth, which is compensated by a higher expected return.",2269
The cross-sectional difference in expected returns is a key contributor to the momentum effect.,2269
Growth option variables are significantly and negatively related to stock returns.,2270
The interest rate factor drives the explanatory power of the model for stock returns.,2271
Value stocks and past long-term losers enjoy higher average returns because they have higher interest rate risk than growth/past winner stocks.,2271
A less-diversified stock portfolio has a higher expected return.,2272
The variance risk premium predicts aggregate stock market returns.,2273
A global variance risk premium uncovers stronger predictability of stock returns.,2273
Noneconomic factors systematically affect return expectations.,2275
Sports results and general feelings significantly affect predictions of stock returns.,2275
Sufferers from seasonal affective disorder have lower return expectations in the autumn.,2275
Portfolio concentration is positively correlated with abnormal stock returns.,2277
Deviating investments earn relatively high abnormal returns.,2278
Aggregate earnings changes are positively associated with contemporaneous market returns.,2279
The cross-sectional variance of stock returns is a strong predictor for future returns on the aggregate stock market.,2280
Portfolios’ exposures to the aggregate idiosyncratic volatility risk predict the cross section of expected returns.,2280
Variation in dividend yields is related to expected returns.,2282
Firm asset growth rates negatively correlate with subsequent stock returns.,2286
"Funds with a lower sentiment beta (FSB) outperform high-FSB funds, indicating that FSB is associated with stock returns.",2289
The enterprise multiple (EM) predicts the cross section of international returns.,2291
"Implied volatility spread predicts positively on the cumulative abnormal return (CAR), indicating a relationship with stock returns.",2293
A higher relative trading volume of options to stock predicts higher absolute cumulative abnormal returns (CARs).,2293
Momentum portfolios formed from 12 to 7 months prior to the current month deliver higher future returns than momentum portfolios formed from 6 to 2 months prior.,2297
Labor income is associated with the cross section of stock returns.,2309
The negative risk premium is associated with stock returns correlated with local undiversifiable wealth.,2309
Creative destruction risk influences stock returns.,2315
Investor boycott risk is associated with stock returns.,2318
Industrial electricity usage predicts future stock returns.,2319
High industrial electricity usage today predicts low stock returns in the future.,2319
Institutional investment constraints influence stock returns.,2322
New state variables are highly correlated with stock returns.,2325
Short-term interest rates seem to be relevant for explaining several dimensions of cross-sectional equity risk premia.,2331
"A predictable, time-varying equity premium influences stock returns.",2332
The net payout yield produces more accurate forecasts of stock returns.,2333
Buy recommendations generate positive abnormal returns.,2338
Sell recommendations result in negative abnormal returns.,2338
Lottery demand influences stock returns.,2345
Countercyclical fiscal policies lower stock returns.,2350
The multi-factor model captures strong common variation in international stock returns.,2353
Short-selling activities are considerably informative about future stock returns.,2357
"Short sellers bring considerable additional information to the market that is not fully captured by contemporaneous insider trading, which is associated with future stock returns.",2357
Downturns predict significant declines in stock returns.,2366
"Risky stocks are overpriced when sentiment is high, resulting in subsequent returns of -0.9% per month.",2366
Share repurchases are associated with significant positive short- and long-term excess stock returns.,2369
An unobservable factor capturing changes in expected market returns should be priced in the cross section.,2371
Insider silence following a routine sell predicts negative future returns.,2375
Insider silence following a routine buy predicts positive future returns.,2375
Economic activity forecasts of company-relevant regions positively predict cross-sectional stock returns.,2376
The anticipation of union concessions helps explain the excess stock returns around asset sale announcements.,2380
Connections with underwriters predict stock returns.,2384
The higher a departing CEO’s general ability index (GAI) is associated with lower abnormal stock returns to turnover announcements.,2386
Positive stock returns are associated with appointments of generalist successors.,2386
Investor sentiment predicts stock returns.,2394
Global sentiment is associated with stock returns.,2394
Good minus bad volatilities are associated with subsequent portfolio returns.,2395
Greater upside asymmetries imply lower average stock returns.,2396
The 2-factor model explains a large part of observed daily stock market returns.,2400
Expected aggregate earnings changes are negatively correlated with stock returns.,2406
Employee flexibility is associated with superior stock returns for firms exposed to external risk.,2411
Gambling sentiment is associated with positive short-run abnormal returns.,2416
Investor demand for lottery stocks influences stock returns.,2416
Initial public offerings (IPOs) earn higher first day returns due to gambling sentiment.,2416
Foreign-born resident networks are associated with excess return comovement between locally headquartered stocks and American Depositary Receipts (ADRs).,2425
Firm centrality in the input-output trade-flow network influences long-run excess returns following announcements of share buyback authorizations and insider purchases.,2426
CEO trustworthiness is positively related to long-term excess returns.,2435
"More frequent, larger, and more recent debt and equity issues in the prior 3 fiscal years are followed by lower stock returns in the subsequent year.",2438
Changes in technological similarity are a source of mutual fund managers’ ability to garner positive abnormal returns.,2439
The investor attention index predicts the stock market risk premium significantly.,2440
"The higher the degree of institutional ownership in a portfolio, the more time-varying expected returns drive changes in its valuation.",2441
Analysts who change recommendations more slowly generate better portfolio returns.,2443
Speculation sentiment negatively predicts stock returns.,2445
High short interest negatively predicts stock returns during expansions.,2446
The betas of highly shorted stocks are strongly negatively related to future stock returns.,2446
Switches from absolute performance evaluation to relative performance evaluation are followed by a fall in the correlation between firm stock return and industry index return.,2449
Operating growth is positively associated with future stock returns.,2452
Increased focus on ESG influences stock return patterns.,2456
Abnormal returns associated with mispricing signals are greater for stocks held more by SR institutions.,2456
Acquirers’ M&A announcement stock return initially correlates with the previous day’s earnings surprises.,2465
"Funds with more committed capital generate higher value added, which, net of fees, accrues to long-term investors.",2467
The degree of similarity among firms’ financial flexibility forecasts cross-sectional variation in return correlation.,2469
Increased idiosyncratic stock return variation forecasts next-quarter real GDP growth.,2470
An exogenous increase in foreign attention preceding a scheduled monetary policy rate announcement raises preannouncement stock returns.,2472
Novel measures of stock-level demand constructed using proportional reinvestments by mutual funds predict abnormal returns.,2473
Aggregate stock returns predict aggregate U.S. employment.,2476
Appropriately reweighted stock returns predict industry and local labor market outcomes.,2476
Product demand shocks are more important drivers of industry- and city-level stock returns than technology shocks.,2476
The aggregate positions of money managers can predict the cross section of commodity producers’ stock returns.,2477
An empirical proxy for ex ante takeover exposure positively relates to cross-sectional expected returns.,2478
The predictability of stock returns is positively related to the firms’ sensitivities to volatility risk.,2479
Regime-shift risk exhibits dominant influence on asset prices and generates a high equity premium.,2481
The model explains the stronger predictability of stock returns during recessions.,2481
Shocks to the proposed discount rate measure account for nearly half of historical market return variation.,2486
The proposed discount rate measure delivers out-of-sample predictability that exceeds that afforded by other expected return measures.,2486
ETF ownership is associated with better long-run stock returns.,2487
"Antitrust policies seem to deter post-merger monopolistic gains, potentially improving customer welfare and affecting stock returns.",2489
"More regulations disproportionately harm high-growth firms and allow incumbent firms to extract rents, which is associated with higher cumulative abnormal stock returns.",2490
An alignment in partisan affiliation between a firm’s management and the president is associated with lower stock returns.,2492
High board–CEO trust is associated with low acquisition announcement returns.,2497
High board–CEO trust is associated with low long-term stock return performance.,2497
Ambiguity negatively influences stock returns.,2504
The tail risk premium predicts stock returns.,2505
Global interest rate volatility negatively influences stock returns.,2509
Real investments negatively influence future stock returns.,2510
Time-varying market betas predict stock returns.,2512
The macro condition index predicts stock returns.,2515
The macro condition index produces countercyclical equity premium forecasts.,2515
The variance risk premium (VRP) predicts stock returns.,2517
Institutional liquidity costs (ILC) have economically meaningful relations with expected institutional price impacts.,2519
Abnormally frequent investor visits predictably outperform stock returns.,2525
Investor visits convey information about future stock returns.,2525
Governance-related uncertainty accounts for about 10% of stock return volatility when a new director joins.,2538
"Director importance varies with board composition and firm attributes, influencing stock returns.",2538
Cultural heritage influences risk taking in financial markets.,2544
Skewness risk premium is associated with stock returns.,2547
Systematic risk contains important nonlinearities associated with stock returns.,2549
Mean reversion in stock prices predicts stock returns.,2562
Negative autocorrelation in returns is associated with stock returns.,2562
Predictable variation due to mean reversion accounts for large fractions of stock returns.,2562
Changes in expected monetary growth alter expected real equity returns.,2573
Changes in monetary uncertainty alter the equity risk premium.,2573
Risk aversion influences stock returns.,2579
Intertemporal substitution is associated with stock returns.,2579
Insider trading causes stock prices to better reflect information.,2586
Insider trading is associated with higher expected real investment.,2586
Informational trading and noninformational trading lead to different dynamic relations between trading volume and stock returns.,2592
The volume of trade is associated with stock returns around public announcements.,2604
Returns on physical investment predict stock returns.,2611
Risk levels are changed toward the end of the year in a manner consistent with incentives influencing stock returns.,2623
Consumption growth influences stock returns.,2630
Risk premia are associated with stock returns.,2630
Press reports of investigations of fraud are associated with negative average abnormal returns in the stocks of affected firms.,2631
The percentage of the firm's revenues that derive from government contracts is associated with stock returns.,2631
Effort influences stock returns.,2633
The log consumption-wealth ratio predicts stock returns.,2644
The conditional consumption CAPM can account for the difference in stock returns between low-book-to-market and high-book-to-market portfolios.,2644
The sex ratio in the marriage market affects labor supply behavior and the decision process in the directions predicted by the theory.,2646
Divorce laws deemed favorable to women affect labor supply behavior and the decision process in the directions predicted by the theory.,2646
The consumption growth of shareholders is more highly correlated with excess returns to shares.,2649
Dynamic redistribution of wealth among agents leads to countercyclical time variation in the Sharpe ratio of stock returns.,2650
The conditional risk premium is negatively related to the level of stock prices.,2650
Marketwide liquidity predicts stock returns.,2653
High sensitivities to liquidity are associated with higher expected stock returns.,2653
Firm characteristics such as size and book-to-market predict stock returns.,2656
"Fund flows rationally respond to past performance, which is associated with stock returns.",2665
"The flow‐performance relationship is consistent with high average levels of skills and considerable heterogeneity across managers, influencing stock returns.",2665
External imbalances predict net foreign portfolio returns one quarter to two years ahead.,2679
The cash flows and stock returns of durable-good producers are exposed to higher systematic risk.,2690
An investment strategy that is long on the durable-good portfolio and short on the service portfolio earns a risk premium exceeding 4 percent annually.,2690
An investment strategy that is long on the durable-good portfolio and short on the market portfolio earns a countercyclical risk premium.,2690
Investment shocks influence stock returns.,2698
A 10 percentage point increase in the firm's hiring rate is associated with a 1.5 percentage point decrease in the firm's annual risk premium.,2705
A one standard deviation decrease in a country’s median age increases new business formation by 2.5 percentage points.,2709
The power law in consumption and its growth rate is associated with spurious nonrejection of heterogeneous-agent asset pricing models in explaining the equity premium.,2715
Inequality among agents can give rise to a high risk premium on the aggregate stock market.,2736
Return comovement is associated with the asymmetric distribution of benefits from technological innovation.,2736
Average return differences among firms are influenced by the inequality in the benefits of technological innovation.,2736
Genetic endowments linked to educational attainment predict wealth at retirement.,2737
"Higher productivity generates more matches and larger market shares among customers, which influences stock returns.",2752
"Higher relationship capability generates more customers and higher sales, which is associated with stock returns.",2752
Consumption growth uncertainty influences asset returns.,2757
Long-term expected earnings growth predicts stock returns.,2763
A reallocation of rewards to shareholders is associated with stock returns.,2770
Neglect of earnings components causes stock returns.,2775
Earnings- and accruals-related patterns of return predictability are associated with stock returns.,2775
Past performance predicts future stock returns.,2779
Firms taking anti-shorting actions have low abnormal stock returns.,2781
Industry-selection skill drives persistence in relative stock returns.,2783
The Amihud measure of illiquidity is associated with stock returns.,2788
The down-day element of the Amihud measure commands a return premium associated with stock returns.,2788
A sidedness variable is associated with a more significant return premium than other components of the Amihud measure for stock returns.,2788
Implied volatility spreads between call and put options are positively related to future underlying stock returns.,2795
Ambiguity is priced in the cross-section of average stock returns.,2801
Risky returns are higher in fall/winter and lower or stable in spring/summer.,2803
There is a positive and significant relation between hybrid tail covariance risk and expected stock returns.,2809
Price-dividend ratio factors predict future consumption and stock dividends.,2816
The covariance of returns with innovations in price-dividend ratio factors explains the cross-section of average returns of several stock portfolios.,2816
Stocks with strong crash sensitivity deliver average returns of more than 7% p.a. higher than stocks with weak crash sensitivity.,2828
Speed of information dissemination within mutual fund families positively affects stock returns.,2841
Aggregate volatility-of-volatility is associated with a decrease in average annual returns.,2849
Funding liquidity is correlated with stock returns.,2858
Our measure of funding liquidity delivers a positive risk premium that cannot be explained by existing risk factors.,2858
Firm characteristics are associated with expected stock returns.,2859
The low-frequency component of the aggregate dividend yield significantly forecasts long-horizon market returns.,2863
A one-standard-deviation increase in GeoCOVID is associated with a decrease in abnormal returns.,2870
"The SRI constraint is much costlier for investors who believe in pricing models that associate higher returns with exposures to size, value, and momentum factors.",2879
An SRI/ESG constraint is especially binding for investors wishing to tilt toward value or small-cap funds.,2879
Positive sentiment in corporate annual reports predicts abnormal returns.,2880
Negative sentiment in corporate annual reports predicts abnormal returns.,2880
The net purchases of skilled versus unskilled investors predict monthly market returns.,2882
Operating leverage positively predicts stock returns.,2889
Shorting activity on ETFs predicts stock returns.,2893
Stocks heavily shorted via their holding ETFs underperform those that are lightly shorted.,2893
High-level marketing capability predicts stock returns.,2894
Higher government sales dependency predicts positive future returns.,2900
A GD-weighted portfolio substantially improves the tangency portfolio’s ex post Sharpe ratio.,2900
Labor mobility predicts stock returns.,2908
The intensity of competition in firms’ product market potentially drives the positive labor mobility-return relation.,2908
Short interest significantly and negatively predicts aggregate stock returns.,2913
Entropy risk premium indicates the hedging cost against changes in risks associated with all moments of the return’s distribution and carries economically significant information for the cross-section of returns.,2914
Firm-level political risk negatively influences future delta-hedged equity option returns.,2919
The ratio of cash-based operating profitability to price (COP/P) predicts stock returns.,2920
Oil price changes are associated with stock returns.,2921
Regulatory operating leverage predicts stock returns.,2923
The ICAPM has strong out-of-sample predictive power for equity returns.,2927
Systematic skewness has significant additional explanatory power in explaining stock returns.,2931
Skewness preference is an important determinant of expected stock returns.,2931
Firm characteristics predict international stock returns.,2939
Market-specific training enhances the predictability of stock returns.,2939
Adding U.S. firm characteristics improves the return predictability of international stocks.,2939
Private information measures predict return volatility.,2940
Market price of risk estimates strongly predict the excess return of risk-targeting portfolios.,2942
Trends used for monetary policy guidance are effective in predicting market excess returns.,2943
Moving-average trends outperform current values in forecasting market returns.,2943
Market overreaction influences stock returns.,2951
Lower transacting stocks exhibit stronger return reversals associated with stock returns.,2951
Web traffic is significantly positively priced with respect to stock returns.,2964
Ambiguity aversion raises the equity premium.,2977
Ambiguity aversion lowers interest rates.,2977
Perceived familiarity with local and domestic securities is associated with higher investment in such securities.,2980
Return forecasts of individual investors are significantly higher after September 11.,2982
A firm raising its international sales by 10 percent raises the exposure of its stock return to global shocks.,2989
Explicit buy recommendations for stocks published by German Personal Finance Magazines earn significant abnormal returns.,2993
"Fraud firms have significantly greater incentives from unrestricted stockholdings than control firms do, which influences stock returns.",3003
US news affects Portuguese stock market returns.,3005
Portuguese macroeconomic news lowers stock market co-movement.,3005
Simple trading rules produce abnormal returns of up to almost 10% per annum adjusted for systematic risk.,3008
"Investors adjust their portfolio composition as distance from a company they invest in changes, which influences stock returns.",3011
"Investors abnormally increase their ownership in companies closer to their new location, which provides them with higher risk-adjusted returns.",3011
Operating leverage predicts stock returns.,3020
Differences in operating leverage give rise to expected return differences.,3020
Trust may drive stock market participation.,3022
Stocks exhibiting high correlations with the benchmark have significantly lower returns than stocks with low correlations.,3023
Inflation is associated with positive abnormal returns on dividend-announcement days.,3032
Higher inflation is associated with higher positive abnormal returns.,3032
Higher leverage is associated with higher positive abnormal returns.,3032
Better governance is associated with higher abnormal returns.,3043
Higher transparency is associated with larger abnormal returns.,3043
Net foreign flows predict stock returns.,3049
Firms' repurchase activity is followed by a positive and significant abnormal return.,3050
Signed small trade turnover negatively correlates with stock returns.,3054
Changes in consumption volatility are the key driver for explaining major asset pricing anomalies across risk horizons.,3055
Investor sentiment is associated with stock returns.,3063
Dividend growth predicts stock returns.,3069
"When dividend growth is less predictable, stock returns are significantly predictable.",3069
Money flows into investment products are positively related to their return performance.,3070
The end result of major sporting events affects next day stock returns.,3076
Investor mood shifts during soccer matches affect stock returns.,3076
Firms' asset growth rates predict idiosyncratic stock return volatility.,3077
Higher dispersion in asset growth rates predicts higher average idiosyncratic return volatility.,3077
The returns of stocks with geographically distant owners are more exposed to changes in aggregate market volatility.,3078
The moneyness of the export option has a positive impact on the exchange rate exposure.,3081
The model detects a significantly positive and convex exposure for 40% and 65% of the firms depending on whether the market return is included in the regression or not.,3081
Negative picks strongly predict future stock price declines.,3084
Firms’ R&D activities can predict the stock returns of their industry peers.,3086
Industry peers experience positive abnormal returns despite having no aggressive R&D growth.,3086
Abnormal turnover ratio (ATR) negatively predicts future stock returns.,3087
Stocks with momentum predict stock returns.,3090
Stocks that do not contribute to momentum profits exhibit subsequent reversals associated with stock returns.,3090
Market expectation errors are associated with stock returns.,3092
A financing-based misvaluation factor can explain the return behavior of value-growth strategies associated with stock returns.,3092
The return premium for asymmetric dependence is associated with stock returns.,3094
Cash holdings are positively related to future stock returns when investor sentiment is low.,3095
The state of the economy contains information about stock returns.,3096
Commodity portfolios exhibit predictive power for long-horizon aggregate equity market returns.,3097
The high growth rate of labor hours per worker signals low future stock returns.,3100
"An increase in housing wealth leads to a reduction in household risk aversion, which influences stock returns.",3103
A portfolio strategy based on firms’ foreign sales information yields future returns of more than 10% p.a. globally.,3105
Herding predicts stock returns.,3109
Demand shocks are strongly positively correlated with stock returns.,3112
Supply shocks have a strong negative correlation with stock returns.,3112
Media coverage affects stock returns.,3113
Style-based earnings surprises predict stock returns.,3119
Cross-industry book-to-market ratios contain significant predictive information for stock returns.,3120
Maximum return (MAX) negatively relates to future stock returns for stocks preferred by individual investors.,3121
Aggregate asset growth negatively predicts future market returns.,3126
Expected investment is positively related to stock returns.,3129
Higher profit margins associated with increased concentration are reflected in higher returns to shareholders.,3131
Stocks with high sensitivity to earnings belief shocks have a higher expected return.,3135
Firms with high expected investment growth earn higher expected returns than firms with low expected investment growth.,3137
News extracted from articles can forecast aggregate stock returns.,3138
The dollar-risk factor is associated with stock returns.,3141
The carry-trade-risk factor is associated with stock returns.,3141
Investor attention influences anomaly returns.,3151
High-attention days are associated with higher anomaly returns.,3151
Cryptocurrency adoption influences portfolio riskiness.,3153
Bear betas are negatively correlated with stock returns.,3156
Anticipated disagreement increases the equity premium.,3157
"Political relations are positively correlated with trade, influencing stock returns.",3158
A firm-level measure of expected shell probability (ESP) predicts stock returns.,3162
Carbon emissions are associated with stock returns.,3175
Air pollution negatively affects stock returns.,3183
Blockbuster movie releases predict stock returns.,3192
Blockbuster movie releases are associated with positive stock market returns in the subsequent week.,3192
"Blockbuster movie releases predict lower expected market volatility and risk aversion, which is associated with stock returns.",3192
Corporate donations decrease stock returns.,3193
Forced CEO turnovers are associated with large negative stock returns during the first informational events.,3194
Positive returns follow the first informational events after forced CEO turnovers.,3194
Industry tournament incentives are positively associated with individual financial institutions' stock return volatility.,3196
The log dividend-price ratio is associated with expectations of future log real dividend changes and future real discount rates.,3208
Earnings and dividend announcements on Fridays are associated with negative abnormal returns.,3216
Announcements by smaller firms are associated with more negative returns on the following trading day.,3216
Dividend yields predict stock returns.,3232
Dividend yields predict stock returns.,3233
Excess expected rates of return on securities are associated with a linear combination of the market-portfolio-based capital asset pricing model and the consumption-based CAPM.,3235
The expected instantaneous return of the market portfolio is associated with the relative risk aversion of the representative investor.,3240
Changing expected returns are associated with the betas of industry and size portfolios with the market.,3242
Global economic risks predict stock returns.,3243
Global risk premia are associated with stock returns.,3246
The number of investment analysts following a firm influences stock returns.,3247
S&P 500 trading strategies influence stock returns.,3250
Home bias in equity portfolios is associated with stock returns.,3252
Information surprises influence stock returns.,3256
Strategic trading is associated with stock returns.,3256
Trading has a statistically significant negative effect on stock returns.,3256
Emerging market returns are more likely than developed countries to be influenced by local information.,3264
Delayed reactions to common factors give rise to a size-related lead-lag effect in stock returns.,3268
The announcement of convertible debt issues has a significant positive abnormal return.,3271
There is an abnormal return of 0.45 percent at the announcement of equity issues.,3271
Returns on large equity portfolios may contain a significant predictable component at horizons 3 to 6 years.,3277
Top management turnover announcements are associated with significantly positive abnormal returns.,3278
Excess returns on stocks and other risky assets are predictable.,3282
Statistical model selection criteria confirm the presence of predictability in excess stock returns.,3289
Supply shocks cause a negative relation between stock returns and inflation.,3297
Demand shocks generate a positive relation between stock returns and inflation.,3297
Volatility timing is an important factor in the returns of mutual funds.,3299
Risk aversion functions derived from realized returns are associated with stock returns.,3302
Volatility is weakly related to expected stock returns.,3308
Volatility is negatively related to expected stock returns.,3308
Financial constraints influence stock returns.,3319
The trading strategy of informationally constrained agents is associated with stocks with good past-return performance.,3326
The model implies that a risk premium on a less visible stock is associated with expected equity returns.,3326
Stocks with high returns over the previous 3–12 months predict stock returns over the following 12 months.,3327
Empirical puzzles are associated with portfolios that have average returns that are high relative to their risk.,3330
"Industry, size, and book-to-market factors are associated with momentum in stock returns.",3331
Strategies that buy stocks that have performed relatively well in the past predict significant positive stock returns.,3332
Past returns and public earnings surprises help to predict subsequent stock returns.,3332
Inflation and money growth are significantly correlated with aggregate stock returns.,3334
Real macroeconomic variables are associated with aggregate equity returns.,3334
Fama and French factors predict stock returns.,3336
Higher initial margin requirements are negatively related to stock returns.,3340
Larger excess returns are associated with a higher likelihood of insiders being released from lockup restrictions.,3348
Insiders of firms backed by venture capitalists are associated with a higher likelihood of being released from lockup restrictions.,3348
The size factor helps predict future stock returns.,3350
Regional interest rates are associated with predictable contagion in stock returns.,3353
Conditional stock return volatility is associated with predictable contagion.,3353
The expected excess return on any risky asset is linearly related to the expected excess return on the market portfolio.,3359
The returns on traded index options are relevant for explaining the returns on risky asset portfolios.,3359
Overvalued IPOs provide high first-day returns.,3368
Overvalued IPOs are associated with low long-run risk-adjusted returns.,3368
Robustness increases the equilibrium equity premium.,3370
Poor stock returns are associated with roll-up IPOs.,3371
Higher ownership by the sponsor of the transaction leads to a reduction in performance.,3371
Investment in housing reduces the benefits of equity market participation.,3374
Powerful CEOs influence stock returns.,3377
Heterogeneous beliefs affect stock returns.,3379
Risk seeking behavior can explain stock returns.,3384
Managerial incentives affect the expected rate of return.,3387
Idiosyncratic risk affects the expected rate of return.,3387
The expected return on any risky asset depends explicitly on the asset's coskewness with option returns.,3398
The profitability of pairs trading is linked to the presence of a common factor in the returns.,3399
The level of investor overconfidence and thus trading volume varies with past returns.,3401
Financing frictions provide a common factor that improves the pricing of cross-sectional returns.,3402
Investor sentiment measured using consumer confidence forecasts the returns of small stocks.,3403
The cross section of stock returns reflects a downside risk premium of approximately 6% per annum.,3404
Stocks that covary strongly with the market during market declines have high average returns.,3404
Small-trade imbalances during the formation period significantly affect momentum returns.,3405
The portfolio share allocated to stocks increases with wealth.,3408
The model predicts more conservative portfolios for younger than for middle-aged households.,3408
Innovations in current and future human wealth returns are negatively correlated with innovations in current and future financial asset returns.,3418
Liquidity significantly predicts future stock returns.,3429
Local market liquidity is an important driver of expected stock returns in emerging markets.,3429
Diversity of opinion negatively influences acquirer stock returns.,3436
Information asymmetry negatively influences acquirer stock returns.,3436
Low investment growth rates are associated with higher average stock returns.,3438
Low investment-to-capital ratios are associated with higher average stock returns.,3438
Excess comovement of stock returns is positively related to index overweighting.,3439
Incomplete risk sharing is associated with a large equity premium in stock returns.,3441
"Higher bankruptcy risk is correlated with more use of stock, which influences stock returns.",3444
Expected returns are predictable from price-dividend ratios.,3445
Liquidity betas are associated with stock returns.,3448
"The high liquidity-beta state delivers a disproportionately large liquidity risk premium, which is associated with stock returns.",3448
Institutional cross-border portfolio flows forecast domestic and foreign equity returns.,3457
Closed-end fund flows forecast price returns.,3457
"Innovations in market volatility, oil prices, exchange rates, and dispersion of analysts' forecasts help explain the cross section of stock returns.",3461
Strategic disclosure influences stock returns.,3462
High-incentive contracts deliver higher risk-adjusted return.,3464
High-incentive winner funds have a positive alpha of 0.41% per month in the following year.,3464
Abnormal investment is positively related to discretionary accruals.,3465
Firms with high abnormal investment subsequently have low stock returns.,3465
"The larger the relative price premium, the stronger the abnormal return predictability.",3465
Takeover likelihood predicts stock returns.,3466
The takeover factor is associated with abnormal returns.,3466
Idiosyncratic volatility has statistically significant predictive power for aggregate stock market returns.,3468
Idiosyncratic volatility performs just as well as the book-to-market factor in explaining the cross section of stock returns.,3468
Intense sell-initiated small-trade volume predicts stock returns.,3472
Stocks favored by retail investors experience prolonged underperformance relative to stocks out of favor with retail investors.,3472
Short selling predicts future negative abnormal returns.,3474
A trading strategy based on daily short-selling activity generates significant positive returns.,3474
Engagements by the activist fund are associated with abnormal returns.,3475
Increased earnings by a chaebol-affiliated firm positively influences the stock returns of other nonannouncing affiliates.,3478
Decreased earnings by a chaebol-affiliated firm negatively influences the stock returns of other nonannouncing affiliates.,3478
The growth rate of industrial production is a priced risk factor that explains stock returns.,3486
Political connections are associated with positive abnormal stock returns following the announcement of a politically connected individual to the board.,3487
Companies connected to the Republican Party increase in stock returns following the Republican win of the 2000 presidential election.,3487
Companies connected to the Democratic Party decrease in stock returns following the Republican win of the 2000 presidential election.,3487
Illiquidity in the market leads to high expected stock returns.,3488
There is a positive relation between trading volume and future stock returns.,3488
Increases in the entrenchment index are associated with large negative abnormal stock returns.,3491
The level of uncertainty is negatively related to stock returns.,3492
The uncertainty risk factor explains a large part of the cross-sectional variation in average stock returns.,3492
Illiquidity is priced in the cross-section of expected stock returns.,3496
The variance risk premium predicts high future stock returns.,3497
The variance risk premium predicts low future stock returns.,3497
Conditional idiosyncratic volatility is positively related to expected stock returns.,3499
Independent directors earn positive substantial abnormal returns when they purchase their company stock.,3506
Independent directors earn significantly abnormal returns when they sell the company stock in a window before bad news and around earnings restatements.,3506
"The cash flows of growth stocks are particularly sensitive to temporary movements in aggregate stock prices, which influences stock returns.",3508
"The cash flows of value stocks are particularly sensitive to permanent movements, which influences stock returns.",3508
Expected idiosyncratic skewness is negatively correlated with stock returns.,3511
"The Fama-French alpha of a low-expected-skewness quintile exceeds the alpha of a high-expected-skewness quintile, indicating a relationship with stock returns.",3511
"Active Share predicts fund performance, which is associated with stock returns.",3512
The returns of these portfolios are significantly and positively related to both CAPM and Consumption CAPM risk measures.,3518
The acquiring firm's stock price increases when a developed-country multinational firm acquires majority control of a firm in an emerging market.,3519
There is a positive cross-sectional relationship between expected stock returns and default risk.,3526
Market proxies are useful for estimating expected returns.,3529
A large U.S. Foreign Direct Investment (FDI) position in a destination country is associated with a relatively large stock portfolio position in that country.,3530
A change in the U.S. FDI position from 1980 to 1990 helps predict the change in the U.S. Foreign Portfolio Investment position from 1994 to 2006.,3530
Abnormal returns are largely associated with engagements rather than stock picking.,3535
Firms with high real estate holdings have higher expected returns.,3536
The returns of firms with a high share of real estate capital exceed that of low real estate firms by 3--6% annually.,3536
Predictable expected returns influence stock returns.,3539
Public news resolves asymmetric information and increases stock returns.,3540
Transaction stock returns are associated with similar product market language.,3541
Mispricing induced return premium is significantly associated with realized stock returns.,3542
UMO loadings incrementally predict the cross-section of stock returns.,3543
Past performance predicts future stock returns better among funds trading in stocks affected by information events.,3546
The variance premium captures attitudes toward uncertainty and displays return predictability.,3548
"A calibrated, generalized long-run risks model generates a variance premium with return predictability.",3548
Selling off loser stocks helps improve fund performance.,3552
Significant stock returns are documented around announcements of proxy vote recommendations.,3555
The model produces return predictability patterns in line with the data.,3556
A firm's return on the day of stale news negatively predicts its return in the following week.,3561
Financial constraints predict stock returns.,3569
R&D predicts stock returns only among financially constrained firms.,3569
Changes in market benchmarks imply distinct and predictable changes to global and local stock betas.,3576
Financial leverage affects stock returns.,3582
Market leverage explains a major portion of the value premium.,3582
Idiosyncratic volatility influences expected returns.,3592
High idiosyncratic volatility is associated with lower expected returns.,3592
Low idiosyncratic volatility is associated with higher expected returns.,3592
Factor-loading uncertainty decreases stock returns.,3598
The efficient aggregation of mutual fund holdings predicts stock returns.,3599
Investment options as intangible capital influence stock returns.,3601
Operating leverage is linked to stock returns.,3602
A firm's past track record of innovation predicts stock returns.,3603
Cash flow news is associated with stock returns.,3604
Firm characteristics are associated with stock returns.,3607
Returns in our model are conditionally predicted by dividend yields.,3612
"OTC illiquidity, size, value, and volatility premiums are associated with stock returns.",3613
Liquidity shocks predict future stock returns.,3618
Liquidity shocks are positively associated with contemporaneous stock returns.,3618
Investor opinions transmitted through social media predict future stock returns.,3621
Financial market dislocations are associated with expected asset returns.,3623
Increased advertising spending is associated with abnormal stock returns.,3626
Increased advertising spending influences short-term stock returns.,3626
Ambiguity aversion influences stock returns.,3630
The model predicts long-horizon predictability of excess returns.,3630
Investor optimism positively impacts stock returns among stocks with higher arbitrage costs.,3637
Stocks experiencing similar investor mood exhibit return comovement.,3637
The new investor sentiment index has much greater predictive power for aggregate stock market returns.,3640
"The new investor sentiment index can also predict cross-sectional stock returns sorted by industry, size, value, and momentum.",3640
A simple strategy that involves purchasing firms with high predicted probabilities of distribution announcements earns significant abnormal monthly returns.,3645
Local investor performance increases with the degree of local bias and with the local economic exposure of portfolio firms.,3647
The new conditional covariance risk measure plays an important role in explaining time variation in the equity risk premium.,3650
The foreign ownership return is of similar economic significance as traditional country and industry factors in explaining international stock returns.,3653
Announcement-period abnormal returns of sovereign wealth fund (SWF) equity investments in publicly traded firms are positive but lower than those of comparable private investments.,3654
A trading strategy that exploits foreign information generates abnormal returns of 0.8% monthly.,3655
"When analysts revise a bellwether firm's earning forecast, it changes the prices of other firms significantly.",3656
Positive exposures to RMW and CMA predict stock returns.,3658
Negative RMW and CMA slopes are associated with low average stock returns.,3658
Higher-quality disclosure standards are associated with stock returns that are less sensitive to noise driven by investors' moods.,3660
"Consumption drops can spark an economic crisis, which generates a large equity premium.",3661
Stocks with large unrealized gains and large unrealized losses are associated with higher future returns.,3662
"An exogenous increase in exposure to prenatal testosterone is associated with elevated risk taking and trading in adulthood, which influences stock returns.",3663
Higher birth weight is associated with a higher likelihood of participating in the stock market.,3663
The first and third cross-sectional moments of the distribution of GDP growth rates predict equity excess returns.,3669
Time-varying skewness in the distribution of expected growth prospects can substantially increase the model implied equity Sharpe ratios and produce a large amount of fluctuation in equity risk premia.,3669
Slow reaction to market information is an important cause of horizon effects in average returns.,3671
A global imbalance risk factor explains the cross-sectional variation in currency excess returns.,3672
High-income risk explains 77% of the cross-sectional variation in the twenty-five size and book-to-market portfolios and earns a risk premium of about 7% per year.,3673
"High-income risk is related to the value factor, suggesting that the value premium might be compensation for income risk.",3673
"A stock whose past return distribution has a high prospect theory value earns a low subsequent return, on average.",3675
"A stock whose past return distribution has a low prospect theory value earns a high subsequent return, on average.",3675
Firms with historically larger earnings in positive seasonality quarters have higher returns when those earnings are usually announced.,3676
Shifts in political climate influence stock returns.,3679
Systematic changes in the industry-level composition of investor portfolios generate predictable patterns in industry returns.,3679
Demand-based return predictability generates predictable patterns in stock returns.,3679
Investor sentiment predicts stock returns.,3687
Fundamental signals are significant predictors of stock returns.,3689
Product market competition generally earns lower asset returns.,3691
Inflexibility and operating leverage interact in stock returns.,3692
The long-horizon factor captures mispricing associated with stock returns.,3694
The short-horizon earnings surprise factor captures anomalies associated with stock returns.,3694
Attention is positively related to stock returns.,3696
Resiliency is associated with expected stock returns.,3701
Nonresiliency premium influences stock returns.,3701
Internet dissemination of corporate disclosures increases information production about future stock returns.,3709
Trades by individual investors become more informative about future stock returns following the EDGAR implementation.,3709
Managing investors’ performance expectations influences stock returns.,3720
Firms that manage expectations toward beatable levels predictably earn lower returns before earnings announcements.,3720
Firms that manage expectations toward beatable levels predictably earn higher returns during earnings announcements.,3720
Cyclical patterns in returns are associated with firms managing investors’ performance expectations.,3720
Market-neutral equity factors are strongly and robustly predictable stock returns.,3728
Firms farther away from consumers have higher risk premiums stock returns.,3732
Feedback trading based on past returns is associated with stock returns during the bubble.,3734
The ILLIQ component affects stock returns significantly.,3741
The aggregate market ILLIQ outperforms market IDVOL in estimating the effect of market illiquidity shocks on realized stock returns.,3741
Breaks in return predictability are linked to breaks in the cash flow growth and discount rate processes.,3743
The arbitrage portfolio has significant alphas relative to several popular asset pricing models.,3744
Rank-and-file labor flows can be used to predict abnormal stock returns.,3745
Negative stock returns comove with downgrades to the Fed’s growth expectations.,3748
The consumption wealth effect is associated with stock returns.,3748
Illiquidity is associated with higher expected returns for noninvestable stocks.,3750
Higher probability weighting is associated with owning lottery-type stocks.,3754
Higher probability weighting is associated with positively skewed equity portfolios.,3754
High learning index stocks predict lower future stock returns.,3759
Tax-exempt dividends are associated with significant positive abnormal stock returns.,3762
A new measure of buy-side competition explains momentum profits in stock returns.,3764
Past returns are associated with future stock market returns.,3773
Investor sentiment influences future stock market returns.,3773
Variance risk premium predicts future stock market returns.,3773
High disagreement predicts low stock returns after positive earnings surprises.,3781
High disagreement predicts high stock returns after negative earnings surprises.,3781
High disagreement robustly predicts low monthly and weekly stock returns.,3781
Higher excess returns from risky assets predict stock returns.,3790
"Firms highly mentioned in the 10-K competition section of other firms tend to outperform with risk-adjusted returns, predicting stock returns.",3792
"Cyclical skewness increases the equity premium, which is associated with stock returns.",3793
"Portfolios of firms with high exposure to cybersecurity risk outperform other firms, predicting stock returns.",3796
"The market values geographic firm information, as the abnormal return around forecast revisions is higher, predicting stock returns.",3798
Stock market losses are negatively associated with domestic violence.,3801
The incidence of domestic violence increases with the magnitude of stock market losses.,3801
The aggregate hiring rate of publicly traded firms negatively predicts stock market returns.,3810
The optimal portfolio depends on the present discounted value of expected excess returns.,3813
Short interest negatively predicts stock returns.,3819
Higher short-selling risk is associated with lower stock returns.,3819
Investment is an important contributor to stock return news variance.,3820
Profitability is an important contributor to stock return news variance.,3820
The investment spread significantly improves the predictability of stock returns.,3820
Stock returns affect the well-being of investors.,3823
Stock returns affect the well-being of noninvestors.,3823
Supportive tweets increase stock prices.,3825
Critical tweets decrease stock prices.,3825
Asset managers' equity premium expectations are associated with their portfolio allocations.,3828
Changes in the propagation of shocks along firm networks influence stock returns.,3830
A model in which firms are interlinked via enduring relationships generates long-run consumption risks associated with stock returns.,3830
"The model matches cross-sectional patterns of portfolio returns sorted by firm centrality, which are associated with stock returns.",3830
The voting pattern of high vote alpha funds positively predicts long-run abnormal stock returns.,3833
Horizon-dependent risk aversion captures the term structure of equity risk premiums associated with stock returns.,3836
An equal-weighted portfolio of top brands yields an annual abnormal return associated with stock returns.,3837
Media discourse topics positively predict market excess returns associated with stock returns.,3838
The war return premium positively predicts future stock market excess returns.,3838
Derivatives contribute largely to fund returns.,3840
Most employ derivatives to amplify equity returns.,3840
Opioid prescriptions are associated with negative abnormal returns.,3841
The market price of risk estimate strongly predicts the future excess return of the corresponding risk-targeting option portfolio.,3842
The U.S. stock market’s return during the first month of a quarter correlates strongly with returns in future months.,3843
Investors’ higher-order beliefs amplify stock market overreaction and excess volatility.,3844
"Prior market returns influence the decision to complete the IPO, which has a positive causal effect on profitability.",3845
Persistent aggregate capital flows to hedge and mutual funds predict monthly factor returns.,3846
ETF tax efficiency has increased long-term investors’ after-tax returns by 1.05% per year relative to mutual funds.,3848
Stock returns exhibit reversals at short horizons.,3852
Stock returns slowly transition to momentum over longer horizons.,3852
There is a negative relation between monthly reversal and longer-term momentum profits.,3852
Larger reversals are associated with more noise trading.,3852
Analysts’ forecast errors are associated with returns.,3853
Risk premiums are associated with expected returns.,3854
"Passive flows increase the idiosyncratic risk of large firms, which influences stock returns.",3855
Committed ESG funds have greater real impacts on stock returns.,3856
Risk premium forecasts are associated with stock returns.,3858
Production networks influence stock returns.,3861
Monetary policy shocks predict stock returns.,3861
Firms making seasoned equity offerings substantially underperformed matched firms from the same industry and of similar size that did not issue equity.,3910
"This underperformance persists even after controlling for trading system, offer size, and the issuing firm's age and book-to-market ratio.",3910
Stock returns influence the likelihood that a retired CEO serves on his own board two years after departure.,3928
Stock returns are related to the retention of a CEO on their own board.,3928
Aggregate implied cost of capital strongly predicts future excess market returns.,4049
ICCs of size and book-to-market portfolios predict corresponding portfolio returns.,4049
Presidential ties are associated with greater abnormal returns.,4133
Trust is positively associated with individuals’ propensity to invest in equities.,4149
Material news events are associated with jumps in stock returns.,4154
Liquidity is the most important predictor of stock returns.,4158
The salience theory measure is negatively related to future stock returns.,4164
"Firms with a high share of displaceable labor have negative exposure to technology shocks, which influences stock returns.",4172
Negatively exposed firms earn a 4% annual return premium consistent with displacement risk from technological progress.,4172
"Firms’ disaster risk exposure correlates with stock returns, as reflected by their vulnerability to social distancing.",4181
Vulnerability to social distancing is priced in changes of firms’ expected returns.,4181
Cash flow timing patterns influence stock returns.,4195
Firms that collect more cash by year-end earn a 6.8% higher per annum risk premium.,4195
The slope factor predicts stock returns at the weekly frequency.,4290
Faster policy easing positively predicts stock returns.,4290
Firms' exposure to aggregate productivity shocks influences expected stock returns.,4301
The capital age premium is associated with higher expected returns for old capital firms.,4301
Wealth shocks have a positive effect on stock returns.,4311
Ambiguity aversion magnifies the importance of hedging demands in the optimal portfolio policies.,4448
The cluster component was the main driver of country-industry portfolio returns.,4524
Real oil prices influence airline stock returns.,4541
"Oil supply, consumption demand, and inventory demand shocks predict airline stock returns.",4541
Overnight returns strongly forecast future stock returns.,4562
Firms with a strong overnight trend reliably outperform those with a weak overnight trend in the subsequent month.,4562
The equilibrium level of protection of a factor and its expected rate of return increase with its relative endowment.,4578
The effects of dividend yields are associated with expected returns.,4600
"Risk and second moments are predictable, which influences excess returns.",4600
Changes in exponentially de-trended dividends and prices predict stock returns.,4611
Noise trading correlated with fundamentals influences stock returns.,4611
Consumption growth is associated with asset returns.,4620
The lagged dividend yield is positively correlated with stock returns.,4630
Instability in the dividend and discount rate processes contributes significantly to the predictability of long-horizon stock returns.,4637
Wealth inequality raises the equity premium.,4640
Wealth inequality reduces the equilibrium risk-free rate.,4640
Operating leverage magnifies the risk properties of the residual payments to firm owners and justifies a substantial risk premium.,4642
Low frequency variations in income shares constitute a significant source of risk that affects asset returns.,4642
Changes in confidence under ambiguity influence stock returns.,4661
The capital of the intermediary sector influences stock returns.,4690
"Low intermediary capital reduces the risk-bearing capacity of the marginal investor, which helps to explain patterns during financial crises related to stock returns.",4690
Prudence is positively correlated with stock returns.,4702
"Temperance is negatively correlated with the riskiness of portfolio choices, which influences stock returns.",4702
Belief heterogeneity predicts stock returns.,4708
"The calibrated model implies that real option effects dominate operating leverage effects, which influences stock returns.",4713
Home-market demand predicts stock returns.,4719
Differences in factor usage are associated with stock returns.,4719
Homebuyers' beliefs about future house price changes influence their mortgage leverage choices.,4731
More pessimistic homebuyers make smaller downpayments and choose higher leverage.,4731
Time-varying risk influences stock returns.,4752
Fluctuations in asset prices are associated with hiring new workers as a risky investment.,4752
Constraints on the complexity of agents’ models can generate return predictability patterns.,4760
A firm’s exposure to the FTA significantly influences the voting behaviour of its employees.,4778
"Wealthy households disproportionately invest in equity, causing equity returns to generate large and persistent fluctuations in top wealth inequality.",4779
Aggregate net insider trading predicts stock returns.,4819
High trading volume is associated with an increase in expected stock returns.,4822
Learning effects influence predictability of stock returns.,4823
An increase in the supply of skills influences the skill premium.,4846
Psychological factors influence stock returns.,4849
Exercise is positively related to stock returns during the preceding month.,4849
Exercise is negatively related to stock returns over longer horizons.,4849
The degree of loss aversion depends on prior investment performance and is associated with stock returns.,4855
Our framework can help explain the predictability of stock returns.,4855
The Governance Index predicts stock returns.,4868
Movements in the stock market influence stock returns.,4870
The propensity to plan is associated with stock returns.,4873
Lower bilateral trust is associated with less portfolio investment.,4895
Private events which raise the likelihood of a coup affect a continued rise in returns on affected assets.,4904
Higher parental income is associated with higher child income.,4918
Overseas shareholding influences political attitudes.,4922
Financial assetholding predicts support for reform.,4922
Financial crises increase expected returns.,4931
Export exposure is associated with higher earnings for the middle class.,4947
Import exposure is associated with higher earnings for the rich.,4947
Attending an Ivy-Plus college increases students’ chances of reaching the top 1% of the earnings distribution by 50%.,4957
Attending an Ivy-Plus college nearly doubles students’ chances of attending an elite graduate school.,4957
Attending an Ivy-Plus college almost triples students’ chances of working at a prestigious firm.,4957
Increased dispersion of beliefs will generally be associated with reduced asset prices in a given Arrow‐Debreu equilibrium.,4966
Sell‐off announcements influence stock returns.,4972
"Sellers earn significant positive excess returns from sell‐off activities, which predicts stock returns.",4972
The period of significant negative returns for sellers prior to their sell‐off activities is associated with stock returns.,4972
The week‐end effect is associated with stock returns.,4975
The Monday effect persists in stock returns.,4976
Joint ventures are associated with significant wealth gains from stock returns.,4979
"The smaller partner earns a larger excess rate of return from joint ventures, which predicts stock returns.",4979
"The ""Monday effect"" predicts stock returns.",4985
The overreaction to unexpected news events is associated with stock returns.,4988
Portfolios of losers experience exceptionally large January returns.,4988
The overreaction to unexpected news events is associated with stock returns.,4989
Portfolios of losers experience exceptionally large January returns.,4989
Stock returns signal changes in real activity.,5006
Changes in real activity affect expected inflation.,5006
Expected real returns on common stocks are negatively related to expected inflation.,5016
An increase in expected inflation decreases the expected real rate of return of the market portfolio.,5016
The number of factors in the Arbitrage Pricing Model influences stock returns.,5028
The dominance of the first eigenvalue in the covariance matrix is associated with stock returns.,5028
Analysts' recommendations predict stock returns.,5040
The relative size of the sell-off is associated with announcement day returns.,5044
Tax-loss selling influences stock returns.,5056
Expected risk premiums are associated with stock returns.,5070
"Past losers significantly outperform past winners, which is associated with stock returns.",5079
Excess returns in January are related to both short-term and long-term past performance.,5079
Excess returns in January are related to the previous year market return.,5079
"Past losers significantly outperform past winners, which is associated with stock returns.",5082
Excess returns in January are related to both short-term and long-term past performance.,5082
Excess returns in January are related to the previous year market return.,5082
Long-term performance plans are associated with favorable stock returns at the announcement of sell-off proposals.,5092
The January effect predicts stock returns.,5102
The small-firm effect is associated with stock returns.,5102
The financial weakness of the selling firm influences the abnormal returns to the acquiring firm.,5104
The purchase of related assets causes more wealth than does the purchase of unrelated divested units.,5104
Long-horizon stock returns are highly forecastable.,5105
Equilibrium expected excess returns on securities are functions of their covariances with aggregate consumption expenditure.,5111
Equilibrium expected excess returns on securities are functions of their covariances with market prices of consumption goods.,5111
The ratio of debt to equity positively relates to expected common stock returns.,5123
Time-varying firm characteristics related to inflation predominately determine the effect of unanticipated inflation on stock returns.,5134
A firm's debt-equity ratio appears to be particularly important in determining the response of stock returns.,5134
Time-varying firm characteristics related to inflation predominately determine the effect of unanticipated inflation on stock returns.,5138
A firm's debt-equity ratio appears to be particularly important in determining the response of stock returns.,5138
International acquisitions predict positive abnormal returns for shareholders of MNCs not operating in the target firm's country.,5142
Expansion into new industry and geographic markets is associated with larger abnormal returns.,5142
"Small-firm returns are positive and more positive the higher the beta, which influences stock returns.",5145
The earnings yield effect is significant and predicts stock returns in both January and the other eleven months.,5146
"The size effect is significantly negative in January, which is associated with stock returns.",5146
Consistently high returns are found for firms of all sizes with negative earnings.,5146
The earnings yield effect is significant and predicts stock returns in both January and the other eleven months.,5147
"The size effect is significantly negative in January, which is associated with stock returns.",5147
Consistently high returns are found for firms of all sizes with negative earnings.,5147
Small-firm returns are associated with stock returns.,5151
"The higher the beta, the more positive small-firm returns are associated with stock returns.",5151
Beta risk is associated with stock returns.,5158
Residual risk is associated with stock returns.,5158
Size is associated with stock returns.,5158
"Illiquidity, measured by the bid-ask spread, is associated with stock returns.",5158
Beta predicts stock returns.,5160
Residual risk predicts stock returns.,5160
Size predicts stock returns.,5160
Bid-ask spread is associated with stock returns.,5160
Abnormal returns to shareholders are associated with stock returns.,5167
A market factor influences security returns.,5181
The one‐month interest rate is useful in forecasting the excess return on stocks.,5184
"Size is associated with stock returns, as the poorest earners outperform the best earners when matched for size.",5186
Daily trading volume has significant explanatory power regarding the variance of daily returns.,5189
Announcements of sale‐and‐leasebacks are associated with positive abnormal returns to lessees.,5190
Future production growth rates explain a large fraction of the variation in stock returns.,5193
Buying shares before the expiration date of a repurchase tender offer predicts stock returns.,5197
Repurchasing companies experience statistically significant abnormal returns in the two years after the repurchase.,5197
"The larger the managerial ownership fraction of the acquiring firm is associated with the use of cash financing, which influences stock returns.",5199
The previously observed negative bidders' abnormal returns associated with stock financing are associated with acquisitions made by firms with low managerial ownership.,5199
Relative price variability is associated with negative stock returns.,5203
Buying shares before the expiration date of a repurchase tender offer predicts stock returns.,5205
Repurchasing companies experience statistically significant abnormal returns in the two years after the repurchase.,5205
Negative first-order serial correlation predicts stock returns.,5211
Positive serial correlation at longer lags is associated with stock returns.,5211
Twelve-month serial correlation is particularly strong and predicts stock returns.,5211
Negative first-order serial correlation predicts stock returns.,5212
Positive serial correlation at longer lags is associated with stock returns.,5212
Twelve-month serial correlation is particularly strong and predicts stock returns.,5212
"Management's choice of split factor signals private information about future earnings, which is associated with stock returns.",5215
"Price changes at stock dividend and split announcements are significantly correlated with split factors, which are associated with stock returns.",5215
The standardization of payments at the turn of each calendar month induces a surge in stock returns.,5216
Returns generally will be greater following the month of December.,5216
Stock returns vary inversely with the stringency of monetary policy.,5216
Variables that proxy for expected returns and expected-return shocks capture 30% of the variance of annual stock returns.,5219
Growth rates of production explain 43% of the return variance.,5219
Future production growth rates explain a large fraction of the variation in stock returns.,5221
Stock returns can be predicted based on rational forecasts of aggregate output.,5224
Stock returns are a predictable function of aggregate output.,5224
Pre-holiday stock returns predict stock returns.,5228
Constraints on the proportion of assets to be invested in the market affect expected portfolio returns.,5230
Pre-holiday stock returns predict stock returns.,5233
Constraints on the proportion of assets to be invested in the market affect expected portfolio returns.,5235
Tax-loss selling by investors near the end of calendar years is associated with stock returns.,5237
Countries' risk exposures help explain differences in stock returns.,5238
Investment returns are associated with stock returns.,5243
Business-cycle related variables forecast stock returns.,5243
The market excess return is negatively correlated with recent economic growth and positively correlated with expected future economic growth.,5258
Option prices contain information about the moments of the true distribution of the underlying asset's returns.,5266
Moments of the returns of small firms contain information about the discount factor associated with asset returns.,5267
"Cumulative abnormal returns average 5.6% when a block trades, suggesting a relationship between block trades and stock returns.",5269
Moments of the returns of small firms contain information about the discount factor associated with asset returns.,5270
Observed option prices can be used to place bounds on the moments of the true distribution of market returns.,5271
A conditional CAPM with time-varying risk and expected returns influences stock returns.,5272
Return indices constructed to mimic the behavior of marginal firms are important in explaining the time-series return difference between small and large firms.,5273
Insider trading prior to dividend announcements has significant explanatory power for stock returns.,5275
Size-matched return indices are important in explaining the time-series return difference between small and large firms.,5280
Risk exposures to size-matched return indices are as powerful as log(size) in explaining average returns of size-ranked portfolios.,5280
Tax‐loss selling potential predicts stock returns.,5286
The dividend-price ratio forecasts excess stock returns.,5288
Interest rate variables forecast excess stock returns.,5288
The dividend-price ratio forecasts excess stock returns.,5291
Interest rate variables forecast excess stock returns.,5291
Size predicts stock returns.,5297
Book-to-market equity predicts stock returns.,5297
Stock returns Granger-causally prior and help explain real activity.,5306
Inflation negatively correlates with expected asset returns.,5307
Money growth positively correlates with real equity returns.,5307
Stock returns Granger-causally prior and help explain real activity.,5309
"Announcement of common stock offerings is associated with decreased forecasts of future earnings, which influences stock returns.",5312
Announcement period abnormal stock returns are significantly related to the size of the decrease in forecasts of current year earnings.,5312
Moving average trading rules predict stock returns.,5320
Trading range break trading rules predict stock returns.,5320
Buy signals generate higher stock returns than sell signals.,5320
Returns following buy signals are associated with less volatility than returns following sell signals.,5320
Returns following sell signals are associated with negative stock returns.,5320
Moving average trading rules predict stock returns.,5324
Trading range break trading rules predict stock returns.,5324
Buy signals generate higher stock returns than sell signals.,5324
Returns following buy signals are associated with less volatility than returns following sell signals.,5324
Returns following sell signals are associated with negative stock returns.,5324
Antitrust cases are associated with drops in stock returns.,5326
Buying winners and selling losers generates significant positive stock returns.,5330
Buying stocks that have performed well in the past generates significant positive returns.,5331
Selling stocks that have performed poorly in the past generates significant positive returns.,5331
The announcement of warrant life extensions is associated with positive abnormal returns for the stocks of firms making the extension announcements.,5332
Recent top performers among mutual funds are associated with better stock returns.,5333
Recent poor performers among mutual funds are associated with worse stock returns.,5333
Private placements of equity are associated with positive abnormal returns.,5337
The number of pervasive factors influences stock returns.,5348
The capital asset‐pricing model's (CAPM) primary empirical implication is a positively sloped linear relation between a security's expected rate of return and its relative risk (beta).,5353
Conditional expected monthly return is negatively related to conditional variance of monthly return.,5368
Large one-day price declines are associated with poor stock returns over an extended time horizon.,5380
The degree of market liquidity explains short-term stock return reversals following large one-day price declines.,5380
Spinoff ex-date returns predict stock returns.,5389
Merger ex-date returns are associated with stock returns.,5389
The commercial paper—Treasury yield spread predicts stock returns.,5391
The return on investment is associated with stock returns.,5394
Spinoff ex-date returns predict stock returns.,5396
Merger ex-date returns are associated with stock returns.,5396
Tax rates influence stock returns.,5402
The change in managerial and employee ownership due to ESOP influences stock returns.,5403
The change in managerial and employee ownership due to ESOP influences stock returns.,5404
Tax rates influence stock returns.,5405
Expected inflation is associated with stock returns of noncyclical industries.,5407
Expected inflation is associated with stock returns of cyclical industries.,5407
Lagged changes in the dollar are significant in explaining current abnormal returns.,5408
Tax factors are associated with abnormal stock returns.,5410
Percentage changes in trading volume are associated with stock returns.,5411
Expected inflation is associated with stock returns of noncyclical industries.,5412
Cyclical movements in industry output influence stock returns.,5412
Macroeconomic risk is linked to expected stock returns.,5413
Book-to-market equity is associated with the cross-section of realized stock returns.,5415
Earnings yield has significant explanatory power with respect to the cross-section of realized stock returns.,5415
Cash flow yield is associated with the cross-section of realized stock returns.,5415
Tax factors are related to abnormal stock returns of U.S. multinational corporations making foreign acquisitions.,5416
Macroeconomic risk is linked to expected stock returns.,5418
Book-to-market equity is associated with the cross-section of realized stock returns.,5420
Earnings yield has significant explanatory power with respect to the cross-section of realized stock returns.,5420
Cash flow yield is associated with the cross-section of realized stock returns.,5420
"High book-to-market equity (BE/ME) signals persistent poor earnings and low BE/ME signals strong earnings, which are associated with stock returns.",5423
"Stock prices forecast the reversion of earnings growth observed after firms are ranked on size and BE/ME, which influences stock returns.",5423
Beta risk is associated with stock returns.,5425
Beta risk is associated with stock returns.,5426
"High book-to-market equity (BE/ME) signals persistent poor earnings and low BE/ME signals strong earnings, which are associated with stock returns.",5432
"Stock prices forecast the reversion of earnings growth observed after firms are ranked on size and BE/ME, which influences stock returns.",5432
Interest rates are associated with stock returns.,5438
Dividend yields are associated with stock returns.,5438
Buy recommendations predict stock returns.,5448
Managers opportunistically choosing when to apply for listing influences stock returns.,5457
The barriers posed by initial listing requirements are associated with poor stock returns.,5457
Money betas have some explanatory power for the cross-sectional variation of expected returns.,5463
"The return on human capital is included when measuring the return on aggregate wealth, which influences the cross-section of average returns.",5464
"The return on human capital is included when measuring the return on aggregate wealth, which influences the cross-section of average returns.",5465
"Firm characteristics like size, earnings/price, cashflow/price, book-to-market equity, past sales growth, long-term past return, and short-term past return are related to average returns on common stocks.",5468
"Firm characteristics like size, earnings/price, cashflow/price, book-to-market equity, past sales growth, long-term past return, and short-term past return are related to average returns on common stocks.",5469
The current values of the predictive variables can exert a substantial influence on stock returns.,5473
The current values of the predictive variables exert a substantial influence on stock returns.,5475
Large shocks to broad-based market indices positively impact the magnitude and persistence of stock return correlations.,5482
Large shocks to broad-based market indices positively impact the magnitude and persistence of stock return correlations.,5483
Higher pre-acquisition market and acquiring firm stock returns increase the likelihood of stock financing.,5486
Higher pre-acquisition market and acquiring firm stock returns increase the likelihood of stock financing.,5487
Systematic errors in expectations may explain the high returns earned by value stocks.,5490
Investment strategies that seek to exploit errors in analysts' forecasts earn superior returns.,5490
Firm size and book-to-market equity ratios are associated with stock returns.,5493
Value stocks are associated with high stock returns.,5501
Investment strategies that exploit errors in analysts' forecasts are associated with superior stock returns.,5501
Firm sizes are associated with stock returns.,5507
Book-to-market ratios are associated with stock returns.,5507
Earnings surprises are associated with stock returns.,5509
Earnings surprises are associated with stock returns.,5510
Monetary policy shocks are associated with stock returns.,5513
Expansionary policy increases stock returns.,5513
Exposure to monetary policy increases an asset's return.,5513
Monetary policy shocks are associated with stock returns.,5516
Expansionary policy increases stock returns.,5516
Exposure to monetary policy increases an asset's return.,5516
Instrumental variables are associated with predicting security returns.,5519
Market segmentation is associated with stock prices.,5520
Changes in dividends are associated with future earnings.,5521
Firms that increase dividends have significant positive excess returns.,5521
Market segmentation is associated with stock prices.,5524
Changes in dividends are associated with future earnings.,5525
Firms that increase dividends have significant positive excess returns.,5525
Top executives' trading is reliably associated with the stock returns of secondary issuers.,5529
The upward price shifts at the turn of the year are significantly correlated with the simultaneous returns to small stocks.,5530
The upward price shifts at the turn of the year are significantly correlated with the simultaneous returns to small stocks.,5531
Top executives' trading is reliably associated with the stock returns of secondary issuers.,5539
Some of the variation in risk-adjusted excess returns remains predictable during periods of high interest rates.,5541
Investors tend to purchase foreign assets in periods when the return on foreign assets is high and to sell when the return is low.,5542
Firms conducting seasoned equity offerings have inordinately low stock returns during the five years after the offering.,5544
"Issuing firms are disproportionately high-growth firms, but issuers have much lower subsequent stock returns than nonissuers with the same growth rate.",5544
Investors tend to purchase foreign assets in periods when the return on foreign assets is high and to sell when the return is low.,5545
Some of the variation in risk-adjusted excess returns remains predictable during periods of high interest rates.,5546
Monetary policy variables are significant predictors of future stock returns.,5550
International equity markets exhibit medium-term return continuation.,5561
Return continuation is negatively related to firm size.,5561
Return continuation is present in all twelve sample countries.,5561
An internationally diversified portfolio of past medium-term Winners outperforms a portfolio of medium-term Losers.,5561
International momentum returns are correlated with those of the United States.,5561
The method of payment in stock offers predicts positive abnormal returns for bidders.,5567
Insider buying is associated with low stock returns.,5568
Insider buying is associated with high stock returns.,5568
Bankruptcy risk is associated with lower than average stock returns.,5570
Dividend changes are correlated with stock returns.,5572
Changes in a firm's systematic risk are associated with expected returns.,5573
Dividend yield predicts stock returns.,5577
Unusually high accruals in the IPO year are associated with poor stock return performance in the three years thereafter.,5580
Issuers in the most aggressive quartile of earnings managers experience stock returns approximately 20 percent less than those in the most conservative quartile.,5580
Value stocks have higher returns than growth stocks.,5581
Higher managerial ownership is associated with stock returns.,5589
"Funds that receive more money subsequently perform significantly better than those that lose money, which is associated with stock returns.",5593
"IPOs with low flipping generate abnormal returns of 1.5 percentage points per month over the first six months, which is associated with stock returns.",5594
Bidding firms earning positive abnormal returns in diversifying acquisitions is associated with stock returns.,5596
Managers who attended higher‐SAT undergraduate institutions have systematically higher risk‐adjusted excess returns.,5598
"Emerging market stocks exhibit momentum, small stocks outperform large stocks, and value stocks outperform growth stocks.",5600
Industry momentum investment strategies appear highly profitable.,5601
"Firms emerging from Chapter 11 consistently find evidence of large, positive excess returns in 200 days of returns following emergence.",5604
"The portfolio choice varies significantly with the dividend yield, default premium, term premium, and lagged excess return.",5605
Acquisitions by cash‐rich firms are value decreasing.,5607
Cash‐rich firms are more likely to make diversifying acquisitions and their targets are less likely to attract other bidders.,5607
Changes in institutional ownership predict stock returns.,5608
Institutional herding is positively correlated with lag returns and appears to be related to stock return momentum.,5608
Momentum strategies are associated with stock returns.,5614
Predictability in asset returns influences optimal portfolio choice for long-horizon investors.,5615
The value premium is associated with U.S. stock returns.,5616
Trading volume is a significant determinant of stock returns.,5619
Higher precision of signals tends to increase stock returns.,5620
"Stock market liberalization may reduce the cost of equity capital, influencing stock returns.",5621
Affected stocks experienced statistically significant excess returns during the event week.,5624
Conditional skewness helps explain the cross‐sectional variation of expected stock returns.,5625
"Entrepreneurial income risk has a significant influence on asset prices, affecting stock returns.",5627
The equity share in new issues predicts U.S. stock market returns.,5631
Firms issuing relatively more equity than debt is associated with low market returns.,5631
Seat market volumes predict stock returns.,5639
The dividend–price ratio tracks time-varying expected returns.,5640
Investment plans have substantial forecasting power for excess stock returns.,5641
Labor income is positively correlated with stock returns.,5649
Security analyst recommendations are associated with stock returns.,5650
Fluctuations in the consumption–wealth ratio are strong predictors of stock returns.,5652
The consumption–wealth ratio summarizes expected returns on the market portfolio.,5652
Fundamental/price ratios are able to forecast stock returns.,5654
Market value is associated with expected stock returns.,5654
Loss aversion over individual stocks influences stock returns.,5660
Expected future returns vary systematically with relative value.,5662
Discount firms have significantly higher subsequent returns than premium firms.,5662
R&D intensity is positively associated with stock returns.,5665
Companies with high R&D to equity market value earn large excess returns.,5665
Risk arbitrage returns are positively correlated with market returns.,5667
Risk arbitrage generates excess returns of four percent per year.,5667
Corporate name changes to Internet-related names produce cumulative abnormal returns.,5668
Cash-flow news drives firm-level stock returns.,5672
Expected-return news influences firm-level stock returns.,5672
The sensitivity of managers' stock option portfolios to stock price influences stock returns.,5680
The sensitivity of managers' stock option portfolios to stock return volatility is associated with stock returns.,5680
Parameter uncertainty is associated with stock returns.,5684
The unconditional mean aggregate equity premium is associated with stock returns.,5687
Short interest predicts stock returns.,5689
Dispersion in analysts' earnings forecasts is associated with lower future stock returns.,5692
Information-based trading affects asset returns.,5693
A difference in the probability of information-based trading leads to a difference in expected stock returns.,5693
Book-to-market equity is associated with stock returns.,5694
Analyst coverage is associated with abnormal stock returns.,5697
Expected inflation is associated with stock returns.,5701
Dividend yields are related to expected inflation in stock returns.,5701
Capital gains are related to expected inflation in stock returns.,5701
Expected 15-year profitability is associated with stock returns.,5706
The expected return on value- minus-growth strategies is associated with stock returns.,5706
Average stock variance is positively related to stock market returns.,5707
Sunshine is strongly significantly correlated with stock returns.,5710
Crisis period stock returns of firms in which managers have high levels of control rights are 10–20 percentage points lower than those of other firms.,5715
We find substantial momentum in consecutive weekly returns when the latter week has unexpectedly high turnover.,5718
We find reversals in consecutive weekly returns when the latter week has unexpectedly low turnover.,5718
Political party affiliation influences stock returns.,5721
Firm-specific variables that correlate with leverage explain stock returns.,5723
Institutional trading positively influences stock returns.,5726
Individual trading negatively influences stock returns.,5726
Changes in price quotations affect stock returns.,5727
The use of synthetic local currency debt is associated with a drop in stock returns.,5728
The economic efficiency of corporate investment is positively associated with firm-specific variation in stock returns.,5732
Bullishness in Internet stock messages predicts stock returns.,5740
Disagreement among posted messages is associated with stock returns.,5740
Momentum profits depend on the state of the market and influence stock returns.,5742
"Liberalization reduces the systematic risk associated with holding investible securities, which influences stock returns.",5744
The average effect of the reduction in systematic risk is directly proportional to stock returns.,5744
"Differences in the composition of information affect the cost of capital, which influences stock returns.",5747
Abnormal short-selling is significantly linked to post-announcement stock returns.,5748
The dispersion of analysts' earnings forecasts negatively influences stock returns.,5749
Idiosyncratic asset risk is associated with a decrease in expected stock returns.,5749
The cross-sectional variance of consumption growth is a priced factor associated with asset returns.,5751
Market-related stock return standard deviations are important determinants of the bid structure in mergers.,5755
Corporate investment decisions can explain the conditional dynamics in expected asset returns.,5756
The stock return momentum phenomenon is associated with the smart money effect.,5757
Financially distressed stocks are associated with anomalously low returns.,5758
Local investments predict stock returns.,5759
The proportion of equity in total new debt and equity issues is negatively correlated with future equity market returns.,5763
Geographically proximate analysts impact stock returns.,5764
"Unanticipated monetary policy actions influence expected excess returns, which account for the response of stock prices.",5766
High market returns predict low market returns.,5770
The conditional covariance between stock returns and aggregate consumption growth influences stock returns.,5772
Aggregate consumption risks are associated with differences in risk premia across equity returns.,5773
High presale price estimates are associated with adverse subsequent abnormal returns.,5774
Overconfident managers overestimate the returns to their investment projects.,5778
Stocks with high sensitivities to innovations in aggregate volatility have low average returns.,5782
Stocks with high idiosyncratic volatility relative to the Fama and French model have abysmally low average returns.,5782
Bayesian alphas based on the Capital Asset Pricing Model (CAPM) are particularly useful for predicting future standard CAPM alphas.,5793
Weaker investor protection is associated with higher return volatility.,5804
Weaker investor protection is associated with larger risk premia.,5804
Weaker investor protection is associated with higher interest rate.,5804
Perfecting investor protection increases the stock market's value.,5804
Buying assets that others are buying ensures high future cash flows for the firm and subsequent high returns for investors.,5812
The degree of competition influences assets' expected rates of return.,5822
Firms in more competitive industries earn higher returns when demand is low.,5822
Firms in more concentrated industries earn higher returns when demand is high.,5822
The propensity to gamble is associated with investment decisions in lottery-type stocks.,5826
Investment in lottery-type stocks is correlated with socioeconomic factors that induce greater expenditure in lotteries.,5826
Low information quality is associated with a high equity premium.,5830
Variation in effective risk aversion produces a large equity premium.,5832
There is a strong relation between stock market liquidity and the business cycle.,5837
Garbage growth is priced and drives out NIPA expenditure growth.,5838
Assets with high idiosyncratic risk have low expected returns.,5841
Assets that display high correlation with the portfolios of liquidation-prone investors have high expected returns.,5841
Characteristics of stock issuers can be used to forecast important common factors in stocks' returns.,5844
Large firms underperform after years when issuing firms are large relative to repurchasing firms.,5844
Value and momentum return premia are present across diverse markets and asset classes.,5848
Long-run expected returns vary with long-run market betas and outside-income betas.,5849
Firms with more organization capital have average returns that are 4.6% higher than firms with less organization capital.,5852
Volatility is associated with stock returns.,5864
"An increase in macroeconomic volatility is associated with an increase in discount rates and a decline in consumption, which influences stock returns.",5864
Volatility risk carries a sizable positive risk premium and helps account for the cross section of expected stock returns.,5864
Total skewness negatively influences average option returns.,5872
Ex ante total skewness predicts holding returns on individual equity options.,5872
Bad industry performance predicts stock returns.,5882
Bad market performance predicts stock returns.,5882
High-beta assets are associated with speculative overpricing.,5891
High aggregate disagreement is associated with decreased expected returns with beta.,5891
Firms located in higher local beta areas have lower industry-adjusted returns.,5892
Increases in home equity wealth are associated with raised stockholdings.,5900
Increases in property value are associated with reduced stockholdings.,5900
Negative jump tail risk helps predict stock returns.,5901
Financial literacy is associated with higher annual stock returns.,5908
Tighter leverage constraints result in a flatter relation between betas and expected returns.,5912
The constraints investors face may help explain the empirical failure of the capital asset pricing model.,5912
Network concentration and network sparsity are associated with asset prices.,5913
Adverse profitability shocks reduce the returns that shareholders are likely to demand.,5919
Growth in the capital share of aggregate income predicts stock returns.,5927
Positive exposure to capital share risk earns a positive risk premium associated with stock returns.,5927
Characteristic‐based return predictability is linked to systematic factors that determine the evolution of firm fundamentals.,5933
"Characteristic‐sorted portfolios exhibit persistent mispricing, which is associated with return predictability.",5933
Information consumption generates a return premium for firms that experience information spillovers.,5947
The positive effect of the Federal Reserve Open Market Committee announcements on the risk premia of individual stocks appears to be modulated by expected information consumption.,5947
"The model incorporates all of the elements of prospect theory and makes quantitative predictions about an asset's average return based on empirical estimates of the asset's return volatility, return skewness, and past capital gain.",5957
The maturity structure of financial leverage affects the cross-section of equity returns.,5965
Short-term leverage is associated with a positive premium in equity returns.,5965
Long-term leverage is not associated with a premium in equity returns.,5965
The introduction of capital guarantee products is associated with an increase in expected financial portfolio returns.,5974
Cyclical skewness predicts portfolio differences within pairs of identical twins.,5985
Higher left‐tail income risk when equity markets perform poorly is associated with lower portfolio equity share.,5985
Leverage supply shocks increase returns.,5997
Leverage demand shocks reduce returns.,5997
The Pension Protection Act (PPA) is associated with stock returns as younger workers invested more in stocks after TDFs became the default option post-PPA.,6004
"Older workers starting at a firm after TDFs became the default option post-PPA invested less in stocks, which is associated with stock returns.",6004
Upstream uncertainty negatively affects stock returns.,6007
Downstream uncertainty positively affects stock returns.,6007
Fund attention to a stock is positively related to stock returns.,6009
Funds that exhibit stronger attention-reallocation patterns earn higher future stock returns.,6009
The cross-sectional distribution of wealth influences current income level and stock returns.,6016
Market wealth is associated with stock returns.,6030
The local mean return on a security is linked to the local covariance of that return with the return on the market portfolio.,6030
Consumption growth influences asset returns.,6036
Asset returns are associated with the conditional covariance of asset returns with consumption growth.,6036
The risk premium is associated with the conditional variability of the equity return.,6048
Co-persistence in variance is associated with asset pricing relationships.,6060
Co-persistence in variance has important implications for optimal portfolio allocation decisions.,6060
Time nonseparable preferences are associated with asset returns.,6071
Local substitution of consumption with habit formation influences asset returns.,6071
Risk premia depend on the covariance of the idiosyncratic and aggregate shocks.,6085
Asset prices depend only on the valuation of agents with substantial idiosyncratic risk.,6085
Accurate predictions are associated with higher stock returns.,6088
A small number of factors can be used to explain a large number of asset returns.,6094
Poor disclosed outcomes are associated with higher return variance.,6097
Negative serial correlation of asset returns is influenced by risk-averse investors.,6097
Realized volatility is associated with future returns.,6098
GARCH models are associated with stock returns.,6108
Consumption growth is associated with asset return series.,6112
Limited stock market participation influences stock returns.,6133
Heterogeneity in the elasticity of intertemporal substitution in consumption predicts stock returns.,6133
The concentration of non-stockholders' labor income risk among stockholders is associated with stock returns.,6133
"Large wealth inequality is important for the model's ability to generate a countercyclical equity premium, which influences stock returns.",6133
Investment in the market with the greatest amount of capital earns the lowest risk premium.,6145
The speeds of adjustment of mean returns are increasing in the degree to which capital is imbalanced between the two markets.,6145
The model generates large risk premia even for assets with stable cashflows.,6153
Very small assets may comove endogenously and hence earn positive risk premia even if their cashflows are independent of the rest of the economy.,6153
priced jump tail risk responds in a more pronounced and persistent manner than volatility to large negative market shocks.,6166
Consumption growth rates are associated with stock returns.,6174
The predictable cash-flow component is crucial for stock returns.,6174
The wage structure and job offers influence the relative wages of married women.,6183
Contraception technology is associated with changes in socio-economic patterns.,6183
Immigrant human capital investment is associated with higher returns to investment spending from the complementarity of foreign and US human capital.,6310
The rise in overall skill demand influences stock returns.,6323
Distorted beliefs about endowment growth influence stock returns.,6337
Excessive pessimism over expansions and excessive optimism over contractions are associated with stock returns.,6337
The model matches the predictability of excess returns found in the data.,6337
Exchange rates influence stock returns.,6345
Increasing returns to scale predict international trade flows.,6358
Art outperforms fixed income securities as an investment.,6373
Art significantly under-performs stocks in the US.,6373
The length of the day is associated with stock returns.,6378
Seasonal affective disorder (SAD) influences stock market returns.,6378
Stock market returns vary seasonally with the amount of daylight.,6378
Consumption risk influences stock returns.,6386
Market value and book-to-market ratios are associated with differences in average annual stock returns.,6386
Social security portfolio diversification into private securities is associated with changes in expected returns on short-term investment and the equity premium.,6393
The implicit federal equity position is associated with stock market returns.,6400
The size and value anomalies are associated with stock returns.,6410
"Value stocks and small stocks have considerably higher cash-flow betas, which explains their higher average returns.",6410
Heterogeneous time preference influences asset prices.,6420
Narrow framing influences stock market participation.,6441
The payoffs to the carry trade for both portfolios are uncorrelated with returns to the U.S. stock market.,6450
Human capital influences stock returns.,6488
An increase in general human capital is associated with an increase in expected stock returns.,6488
The ratio of house value to net wealth influences stock returns.,6510
"US investors increase portfolio weights on a country's equity market just prior to its strong performance, predicting stock returns.",6521
Risk aversion influences stock returns.,6529
An increase in disaster risk leads to an increase in the expected return on risky assets.,6535
"Institutional investors amplify the index stock volatilities and aggregate stock market volatility, which influences stock returns.",6547
Human capital influences stock returns.,6565
Trade-induced local shocks influence changes in local skill premia.,6575
"Parameter learning amplifies the impact of macroeconomic shocks on marginal utility, which is associated with stock returns.",6643
Leverage predicts stock returns.,6656
Size predicts stock returns.,6656
Maturity mismatch predicts stock returns.,6656
Asset price booms predict stock returns.,6656
Higher degrees are associated with greater representation at the best-paying firms.,6671
"Children with mental disabilities influence parental portfolio allocation, which affects stock returns.",6677
"Risky asset holding decreases among households with special needs children, impacting stock returns.",6677
"Households with special needs children invest a larger portion of their wealth in risky assets, which is associated with stock returns.",6677
"Legal origins significantly determine current-day female HIV rates, which are associated with stock returns.",6681
"Exposure to a disruptive peer reduces earnings, which is associated with stock returns.",6684
Expected cash flow growth is positively related to stock returns.,6690
Expected returns are negatively related to the subjective probability of rare disasters.,6690
Rising import competition reduced lifetime earnings for 5 percent of workers.,6698
Irrigation use boosts profits by 43–62 percent.,6714
Capital-embodied technical change (CETC) influences labor reallocation.,6721
The rise in passive investing over the last 20 years has made the demand for individual stocks 11 percent more inelastic.,6732
Moral hazard influences stock returns.,6739
Workers' compensation is associated with stock returns.,6739
Firm productivity is associated with stock returns.,6739
Firm size is associated with stock returns.,6739
Financial market abnormal returns are associated with stock returns.,6739
Endogenous short-term speculation influences stock returns.,6740
Liquidity trading affects stock returns.,6740
Trend-chasing strategies influence stock returns.,6740
Heterogeneous beliefs are associated with predictability of excess stock returns.,6741
Trend chasing influences future excess stock returns.,6742
The average belief about the risk premium relates negatively to future excess stock returns.,6742
Investor expectations of stock market returns are influenced by demand for index funds.,6744
Expected excess returns influence portfolio adjustments.,6746
Financial shocks are associated with excess return predictability.,6746
Uncertainty negatively impacts stock returns.,6747
Mandatory disclosure causes abnormal excess returns.,6748
Rare economic disasters explain volatile stock returns.,6749
Political connections are associated with unusually high stock returns.,6750
Perceived returns to education influence investments in schooling.,6751
Unionization negatively impacts cumulative abnormal returns.,6753
Executives' miscalibration is associated with stock market return forecasts.,6754
Multinational corporations exhibit higher stock market returns than nonmultinational firms.,6755
Exporters exhibit higher returns than firms selling only in their domestic market.,6755
Factors explain the cross-sectional variation of expected stock returns in the asset-pricing literature.,6759
Dynamic factors drive excess stock returns.,6762
Momentum and own-volatility factors are important in explaining equity return comovements.,6763
We strongly reject the stability of stock return prediction models.,6764
Risk premia are large and volatile in crisis periods.,6767
Risk premia follow the macroeconomic cycles.,6767
The state of the business cycle predicts observable patterns of portfolio investments and returns.,6768
The medical innovation premium is associated with equity returns of firms in the health care sector.,6769
Stock returns realized around pre-scheduled macroeconomic announcements account for 55% of the market equity premium.,6770
News about future excess returns drives the stock market response to monetary policy shocks.,6771
Net equity issuance is sensitive to aggregate stock returns.,6772
Domestic investors earn negative excess returns on low interest rate currency portfolios.,6773
Domestic investors earn positive excess returns on high interest rate currency portfolios.,6773
"The stock market perceived the end of the conflict as bad news for companies holding concessions in Angola, as their abnormal returns declined.",6774
Greater openness predicts stock returns.,6776
The growing synchronization of economic fundamentals is associated with stock returns.,6776
Innovation causes stock returns.,6777
A security's own skewness influences stock returns.,6778
Investment specific productivity shocks influence stock returns.,6780
The unemployment rate is positively associated with stock returns.,6781
Confidence risk is associated with stock returns.,6782
Pessimism about future stock market returns influences retirement timing.,6783
Equity market returns have a significant impact on stock returns.,6784
"Payoff salience drives investors' demand for risky assets, which influences stock returns.",6786
"Extreme payoffs receive disproportionate weight in the market valuation of assets, affecting stock returns.",6786
Countercyclical variation in stock market returns is associated with the model of payoff salience.,6786
The conditional volatility of stock market returns rises more for firms with stickier prices.,6788
The permit price is estimated using a regression discontinuity design comparing stock returns of firms on either side of the policy's free permit cutoff rule.,6790
The conditional variance of stock returns rises when prices reflect less information.,6791
"The aggregate risk exposure of individual earnings to stock returns varies across gender, age, and industry.",6792
Predictable uninformed cash flows forecast aggregate market stock returns.,6795
Buying pressure from dividend payments predicts higher value-weighted market returns.,6795
Software anomalies are associated with stock returns.,6796
Durable consumption influences expected stock returns.,6797
"Small stocks and value stocks deliver relatively low returns during recessions, which explains their high average returns relative to big stocks and growth stocks.",6797
"Stock returns are unexpectedly low at business cycle troughs, when durable consumption falls sharply.",6797
Underfunded pension plans are associated with lower stock returns.,6800
The marginal value of cash influences excess stock returns.,6801
Geographic location is associated with stock returns.,6802
Investor sentiment affects the cross-section of stock returns.,6803
"Low beginning-of-period proxies for sentiment are associated with relatively high subsequent returns for small stocks, young stocks, high volatility stocks, unprofitable stocks, non-dividend-paying stocks, extreme growth stocks, and distressed stocks.",6803
"High investor sentiment is associated with relatively low subsequent returns for small stocks, young stocks, high volatility stocks, unprofitable stocks, non-dividend-paying stocks, extreme growth stocks, and distressed stocks.",6803
Industry concentration is associated with lower average stock returns.,6804
Financial constraints predict stock returns.,6806
More financially constrained firms earn higher expected stock returns than less financially constrained firms.,6806
Collateral constraints influence expected stock returns.,6806
The hedging portfolio is associated with future market returns.,6807
Payout yields contain information about the cross section of expected stock returns.,6810
Net payout yields contain information about the cross section of expected stock returns.,6810
Consumption betas of stocks explain the cross-section of stock returns.,6813
Compliance with governance rules influences abnormal returns.,6814
Soccer outcomes are associated with stock returns.,6815
A loss in the World Cup elimination stage leads to a next-day abnormal stock return.,6815
Antitakeover provisions predict lower announcement‐period abnormal stock returns.,6816
Operating in more competitive industries is associated with higher abnormal announcement returns.,6816
Separating the positions of CEO and chairman of the board is associated with higher abnormal announcement returns.,6816
Locked-in capital gains predict long-term stock returns.,6820
Net individual investor trading predicts short-horizon stock returns.,6821
Share issuance predicts stock returns.,6824
The fraction of negative words in firm‐specific news stories forecasts low firm earnings.,6827
The earnings and return predictability from negative words is largest for the stories that focus on fundamentals.,6827
Asset growth rates are strong predictors of future abnormal returns.,6830
A firm's annual asset growth rate emerges as an economically and statistically significant predictor of the cross‐section of U.S. stock returns.,6830
Marketwide private information obtained from equity market data forecasts industry stock returns.,6832
The implied cost of capital (ICC) is useful in capturing time variation in expected stock returns.,6833
We find a positive relation between the conditional mean and variance of stock returns.,6833
Cash flow characteristics are able to explain up to 82% of the cross‐sectional variation in the average returns.,6835
Debt capacity influences stock returns.,6836
Investor inattention affects stock returns.,6837
Effective cost is positively related to stock returns.,6838
Media coverage affects stock returns.,6841
Labor income explains the cross-section of stock returns.,6842
Negative market returns decrease stock liquidity.,6845
Supplying liquidity following large drops in market valuations earns significant returns.,6845
High industry‐level stock market valuation is associated with lower operating cash flows and abnormal stock returns.,6847
Firm support for political candidates is positively correlated with the cross‐section of future stock returns.,6848
The link between leverage and stock returns is complex and depends on the investment opportunities available to the firm.,6849
Intraday predictability is associated with stock returns.,6850
Economically meaningless index labels cause stock returns to covary in excess of fundamentals.,6851
Persistent institutional trading negatively predicts long‐term stock returns.,6852
Institutional investors earn significant abnormal returns on their trades within the trading quarter.,6853
Put option sales by large firms are associated with a 5% abnormal stock return in the 100 days following the issues.,6854
Investors holding stocks within their industry of employment experience negative abnormal returns.,6855
Retail trading activity has a positive effect on stock returns.,6857
Financial frictions affect the volatility of stock returns.,6859
Daily short‐sale interest in family firms contains useful information in forecasting stock returns.,6860
Intense aggregate individual investor buying predicts large positive abnormal returns.,6861
Intense aggregate individual investor selling predicts large negative abnormal returns.,6861
A portfolio strategy that focuses on opportunistic traders yields value‐weighted abnormal returns.,6864
Technological growth can help provide a unified theory for excess-return predictability.,6865
firm‐level return volatility predicts stock returns.,6866
passing a governance proposal leads to significant positive abnormal returns.,6868
industry‐level labor income risk affects the cross‐section of expected stock returns.,6869
the premium for idiosyncratic risk depends on the covariance between stock and human capital returns.,6869
ex ante volatility is negatively related to subsequent stock returns.,6870
ex ante kurtosis is positively related to subsequent stock returns.,6870
more ex ante negatively skewed returns yield subsequent higher stock returns.,6870
time‐varying probability of a consumption disaster drives high stock market volatility and excess return predictability.,6871
higher state‐level unemployment rates are associated with higher future stock returns.,6872
lower housing collateral ratios are associated with higher future stock returns.,6872
sentiment predicts stock returns during recessions.,6873
aggressive net buying positively predicts firms’ monthly stock returns.,6874
lagged U.S. returns significantly predict returns in numerous non‐U.S. industrialized countries.,6875
"Time variation in uncertainty generates variance premium fluctuations, helping explain their power to predict stock returns.",6877
Investment-specific technology shocks have a differential effect on the value of growth opportunities and stock returns.,6880
"CEO ownership delivers annual abnormal returns of 4% to 10%, indicating a relationship with stock market performance.",6881
"Labor mobility is associated with stock returns, as firms in mobile industries earn returns over 5% higher than those in less mobile industries.",6882
Stocks with large increases in call implied volatilities tend to have high future returns.,6883
Aggregate jump risk helps explain variation in expected stock returns.,6887
Volatility risk helps explain variation in expected stock returns.,6887
A two-standard-deviation increase in jump factor loadings is associated with a 3.5% to 5.1% drop in expected annual stock returns.,6887
A two-standard-deviation increase in volatility factor loadings is associated with a 2.7% to 2.9% drop in expected annual stock returns.,6887
Idiosyncratic cash flow shocks are associated with expected stock returns.,6889
A negative relation exists between idiosyncratic volatility and stock returns.,6889
97 variables shown to predict cross-sectional stock returns are associated with stock return predictability.,6890
Firms scheduled to report earnings earn an annualized abnormal return of 9.9%.,6892
Announcer returns forecast aggregate earnings.,6892
Daily stock returns are inversely linked to hospital admissions.,6894
Firms that produce goods with a high habit level have low expected returns on their stock.,6895
IC investment is positively related to subsequent cumulative stock returns with a lag.,6897
Infrequent rebalancing produces return autocorrelations that are consistent with empirical evidence from intraday returns and new evidence from daily returns.,6898
The cross‐sectional variance in expected returns is larger when more traders rebalance.,6898
Household consumption risk explains the cross section of excess returns.,6899
Firms with low loadings on labor market tightness outperform firms with high loadings by 6% annually.,6901
Firms with low loadings are more exposed to adverse matching efficiency shocks and require higher expected stock returns.,6901
Firms with high social capital had stock returns that were four to seven percentage points higher than firms with low social capital.,6902
There is a positive relation between disagreement and future returns.,6903
Capacity overhang relates significantly negatively to stock returns.,6906
Firms with a higher share of routine‐task labor have lower expected stock returns.,6910
"The Fed has affected the stock market via unexpectedly accommodating policy, leading to large reductions in the equity premium.",6913
Returns on stocks with the most optimistic analyst long‐term earnings growth forecasts are lower than those on stocks with the most pessimistic forecasts.,6914
Cyclical consumption examines its predictive properties for stock returns.,6915
Systematic cash flow news drives the returns of anomaly portfolios.,6916
"An insider's investment horizon establishes a benchmark for expected patterns of continued trading behavior and thus helps identify unexpected insider trades, which should be more informative in efficient markets.",6917
Changes to the language and construction of financial reports have strong implications for firms’ future returns.,6918
The recommendation revisions of both types of analysts exhibit positive abnormal returns.,6919
Top analysts' recommendations are associated with statistically significant returns.,6919
The exposure of stocks to time-varying risk factors explains individual stock returns.,6920
News about the persistent dividend growth component predicts stock returns.,6921
Firms with higher inalienability of customer capital have higher average returns.,6922
Unrealized capital gains lead to a marginal propensity to consume that is associated with stock market returns.,6924
There is a robust return premium for stocks with high frequencies of comovement with the market return.,6925
"Mispricing, risk, and/or frictions have a key role in stock returns.",6926
A more positive cultural trust bias by an equity analyst's country of origin toward a firm's headquarter country is associated with significantly more positive stock returns.,6927
More biased recommendations are worse predictors of monthly stock returns.,6927
Momentum in individual stock returns relates to momentum in factor returns.,6933
Investors following trade ideas can earn significant abnormal returns.,6934
A CEO's political leaning influences stock returns.,6936
U.S. monetary policy shocks are associated with country‐sector stock returns.,6937
Attention‐induced trading by Robinhood users forecasts negative returns.,6938
The futures‐cash basis negatively predicts stock returns.,6939
Signals from principal portfolios predict individual stock returns.,6940
A duration‐based explanation is associated with premia on major equity factors and stock returns.,6941
Clientele demands influence stock returns.,6942
Order imbalance volatility is priced in the cross‐section of stock returns.,6943
The SEP sentiment measure predicts negative abnormal returns on the SEP reference stocks.,6944
Higher levels and growth rates of carbon emissions are associated with higher stock returns.,6945
Complex models improve the predictability of stock returns.,6948
Investor sentiment explains low stock returns.,6949
News attention can forecast aggregate stock market returns.,6951
Extreme weather events affect firms' expected stock returns.,6955
Disagreement between spouses about future stock returns influences household asset allocation decisions.,6956
The long‐short investor factor correlates with stock returns.,6957
The war factor predicts the cross section of expected stock returns.,6960
