topic,idx,source,sink,claim,paper_id,abstract
Size,0,"workers' compensation, firm productivity, firm size",financial market abnormal returns,"The optimal contracts relating to workers' compensation, firm productivity, and firm size affect financial market abnormal returns.",1,"We present a tractable general equilibrium model with multiple sectors in which firms offer workers incentive contracts and simultaneously raise capital in stock markets. Workers optimally invest in the stock market and at the same time hedge labour income risk. Firms rationally take agents' portfolio decisions into account. In equilibrium, the cost of capital of each sector is endogenous. The distortion induced by moral hazard generates counterintuitive effects on the real economy. For example, the value of labour market participation may be higher under moral hazard than under first best, further a positive productivity shock may decrease welfare in the moral hazard economy. In addition, our model generates predictions on the effects of moral hazard on asset markets. For example, in the presence of moral hazard, the capital asset pricing model fails because firms, by choosing optimal incentive contracts, transfer risk both through wages and through the stock market. This leads to several cross-sectional asset pricing “anomalies”, such as size and value effects. As we characterize optimal contracts, we can also present empirical predictions relating workers' compensation, firm productivity, firm size, and financial market abnormal returns."
Earnings forecasts,1,Accommodation and trend-chasing strategies,Stock returns,Momentum and reversal in stock returns are explained by accommodation and trend-chasing strategies.,2,"We investigate the dynamics of prices, information, and expectations in a competitive, noisy, dynamic asset pricing equilibrium model with long-term investors. We argue that the fact that prices can score worse or better than consensus opinion in predicting the fundamentals is a product of endogenous short-term speculation. For a given positive level of residual pay-off uncertainty, if liquidity trades display low persistence, rational investors act like market makers and accommodate the order flow and prices are farther away from fundamentals compared to consensus. This defines a “Keynesian” region; the complementary region is “Hayekian” in that rational investors chase the trend and prices are systematically closer to fundamentals than average expectations. The standard case of no residual uncertainty and liquidity trading following a random walk is on the frontier of the two regions and identifies the set of deep parameters for which rational investors abide by Keynes' dictum of concentrating on an asset “long-term prospects and those only”. The analysis also explains momentum and reversal in stock returns and how accommodation and trend-chasing strategies differ from these phenomena."
Macroeconomic data,2,persistent heterogeneous beliefs,excess returns,"When conditions are satisfied, agents forecast the forecasts of others leading to predictability of excess returns.",3,"This article develops a dynamic asset pricing model with persistent heterogeneous beliefs. The model features competitive traders who receive idiosyncratic signals about an underlying fundamentals process. We adapt Futia's (1981) frequency domain methods to derive conditions on the fundamentals that guarantee non-invertibility of the mapping between observed market data and the underlying shocks to agents' information sets. When these conditions are satisfied, agents remain asymmetrically informed in equilibrium and must ‘forecast the forecasts of others’. An econometrician, who incorrectly imposes a homogeneous beliefs equilibrium, will find that the asset price displays violations of variance bounds, predictability of excess returns, and rejections of cross-equation restrictions."
Macroeconomic data,3,average belief about the risk premium,future excess returns,The average belief about the risk premium in the economy relates negatively to future excess returns,4,"We study asset prices and portfolio choice with overlapping generations, where the young disregard history to learn from own experience. Disregarding history implies less precise estimates of output growth, which in equilibrium leads the young to increase their investment in risky assets after positive returns, that is, they act as trend chasers. In equilibrium, the risk premium decreases after a positive shock and, therefore, trend chasing young agents lose wealth relative to old agents who behave as contrarians. Consistent with findings from survey data, the average belief about the risk premium in the economy relates negatively to future excess returns and is smoother than the true risk premium."
Elections,4,turnout,stock returns,"A vote is more likely to be pivotal for the decision if turnout is smaller, leading to a systematic bias of the decision toward the low-turnout state.",5,"We study the aggregation of dispersed information in elections in which turnout may depend on the state. State-dependent turnout may arise from the actions of a biased and informed “election organizer”. Voters are symmetric ex ante and prefer policy a in state $\alpha$ and policy $b$ in state $\beta$, but the organizer prefers policy $a$ regardless of the state. Each recruited voter observes a private signal about the unknown state but does not learn the turnout.First, we characterize how the outcomes of large elections depend on the turnout pattern across states. In contrast to existing results for large elections, there are equilibria in which information aggregation fails whenever there is an asymmetry in turnout; information aggregation is only guaranteed in all equilibria if turnout is state independent. Second, when the turnout is the result of costly voter recruitment by a biased organizer, the organizer can ensure that its favourite policy $a$ is implemented with high probability independent of the state as the voter recruitment cost vanishes. Moreover, information aggregation will fail in all equilibria. The critical observation is that a vote is more likely to be pivotal for the decision if turnout is smaller, leading to a systematic bias of the decision toward the low-turnout state."
Earnings forecasts,5,investor expectations of stock market returns,stock returns,"Investor expectations of stock market returns, as recovered from demand for index funds, predict stock returns.",6,"Abstract We use a revealed-preference approach to estimate investor expectations of stock market returns. Using data on demand for index funds that follow the S&amp;P 500, we develop and estimate a model of investor choice to flexibly recover the time-varying distribution of expected future returns across investors. Our analysis is facilitated by the prevalence of leveraged funds that track the same underlying asset: by choosing between higher and lower leverage, investors trade off higher return against less risk. Our estimates indicate that investor expectations are heterogeneous, extrapolative, and persistent. Following a downturn, investors become more pessimistic on average, but there is also an increase in disagreement among participating investors due to the presence of contrarian investors."
Macroeconomic data,6,portfolio inertia,stock returns,Portfolio inertia leads to a weaker portfolio response to changes in expected excess returns which in turn affects stock returns.,8,"Abstract We introduce a portfolio friction in a two-country DSGE model where investors face a constant probability to make new portfolio decisions. The friction leads to a more gradual portfolio adjustment to shocks and a weaker portfolio response to changes in expected excess returns. We apply the model to monthly data for the US and the rest of the world for equity portfolios. We show that the model is consistent with a broad set of evidence related to portfolios, equity prices, and excess returns for an intermediate level of friction. The evidence includes portfolio inertia, limited sensitivity to expected excess returns, a significant impact of financial shocks, excess return predictability, and asset price momentum and reversal."
Financial crisis,7,financial shocks,stock returns,Financial shocks have a significant impact on stock returns.,8,"Abstract We introduce a portfolio friction in a two-country DSGE model where investors face a constant probability to make new portfolio decisions. The friction leads to a more gradual portfolio adjustment to shocks and a weaker portfolio response to changes in expected excess returns. We apply the model to monthly data for the US and the rest of the world for equity portfolios. We show that the model is consistent with a broad set of evidence related to portfolios, equity prices, and excess returns for an intermediate level of friction. The evidence includes portfolio inertia, limited sensitivity to expected excess returns, a significant impact of financial shocks, excess return predictability, and asset price momentum and reversal."
Macroeconomic data,8,excess return predictability,stock returns,Excess return predictability is linked to stock returns.,8,"Abstract We introduce a portfolio friction in a two-country DSGE model where investors face a constant probability to make new portfolio decisions. The friction leads to a more gradual portfolio adjustment to shocks and a weaker portfolio response to changes in expected excess returns. We apply the model to monthly data for the US and the rest of the world for equity portfolios. We show that the model is consistent with a broad set of evidence related to portfolios, equity prices, and excess returns for an intermediate level of friction. The evidence includes portfolio inertia, limited sensitivity to expected excess returns, a significant impact of financial shocks, excess return predictability, and asset price momentum and reversal."
Macroeconomic data,9,asset price momentum and reversal,stock returns,Asset price momentum and reversal are related to stock returns.,8,"Abstract We introduce a portfolio friction in a two-country DSGE model where investors face a constant probability to make new portfolio decisions. The friction leads to a more gradual portfolio adjustment to shocks and a weaker portfolio response to changes in expected excess returns. We apply the model to monthly data for the US and the rest of the world for equity portfolios. We show that the model is consistent with a broad set of evidence related to portfolios, equity prices, and excess returns for an intermediate level of friction. The evidence includes portfolio inertia, limited sensitivity to expected excess returns, a significant impact of financial shocks, excess return predictability, and asset price momentum and reversal."
Recession,10,uncertainty,stock market returns,Uncertainty negatively impacts stock market returns in the short-term,9,"Abstract Uncertainty rises in recessions and falls in booms. But what is the causal relationship? We construct cross-country panel data on stock market returns to proxy for first- and second-moment shocks and instrument these with natural disasters, terrorist attacks, and political shocks. Our IV regression results reveal a robust negative short-term impact of second moments (uncertainty) on growth. Employing multiple vector autoregression estimation approaches, relying on a range of identifying assumptions, also reveals a negative impact of uncertainty on growth. Finally, we show that these results are reproducible in a conventional micro–macro business cycle model with time-varying uncertainty."
Macroeconomic data,11,second moments (uncertainty),growth,Second moments (uncertainty) negatively impact growth,9,"Abstract Uncertainty rises in recessions and falls in booms. But what is the causal relationship? We construct cross-country panel data on stock market returns to proxy for first- and second-moment shocks and instrument these with natural disasters, terrorist attacks, and political shocks. Our IV regression results reveal a robust negative short-term impact of second moments (uncertainty) on growth. Employing multiple vector autoregression estimation approaches, relying on a range of identifying assumptions, also reveals a negative impact of uncertainty on growth. Finally, we show that these results are reproducible in a conventional micro–macro business cycle model with time-varying uncertainty."
SEC,12,mandatory disclosure requirements,abnormal excess returns,The OTC firms most affected by the 1964 Amendments had abnormal excess returns of about 3.5 percent in the weeks immediately surrounding the announcement they had begun to comply with the new requirements.,10,"The 1964 Securities Acts Amendments extended the mandatory disclosure requirements that had applied to listed firms since 1934 to large firms traded Over-the-Counter (OTC). We find several pieces of evidence indicating that investors valued these disclosure requirements, two of which are particularly striking. First, a firm-level event study reveals that the OTC firms most affected by the 1964 Amendments had abnormal excess returns of about 3.5 percent in the weeks immediately surrounding the announcement thai they had begun to comply with the new requirements. Second, we estimate that the most affected OTC firms had abnormal excess returns ranging between 11.5 and 22.1 percent in the period between when the legislation was initially proposed and when it went into force. These returns are adjusted for the standard four factors and are relative to NYSE/AMEX firms, matched on size and book-to-market equity, that were unaffected by the legislation. While we cannot determine how much of shareholders' gains were a transfer from insiders of these same companies, our results suggest that mandatory disclosure causes managers to focus more narrowly on maximizing shareholder value."
SEC,13,mandatory disclosure requirements,abnormal excess returns,The most affected OTC firms had abnormal excess returns ranging between 11.5 and 22.1 percent in the period between when the legislation was initially proposed and when it went into force.,10,"The 1964 Securities Acts Amendments extended the mandatory disclosure requirements that had applied to listed firms since 1934 to large firms traded Over-the-Counter (OTC). We find several pieces of evidence indicating that investors valued these disclosure requirements, two of which are particularly striking. First, a firm-level event study reveals that the OTC firms most affected by the 1964 Amendments had abnormal excess returns of about 3.5 percent in the weeks immediately surrounding the announcement thai they had begun to comply with the new requirements. Second, we estimate that the most affected OTC firms had abnormal excess returns ranging between 11.5 and 22.1 percent in the period between when the legislation was initially proposed and when it went into force. These returns are adjusted for the standard four factors and are relative to NYSE/AMEX firms, matched on size and book-to-market equity, that were unaffected by the legislation. While we cannot determine how much of shareholders' gains were a transfer from insiders of these same companies, our results suggest that mandatory disclosure causes managers to focus more narrowly on maximizing shareholder value."
Macroeconomic data,14,rare economic disasters,stock returns,The potential for rare economic disasters explains the volatility of stock returns.,11,"The potential for rare economic disasters explains a lot of asset-pricing puzzles. I calibrate disaster probabilities from the twentieth century global history, especially the sharp contractions associated with World War I, the Great Depression, and World War II. The puzzles that can be explained include the high equity premium, low risk-free rate, and volatile stock returns. Another mystery that may be resolved is why expected real interest rates were low in the United States during major wars, such as World War II. The model, an extension of work by Rietz, maintains the tractable framework of a representative agent, time-additive and isoelastic preferences, and complete markets. The results hold with i.i.d. shocks to productivity growth in a Lucas-tree type economy and also with the inclusion of capital formation."
NA,15,supporting the Nazi movement,stock returns,"Firms supporting the Nazi movement experienced unusually high returns, outperforming unconnected ones by 5% to 8% between January and March 1933.",12,"Abstract This paper examines the value of connections between German industry and the Nazi movement in early 1933. Drawing on previously unused contemporary sources about management and supervisory board composition and stock returns, we find that one out of seven firms, and a large proportion of the biggest companies, had substantive links with the National Socialist German Workers' Party. Firms supporting the Nazi movement experienced unusually high returns, outperforming unconnected ones by 5% to 8% between January and March 1933. These results are not driven by sectoral composition and are robust to alternative estimators and definitions of affiliation."
Schools,16,perceived returns to education,stock returns,"Students given information on higher measured returns completed more years of school, which is tied to perceived returns to education affecting schooling decisions.",13,"Economists emphasize the link between market returns to education and investments in schooling. Though many studies estimate these returns with earnings data, it is the perceived returns that affect schooling decisions, and these perceptions may be inaccurate. Using survey data for eighth-grade boys in the Dominican Republic, we find that the perceived returns to secondary school are extremely low, despite high measured returns. Students at randomly selected schools given information on the higher measured returns completed on average 0.20-0.35 more years of school over the next four years than those who were not. (c) 2010 by the President and Fellows of Harvard College and the Massachusetts Institute of Technology.."
Unions,17,vote share in support of the union,cumulative abnormal returns,There is a negative relationship between the cumulative abnormal returns and the vote share in support of the union.,15,"We estimate the effect of new private-sector unionization on publicly traded firms' equity value in the United States over the 1961--1999 period using a newly assembled sample of National Labor Relations Board (NLRB) representation elections matched to stock market data. Event-study estimates show an average union effect on the equity value of the firm equivalent to $40, 500 per unionized worker, an effect that takes 15 to 18 months after unionization to fully materialize, and one that could not be detected by a short-run event study. At the same time, point estimates from a regression discontinuity design--comparing the stock market impact of close union election wins to close losses--are considerably smaller and close to zero. We find a negative relationship between the cumulative abnormal returns and the vote share in support of the union, allowing us to reconcile these seemingly contradictory findings. Copyright 2012, Oxford University Press."
C-suite,18,executives reduce the lower bound of the forecast confidence interval,stock returns,Executives reduce the lower bound of the forecast confidence interval during times of high market uncertainty affects stock returns.,16,"Abstract Using a unique 10-year panel that includes more than 13,300 expected stock market return probability distributions, we find that executives are severely miscalibrated, producing distributions that are too narrow: realized market returns are within the executives’ 80% confidence intervals only 36% of the time. We show that executives reduce the lower bound of the forecast confidence interval during times of high market uncertainty; however, ex post miscalibration is worst during periods of high uncertainty. We also find that executives who are miscalibrated about the stock market show similar miscalibration regarding their own firms’ prospects. Finally, firms with miscalibrated executives seem to follow more aggressive corporate policies: investing more and using more debt financing."
C-suite,19,firms with miscalibrated executives,stock returns,Firms with miscalibrated executives follow more aggressive corporate policies which impacts stock returns.,16,"Abstract Using a unique 10-year panel that includes more than 13,300 expected stock market return probability distributions, we find that executives are severely miscalibrated, producing distributions that are too narrow: realized market returns are within the executives’ 80% confidence intervals only 36% of the time. We show that executives reduce the lower bound of the forecast confidence interval during times of high market uncertainty; however, ex post miscalibration is worst during periods of high uncertainty. We also find that executives who are miscalibrated about the stock market show similar miscalibration regarding their own firms’ prospects. Finally, firms with miscalibrated executives seem to follow more aggressive corporate policies: investing more and using more debt financing."
Investment banking,20,multinational corporations,stock market returns,Multinational corporations exhibit higher stock market returns than nonmultinational firms.,17,"Abstract This article starts by unveiling a strong empirical regularity: multinational corporations exhibit higher stock market returns and earning yields than nonmultinational firms. Within nonmultinationals, exporters exhibit higher earning yields and returns than firms selling only in their domestic market. To explain this pattern, we develop a real option value model where firms are heterogeneous in productivity and have to decide whether and how to sell in a foreign market where demand is risky. Selling abroad is a source of risk exposure to firms: following a negative shock, they are reluctant to exit the foreign market because they would forgo the sunk cost they paid to enter. Multinational firms are the most exposed because of the higher costs they have to pay to invest. The calibrated model is able to match both aggregate U.S. export and foreign direct investment data, and the observed cross-sectional differences in earning yields and returns."
Trade agreements,21,exporters,earning yields and returns,Exporters exhibit higher earning yields and returns than firms selling only in their domestic market.,17,"Abstract This article starts by unveiling a strong empirical regularity: multinational corporations exhibit higher stock market returns and earning yields than nonmultinational firms. Within nonmultinationals, exporters exhibit higher earning yields and returns than firms selling only in their domestic market. To explain this pattern, we develop a real option value model where firms are heterogeneous in productivity and have to decide whether and how to sell in a foreign market where demand is risky. Selling abroad is a source of risk exposure to firms: following a negative shock, they are reluctant to exit the foreign market because they would forgo the sunk cost they paid to enter. Multinational firms are the most exposed because of the higher costs they have to pay to invest. The calibrated model is able to match both aggregate U.S. export and foreign direct investment data, and the observed cross-sectional differences in earning yields and returns."
Programs / initiatives,22,social skills,labor market return,The labor market return to social skills was much greater in the 2000s than in the mid-1980s and 1990s.,19,"Abstract The labor market increasingly rewards social skills. Between 1980 and 2012, jobs requiring high levels of social interaction grew by nearly 12 percentage points as a share of the U.S. labor force. Math-intensive but less social jobs—including many STEM occupations—shrank by 3.3 percentage points over the same period. Employment and wage growth were particularly strong for jobs requiring high levels of both math skill and social skills. To understand these patterns, I develop a model of team production where workers “trade tasks” to exploit their comparative advantage. In the model, social skills reduce coordination costs, allowing workers to specialize and work together more efficiently. The model generates predictions about sorting and the relative returns to skill across occupations, which I investigate using data from the NLSY79 and the NLSY97. Using a comparable set of skill measures and covariates across survey waves, I find that the labor market return to social skills was much greater in the 2000s than in the mid-1980s and 1990s."
Biology / chemistry / physics,23,Initial allowance of an ex ante valuable patent,Firm productivity,Initial allowance of an ex ante valuable patent generates substantial increases in firm productivity which affects stock returns.,20,"Abstract This article analyzes how patent-induced shocks to labor productivity propagate into worker compensation using a new linkage of U.S. patent applications to U.S. business and worker tax records. We infer the causal effects of patent allowances by comparing firms whose patent applications were initially allowed to those whose patent applications were initially rejected. To identify patents that are ex ante valuable, we extrapolate the excess stock return estimates of Kogan et al. (2017) to the full set of accepted and rejected patent applications based on predetermined firm and patent application characteristics. An initial allowance of an ex ante valuable patent generates substantial increases in firm productivity and worker compensation. By contrast, initial allowances of lower ex ante value patents yield no detectable effects on firm outcomes. Patent allowances lead firms to increase employment, but entry wages and workforce composition are insensitive to patent decisions. On average, workers capture roughly 30 cents of every dollar of patent-induced surplus in higher earnings. This share is roughly twice as high among workers present since the year of application. These earnings effects are concentrated among men and workers in the top half of the earnings distribution and are paired with corresponding improvements in worker retention among these groups. We interpret these earnings responses as reflecting the capture of economic rents by senior workers, who are most costly for innovative firms to replace."
Government budgets,24,Patent allowances,Employment,Patent allowances lead firms to increase employment which could enhance stock returns.,20,"Abstract This article analyzes how patent-induced shocks to labor productivity propagate into worker compensation using a new linkage of U.S. patent applications to U.S. business and worker tax records. We infer the causal effects of patent allowances by comparing firms whose patent applications were initially allowed to those whose patent applications were initially rejected. To identify patents that are ex ante valuable, we extrapolate the excess stock return estimates of Kogan et al. (2017) to the full set of accepted and rejected patent applications based on predetermined firm and patent application characteristics. An initial allowance of an ex ante valuable patent generates substantial increases in firm productivity and worker compensation. By contrast, initial allowances of lower ex ante value patents yield no detectable effects on firm outcomes. Patent allowances lead firms to increase employment, but entry wages and workforce composition are insensitive to patent decisions. On average, workers capture roughly 30 cents of every dollar of patent-induced surplus in higher earnings. This share is roughly twice as high among workers present since the year of application. These earnings effects are concentrated among men and workers in the top half of the earnings distribution and are paired with corresponding improvements in worker retention among these groups. We interpret these earnings responses as reflecting the capture of economic rents by senior workers, who are most costly for innovative firms to replace."
Macroeconomic data,25,Patent allowances,Stock returns,"Workers capture roughly 30 cents of every dollar of patent-induced surplus in higher earnings, indicating a positive relationship between patent allowances and stock returns.",20,"Abstract This article analyzes how patent-induced shocks to labor productivity propagate into worker compensation using a new linkage of U.S. patent applications to U.S. business and worker tax records. We infer the causal effects of patent allowances by comparing firms whose patent applications were initially allowed to those whose patent applications were initially rejected. To identify patents that are ex ante valuable, we extrapolate the excess stock return estimates of Kogan et al. (2017) to the full set of accepted and rejected patent applications based on predetermined firm and patent application characteristics. An initial allowance of an ex ante valuable patent generates substantial increases in firm productivity and worker compensation. By contrast, initial allowances of lower ex ante value patents yield no detectable effects on firm outcomes. Patent allowances lead firms to increase employment, but entry wages and workforce composition are insensitive to patent decisions. On average, workers capture roughly 30 cents of every dollar of patent-induced surplus in higher earnings. This share is roughly twice as high among workers present since the year of application. These earnings effects are concentrated among men and workers in the top half of the earnings distribution and are paired with corresponding improvements in worker retention among these groups. We interpret these earnings responses as reflecting the capture of economic rents by senior workers, who are most costly for innovative firms to replace."
Macroeconomic data,26,factors,expected stock returns,the proliferation of 'factors' that explain the cross-sectional variation of expected stock returns,21,"Abstract Different agents need to make a prediction. They observe identical data, but have different models: they predict using different explanatory variables. We study which agent believes they have the best predictive ability—as measured by the smallest subjective posterior mean squared prediction error—and show how it depends on the sample size. With small samples, we present results suggesting it is an agent using a low-dimensional model. With large samples, it is generally an agent with a high-dimensional model, possibly including irrelevant variables, but never excluding relevant ones. We apply our results to characterize the winning model in an auction of productive assets, to argue that entrepreneurs and investors with simple models will be overrepresented in new sectors, and to understand the proliferation of “factors” that explain the cross-sectional variation of expected stock returns in the asset-pricing literature."
Education & Schools,27,labor market returns,reasoning skill,Changes in labor market returns explain 37% of the measured increase in reasoning skill,22,"Abstract A large literature in cognitive science studies the puzzling “Flynn effect” of rising fluid intelligence (reasoning skill) in rich countries. We develop an economic model in which a cohort’s mix of skills is determined by different skills’ relative returns in the labor market and by the technology for producing skills. We estimate the model using administrative data from Sweden. Combining data from exams taken at military enlistment with earnings records from the tax register, we document an increase in the relative labor market return to logical reasoning skill as compared to vocabulary knowledge. The estimated model implies that changes in labor market returns explain 37% of the measured increase in reasoning skill, and can also explain the decline in knowledge. An original survey of parents, an analysis of trends in school curricula, and an analysis of occupational characteristics show evidence of increasing emphasis on reasoning as compared to knowledge."
Schools,28,perceived marriage market return to education,number of girls still in school at age 16,Eliminating the perceived marriage market return to education causes a 60% drop in the number of girls still in school at age 16.,23,"Abstract We develop a new methodology to estimate subjective beliefs from hypothetical-choice data. Our identification approach is based on the novel insight that by varying the amount of information on future realizations of stochastic variables, discrete-choice experiments can identify not only preferences but also subjective beliefs. We formally prove this result in a general setting and apply it to design a strategic survey instrument to measure Rajasthani parents’ subjective beliefs over the joint distribution of girls’ age of marriage, education, and marriage match quality. Our approach allows us to quantify the importance of perceived marriage market returns to education and youth, and perform various counterfactual simulation exercises. We find that eliminating the perceived marriage market return to education causes a 60% drop in the number of girls still in school at age 16, and almost none continue their education by age 18. Responses to our strategic survey instrument allow us accurately to predict realized schooling trajectories in follow-up data we collect from the same sample five years after our experimental data collection."
Programs / initiatives,29,responses to our strategic survey instrument,realized schooling trajectories,Responses to our strategic survey instrument allow us accurately to predict realized schooling trajectories.,23,"Abstract We develop a new methodology to estimate subjective beliefs from hypothetical-choice data. Our identification approach is based on the novel insight that by varying the amount of information on future realizations of stochastic variables, discrete-choice experiments can identify not only preferences but also subjective beliefs. We formally prove this result in a general setting and apply it to design a strategic survey instrument to measure Rajasthani parents’ subjective beliefs over the joint distribution of girls’ age of marriage, education, and marriage match quality. Our approach allows us to quantify the importance of perceived marriage market returns to education and youth, and perform various counterfactual simulation exercises. We find that eliminating the perceived marriage market return to education causes a 60% drop in the number of girls still in school at age 16, and almost none continue their education by age 18. Responses to our strategic survey instrument allow us accurately to predict realized schooling trajectories in follow-up data we collect from the same sample five years after our experimental data collection."
Macroeconomic data,30,the number of dynamic factors,excess stock returns,The number of dynamic factors driving excess stock returns is related to stock returns.,24,"In this paper we study high-dimensional time series that have the generalized dynamic factor structure. We develop a test of the null of k 0 factors against the alternative that the number of factors is larger than k 0 but no larger than k 1 >k 0. Our test statistic equals max k 0 >k&les;k 1 (Gamma k - Gamma k+1 )(Gamma k+1 - Gamma k+2 ), where Gamma i is the ith largest eigenvalue of the smoothed periodogram estimate of the spectral density matrix of data at a prespecified frequency. We describe the asymptotic distribution of the statistic, as the dimensionality and the number of observations rise, as a function of the Tracy-Widom distribution and tabulate the critical values of the test. As an application, we test different hypotheses about the number of dynamic factors in macroeconomic time series and about the number of dynamic factors driving excess stock returns. Copyright 2009 The Econometric Society."
Macroeconomic data,31,momentum factors,stock returns,"momentum factors are at least as important, if not more important, than size and value in explaining equity return comovements",25,"This paper develops a new estimation procedure for characteristic-based factor models&#13;\nof stock returns. We treat the factor model as a weighted additive nonparametric&#13;\nregression model, with the factor returns serving as time-varying weights and a set&#13;\nof univariate nonparametric functions relating security characteristic to the associated&#13;\nfactor betas. We use a time-series and cross-sectional pooled weighted additive nonparametric&#13;\nregression methodology to simultaneously estimate the factor returns and&#13;\ncharacteristic-beta functions. By avoiding the curse of dimensionality, our methodology&#13;\nallows for a larger number of factors than existing semiparametric methods. We&#13;\napply the technique to the three-factor Fama–French model, Carhart’s four-factor extension&#13;\nof it that adds a momentum factor, and a five-factor extension that adds an&#13;\nown-volatility factor. We find that momentum and own-volatility factors are at least as&#13;\nimportant, if not more important, than size and value in explaining equity return comovements.&#13;\nWe test the multifactor beta pricing theory against a general alternative&#13;\nusing a new nonparametric test"
Macroeconomic data,32,own-volatility factors,stock returns,"own-volatility factors are at least as important, if not more important, than size and value in explaining equity return comovements",25,"This paper develops a new estimation procedure for characteristic-based factor models&#13;\nof stock returns. We treat the factor model as a weighted additive nonparametric&#13;\nregression model, with the factor returns serving as time-varying weights and a set&#13;\nof univariate nonparametric functions relating security characteristic to the associated&#13;\nfactor betas. We use a time-series and cross-sectional pooled weighted additive nonparametric&#13;\nregression methodology to simultaneously estimate the factor returns and&#13;\ncharacteristic-beta functions. By avoiding the curse of dimensionality, our methodology&#13;\nallows for a larger number of factors than existing semiparametric methods. We&#13;\napply the technique to the three-factor Fama–French model, Carhart’s four-factor extension&#13;\nof it that adds a momentum factor, and a five-factor extension that adds an&#13;\nown-volatility factor. We find that momentum and own-volatility factors are at least as&#13;\nimportant, if not more important, than size and value in explaining equity return comovements.&#13;\nWe test the multifactor beta pricing theory against a general alternative&#13;\nusing a new nonparametric test"
Earnings forecasts,33,univariate and multivariate stock return prediction models,stock returns,We strongly reject the stability of univariate and multivariate stock return prediction models in the postwar and post-oil-shocks periods.,26,"Checking parameter stability of econometric models is a long-standing problem. Almost all existing structural change tests in econometrics are designed to detect abrupt breaks. Little attention has been paid to smooth structural changes, which may be more realistic in economics. We propose a consistent test for smooth structural changes as well as abrupt structural breaks with known or unknown change points. The idea is to estimate smooth time-varying parameters by local smoothing and compare the fitted values of the restricted constant parameter model and the unrestricted time-varying parameter model. The test is asymptotically pivotal and does not require prior information about the alternative. A simulation study highlights the merits of the proposed test relative to a variety of popular tests for structural changes. In an application, we strongly reject the stability of univariate and multivariate stock return prediction models in the postwar and post-oil-shocks periods."
Programs / initiatives,34,ambiguity aversion,equity premia,The model can generate the countercyclical variation of equity premia and equity volatility.,27,"We propose a novel generalized recursive smooth ambiguity model which permits a three-way separation among risk aversion, ambiguity aversion, and intertemporal substitution. We apply this utility model to a consumption-based asset-pricing model in which consumption and dividends follow hidden Markov regime-switching processes. Our calibrated model can match the mean equity premium, the mean risk-free rate, and the volatility of the equity premium observed in the data. In addition, our model can generate a variety of dynamic asset-pricing phenomena, including the procyclical variation of price–dividend ratios, the countercyclical variation of equity premia and equity volatility, the leverage effect, and the mean reversion of excess returns. The key intuition is that an ambiguity-averse agent behaves pessimistically by attaching more weight to the pricing kernel in bad times when his continuation values are low."
Macroeconomic data,35,generalized recursive smooth ambiguity model,mean equity premium,Our calibrated model can match the mean equity premium observed in the data.,27,"We propose a novel generalized recursive smooth ambiguity model which permits a three-way separation among risk aversion, ambiguity aversion, and intertemporal substitution. We apply this utility model to a consumption-based asset-pricing model in which consumption and dividends follow hidden Markov regime-switching processes. Our calibrated model can match the mean equity premium, the mean risk-free rate, and the volatility of the equity premium observed in the data. In addition, our model can generate a variety of dynamic asset-pricing phenomena, including the procyclical variation of price–dividend ratios, the countercyclical variation of equity premia and equity volatility, the leverage effect, and the mean reversion of excess returns. The key intuition is that an ambiguity-averse agent behaves pessimistically by attaching more weight to the pricing kernel in bad times when his continuation values are low."
Macroeconomic data,36,hidden Markov regime-switching processes,price–dividend ratios,The model can generate the procyclical variation of price–dividend ratios.,27,"We propose a novel generalized recursive smooth ambiguity model which permits a three-way separation among risk aversion, ambiguity aversion, and intertemporal substitution. We apply this utility model to a consumption-based asset-pricing model in which consumption and dividends follow hidden Markov regime-switching processes. Our calibrated model can match the mean equity premium, the mean risk-free rate, and the volatility of the equity premium observed in the data. In addition, our model can generate a variety of dynamic asset-pricing phenomena, including the procyclical variation of price–dividend ratios, the countercyclical variation of equity premia and equity volatility, the leverage effect, and the mean reversion of excess returns. The key intuition is that an ambiguity-averse agent behaves pessimistically by attaching more weight to the pricing kernel in bad times when his continuation values are low."
Earnings forecasts,37,ambiguous asset's alpha,stock returns,Higher model uncertainty depends on the ambiguous asset's alpha and impacts portfolio rebalancing.,28,"We derive the analogue of the classic Arrow-Pratt approximation of the certainty equivalent under model uncertainty as de…ned by the smooth model of decision making under ambiguity of Klibano¤, Marinacci and Mukerji (2005).We study its scope via a portfolio allocation exercise that delivers a tractable mean-variance model adjusted for model uncertainty.In a problem with a risk-free asset, a risky asset, and an ambiguous asset, we …nd that portfolio rebalancing in response to higher model uncertainty only depends on the ambiguous asset's alpha, setting the performance of the risky asset as benchmark.In addition, the portfolios recommended by our model are not systematically conservative on the share held in the ambiguous asset: indeed, in general, it is not true that greater ambiguity reduces the optimal demand for the ambiguous asset.The analytical tractability of the enhanced Arrow-Pratt approximation renders our model especially well suited for calibration exercises aimed at exploring the consequences of ambiguity aversion on equilibrium asset prices.""Crises feed uncertainty."
Macroeconomic data,38,risk premia,stock returns,Risk premia are large and volatile in crisis periods,29,"We develop an econometric methodology to infer the path of risk premia from a large unbalanced panel of individual stock returns. We estimate the time-varying risk premia implied by conditional linear asset pricing models where the conditioning includes both instruments common to all assets and asset-specific instruments. The estimator uses simple weighted two-pass cross-sectional regressions, and we show its consistency and asymptotic normality under increasing cross-sectional and time series dimensions. We address consistent estimation of the asymptotic variance by hard thresholding, and testing for asset pricing restrictions induced by the no-arbitrage assumption. We derive the restrictions given by a continuum of assets in a multi-period economy under an approximate factor structure robust to asset repackaging. The empirical analysis on returns for about ten thousand U.S. stocks from July 1964 to December 2009 shows that risk premia are large and volatile in crisis periods. They exhibit large positive and negative strays from time-invariant estimates, follow the macroeconomic cycles, and do not match risk premia estimates on standard sets of portfolios. The asset pricing restrictions are rejected for a conditional four-factor model capturing market, size, value, and momentum effects."
Macroeconomic data,39,risk premia,stock returns,Risk premia follow the macroeconomic cycles,29,"We develop an econometric methodology to infer the path of risk premia from a large unbalanced panel of individual stock returns. We estimate the time-varying risk premia implied by conditional linear asset pricing models where the conditioning includes both instruments common to all assets and asset-specific instruments. The estimator uses simple weighted two-pass cross-sectional regressions, and we show its consistency and asymptotic normality under increasing cross-sectional and time series dimensions. We address consistent estimation of the asymptotic variance by hard thresholding, and testing for asset pricing restrictions induced by the no-arbitrage assumption. We derive the restrictions given by a continuum of assets in a multi-period economy under an approximate factor structure robust to asset repackaging. The empirical analysis on returns for about ten thousand U.S. stocks from July 1964 to December 2009 shows that risk premia are large and volatile in crisis periods. They exhibit large positive and negative strays from time-invariant estimates, follow the macroeconomic cycles, and do not match risk premia estimates on standard sets of portfolios. The asset pricing restrictions are rejected for a conditional four-factor model capturing market, size, value, and momentum effects."
Mutual funds,40,state of the business cycle,stock returns,"The state of the business cycle predicts information choices, which in turn predict observable patterns of portfolio investments and returns.",30,"The question of whether and how mutual fund managers provide valuable services for their clients motivates one of the largest literatures in finance. One candidate explanation is that funds process information about future asset values and use that information to invest in high-valued assets. But formal theories are scarce because information choice models with many assets are difficult to solve as well as difficult to test. This paper tackles both problems by developing a new attention allocation model that uses the state of the business cycle to predict information choices, which in turn, predict observable patterns of portfolio investments and returns. The predictions about fund portfolios ’ covariance with payoff shocks, cross-fund portfolio and return dispersion, and their excess returns are all supported by the data. In turn, these findings offer new evidence that some investment managers have skill and that attention is allocated rationally."
Mutual funds,41,fund portfolios’ covariance with payoff shocks,stock returns,Fund portfolios’ covariance with payoff shocks predicts stock returns.,30,"The question of whether and how mutual fund managers provide valuable services for their clients motivates one of the largest literatures in finance. One candidate explanation is that funds process information about future asset values and use that information to invest in high-valued assets. But formal theories are scarce because information choice models with many assets are difficult to solve as well as difficult to test. This paper tackles both problems by developing a new attention allocation model that uses the state of the business cycle to predict information choices, which in turn, predict observable patterns of portfolio investments and returns. The predictions about fund portfolios ’ covariance with payoff shocks, cross-fund portfolio and return dispersion, and their excess returns are all supported by the data. In turn, these findings offer new evidence that some investment managers have skill and that attention is allocated rationally."
Mutual funds,42,cross-fund portfolio and return dispersion,stock returns,Cross-fund portfolio and return dispersion predict stock returns.,30,"The question of whether and how mutual fund managers provide valuable services for their clients motivates one of the largest literatures in finance. One candidate explanation is that funds process information about future asset values and use that information to invest in high-valued assets. But formal theories are scarce because information choice models with many assets are difficult to solve as well as difficult to test. This paper tackles both problems by developing a new attention allocation model that uses the state of the business cycle to predict information choices, which in turn, predict observable patterns of portfolio investments and returns. The predictions about fund portfolios ’ covariance with payoff shocks, cross-fund portfolio and return dispersion, and their excess returns are all supported by the data. In turn, these findings offer new evidence that some investment managers have skill and that attention is allocated rationally."
Mutual funds,43,excess returns,stock returns,Excess returns predict stock returns.,30,"The question of whether and how mutual fund managers provide valuable services for their clients motivates one of the largest literatures in finance. One candidate explanation is that funds process information about future asset values and use that information to invest in high-valued assets. But formal theories are scarce because information choice models with many assets are difficult to solve as well as difficult to test. This paper tackles both problems by developing a new attention allocation model that uses the state of the business cycle to predict information choices, which in turn, predict observable patterns of portfolio investments and returns. The predictions about fund portfolios ’ covariance with payoff shocks, cross-fund portfolio and return dispersion, and their excess returns are all supported by the data. In turn, these findings offer new evidence that some investment managers have skill and that attention is allocated rationally."
Health insurance,44,medical innovation premium,equity returns of firms in the health care sector,"There is a 'medical innovation premium' of 4–6% annually for equity returns of firms in the health care sector, which compensates investors for government-induced profit risk.",31,"We provide a theoretical and empirical analysis of the link between financial and real health care markets. This link is important as financial returns drive investment in medical research and development (R&D), which, in turn, affects real spending growth. We document a “medical innovation premium” of 4–6% annually for equity returns of firms in the health care sector. We interpret this premium as compensating investors for government-induced profit risk, and we provide supportive evidence for this hypothesis through company filings and abnormal return patterns surrounding threats of government intervention. We quantify the implications of the premium for the growth in real health care spending by calibrating our model to match historical trends, predicting the share of gross domestic product (GDP) devoted to health care to be 32% in the long run. Policies that had removed government risk would have led to more than a doubling of medical R&D and would have increased the current share of health care spending by more than 3% of GDP."
Health insurance,45,removal of government risk,current share of health care spending,Policies that had removed government risk would have led to more than a doubling of medical R&D and would have increased the current share of health care spending by more than 3% of GDP.,31,"We provide a theoretical and empirical analysis of the link between financial and real health care markets. This link is important as financial returns drive investment in medical research and development (R&D), which, in turn, affects real spending growth. We document a “medical innovation premium” of 4–6% annually for equity returns of firms in the health care sector. We interpret this premium as compensating investors for government-induced profit risk, and we provide supportive evidence for this hypothesis through company filings and abnormal return patterns surrounding threats of government intervention. We quantify the implications of the premium for the growth in real health care spending by calibrating our model to match historical trends, predicting the share of gross domestic product (GDP) devoted to health care to be 32% in the long run. Policies that had removed government risk would have led to more than a doubling of medical R&D and would have increased the current share of health care spending by more than 3% of GDP."
Macroeconomic data,46,macroeconomic announcements,stock returns,Stock returns realized around pre‐scheduled macroeconomic announcements account for 55% of the market equity premium.,32,"This paper develops a revealed preference theory for the equity premium around macroeconomic announcements. Stock returns realized around pre‐scheduled macroeconomic announcements, such as the employment report and the FOMC statements, account for 55% of the market equity premium. We provide a characterization theorem for the set of intertemporal preferences that generates a nonnegative announcement premium. Our theory establishes that the announcement premium identifies a significant deviation from time‐separable expected utility and provides asset‐market‐based evidence for a large class of non‐expected utility models. We also provide conditions under which asset prices may rise prior to some macroeconomic announcements and exhibit a pre‐announcement drift."
Macroeconomic data,47,announcement premium,stock returns,The announcement premium identifies a significant deviation from time‐separable expected utility.,32,"This paper develops a revealed preference theory for the equity premium around macroeconomic announcements. Stock returns realized around pre‐scheduled macroeconomic announcements, such as the employment report and the FOMC statements, account for 55% of the market equity premium. We provide a characterization theorem for the set of intertemporal preferences that generates a nonnegative announcement premium. Our theory establishes that the announcement premium identifies a significant deviation from time‐separable expected utility and provides asset‐market‐based evidence for a large class of non‐expected utility models. We also provide conditions under which asset prices may rise prior to some macroeconomic announcements and exhibit a pre‐announcement drift."
Macroeconomic data,48,nominal interest rate,stock returns,"An unexpected reduction in the nominal interest rate lowers risk premia and amplifies the stimulus to the real economy, driving stock market response to monetary policy shocks.",33,"We study the transmission of monetary policy through risk premia in a heterogeneous agent New Keynesian environment. Heterogeneity in households' marginal propensity to take risk (MPR) summarizes differences in portfolio choice on the margin. An unexpected reduction in the nominal interest rate redistributes to households with high MPRs, lowering risk premia and amplifying the stimulus to the real economy. Quantitatively, this mechanism rationalizes the role of news about future excess returns in driving the stock market response to monetary policy shocks and amplifies their real effects by 1.3–1.4 times."
Earnings,49,aggregate stock returns,net equity issuance,Net equity issuance is considerably more sensitive to aggregate stock returns than to firm-level stock returns.,34,"We document that net equity issuance is considerably more sensitive to aggregate stock returns and Q's than to firm-level stock returns and Q's. Very similar patterns also emerge when we look at merger activity. In light of earlier work (Campbell 1991, Vuolteenaho 2002) which finds that aggregate stock returns are less informative about future cashflows than are firm-level stock returns--and thus, potentially more strongly influenced by investor sentiment--these results suggest that both equity issuance and mergers are to a significant extent driven by market-timing considerations, as opposed to by purely fundamental factors."
Macroeconomic data,50,aggregate stock returns,merger activity,Merger activity shows similar patterns to equity issuance in response to aggregate stock returns.,34,"We document that net equity issuance is considerably more sensitive to aggregate stock returns and Q's than to firm-level stock returns and Q's. Very similar patterns also emerge when we look at merger activity. In light of earlier work (Campbell 1991, Vuolteenaho 2002) which finds that aggregate stock returns are less informative about future cashflows than are firm-level stock returns--and thus, potentially more strongly influenced by investor sentiment--these results suggest that both equity issuance and mergers are to a significant extent driven by market-timing considerations, as opposed to by purely fundamental factors."
Currencies / metals,51,aggregate consumption growth risk,stock returns,Low interest rate currencies provide domestic investors with a hedge against domestic aggregate consumption growth risk which affects stock returns.,35,"Aggregate consumption growth risk explains why low interest rate currencies do not appreciate as much as the interest rate differential and why high interest rate currencies do not depreciate as much as the interest rate differential. Domestic investors earn negative excess returns on low interest rate currency portfolios and positive excess returns on high interest rate currency portfolios. Because high interest rate currencies depreciate on average when domestic consumption growth is low and low interest rate currencies appreciate under the same conditions, low interest rate currencies provide domestic investors with a hedge against domestic aggregate consumption growth risk. (JEL E21, E43, F31, G11)"
Mining,52,the sudden end of the conflict,abnormal returns,"The sudden end of the conflict was perceived as 'bad news' for companies holding concessions in Angola, leading to a decline in their abnormal returns.",36,"This paper studies the relationship between civil war and the value of firms in a poor, resource-abundant country using microeconomic data for Angola. We focus on diamond mining firms and conduct an event study on the sudden end of the conflict, marked by the death of the rebel movement leader in 2002. We find that the stock market perceived this event as “bad news” rather than “good news” for companies holding concessions in Angola, as their abnormal returns declined by 4 percentage points. The event had no effect on a control portfolio of otherwise similar diamond mining companies. This finding is corroborated by other events and by the adoption of alternative methodologies. We interpret our findings in light of conflict-generated entry barriers, government bargaining power, and transparency in the licensing process. (JEL D74, G32, O13, O17, Q34)"
Macroeconomic data,53,US current account deficits and long-run real rates,exchange rate and foreign direct investment excess returns,Exchange rate and foreign direct investment excess returns are consistent with trends in US current account deficits and long-run real rates.,37,"The sustained rise in US current account deficits, the stubborn decline in long-run real rates, and the rise in US assets in global portfolios appear as anomalies from the perspective of conventional models. This paper rationalizes these facts as an equilibrium outcome when different regions of the world differ in their capacity to generate financial assets from real investments. Extensions of the basic model generate exchange rate and foreign direct investment excess returns broadly consistent with the recent trends in these variables. The framework is flexible enough to shed light on a range of scenarios in a global equilibrium environment. (JEL: E44, F21, F31, F32)"
Exchanges / composites,54,capital account openness,stock market correlations,Greater openness has been the single most important cause of growing correlations during the last quarter of a century,38,"In this paper, we use a unique long-run dataset of regulatory constraints on capital account openness to explain stock market correlations. Since stock returns themselves are highly volatile, any examination of what drives correlations needs to focus on long runs of data. This is particularly true since some of the short-term changes in co-movements appear to reverse themselves (Delroy Hunter 2005). We argue that changes in the co-movement of indices have not been random. Rather, they are mainly driven by greater freedom to move funds from one country to another. In related work, Geert Bekaert and Campbell Harvey (2000) show that equity correlations increase after liberalization of capital markets, using a number of case studies from emerging countries. We examine this pattern systematically for the last century, and find it to be most pronounced in the recent past. We compare the importance of capital account openness with one main alternative explanation, the growing synchronization of economic fundamentals. We conclude that greater openness has been the single most important cause of growing correlations during the last quarter of a century, though increasingly correlated economic fundamentals also matter. In the conclusion, we offer some thoughts on why the effects of greater openness appear to be so much stronger today than they were during the last era of globalization before 1914.(This abstract was borrowed from another version of this item.)"
Investment banking,55,liberalization of capital markets,equity correlations,Equity correlations increase after liberalization of capital markets,38,"In this paper, we use a unique long-run dataset of regulatory constraints on capital account openness to explain stock market correlations. Since stock returns themselves are highly volatile, any examination of what drives correlations needs to focus on long runs of data. This is particularly true since some of the short-term changes in co-movements appear to reverse themselves (Delroy Hunter 2005). We argue that changes in the co-movement of indices have not been random. Rather, they are mainly driven by greater freedom to move funds from one country to another. In related work, Geert Bekaert and Campbell Harvey (2000) show that equity correlations increase after liberalization of capital markets, using a number of case studies from emerging countries. We examine this pattern systematically for the last century, and find it to be most pronounced in the recent past. We compare the importance of capital account openness with one main alternative explanation, the growing synchronization of economic fundamentals. We conclude that greater openness has been the single most important cause of growing correlations during the last quarter of a century, though increasingly correlated economic fundamentals also matter. In the conclusion, we offer some thoughts on why the effects of greater openness appear to be so much stronger today than they were during the last era of globalization before 1914.(This abstract was borrowed from another version of this item.)"
NA,56,Innovation,stock market runup,Innovation was an important driver of the late 1920s stock market runup,39,"This article examines the stock market's changing valuation of corporate patentable assets between 1910 and 1939. It shows that the value of knowledge capital increased significantly during the 1920s compared to the 1910s as investors responded to the quality of technological inventions. Innovation was an important driver of the late 1920s stock market runup, and the Great Crash did not reflect a significant revaluation of knowledge capital relative to physical capital. Although substantial quantities of influential patents were accumulated during the post-crash recovery, high technology firms did not earn significant excess returns over low technology firms for most of the 1930s. (JEL G14, N12, N22, O30)"
Computers,57,high technology firms,significant excess returns,high technology firms did not earn significant excess returns over low technology firms for most of the 1930s,39,"This article examines the stock market's changing valuation of corporate patentable assets between 1910 and 1939. It shows that the value of knowledge capital increased significantly during the 1920s compared to the 1910s as investors responded to the quality of technological inventions. Innovation was an important driver of the late 1920s stock market runup, and the Great Crash did not reflect a significant revaluation of knowledge capital relative to physical capital. Although substantial quantities of influential patents were accumulated during the post-crash recovery, high technology firms did not earn significant excess returns over low technology firms for most of the 1930s. (JEL G14, N12, N22, O30)"
Earnings losses,58,security's own skewness,average excess return,A positively skewed security can be 'overpriced' and can earn a negative average excess return.,40,"We study the asset pricing implications of Tversky and Kahneman's (1992) cumulative prospect theory, with a particular focus on its probability weighting component. Our main result, derived from a novel equilibrium with nonunique global optima, is that, in contrast to the prediction of a standard expected utility model, a security's own skewness can be priced: a positively skewed security can be “overpriced” and can earn a negative average excess return. We argue that our analysis offers a unifying way of thinking about a number of seemingly unrelated financial phenomena. (JEL D81, G11, G12)"
Macroeconomic data,59,investment specific productivity shocks (z-shocks),firm stock returns,The sensitivity of firm stock returns to investment specific productivity shocks (z-shocks) is greater for firms that derive growth opportunities.,42,"We propose a theoretically motivated procedure for measuring heterogeneity in firms’ growth opportunities and document its empirical properties. The term “growth opportunities” refers to the component of a firm’s market value that cannot be attributed to its assets in place. This decomposition of firm value underpins many of the theoretical models describing cross-sectional differences in firms’ investment and stock return behavior. However, successful applications of such models depend on the quality of empirical measures of growth opportunities. Our procedure identifies economically significant differences in firms’ growth opportunities which are not captured by the commonly used empirical measures. We base our approach on a theoretical model incorporating investment specific productivity shocks and heterogenous firms. Productivity shocks in the capital goods sector account for a significant fraction of observed growth variability, according to the literature on the real determinants of economic growth (Jeremy Greenwood, Zvi Hercowitz and Per Krusell 1997, Jonas D. M. Fisher 2006). Greenwood, Hercowitz and Krusell (1997) show that, empirically, investment specific shocks are negatively correlated with aggregate investment, both at business cycle and lower frequencies. Our model predicts that the sensitivity of firm stock returns to investment specific productivity shocks (z-shocks) is greater for firms that derive Growth Opportunities and Technology Shocks"
Recession,60,unemployment rate,stock returns,The difference in returns between benchmark portfolios of small cap stocks and portfolios of large cap stocks is positively correlated with the unemployment rate.,43,"In other work (Moscarini and Postel-Vinay, 2008, 2009a), we find a distinct cyclical pattern of the relative performance of large and small businesses in terms of net job creation. Large employers destroy proportionally more jobs during and right after recessions, and create proportionally more jobs late in expansions, relative to small employers. Differential size growth between small and large firms is strongly positively correlated with the unemployment rate. This pattern is observer both in a 1978-2005 census of U.S. employers, the Business Dynamics Statistics, and among listed companies, in Compustat. In this paper, we show that this cyclical pattern of relative performance is also reflected in stock returns. Specifically, we show that the difference in returns between benchmark portfolios of small cap stocks and portfolios of large cap stocks is also positively correlated with the unemployment rate. Financial consultants and fund managers commonly recommend investing in small cap stocks during business cycle recoveries. Our findings, while consistent with that advice, pertain to all phases of the business cycle. We propose an explanation of both facts based on dynamic competition between employers of different sizes and different productivities. The model is a stochastic dynamic version of the job search and wage posting model of Kenneth Burdett and Dale T. Mortensen (1998), which we analyze in detail in Moscarini and Postel-Vinay (2009b). It is a job ladder model, where smaller firms are smaller because they are less productive, offer lower wages, therefore are less attractive to workers and less successful in poaching workers out of competing firms. This lack of competitiveness on the labor market is more of a drawback"
Macroeconomic data,61,confidence measure,asset prices,Large moves in the confidence measure lead to large declines in asset prices,44,"To give empirical content to the model, we directly measure confidence from the cross-section of forecasts from the Survey of Professional Forecasters. We show that there are frequent large moves in the confidence measure in the data. Moreover, in the data, these large moves are contemporaneously highly correlated with large moves in asset returns, highlighting the importance of confidence risk for asset prices. For our quantitative analysis, we calibrate the model to the observed confidence risk and con sumption data. We find that the model can quan titatively account for the negatively skewed and heavy-tailed distribution of returns, even though consumption growth does not contain jumps. Exploiting the fluctuations in confidence risks, we show that the model can capture short and long horizon predictability of excess returns and lack of consumption predictability by price to dividend ratio. Further, large moves in the con fidence measure lead to large declines (negative jumps ) in asset prices, though there are no large moves in consumption. Hence, our model pro vides a mechanism to account for the lack of connection between large asset price moves and consumption fundamentals. I. Model Set-up"
Major concerns,62,confidence risks,excess returns,Fluctuations in confidence risks can capture short and long horizon predictability of excess returns,44,"To give empirical content to the model, we directly measure confidence from the cross-section of forecasts from the Survey of Professional Forecasters. We show that there are frequent large moves in the confidence measure in the data. Moreover, in the data, these large moves are contemporaneously highly correlated with large moves in asset returns, highlighting the importance of confidence risk for asset prices. For our quantitative analysis, we calibrate the model to the observed confidence risk and con sumption data. We find that the model can quan titatively account for the negatively skewed and heavy-tailed distribution of returns, even though consumption growth does not contain jumps. Exploiting the fluctuations in confidence risks, we show that the model can capture short and long horizon predictability of excess returns and lack of consumption predictability by price to dividend ratio. Further, large moves in the con fidence measure lead to large declines (negative jumps ) in asset prices, though there are no large moves in consumption. Hence, our model pro vides a mechanism to account for the lack of connection between large asset price moves and consumption fundamentals. I. Model Set-up"
Earnings losses,63,average wealth loss,planned retirement age,The average wealth loss between July 2008 and May/June 2009 is associated with an increase in planned retirement age of approximately 2.5 months,45,"This study uses data from pre- and post-crash surveys from the Cognitive Economics study to examine the impact of recent stock and labor market wealth losses on the planned retirement ages of older Americans. Regression estimates imply that the average wealth loss between July 2008 and May/June 2009 is associated with an increase in planned retirement age of approximately 2.5 months. Furthermore, pessimism about future stock market returns is found to amplify the impact of wealth losses on retirement timing."
Earnings losses,64,pessimism about future stock market returns,retirement timing,Pessimism about future stock market returns amplifies the impact of wealth losses on retirement timing,45,"This study uses data from pre- and post-crash surveys from the Cognitive Economics study to examine the impact of recent stock and labor market wealth losses on the planned retirement ages of older Americans. Regression estimates imply that the average wealth loss between July 2008 and May/June 2009 is associated with an increase in planned retirement age of approximately 2.5 months. Furthermore, pessimism about future stock market returns is found to amplify the impact of wealth losses on retirement timing."
Bear / bull market,65,equity market returns,art prices,Equity market returns have had a significant impact on the price level in the art market over the last two centuries.,46,"This paper investigates the impact of equity markets and top incomes on art prices. Using a newly constructed art market index, we demonstrate that equity market returns have had a significant impact on the price level in the art market over the last two centuries. We also find evidence that an increase in income inequality may lead to higher prices for art. Finally, the results of Johansen's cointegration tests strongly suggest the existence of a long-run relation between top incomes and art prices."
Arts,66,income inequality,art prices,An increase in income inequality may lead to higher prices for art.,46,"This paper investigates the impact of equity markets and top incomes on art prices. Using a newly constructed art market index, we demonstrate that equity market returns have had a significant impact on the price level in the art market over the last two centuries. We also find evidence that an increase in income inequality may lead to higher prices for art. Finally, the results of Johansen's cointegration tests strongly suggest the existence of a long-run relation between top incomes and art prices."
Arts,67,top incomes,art prices,There is a long-run relation between top incomes and art prices.,46,"This paper investigates the impact of equity markets and top incomes on art prices. Using a newly constructed art market index, we demonstrate that equity market returns have had a significant impact on the price level in the art market over the last two centuries. We also find evidence that an increase in income inequality may lead to higher prices for art. Finally, the results of Johansen's cointegration tests strongly suggest the existence of a long-run relation between top incomes and art prices."
Macroeconomic data,68,Bad market news,stock returns,Bad market news triggers the immediate release of information by firms which affects stock returns.,47,"We consider the strategic timing of information releases in a dynamic disclosure model. Because investors don't know whether or when the firm is informed, the firm will not necessarily disclose immediately. We show that bad market news can trigger the immediate release of information by firms. Conversely, good market news slows the release of information by firms. Thus, our model generates clustering of negative announcements. Surprisingly, this result holds only when firms can preemptively disclose their own information prior to the arrival of external information. These results have implications for conditional variance and skewness of stock returns. (JEL D21, D83, G12, G14, L11)"
Trading activity,69,Good market news,stock returns,Good market news slows the release of information by firms which affects stock returns.,47,"We consider the strategic timing of information releases in a dynamic disclosure model. Because investors don't know whether or when the firm is informed, the firm will not necessarily disclose immediately. We show that bad market news can trigger the immediate release of information by firms. Conversely, good market news slows the release of information by firms. Thus, our model generates clustering of negative announcements. Surprisingly, this result holds only when firms can preemptively disclose their own information prior to the arrival of external information. These results have implications for conditional variance and skewness of stock returns. (JEL D21, D83, G12, G14, L11)"
Wide range,70,extreme payoffs,stock market returns,Extreme payoffs receive disproportionate weight in the market valuation of assets leading to stock market returns.,48,"We present a simple model of asset pricing in which payoff salience drives investors' demand for risky assets. The key implication is that extreme payoffs receive disproportionate weight in the market valuation of assets. The model accounts for several puzzles in finance in an intuitive way, including preference for assets with a chance of very high payoffs, an aggregate equity premium, and countercyclical variation in stock market returns."
Earnings forecasts,71,preference for assets with very high payoffs,stock market returns,Preference for assets with a chance of very high payoffs influences stock market returns.,48,"We present a simple model of asset pricing in which payoff salience drives investors' demand for risky assets. The key implication is that extreme payoffs receive disproportionate weight in the market valuation of assets. The model accounts for several puzzles in finance in an intuitive way, including preference for assets with a chance of very high payoffs, an aggregate equity premium, and countercyclical variation in stock market returns."
Schools,72,"major-specific measures of the relative importance of abstract, routine, and manual tasks on the job",earnings,"Changes in the relationship between earnings and major-specific measures of the relative importance of abstract, routine, and manual tasks on the job can account for about two-thirds of the rise in inequality.",49,"We show that, among college graduates, earnings differentials across field of study have increased substantially since the early 1990s. We study the degree to which this increase can be accounted for by changes in the labor market return to skills associated with a major. To do so, we define major-specific measures of the relative importance of abstract, routine, and manual tasks on the job, by linking majors to the occupations they typically lead to. Changes in the relationship between earnings and these measures can account for about two-thirds of the rise in inequality."
Product prices,73,stickier prices,stock market returns,"After monetary policy announcements, the conditional volatility of stock market returns rises more for firms with stickier prices than for firms with more flexible prices.",50,"We show that after monetary policy announcements, the conditional volatility of stock market returns rises more for firms with stickier prices than for firms with more flexible prices. This differential reaction is economically large and strikingly robust to a broad array of checks. These results suggest that menu costs—broadly defined to include physical costs of price adjustment, informational frictions, etc.—are an important factor for nominal price rigidity at the micro level. We also show that our empirical results are qualitatively and, under plausible calibrations, quantitatively consistent with New Keynesian macroeconomic models in which firms have heterogeneous price stickiness. (JEL E12, E31, E43, E44, E52, G12, L11)"
Small changes,74,menu costs,stock market returns,"Menu costs are an important factor for nominal price rigidity at the micro level, which influences stock market returns.",50,"We show that after monetary policy announcements, the conditional volatility of stock market returns rises more for firms with stickier prices than for firms with more flexible prices. This differential reaction is economically large and strikingly robust to a broad array of checks. These results suggest that menu costs—broadly defined to include physical costs of price adjustment, informational frictions, etc.—are an important factor for nominal price rigidity at the micro level. We also show that our empirical results are qualitatively and, under plausible calibrations, quantitatively consistent with New Keynesian macroeconomic models in which firms have heterogeneous price stickiness. (JEL E12, E31, E43, E44, E52, G12, L11)"
Product prices,75,price of traded permits,marginal abatement cost,The price of traded permits reveals the marginal abatement cost,52,"This paper develops a method for forecasting the marginal abatement cost (MAC) of climate policy using three features of the failed Waxman-Markey bill. First, the MAC is revealed by the price of traded permits. Second, the permit price is estimated using a regression discontinuity design (RDD) comparing stock returns of firms on either side of the policy's free permit cutoff rule. Third, because Waxman-Markey was never implemented, I extend the RDD approach to incorporate prediction market prices which normalize estimates by policy realization probabilities. A final bounding analysis recovers a MAC range of $5 to $19 per ton CO 2 e. (JEL G12, G14, Q52, Q54, Q58)"
Product prices,76,information content of prices,stock returns,"When prices reflect less information, the conditional variance of stock returns rises, causing an increase in uncertainty and costly distortions in consumption, capital accumulation, and labor supply.",53,"We show that the stock market may fail to aggregate information even if it appears to be efficient, and that the resulting decrease in the information content of prices may drastically reduce welfare. We solve a macroeconomic model in which information about fundamentals is dispersed and households make small, correlated errors when forming expectations about future productivity. As information aggregates in the market, these errors amplify and crowd out the information content of stock prices. When prices reflect less information, the conditional variance of stock returns rises, causing an increase in uncertainty and costly distortions in consumption, capital accumulation, and labor supply. (JEL D14, D83, D84, E21, E22, E24, G14)"
Earnings,77,aggregate risk exposure of individual earnings,stock returns,Aggregate risk exposure of individual earnings leads to variations in stock returns,54,"The magnitude of and heterogeneity in systematic earnings risk has important implications for various theories in macro, labor, and financial economics. Using administrative data, we document how the aggregate risk exposure of individual earnings to GDP and stock returns varies across gender, age, the worker's earnings level, and industry. Aggregate risk exposure is U-shaped with respect to the earnings level. In the middle of the earnings distribution, aggregate risk exposure is higher for males, younger workers, and construction and durable manufacturing. At the top of the earnings distribution, aggregate risk exposure is higher for older workers and finance."
Earnings,78,younger workers,stock returns,"The aggregate risk exposure for younger workers is higher, impacting stock returns",54,"The magnitude of and heterogeneity in systematic earnings risk has important implications for various theories in macro, labor, and financial economics. Using administrative data, we document how the aggregate risk exposure of individual earnings to GDP and stock returns varies across gender, age, the worker's earnings level, and industry. Aggregate risk exposure is U-shaped with respect to the earnings level. In the middle of the earnings distribution, aggregate risk exposure is higher for males, younger workers, and construction and durable manufacturing. At the top of the earnings distribution, aggregate risk exposure is higher for older workers and finance."
Gender issues,79,males,stock returns,"The aggregate risk exposure for males is higher, impacting stock returns",54,"The magnitude of and heterogeneity in systematic earnings risk has important implications for various theories in macro, labor, and financial economics. Using administrative data, we document how the aggregate risk exposure of individual earnings to GDP and stock returns varies across gender, age, the worker's earnings level, and industry. Aggregate risk exposure is U-shaped with respect to the earnings level. In the middle of the earnings distribution, aggregate risk exposure is higher for males, younger workers, and construction and durable manufacturing. At the top of the earnings distribution, aggregate risk exposure is higher for older workers and finance."
Macroeconomic data,80,construction and durable manufacturing workers,stock returns,"The aggregate risk exposure for workers in construction and durable manufacturing is higher, impacting stock returns",54,"The magnitude of and heterogeneity in systematic earnings risk has important implications for various theories in macro, labor, and financial economics. Using administrative data, we document how the aggregate risk exposure of individual earnings to GDP and stock returns varies across gender, age, the worker's earnings level, and industry. Aggregate risk exposure is U-shaped with respect to the earnings level. In the middle of the earnings distribution, aggregate risk exposure is higher for males, younger workers, and construction and durable manufacturing. At the top of the earnings distribution, aggregate risk exposure is higher for older workers and finance."
Earnings,81,older workers,stock returns,"The aggregate risk exposure for older workers is higher, impacting stock returns",54,"The magnitude of and heterogeneity in systematic earnings risk has important implications for various theories in macro, labor, and financial economics. Using administrative data, we document how the aggregate risk exposure of individual earnings to GDP and stock returns varies across gender, age, the worker's earnings level, and industry. Aggregate risk exposure is U-shaped with respect to the earnings level. In the middle of the earnings distribution, aggregate risk exposure is higher for males, younger workers, and construction and durable manufacturing. At the top of the earnings distribution, aggregate risk exposure is higher for older workers and finance."
Earnings,82,finance workers,stock returns,"The aggregate risk exposure for workers in finance is higher, impacting stock returns",54,"The magnitude of and heterogeneity in systematic earnings risk has important implications for various theories in macro, labor, and financial economics. Using administrative data, we document how the aggregate risk exposure of individual earnings to GDP and stock returns varies across gender, age, the worker's earnings level, and industry. Aggregate risk exposure is U-shaped with respect to the earnings level. In the middle of the earnings distribution, aggregate risk exposure is higher for males, younger workers, and construction and durable manufacturing. At the top of the earnings distribution, aggregate risk exposure is higher for older workers and finance."
Currencies / metals,83,quanto forecast variable,excess returns on currency trades,The quanto forecast variable is an economically and statistically significant predictor of excess returns on currency trades.,55,"We present a new identity that relates expected exchange rate appreciation to a risk-neutral covariance term, and use it to motivate a currency forecasting variable based on the prices of quanto index contracts. We show via panel regressions that the quanto forecast variable is an economically and statistically significant predictor of currency appreciation and of excess returns on currency trades. Out of sample, the quanto variable outperforms predictions based on uncovered interest parity, on purchasing power parity, and on a random walk as a forecaster of differential (dollar-neutral) currency appreciation. (JEL C53, E43, F31, F37, G12, G15)"
Schools,84,unconditional cash grants,stock returns,Unconditional cash grants to private schools lead to above-market returns,56,"We assess whether financing can help private schools, which now account for one-third of primary school enrollment in low- and middle-income countries. Our experiment allocated unconditional cash grants to either one (L) or all (H) private schools in a village. In both arms, enrollment and revenues increased, leading to above-market returns. However, test scores increased only in H schools, accompanied by higher fees, and a greater focus on teachers. We provide a model demonstrating that market forces can provide endogenous incentives to increase quality and increased financial saturation can be used to leverage competition, generating socially desirable outcomes. (JEL I21, I22, I25, I28, L22, L26, N75, O15, O16)"
Share payouts,85,buying pressure from dividend payments,aggregate market stock returns,Buying pressure from dividend payments predicts higher value-weighted market returns,57,"We demonstrate that predictable uninformed cash flows forecast aggregate market stock returns. Buying pressure from dividend payments (announced weeks prior) predicts higher value-weighted market returns, with returns for the top quintile of payment days four times higher than the lowest. This holds internationally and increases when reinvestment is high and market liquidity is low. We estimate a market-level price multiplier of 1.9. These results suggest price pressure is a widespread result of flows, not an anomaly. (JEL G12, G14, G35)"
Earnings forecasts,86,growth forecasts,stock returns,"There are persistent anomalies in growth forecasts and stock returns for software companies, indicating significant deviations from rational expectations.",58,"Software is one of the most important assets that needs to be priced in the digital economy. It has emerged as a disruptive technology, with companies primarily valued for their software offerings growing from 2 percent to 13 percent of market share between 1996 and 2023. We document persistent anomalies in growth forecasts and stock returns for software companies, indicating significant deviations from rational expectations over multiple decades. Our findings are consistent with Bayesian investors gradually learning about software’s growing importance, highlighting how markets can be very slow to discern fundamental shifts from transient shocks in noisy data. (JEL D22, G12, G32, L14, L86)"
Software,87,software's growing importance,stock returns,"Bayesian investors gradually learn about software’s growing importance, affecting stock returns.",58,"Software is one of the most important assets that needs to be priced in the digital economy. It has emerged as a disruptive technology, with companies primarily valued for their software offerings growing from 2 percent to 13 percent of market share between 1996 and 2023. We document persistent anomalies in growth forecasts and stock returns for software companies, indicating significant deviations from rational expectations over multiple decades. Our findings are consistent with Bayesian investors gradually learning about software’s growing importance, highlighting how markets can be very slow to discern fundamental shifts from transient shocks in noisy data. (JEL D22, G12, G32, L14, L86)"
Recession,88,durable consumption falls,stock returns,Small stocks and value stocks deliver relatively low returns during recessions,59,"ABSTRACT When utility is nonseparable in nondurable and durable consumption and the elasticity of substitution between the two consumption goods is sufficiently high, marginal utility rises when durable consumption falls. The model explains both the cross‐sectional variation in expected stock returns and the time variation in the equity premium. Small stocks and value stocks deliver relatively low returns during recessions, when durable consumption falls, which explains their high average returns relative to big stocks and growth stocks. Stock returns are unexpectedly low at business cycle troughs, when durable consumption falls sharply, which explains the countercyclical variation in the equity premium."
Recession,89,durable consumption falls sharply,stock returns,Stock returns are unexpectedly low at business cycle troughs,59,"ABSTRACT When utility is nonseparable in nondurable and durable consumption and the elasticity of substitution between the two consumption goods is sufficiently high, marginal utility rises when durable consumption falls. The model explains both the cross‐sectional variation in expected stock returns and the time variation in the equity premium. Small stocks and value stocks deliver relatively low returns during recessions, when durable consumption falls, which explains their high average returns relative to big stocks and growth stocks. Stock returns are unexpectedly low at business cycle troughs, when durable consumption falls sharply, which explains the countercyclical variation in the equity premium."
Corporate governance,90,weak shareholder rights,stock returns,Weak governance is associated with poor stock returns.,60,"ABSTRACT We investigate Gompers, Ishii, and Metrick's (2003) finding that firms with weak shareholder rights exhibit significant stock market underperformance. If the relation between poor governance and poor returns is causal, we expect that the market is negatively surprised by the poor operating performance of weak governance firms. We find that firms with weak shareholder rights exhibit significant operating underperformance. However, analysts' forecast errors and earnings announcement returns show no evidence that this underperformance surprises the market. Our results are robust to controls for takeover activity. Overall, our results do not support the hypothesis that weak governance causes poor stock returns."
Corporate governance,91,departures of busy outside directors,positive abnormal returns (ARs),Departures of busy outside directors generate positive abnormal returns (ARs).,61,"ABSTRACT Firms with busy boards, those in which a majority of outside directors hold three or more directorships, are associated with weak corporate governance. These firms exhibit lower market‐to‐book ratios, weaker profitability, and lower sensitivity of CEO turnover to firm performance. Independent but busy boards display CEO turnover‐performance sensitivities indistinguishable from those of inside‐dominated boards. Departures of busy outside directors generate positive abnormal returns (ARs). When directors become busy as a result of acquiring an additional directorship, other companies in which they hold board seats experience negative ARs. Busy outside directors are more likely to depart boards following poor performance."
Corporate governance,92,becoming busy as a result of acquiring an additional directorship,negative ARs,"When directors become busy as a result of acquiring an additional directorship, other companies in which they hold board seats experience negative ARs.",61,"ABSTRACT Firms with busy boards, those in which a majority of outside directors hold three or more directorships, are associated with weak corporate governance. These firms exhibit lower market‐to‐book ratios, weaker profitability, and lower sensitivity of CEO turnover to firm performance. Independent but busy boards display CEO turnover‐performance sensitivities indistinguishable from those of inside‐dominated boards. Departures of busy outside directors generate positive abnormal returns (ARs). When directors become busy as a result of acquiring an additional directorship, other companies in which they hold board seats experience negative ARs. Busy outside directors are more likely to depart boards following poor performance."
Pensions,93,severely underfunded pension plans,stock returns,Firms with severely underfunded pension plans earn lower stock returns than firms with healthier pension plans.,62,"ABSTRACT The paper argues that the market significantly overvalues firms with severely underfunded pension plans. These companies earn lower stock returns than firms with healthier pension plans for at least 5 years after the first emergence of the underfunding. The low returns are not explained by risk, price momentum, earnings momentum, or accruals. Further, the evidence suggests that investors do not anticipate the impact of the pension liability on future earnings, and they are surprised when the negative implications of underfunding ultimately materialize. Finally, underfunded firms have poor operating performance, and they earn low returns, although they are value companies."
Corporate governance,94,larger cash holdings,stock returns,The marginal value of cash declines with larger cash holdings,63,"ABSTRACT We examine the cross‐sectional variation in the marginal value of corporate cash holdings that arises from differences in corporate financial policy. We begin by providing semi‐quantitative predictions for the value of an extra dollar of cash depending upon the likely use of that dollar, and derive a set of intuitive hypotheses to test empirically. By examining the variation in excess stock returns over the fiscal year, we find that the marginal value of cash declines with larger cash holdings, higher leverage, better access to capital markets, and as firms choose greater cash distribution via dividends rather than repurchases."
Bank loans,95,higher leverage,stock returns,The marginal value of cash declines with higher leverage,63,"ABSTRACT We examine the cross‐sectional variation in the marginal value of corporate cash holdings that arises from differences in corporate financial policy. We begin by providing semi‐quantitative predictions for the value of an extra dollar of cash depending upon the likely use of that dollar, and derive a set of intuitive hypotheses to test empirically. By examining the variation in excess stock returns over the fiscal year, we find that the marginal value of cash declines with larger cash holdings, higher leverage, better access to capital markets, and as firms choose greater cash distribution via dividends rather than repurchases."
Investment banking,96,better access to capital markets,stock returns,The marginal value of cash declines with better access to capital markets,63,"ABSTRACT We examine the cross‐sectional variation in the marginal value of corporate cash holdings that arises from differences in corporate financial policy. We begin by providing semi‐quantitative predictions for the value of an extra dollar of cash depending upon the likely use of that dollar, and derive a set of intuitive hypotheses to test empirically. By examining the variation in excess stock returns over the fiscal year, we find that the marginal value of cash declines with larger cash holdings, higher leverage, better access to capital markets, and as firms choose greater cash distribution via dividends rather than repurchases."
Share payouts,97,greater cash distribution via dividends rather than repurchases,stock returns,The marginal value of cash declines as firms choose greater cash distribution via dividends rather than repurchases,63,"ABSTRACT We examine the cross‐sectional variation in the marginal value of corporate cash holdings that arises from differences in corporate financial policy. We begin by providing semi‐quantitative predictions for the value of an extra dollar of cash depending upon the likely use of that dollar, and derive a set of intuitive hypotheses to test empirically. By examining the variation in excess stock returns over the fiscal year, we find that the marginal value of cash declines with larger cash holdings, higher leverage, better access to capital markets, and as firms choose greater cash distribution via dividends rather than repurchases."
Real estate,98,geographic area of firm headquarters,stock returns,Strong comovement in the stock returns of firms headquartered in the same geographic area.,64,"ABSTRACT We document strong comovement in the stock returns of firms headquartered in the same geographic area. Moreover, stocks of companies that change their headquarters location experience a decrease in their comovement with stocks from the old location and an increase in their comovement with stocks from the new location. The local comovement of stock returns is not explained by economic fundamentals and is stronger for smaller firms with more individual investors and in regions with less financially sophisticated residents. We argue that price formation in equity markets has a significant geographic component linked to the trading patterns of local residents."
Real estate,99,change in headquarters location,stock returns,Stocks of companies that change their headquarters location experience a decrease in their comovement with stocks from the old location and an increase in their comovement with stocks from the new location.,64,"ABSTRACT We document strong comovement in the stock returns of firms headquartered in the same geographic area. Moreover, stocks of companies that change their headquarters location experience a decrease in their comovement with stocks from the old location and an increase in their comovement with stocks from the new location. The local comovement of stock returns is not explained by economic fundamentals and is stronger for smaller firms with more individual investors and in regions with less financially sophisticated residents. We argue that price formation in equity markets has a significant geographic component linked to the trading patterns of local residents."
Size,100,size of firms and number of individual investors,stock returns,Local comovement of stock returns is stronger for smaller firms with more individual investors.,64,"ABSTRACT We document strong comovement in the stock returns of firms headquartered in the same geographic area. Moreover, stocks of companies that change their headquarters location experience a decrease in their comovement with stocks from the old location and an increase in their comovement with stocks from the new location. The local comovement of stock returns is not explained by economic fundamentals and is stronger for smaller firms with more individual investors and in regions with less financially sophisticated residents. We argue that price formation in equity markets has a significant geographic component linked to the trading patterns of local residents."
Trading activity,101,financial sophistication of residents in the region,stock returns,Local comovement of stock returns is stronger in regions with less financially sophisticated residents.,64,"ABSTRACT We document strong comovement in the stock returns of firms headquartered in the same geographic area. Moreover, stocks of companies that change their headquarters location experience a decrease in their comovement with stocks from the old location and an increase in their comovement with stocks from the new location. The local comovement of stock returns is not explained by economic fundamentals and is stronger for smaller firms with more individual investors and in regions with less financially sophisticated residents. We argue that price formation in equity markets has a significant geographic component linked to the trading patterns of local residents."
Positive sentiment,102,investor sentiment,subsequent returns,"When investor sentiment is low, subsequent returns are relatively high for small stocks.",65,"ABSTRACT We study how investor sentiment affects the cross‐section of stock returns. We predict that a wave of investor sentiment has larger effects on securities whose valuations are highly subjective and difficult to arbitrage. Consistent with this prediction, we find that when beginning‐of‐period proxies for sentiment are low, subsequent returns are relatively high for small stocks, young stocks, high volatility stocks, unprofitable stocks, non‐dividend‐paying stocks, extreme growth stocks, and distressed stocks. When sentiment is high, on the other hand, these categories of stock earn relatively low subsequent returns."
Positive sentiment,103,investor sentiment,subsequent returns,"When investor sentiment is low, subsequent returns are relatively high for young stocks.",65,"ABSTRACT We study how investor sentiment affects the cross‐section of stock returns. We predict that a wave of investor sentiment has larger effects on securities whose valuations are highly subjective and difficult to arbitrage. Consistent with this prediction, we find that when beginning‐of‐period proxies for sentiment are low, subsequent returns are relatively high for small stocks, young stocks, high volatility stocks, unprofitable stocks, non‐dividend‐paying stocks, extreme growth stocks, and distressed stocks. When sentiment is high, on the other hand, these categories of stock earn relatively low subsequent returns."
Positive sentiment,104,investor sentiment,subsequent returns,"When investor sentiment is low, subsequent returns are relatively high for high volatility stocks.",65,"ABSTRACT We study how investor sentiment affects the cross‐section of stock returns. We predict that a wave of investor sentiment has larger effects on securities whose valuations are highly subjective and difficult to arbitrage. Consistent with this prediction, we find that when beginning‐of‐period proxies for sentiment are low, subsequent returns are relatively high for small stocks, young stocks, high volatility stocks, unprofitable stocks, non‐dividend‐paying stocks, extreme growth stocks, and distressed stocks. When sentiment is high, on the other hand, these categories of stock earn relatively low subsequent returns."
Positive sentiment,105,investor sentiment,subsequent returns,"When investor sentiment is low, subsequent returns are relatively high for unprofitable stocks.",65,"ABSTRACT We study how investor sentiment affects the cross‐section of stock returns. We predict that a wave of investor sentiment has larger effects on securities whose valuations are highly subjective and difficult to arbitrage. Consistent with this prediction, we find that when beginning‐of‐period proxies for sentiment are low, subsequent returns are relatively high for small stocks, young stocks, high volatility stocks, unprofitable stocks, non‐dividend‐paying stocks, extreme growth stocks, and distressed stocks. When sentiment is high, on the other hand, these categories of stock earn relatively low subsequent returns."
Positive sentiment,106,investor sentiment,subsequent returns,"When investor sentiment is low, subsequent returns are relatively high for non-dividend-paying stocks.",65,"ABSTRACT We study how investor sentiment affects the cross‐section of stock returns. We predict that a wave of investor sentiment has larger effects on securities whose valuations are highly subjective and difficult to arbitrage. Consistent with this prediction, we find that when beginning‐of‐period proxies for sentiment are low, subsequent returns are relatively high for small stocks, young stocks, high volatility stocks, unprofitable stocks, non‐dividend‐paying stocks, extreme growth stocks, and distressed stocks. When sentiment is high, on the other hand, these categories of stock earn relatively low subsequent returns."
Positive sentiment,107,investor sentiment,subsequent returns,"When investor sentiment is low, subsequent returns are relatively high for extreme growth stocks.",65,"ABSTRACT We study how investor sentiment affects the cross‐section of stock returns. We predict that a wave of investor sentiment has larger effects on securities whose valuations are highly subjective and difficult to arbitrage. Consistent with this prediction, we find that when beginning‐of‐period proxies for sentiment are low, subsequent returns are relatively high for small stocks, young stocks, high volatility stocks, unprofitable stocks, non‐dividend‐paying stocks, extreme growth stocks, and distressed stocks. When sentiment is high, on the other hand, these categories of stock earn relatively low subsequent returns."
Positive sentiment,108,investor sentiment,subsequent returns,"When investor sentiment is low, subsequent returns are relatively high for distressed stocks.",65,"ABSTRACT We study how investor sentiment affects the cross‐section of stock returns. We predict that a wave of investor sentiment has larger effects on securities whose valuations are highly subjective and difficult to arbitrage. Consistent with this prediction, we find that when beginning‐of‐period proxies for sentiment are low, subsequent returns are relatively high for small stocks, young stocks, high volatility stocks, unprofitable stocks, non‐dividend‐paying stocks, extreme growth stocks, and distressed stocks. When sentiment is high, on the other hand, these categories of stock earn relatively low subsequent returns."
Positive sentiment,109,investor sentiment,subsequent returns,"When investor sentiment is high, these categories of stocks earn relatively low subsequent returns.",65,"ABSTRACT We study how investor sentiment affects the cross‐section of stock returns. We predict that a wave of investor sentiment has larger effects on securities whose valuations are highly subjective and difficult to arbitrage. Consistent with this prediction, we find that when beginning‐of‐period proxies for sentiment are low, subsequent returns are relatively high for small stocks, young stocks, high volatility stocks, unprofitable stocks, non‐dividend‐paying stocks, extreme growth stocks, and distressed stocks. When sentiment is high, on the other hand, these categories of stock earn relatively low subsequent returns."
Size,110,industry concentration,stock returns,Firms in more concentrated industries earn lower returns.,66,"ABSTRACT Firms in more concentrated industries earn lower returns, even after controlling for size, book‐to‐market, momentum, and other return determinants. Explanations based on chance, measurement error, capital structure, and persistent in‐sample cash flow shocks do not explain this finding. Drawing on work in industrial organization, we posit that either barriers to entry in highly concentrated industries insulate firms from undiversifiable distress risk, or firms in highly concentrated industries are less risky because they engage in less innovation, and thereby command lower expected returns. Additional time‐series tests support these risk‐based interpretations."
Trading activity,111,short‐run reversals,stock returns,There is a strong relationship between short‐run reversals and stock illiquidity.,67,"ABSTRACT This paper documents a strong relationship between short‐run reversals and stock illiquidity, even after controlling for trading volume. The largest reversals and the potential contrarian trading strategy profits occur in high turnover, low liquidity stocks, as the price pressures caused by non‐informational demands for immediacy are accommodated. However, the contrarian trading strategy profits are smaller than the likely transactions costs. This lack of profitability and the fact that the overall findings are consistent with rational equilibrium paradigms suggest that the violation of the efficient market hypothesis due to short‐term reversals is not so egregious after all."
Earnings,112,financial constraints,expected stock returns,More financially constrained firms are riskier and earn higher expected stock returns than less financially constrained firms.,68,"ABSTRACT We study the effect of financial constraints on risk and expected returns by extending the investment‐based asset pricing framework to incorporate retained earnings, debt, costly equity, and collateral constraints on debt capacity. Quantitative results show that more financially constrained firms are riskier and earn higher expected stock returns than less financially constrained firms. Intuitively, by preventing firms from financing all desired investments, collateral constraints restrict the flexibility of firms in smoothing dividend streams in the face of aggregate shocks. The inflexibility mechanism also gives rise to a convex relation between market leverage and expected stock returns."
Earnings,113,market leverage,expected stock returns,There is a convex relation between market leverage and expected stock returns.,68,"ABSTRACT We study the effect of financial constraints on risk and expected returns by extending the investment‐based asset pricing framework to incorporate retained earnings, debt, costly equity, and collateral constraints on debt capacity. Quantitative results show that more financially constrained firms are riskier and earn higher expected stock returns than less financially constrained firms. Intuitively, by preventing firms from financing all desired investments, collateral constraints restrict the flexibility of firms in smoothing dividend streams in the face of aggregate shocks. The inflexibility mechanism also gives rise to a convex relation between market leverage and expected stock returns."
Hedging,114,the hedging portfolio return,asset returns,The return of the hedging portfolio should be an additional risk factor in explaining the cross section of asset returns.,69,"ABSTRACT We derive an intertemporal asset pricing model and explore its implications for trading volume and asset returns. We show that investors trade in only two portfolios: the market portfolio, and a hedging portfolio that is used to hedge the risk of changing market conditions. We empirically identify the hedging portfolio using weekly volume and returns data for U.S. stocks, and then test two of its properties implied by the theory: Its return should be an additional risk factor in explaining the cross section of asset returns, and should also be the best predictor of future market returns."
Trading activity,115,the hedging portfolio,future market returns,The hedging portfolio should be the best predictor of future market returns.,69,"ABSTRACT We derive an intertemporal asset pricing model and explore its implications for trading volume and asset returns. We show that investors trade in only two portfolios: the market portfolio, and a hedging portfolio that is used to hedge the risk of changing market conditions. We empirically identify the hedging portfolio using weekly volume and returns data for U.S. stocks, and then test two of its properties implied by the theory: Its return should be an additional risk factor in explaining the cross section of asset returns, and should also be the best predictor of future market returns."
Corporate governance,116,Ownership by directors and outside shareholders,abnormal returns,Ownership by directors and outside shareholders has an impact on the abnormal returns,70,"ABSTRACT This paper investigates the market's reaction to U.K. insider transactions and analyzes whether the reaction depends on the firm's ownership. We present three major findings. First, differences in regulation between the U.K. and United States, in particular the speedier reporting of trades in the U.K., may explain the observed larger abnormal returns in the U.K. Second, ownership by directors and outside shareholders has an impact on the abnormal returns. Third, it is important to adjust for news released before directors' trades. In particular, trades preceded by news on mergers and acquisitions and CEO replacements contain significantly less information."
Mutual funds,117,Superior alphas of mutual fund managers,stock returns,Superior alphas from mutual fund managers are associated with better stock returns.,71,"ABSTRACT We apply a new bootstrap statistical technique to examine the performance of the U.S. open‐end, domestic equity mutual fund industry over the 1975 to 2002 period. A bootstrap approach is necessary because the cross section of mutual fund alphas has a complex nonnormal distribution due to heterogeneous risk‐taking by funds as well as nonnormalities in individual fund alpha distributions. Our bootstrap approach uncovers findings that differ from many past studies. Specifically, we find that a sizable minority of managers pick stocks well enough to more than cover their costs. Moreover, the superior alphas of these managers persist."
Share payouts,118,payout yield,stock returns,Payout yield has statistically and economically significant predictability of stock returns when compared to dividend yield.,72,"ABSTRACT We investigate the empirical implications of using various measures of payout yield rather than dividend yield for asset pricing models. We find statistically and economically significant predictability in the time series when payout (dividends plus repurchases) and net payout (dividends plus repurchases minus issuances) yields are used instead of the dividend yield. Similarly, we find that payout (net payout) yields contains information about the cross section of expected stock returns exceeding that of dividend yields, and that the high minus low payout yield portfolio is a priced factor."
Share payouts,119,net payout yield,stock returns,Net payout yield contains information about expected stock returns exceeding that of dividend yields.,72,"ABSTRACT We investigate the empirical implications of using various measures of payout yield rather than dividend yield for asset pricing models. We find statistically and economically significant predictability in the time series when payout (dividends plus repurchases) and net payout (dividends plus repurchases minus issuances) yields are used instead of the dividend yield. Similarly, we find that payout (net payout) yields contains information about the cross section of expected stock returns exceeding that of dividend yields, and that the high minus low payout yield portfolio is a priced factor."
Share payouts,120,high minus low payout yield portfolio,stock returns,The high minus low payout yield portfolio is a priced factor affecting stock returns.,72,"ABSTRACT We investigate the empirical implications of using various measures of payout yield rather than dividend yield for asset pricing models. We find statistically and economically significant predictability in the time series when payout (dividends plus repurchases) and net payout (dividends plus repurchases minus issuances) yields are used instead of the dividend yield. Similarly, we find that payout (net payout) yields contains information about the cross section of expected stock returns exceeding that of dividend yields, and that the high minus low payout yield portfolio is a priced factor."
Trading activity,121,short sales allowed and practiced,stock returns,Prices incorporate negative information faster in countries where short sales are allowed and practiced.,73,"ABSTRACT We analyze cross‐sectional and time‐series information from 46 equity markets around the world to consider whether short sales restrictions affect the efficiency of the market and the distributional characteristics of returns to individual stocks and market indices. We find some evidence that prices incorporate negative information faster in countries where short sales are allowed and practiced. A common conjecture by regulators is that short sales restrictions can reduce the relative severity of a market panic. We find strong evidence that in markets where short selling is either prohibited or not practiced, market returns display significantly less negative skewness."
Trading activity,122,short selling prohibited or not practiced,stock returns,"In markets where short selling is either prohibited or not practiced, market returns display significantly less negative skewness.",73,"ABSTRACT We analyze cross‐sectional and time‐series information from 46 equity markets around the world to consider whether short sales restrictions affect the efficiency of the market and the distributional characteristics of returns to individual stocks and market indices. We find some evidence that prices incorporate negative information faster in countries where short sales are allowed and practiced. A common conjecture by regulators is that short sales restrictions can reduce the relative severity of a market panic. We find strong evidence that in markets where short selling is either prohibited or not practiced, market returns display significantly less negative skewness."
Earnings forecasts,123,the magnitude of the value‐glamour return differential,stock returns,"The theory yields a number of distinctive predictions for stock returns, generating forecastable variation in the magnitude of the value‐glamour return differential.",74,"ABSTRACT We study the asset pricing implications of learning in an environment in which the true model of the world is a multivariate one, but agents update only over the class of simple univariate models. Thus, if a particular simple model does a poor job of forecasting over a period of time, it is discarded in favor of an alternative simple model. The theory yields a number of distinctive predictions for stock returns, generating forecastable variation in the magnitude of the value‐glamour return differential, in volatility, and in the skewness of returns. We validate several of these predictions empirically."
Macroeconomic data,124,volatility,stock returns,"The theory yields a number of distinctive predictions for stock returns, generating forecastable variation in volatility.",74,"ABSTRACT We study the asset pricing implications of learning in an environment in which the true model of the world is a multivariate one, but agents update only over the class of simple univariate models. Thus, if a particular simple model does a poor job of forecasting over a period of time, it is discarded in favor of an alternative simple model. The theory yields a number of distinctive predictions for stock returns, generating forecastable variation in the magnitude of the value‐glamour return differential, in volatility, and in the skewness of returns. We validate several of these predictions empirically."
Earnings forecasts,125,the skewness of returns,stock returns,"The theory yields a number of distinctive predictions for stock returns, generating forecastable variation in the skewness of returns.",74,"ABSTRACT We study the asset pricing implications of learning in an environment in which the true model of the world is a multivariate one, but agents update only over the class of simple univariate models. Thus, if a particular simple model does a poor job of forecasting over a period of time, it is discarded in favor of an alternative simple model. The theory yields a number of distinctive predictions for stock returns, generating forecastable variation in the magnitude of the value‐glamour return differential, in volatility, and in the skewness of returns. We validate several of these predictions empirically."
Macroeconomic data,126,year-over-year consumption growth,stock returns,The consumption-based asset pricing model (CCAPM) explains the cross-section of stock returns based upon year-over-year consumption growth in the fourth quarter.,75,"ABSTRACT When consumption betas of stocks are computed using year‐over‐year consumption growth based upon the fourth quarter, the consumption‐based asset pricing model (CCAPM) explains the cross‐section of stock returns as well as the Fama and French (1993) three‐factor model. The CCAPM's performance deteriorates substantially when consumption growth is measured based upon other quarters. For the CCAPM to hold at any given point in time, investors must make their consumption and investment decisions simultaneously at that point in time. We suspect that this is more likely to happen during the fourth quarter, given investors' tax year ends in December."
Macroeconomic data,127,consumption growth measured based upon other quarters,stock returns,"The performance of the CCAPM deteriorates substantially when consumption growth is measured based upon other quarters, affecting stock returns.",75,"ABSTRACT When consumption betas of stocks are computed using year‐over‐year consumption growth based upon the fourth quarter, the consumption‐based asset pricing model (CCAPM) explains the cross‐section of stock returns as well as the Fama and French (1993) three‐factor model. The CCAPM's performance deteriorates substantially when consumption growth is measured based upon other quarters. For the CCAPM to hold at any given point in time, investors must make their consumption and investment decisions simultaneously at that point in time. We suspect that this is more likely to happen during the fourth quarter, given investors' tax year ends in December."
Corporate governance,128,compliance with provisions of governance rules,abnormal returns,Firms that are less compliant with the provisions of the rules earn positive abnormal returns compared to firms that are more compliant.,76,"ABSTRACT The 2001 to 2002 corporate scandals led to the Sarbanes–Oxley Act and to various amendments to the U.S. stock exchanges' regulations. We find that the announcement of these rules has a significant effect on firm value. Firms that are less compliant with the provisions of the rules earn positive abnormal returns compared to firms that are more compliant. We also find variation in the response across firm size. Large firms that are less compliant earn positive abnormal returns but small firms that are less compliant earn negative abnormal returns, suggesting that some provisions are detrimental to small firms."
Size,129,firm size and compliance with provisions,abnormal returns,Large firms that are less compliant earn positive abnormal returns but small firms that are less compliant earn negative abnormal returns.,76,"ABSTRACT The 2001 to 2002 corporate scandals led to the Sarbanes–Oxley Act and to various amendments to the U.S. stock exchanges' regulations. We find that the announcement of these rules has a significant effect on firm value. Firms that are less compliant with the provisions of the rules earn positive abnormal returns compared to firms that are more compliant. We also find variation in the response across firm size. Large firms that are less compliant earn positive abnormal returns but small firms that are less compliant earn negative abnormal returns, suggesting that some provisions are detrimental to small firms."
NA,130,soccer outcomes,stock returns,A loss in soccer leads to a next‐day abnormal stock return of −49 basis points.,77,"ABSTRACT This paper investigates the stock market reaction to sudden changes in investor mood. Motivated by psychological evidence of a strong link between soccer outcomes and mood, we use international soccer results as our primary mood variable. We find a significant market decline after soccer losses. For example, a loss in the World Cup elimination stage leads to a next‐day abnormal stock return of −49 basis points. This loss effect is stronger in small stocks and in more important games, and is robust to methodological changes. We also document a loss effect after international cricket, rugby, and basketball games."
Corporate governance,131,more antitakeover provisions,announcement‐period abnormal stock returns,Acquirers with more antitakeover provisions experience significantly lower announcement‐period abnormal stock returns.,78,"ABSTRACT We examine whether corporate governance mechanisms, especially the market for corporate control, affect the profitability of firm acquisitions. We find that acquirers with more antitakeover provisions experience significantly lower announcement‐period abnormal stock returns. This supports the hypothesis that managers at firms protected by more antitakeover provisions are less subject to the disciplinary power of the market for corporate control and thus are more likely to indulge in empire‐building acquisitions that destroy shareholder value. We also find that acquirers operating in more competitive industries or separating the positions of CEO and chairman of the board experience higher abnormal announcement returns."
Corporate governance,132,more competitive industries,abnormal announcement returns,Acquirers operating in more competitive industries experience higher abnormal announcement returns.,78,"ABSTRACT We examine whether corporate governance mechanisms, especially the market for corporate control, affect the profitability of firm acquisitions. We find that acquirers with more antitakeover provisions experience significantly lower announcement‐period abnormal stock returns. This supports the hypothesis that managers at firms protected by more antitakeover provisions are less subject to the disciplinary power of the market for corporate control and thus are more likely to indulge in empire‐building acquisitions that destroy shareholder value. We also find that acquirers operating in more competitive industries or separating the positions of CEO and chairman of the board experience higher abnormal announcement returns."
Corporate governance,133,separating the positions of CEO and chairman of the board,abnormal announcement returns,Acquirers separating the positions of CEO and chairman of the board experience higher abnormal announcement returns.,78,"ABSTRACT We examine whether corporate governance mechanisms, especially the market for corporate control, affect the profitability of firm acquisitions. We find that acquirers with more antitakeover provisions experience significantly lower announcement‐period abnormal stock returns. This supports the hypothesis that managers at firms protected by more antitakeover provisions are less subject to the disciplinary power of the market for corporate control and thus are more likely to indulge in empire‐building acquisitions that destroy shareholder value. We also find that acquirers operating in more competitive industries or separating the positions of CEO and chairman of the board experience higher abnormal announcement returns."
International exchanges,134,the cross‐listed asset returns correlation with other assets,trading volume of a cross‐listed stock,The trading volume of a cross‐listed stock is proportionally higher on the exchange in which the cross‐listed asset returns have greater correlation with returns of other assets traded on that market,79,ABSTRACT We develop a new model of multimarket trading to explain the differences in the foreign share of trading volume of internationally cross‐listed stocks. The model predicts that the trading volume of a cross‐listed stock is proportionally higher on the exchange in which the cross‐listed asset returns have greater correlation with returns of other assets traded on that market. We find robust empirical support for this prediction using stock return and volume data on 251 non‐U.S. stocks cross‐listed on major U.S. exchanges.
Earnings,135,public signal,stock price,The stock price reacts more to good news than to bad news,80,"ABSTRACT This paper develops a model in which investors who are prohibited from short selling agree to disagree on the precision of a publicly observed signal. The model implies that the equilibrium price is a convex function of the public signal. The model predicts that (1) the stock price reacts more to good news than to bad news; (2) the skewness of stock returns is positively correlated with contemporaneous returns, but negatively correlated with lagged returns; (3) short sale constraints increase rather than decrease skewness; and (4) disagreement about information precision increases skewness. Empirical tests conducted find supportive evidence for all these predictions."
Earnings,136,skewness of stock returns,contemporaneous returns,The skewness of stock returns is positively correlated with contemporaneous returns,80,"ABSTRACT This paper develops a model in which investors who are prohibited from short selling agree to disagree on the precision of a publicly observed signal. The model implies that the equilibrium price is a convex function of the public signal. The model predicts that (1) the stock price reacts more to good news than to bad news; (2) the skewness of stock returns is positively correlated with contemporaneous returns, but negatively correlated with lagged returns; (3) short sale constraints increase rather than decrease skewness; and (4) disagreement about information precision increases skewness. Empirical tests conducted find supportive evidence for all these predictions."
Earnings,137,skewness of stock returns,lagged returns,The skewness of stock returns is negatively correlated with lagged returns,80,"ABSTRACT This paper develops a model in which investors who are prohibited from short selling agree to disagree on the precision of a publicly observed signal. The model implies that the equilibrium price is a convex function of the public signal. The model predicts that (1) the stock price reacts more to good news than to bad news; (2) the skewness of stock returns is positively correlated with contemporaneous returns, but negatively correlated with lagged returns; (3) short sale constraints increase rather than decrease skewness; and (4) disagreement about information precision increases skewness. Empirical tests conducted find supportive evidence for all these predictions."
NA,138,disagreement about information precision,skewness,Disagreement about information precision increases skewness,80,"ABSTRACT This paper develops a model in which investors who are prohibited from short selling agree to disagree on the precision of a publicly observed signal. The model implies that the equilibrium price is a convex function of the public signal. The model predicts that (1) the stock price reacts more to good news than to bad news; (2) the skewness of stock returns is positively correlated with contemporaneous returns, but negatively correlated with lagged returns; (3) short sale constraints increase rather than decrease skewness; and (4) disagreement about information precision increases skewness. Empirical tests conducted find supportive evidence for all these predictions."
Trading activity,139,short‐sales constraints,stock overvaluation,Short‐sales constraints tend to cause stock overvaluation,81,"ABSTRACT Short‐sales practices in the Hong Kong stock market are unique in that only stocks on a list of designated securities can be sold short. By analyzing the price effects following the addition of individual stocks to the list, we find that short‐sales constraints tend to cause stock overvaluation and that the overvaluation effect is more dramatic for individual stocks for which wider dispersion of investor opinions exists. These findings are consistent with Miller's (1977) intuition and other optimism models. We also document higher volatility and less positive skewness of individual stock returns when short sales are allowed."
Optimism,140,wider dispersion of investor opinions,overvaluation effect,The overvaluation effect is more dramatic for individual stocks for which wider dispersion of investor opinions exists,81,"ABSTRACT Short‐sales practices in the Hong Kong stock market are unique in that only stocks on a list of designated securities can be sold short. By analyzing the price effects following the addition of individual stocks to the list, we find that short‐sales constraints tend to cause stock overvaluation and that the overvaluation effect is more dramatic for individual stocks for which wider dispersion of investor opinions exists. These findings are consistent with Miller's (1977) intuition and other optimism models. We also document higher volatility and less positive skewness of individual stock returns when short sales are allowed."
Trading activity,141,short sales allowed,individual stock returns,Higher volatility and less positive skewness of individual stock returns when short sales are allowed,81,"ABSTRACT Short‐sales practices in the Hong Kong stock market are unique in that only stocks on a list of designated securities can be sold short. By analyzing the price effects following the addition of individual stocks to the list, we find that short‐sales constraints tend to cause stock overvaluation and that the overvaluation effect is more dramatic for individual stocks for which wider dispersion of investor opinions exists. These findings are consistent with Miller's (1977) intuition and other optimism models. We also document higher volatility and less positive skewness of individual stock returns when short sales are allowed."
Taxes,142,locked-in capital gains,long-term reversals in U.S. stock returns,Long-term reversals in U.S. stock returns are explained by rational reactions to locked-in capital gains.,82,"ABSTRACT Long‐term reversals in U.S. stock returns are better explained as the rational reactions of investors to locked‐in capital gains than an irrational overreaction to news. Predictors of returns based on the overreaction hypothesis have no power, while those that measure locked‐in capital gains do, completely subsuming past returns measures that are traditionally used to predict long‐term returns. In data from Hong Kong, where investment income is not taxed, reversals are nonexistent, and returns are not forecastable either by traditional measures or by measures based on the capital gains lock‐in hypothesis that successfully predict U.S. returns."
Trading activity,143,net individual investor trading,short-horizon returns,"Individuals tend to buy stocks following declines in the previous month and sell following price increases, which leads to positive excess returns in the month following intense buying by individuals.",83,"ABSTRACT This paper investigates the dynamic relation between net individual investor trading and short‐horizon returns for a large cross‐section of NYSE stocks. The evidence indicates that individuals tend to buy stocks following declines in the previous month and sell following price increases. We document positive excess returns in the month following intense buying by individuals and negative excess returns after individuals sell, which we show is distinct from the previously shown past return or volume effects. The patterns we document are consistent with the notion that risk‐averse individuals provide liquidity to meet institutional demand for immediacy."
Trading activity,144,net individual investor trading,short-horizon returns,Selling by individuals leads to negative excess returns after individuals sell.,83,"ABSTRACT This paper investigates the dynamic relation between net individual investor trading and short‐horizon returns for a large cross‐section of NYSE stocks. The evidence indicates that individuals tend to buy stocks following declines in the previous month and sell following price increases. We document positive excess returns in the month following intense buying by individuals and negative excess returns after individuals sell, which we show is distinct from the previously shown past return or volume effects. The patterns we document are consistent with the notion that risk‐averse individuals provide liquidity to meet institutional demand for immediacy."
Mutual funds,145,money toward mutual funds,stock returns,Investors channel money toward mutual funds that subsequently perform well,84,"ABSTRACT Gruber (1996) and Zheng (1999) report that investors channel money toward mutual funds that subsequently perform well. Sapp and Tiwari (2004) find that this “smart money” effect no longer holds after controlling for stock return momentum. While prior work uses quarterly U.S. data, we employ a British data set of monthly fund inflows and outflows differentiated between individual and institutional investors. We document a robust smart money effect in the United Kingdom. The effect is caused by buying (but not selling) decisions of both individuals and institutions. Using monthly data available post‐1991 we show that money is comparably smart in the United States."
Mutual funds,146,buying decisions of individuals and institutions,stock returns,The effect is caused by buying decisions of both individuals and institutions,84,"ABSTRACT Gruber (1996) and Zheng (1999) report that investors channel money toward mutual funds that subsequently perform well. Sapp and Tiwari (2004) find that this “smart money” effect no longer holds after controlling for stock return momentum. While prior work uses quarterly U.S. data, we employ a British data set of monthly fund inflows and outflows differentiated between individual and institutional investors. We document a robust smart money effect in the United Kingdom. The effect is caused by buying (but not selling) decisions of both individuals and institutions. Using monthly data available post‐1991 we show that money is comparably smart in the United States."
Trading activity,147,Accurate information,stock returns,"Accurate information increases the volatility and correlation of stock returns in the highly volatile, strongly correlated equilibrium.",85,"ABSTRACT This paper studies an overlapping generations model with multiple securities and heterogeneously informed agents. The model produces multiple equilibria, including highly volatile equilibria that can exhibit strong or weak correlations between asset returns—even when asset supplies and future dividends are uncorrelated across assets. Less informed agents rationally behave like trend‐followers, while better informed agents follow contrarian strategies. Trading volume has a hump‐shaped relation with information precision and is positively correlated with absolute price changes. Finally, accurate information increases the volatility and correlation of stock returns in the highly volatile, strongly correlated equilibrium."
Share payouts,148,share issuance,stock returns,"Post‐1970, share issuance exhibits a strong cross‐sectional ability to predict stock returns.",86,"ABSTRACT Post‐1970, share issuance exhibits a strong cross‐sectional ability to predict stock returns. This predictive ability is more statistically significant than the individual predictive ability of size, book‐to‐market, or momentum. Our finding is related to research that finds that long‐run returns are associated with share repurchase announcements, seasoned equity offerings, and stock mergers, although our results remain strong even after exclusion of the data used in these studies. We estimate the issuance relation pre‐1970 and find no statistically significant predictive ability for most holding periods."
Share payouts,149,cash dividend reduction or omission announcements,long‐term abnormal returns,Significant negative post‐announcement long‐term abnormal returns are driven by the post‐earnings‐announcement drift.,87,"ABSTRACT Using a sample of 2,337 cash dividend reduction or omission announcements over the 1927 to 1999 period, this study reports significant negative post‐announcement long‐term abnormal returns, which last 1 year only. However, this long‐term abnormal performance is driven by the post‐earnings‐announcement drift. After controlling for the earnings performance and the skewness of buy‐and‐hold abnormal returns, there is no compelling evidence of a post‐dividend‐reduction or post‐dividend‐omission price drift."
Earnings,150,"pre-repurchase downward earnings management, percentage of the company that managers repurchase, CEO ownership",post-repurchase abnormal returns,"Pre-repurchase downward earnings management increases with both the percentage of the company that managers repurchase and CEO ownership, which drives post-repurchase abnormal returns.",88,"ABSTRACT Both post‐repurchase abnormal returns and reported improvement in operating performance are driven, at least in part, by pre‐repurchase downward earnings management rather than genuine growth in profitability. The downward earnings management increases with both the percentage of the company that managers repurchase and CEO ownership. Pre‐repurchase abnormal accruals are also negatively associated with future performance, with the association driven mainly by those firms that report the largest income‐decreasing abnormal accruals. The study suggests that one reason firms experience post‐repurchase abnormal returns is that post‐repurchase realized earnings growth exceeds expectations formed on the basis of pre‐repurchase deflated earnings numbers."
Earnings,151,pre-repurchase abnormal accruals,future performance,"Pre-repurchase abnormal accruals are negatively associated with future performance, particularly in firms with the largest income-decreasing abnormal accruals.",88,"ABSTRACT Both post‐repurchase abnormal returns and reported improvement in operating performance are driven, at least in part, by pre‐repurchase downward earnings management rather than genuine growth in profitability. The downward earnings management increases with both the percentage of the company that managers repurchase and CEO ownership. Pre‐repurchase abnormal accruals are also negatively associated with future performance, with the association driven mainly by those firms that report the largest income‐decreasing abnormal accruals. The study suggests that one reason firms experience post‐repurchase abnormal returns is that post‐repurchase realized earnings growth exceeds expectations formed on the basis of pre‐repurchase deflated earnings numbers."
Earnings,152,"post-repurchase realized earnings growth, pre-repurchase deflated earnings numbers",post-repurchase abnormal returns,"Post-repurchase realized earnings growth exceeds expectations formed on the basis of pre-repurchase deflated earnings numbers, leading to post-repurchase abnormal returns.",88,"ABSTRACT Both post‐repurchase abnormal returns and reported improvement in operating performance are driven, at least in part, by pre‐repurchase downward earnings management rather than genuine growth in profitability. The downward earnings management increases with both the percentage of the company that managers repurchase and CEO ownership. Pre‐repurchase abnormal accruals are also negatively associated with future performance, with the association driven mainly by those firms that report the largest income‐decreasing abnormal accruals. The study suggests that one reason firms experience post‐repurchase abnormal returns is that post‐repurchase realized earnings growth exceeds expectations formed on the basis of pre‐repurchase deflated earnings numbers."
Earnings forecasts,153,the fraction of negative words in firm-specific news stories,firm earnings,The fraction of negative words in firm-specific news stories forecasts low firm earnings,89,"ABSTRACT We examine whether a simple quantitative measure of language can be used to predict individual firms' accounting earnings and stock returns. Our three main findings are: (1) the fraction of negative words in firm‐specific news stories forecasts low firm earnings; (2) firms' stock prices briefly underreact to the information embedded in negative words; and (3) the earnings and return predictability from negative words is largest for the stories that focus on fundamentals. Together these findings suggest that linguistic media content captures otherwise hard‐to‐quantify aspects of firms' fundamentals, which investors quickly incorporate into stock prices."
Earnings,154,negative words,stock returns,Firms' stock prices briefly underreact to the information embedded in negative words,89,"ABSTRACT We examine whether a simple quantitative measure of language can be used to predict individual firms' accounting earnings and stock returns. Our three main findings are: (1) the fraction of negative words in firm‐specific news stories forecasts low firm earnings; (2) firms' stock prices briefly underreact to the information embedded in negative words; and (3) the earnings and return predictability from negative words is largest for the stories that focus on fundamentals. Together these findings suggest that linguistic media content captures otherwise hard‐to‐quantify aspects of firms' fundamentals, which investors quickly incorporate into stock prices."
Negative sentiment,155,negative words,stock returns,The earnings and return predictability from negative words is largest for the stories that focus on fundamentals,89,"ABSTRACT We examine whether a simple quantitative measure of language can be used to predict individual firms' accounting earnings and stock returns. Our three main findings are: (1) the fraction of negative words in firm‐specific news stories forecasts low firm earnings; (2) firms' stock prices briefly underreact to the information embedded in negative words; and (3) the earnings and return predictability from negative words is largest for the stories that focus on fundamentals. Together these findings suggest that linguistic media content captures otherwise hard‐to‐quantify aspects of firms' fundamentals, which investors quickly incorporate into stock prices."
Earnings forecasts,156,the model,abnormal returns,"The model produces unbiased, out‐of‐sample forecasts of abnormal returns for firms added to the S&amp;P 500 index.",90,"ABSTRACT This paper models transaction costs as the rents that a monopolistic market maker extracts from impatient investors who trade via limit orders. We show that limit orders are American options. The limit prices inducing immediate execution of the order are functionally equivalent to bid and ask prices and can be solved for various transaction sizes to characterize the market maker's entire supply curve. We find considerable empirical support for the model's predictions in the cross‐section of NYSE firms. The model produces unbiased, out‐of‐sample forecasts of abnormal returns for firms added to the S&amp;P 500 index."
Takeovers,157,dynamics of firm-level betas,stock returns,The dynamics of firm-level betas affect stock returns during the period surrounding control transactions.,91,"ABSTRACT This paper develops a real options framework to analyze the behavior of stock returns in mergers and acquisitions. In this framework, the timing and terms of takeovers are endogenous and result from value‐maximizing decisions. The implications of the model for abnormal announcement returns are consistent with the available empirical evidence. In addition, the model generates new predictions regarding the dynamics of firm‐level betas for the period surrounding control transactions. Using a sample of 1,086 takeovers of publicly traded U.S. firms between 1985 and 2002, we present new evidence on the dynamics of firm‐level betas, which is strongly supportive of the model's predictions."
Revenue growth,158,Asset growth rates,future abnormal returns,Asset growth rates are strong predictors of future abnormal returns.,92,"ABSTRACT We test for firm‐level asset investment effects in returns by examining the cross‐sectional relation between firm asset growth and subsequent stock returns. Asset growth rates are strong predictors of future abnormal returns. Asset growth retains its forecasting ability even on large capitalization stocks. When we compare asset growth rates with the previously documented determinants of the cross‐section of returns (i.e., book‐to‐market ratios, firm capitalization, lagged returns, accruals, and other growth measures), we find that a firm's annual asset growth rate emerges as an economically and statistically significant predictor of the cross‐section of U.S. stock returns."
Revenue growth,159,A firm's annual asset growth rate,the cross-section of U.S. stock returns.,A firm's annual asset growth rate emerges as an economically and statistically significant predictor of the cross-section of U.S. stock returns.,92,"ABSTRACT We test for firm‐level asset investment effects in returns by examining the cross‐sectional relation between firm asset growth and subsequent stock returns. Asset growth rates are strong predictors of future abnormal returns. Asset growth retains its forecasting ability even on large capitalization stocks. When we compare asset growth rates with the previously documented determinants of the cross‐section of returns (i.e., book‐to‐market ratios, firm capitalization, lagged returns, accruals, and other growth measures), we find that a firm's annual asset growth rate emerges as an economically and statistically significant predictor of the cross‐section of U.S. stock returns."
Revenue growth,160,large positive excess returns,stock returns,Plan sponsors hire investment managers after large positive excess returns but this return‐chasing behavior does not deliver positive excess returns thereafter.,93,"ABSTRACT We examine the selection and termination of investment management firms by 3,400 plan sponsors between 1994 and 2003. Plan sponsors hire investment managers after large positive excess returns but this return‐chasing behavior does not deliver positive excess returns thereafter. Investment managers are terminated for a variety of reasons, including but not limited to underperformance. Excess returns after terminations are typically indistinguishable from zero but in some cases positive. In a sample of round‐trip firing and hiring decisions, we find that if plan sponsors had stayed with fired investment managers, their excess returns would be no different from those delivered by newly hired managers. We uncover significant variation in pre‐ and post‐hiring and firing returns that is related to plan sponsor characteristics."
Private equity / hedge funds,161,termination of investment managers,stock returns,Excess returns after terminations are typically indistinguishable from zero but in some cases positive.,93,"ABSTRACT We examine the selection and termination of investment management firms by 3,400 plan sponsors between 1994 and 2003. Plan sponsors hire investment managers after large positive excess returns but this return‐chasing behavior does not deliver positive excess returns thereafter. Investment managers are terminated for a variety of reasons, including but not limited to underperformance. Excess returns after terminations are typically indistinguishable from zero but in some cases positive. In a sample of round‐trip firing and hiring decisions, we find that if plan sponsors had stayed with fired investment managers, their excess returns would be no different from those delivered by newly hired managers. We uncover significant variation in pre‐ and post‐hiring and firing returns that is related to plan sponsor characteristics."
Management changes,162,fired investment managers,stock returns,"In a sample of round‐trip firing and hiring decisions, if plan sponsors had stayed with fired investment managers, their excess returns would be no different from those delivered by newly hired managers.",93,"ABSTRACT We examine the selection and termination of investment management firms by 3,400 plan sponsors between 1994 and 2003. Plan sponsors hire investment managers after large positive excess returns but this return‐chasing behavior does not deliver positive excess returns thereafter. Investment managers are terminated for a variety of reasons, including but not limited to underperformance. Excess returns after terminations are typically indistinguishable from zero but in some cases positive. In a sample of round‐trip firing and hiring decisions, we find that if plan sponsors had stayed with fired investment managers, their excess returns would be no different from those delivered by newly hired managers. We uncover significant variation in pre‐ and post‐hiring and firing returns that is related to plan sponsor characteristics."
Trading activity,163,marketwide private information obtained from equity market data,industry stock returns,Marketwide private information obtained from equity market data forecasts industry stock returns,94,"ABSTRACT We present a model of equity trading with informed and uninformed investors where informed investors trade on firm‐specific and marketwide private information. The model is used to identify the component of order flow due to marketwide private information. Estimated trades driven by marketwide private information display little or no correlation with the first principal component in order flow. Indeed, we find that co‐movement in order flow captures variation mostly in liquidity trades. Marketwide private information obtained from equity market data forecasts industry stock returns, and also currency returns."
Trading activity,164,marketwide private information obtained from equity market data,currency returns,Marketwide private information obtained from equity market data forecasts currency returns,94,"ABSTRACT We present a model of equity trading with informed and uninformed investors where informed investors trade on firm‐specific and marketwide private information. The model is used to identify the component of order flow due to marketwide private information. Estimated trades driven by marketwide private information display little or no correlation with the first principal component in order flow. Indeed, we find that co‐movement in order flow captures variation mostly in liquidity trades. Marketwide private information obtained from equity market data forecasts industry stock returns, and also currency returns."
Earnings forecasts,165,implied cost of capital (ICC),conditional expected stock return,The implied cost of capital (ICC) is perfectly correlated with the conditional expected stock return under plausible conditions.,95,"ABSTRACT We argue that the implied cost of capital (ICC), computed using earnings forecasts, is useful in capturing time variation in expected stock returns. First, we show theoretically that ICC is perfectly correlated with the conditional expected stock return under plausible conditions. Second, our simulations show that ICC is helpful in detecting an intertemporal risk–return relation, even when earnings forecasts are poor. Finally, in empirical analysis, we construct the time series of ICC for the G–7 countries. We find a positive relation between the conditional mean and variance of stock returns, at both the country level and the world market level."
Earnings forecasts,166,implied cost of capital (ICC),intertemporal risk–return relation,ICC is helpful in detecting an intertemporal risk–return relation.,95,"ABSTRACT We argue that the implied cost of capital (ICC), computed using earnings forecasts, is useful in capturing time variation in expected stock returns. First, we show theoretically that ICC is perfectly correlated with the conditional expected stock return under plausible conditions. Second, our simulations show that ICC is helpful in detecting an intertemporal risk–return relation, even when earnings forecasts are poor. Finally, in empirical analysis, we construct the time series of ICC for the G–7 countries. We find a positive relation between the conditional mean and variance of stock returns, at both the country level and the world market level."
Earnings forecasts,167,conditional mean and variance,stock returns,We find a positive relation between the conditional mean and variance of stock returns.,95,"ABSTRACT We argue that the implied cost of capital (ICC), computed using earnings forecasts, is useful in capturing time variation in expected stock returns. First, we show theoretically that ICC is perfectly correlated with the conditional expected stock return under plausible conditions. Second, our simulations show that ICC is helpful in detecting an intertemporal risk–return relation, even when earnings forecasts are poor. Finally, in empirical analysis, we construct the time series of ICC for the G–7 countries. We find a positive relation between the conditional mean and variance of stock returns, at both the country level and the world market level."
Earnings forecasts,168,evolution of B/M,expected stock returns,The evolution of B/M contains independent information about expected cashflows that can be used to improve estimates of expected returns,96,"ABSTRACT The book‐to‐market ratio (B/M) is a noisy measure of expected stock returns because it also varies with expected cashflows. Our hypothesis is that the evolution of B/M, in terms of past changes in book equity and price, contains independent information about expected cashflows that can be used to improve estimates of expected returns. The tests support this hypothesis, with results that are largely but not entirely similar for Microcap stocks (below the 20 th NYSE market capitalization percentile) and All but Micro stocks (ABM)."
Earnings,169,cash flow characteristics (covariance and duration),"average returns on size, book-to-market, and long-term reversal-sorted portfolios",Cash flow characteristics (covariance and duration) explain cross-sectional variation in stock returns.,97,"ABSTRACT I link an asset's risk premium to two characteristics of its underlying cash flow: covariance and duration. Using empirically novel estimates of both cash flow characteristics based exclusively on accounting earnings and aggregate consumption data, I examine their dynamic interaction in a two‐factor cash flow model and find that they are able to explain up to 82% of the cross‐sectional variation in the average returns on size, book‐to‐market, and long‐term reversal‐sorted portfolios for the period 1964 to 2002. This finding highlights the importance of fundamental cash flow characteristics in determining the risk exposure of an asset."
Corporate governance,170,debt capacity,stock returns,Debt capacity is a significant determinant of stock returns only in the cross‐section of financially constrained firms.,98,"ABSTRACT Building on a model of corporate investment under collateral constraints, we develop and test a hypothesis on the differential effect of debt capacity on stock returns across financially constrained and unconstrained firms. Consistent with the hypothesis, we find that debt capacity is a significant determinant of stock returns only in the cross‐section of financially constrained firms, after controlling for beta, size, book‐to‐market, leverage, and momentum. The findings suggest that cross‐sectional differences in corporate investment behavior arising from financial constraints, predicted by theories of imperfect capital markets and supported by empirical evidence, are reflected in the stock returns of manufacturing firms."
Earnings,171,limited attention among investors,stock prices,"Limited attention among investors influences stock prices, resulting in less immediate response and more drift for Friday announcements.",99,"ABSTRACT Does limited attention among investors affect stock returns? We compare the response to earnings announcements on Friday, when investor inattention is more likely, to the response on other weekdays. If inattention influences stock prices, we should observe less immediate response and more drift for Friday announcements. Indeed, Friday announcements have a 15% lower immediate response and a 70% higher delayed response. A portfolio investing in differential Friday drift earns substantial abnormal returns. In addition, trading volume is 8% lower around Friday announcements. These findings support explanations of post‐earnings announcement drift based on underreaction to information caused by limited attention."
Earnings forecasts,172,differential Friday drift,abnormal returns,A portfolio investing in differential Friday drift earns substantial abnormal returns.,99,"ABSTRACT Does limited attention among investors affect stock returns? We compare the response to earnings announcements on Friday, when investor inattention is more likely, to the response on other weekdays. If inattention influences stock prices, we should observe less immediate response and more drift for Friday announcements. Indeed, Friday announcements have a 15% lower immediate response and a 70% higher delayed response. A portfolio investing in differential Friday drift earns substantial abnormal returns. In addition, trading volume is 8% lower around Friday announcements. These findings support explanations of post‐earnings announcement drift based on underreaction to information caused by limited attention."
Trading activity,173,effective cost,stock returns,effective cost is positively related to stock returns,100,"ABSTRACT The effective cost of trading is usually estimated from transaction‐level data. This study proposes a Gibbs estimate that is based on daily closing prices. In a validation sample, the daily Gibbs estimate achieves a correlation of 0.965 with the transaction‐level estimate. When the Gibbs estimates are incorporated into asset pricing specifications over a long historical sample (1926 to 2006), the results suggest that effective cost (as a characteristic) is positively related to stock returns. The relation is strongest in January, but it appears to be distinct from size effects."
Takeovers,174,overvalued firms,long-term shareholders,Overvalued firms create value for long-term shareholders by using their equity as currency.,101,"ABSTRACT This paper finds support for the hypothesis that overvalued firms create value for long‐term shareholders by using their equity as currency. Any approach centered on abnormal returns is complicated by the fact that the most overvalued firms have the greatest incentive to engage in stock acquisitions. We solve this endogeneity problem by creating a sample of mergers that fail for exogenous reasons. We find that unsuccessful stock bidders significantly underperform successful ones. Failure to consummate is costlier for richly priced firms, and the unrealized acquirer‐target combination would have earned higher returns. None of these results hold for cash bids."
Earnings losses,175,unsuccessful stock bidders,successful stock bidders,Unsuccessful stock bidders significantly underperform successful ones.,101,"ABSTRACT This paper finds support for the hypothesis that overvalued firms create value for long‐term shareholders by using their equity as currency. Any approach centered on abnormal returns is complicated by the fact that the most overvalued firms have the greatest incentive to engage in stock acquisitions. We solve this endogeneity problem by creating a sample of mergers that fail for exogenous reasons. We find that unsuccessful stock bidders significantly underperform successful ones. Failure to consummate is costlier for richly priced firms, and the unrealized acquirer‐target combination would have earned higher returns. None of these results hold for cash bids."
Takeovers,176,richly priced firms,unrealized acquirer-target combination,"Failure to consummate is costlier for richly priced firms, and the unrealized acquirer-target combination would have earned higher returns.",101,"ABSTRACT This paper finds support for the hypothesis that overvalued firms create value for long‐term shareholders by using their equity as currency. Any approach centered on abnormal returns is complicated by the fact that the most overvalued firms have the greatest incentive to engage in stock acquisitions. We solve this endogeneity problem by creating a sample of mergers that fail for exogenous reasons. We find that unsuccessful stock bidders significantly underperform successful ones. Failure to consummate is costlier for richly priced firms, and the unrealized acquirer‐target combination would have earned higher returns. None of these results hold for cash bids."
Options / VIX,177,marketwide correlation shocks,expected option returns,Exposure to marketwide correlation shocks affects expected option returns.,102,"ABSTRACT We study whether exposure to marketwide correlation shocks affects expected option returns, using data on S&amp;P100 index options, options on all components, and stock returns. We find evidence of priced correlation risk based on prices of index and individual variance risk. A trading strategy exploiting priced correlation risk generates a high alpha and is attractive for CRRA investors without frictions. Correlation risk exposure explains the cross‐section of index and individual option returns well. The correlation risk premium cannot be exploited with realistic trading frictions, providing a limits‐to‐arbitrage interpretation of our finding of a high price of correlation risk."
Marketing,178,media coverage,stock returns,Stocks with no media coverage earn higher returns than stocks with high media coverage.,103,"ABSTRACT By reaching a broad population of investors, mass media can alleviate informational frictions and affect security pricing even if it does not supply genuine news. We investigate this hypothesis by studying the cross‐sectional relation between media coverage and expected stock returns. We find that stocks with no media coverage earn higher returns than stocks with high media coverage even after controlling for well‐known risk factors. These results are more pronounced among small stocks and stocks with high individual ownership, low analyst following, and high idiosyncratic volatility. Our findings suggest that the breadth of information dissemination affects stock returns."
NA,179,labor income,stock returns,"When agents have KUJ preferences, the equilibrium price of risk of the domestic factor is negative, which explains the cross‐section of stock returns.",104,"ABSTRACT This paper tests the cross‐sectional implications of “keeping‐up‐with‐the‐Joneses” (KUJ) preferences in an international setting. When agents have KUJ preferences, in the presence of undiversifiable nonfinancial wealth, both world and domestic risk (the idiosyncratic component of domestic wealth) are priced, and the equilibrium price of risk of the domestic factor is negative. We use labor income as a proxy for domestic wealth and find empirical support for these predictions. In terms of explaining the cross‐section of stock returns and the size of the pricing errors, the model performs better than alternative international asset pricing models."
Macroeconomic data,180,fundamental betas,relative price levels of individual stocks,Differences in relative price levels of individual stocks can be largely explained by their fundamental betas.,105,"ABSTRACT Most previous research tests market efficiency using average abnormal trading profits on dynamic trading strategies, and typically rejects the joint hypothesis of market efficiency and an asset pricing model. In contrast, we adopt the perspective of a buy‐and‐hold investor and examine stock price levels. For such an investor, the price level is more relevant than the short‐horizon expected return, and betas of cash flow fundamentals are more important than high‐frequency stock return betas. Our cross‐sectional tests suggest that there exist specifications in which differences in relative price levels of individual stocks can be largely explained by their fundamental betas."
Currencies / metals,181,interest rate differentials,currency excess returns,Expected currency excess returns increase with interest rate differentials,106,"ABSTRACT This paper presents a model that reproduces the uncovered interest rate parity puzzle. Investors have preferences with external habits. Countercyclical risk premia and procyclical real interest rates arise endogenously. During bad times at home, when domestic consumption is close to the habit level, the representative investor is very risk averse. When the domestic investor is more risk averse than her foreign counterpart, the exchange rate is closely tied to domestic consumption growth shocks. The domestic investor therefore expects a positive currency excess return. Because interest rates are low in bad times, expected currency excess returns increase with interest rate differentials."
Bear / bull market,182,negative market returns,stock liquidity,Negative market returns decrease stock liquidity,107,"ABSTRACT Consistent with recent theoretical models where binding capital constraints lead to sudden liquidity dry‐ups, we find that negative market returns decrease stock liquidity, especially during times of tightness in the funding market. The asymmetric effect of changes in aggregate asset values on liquidity and commonality in liquidity cannot be fully explained by changes in demand for liquidity or volatility effects. We document interindustry spillover effects in liquidity, which are likely to arise from capital constraints in the market making sector. We also find economically significant returns to supplying liquidity following periods of large drops in market valuations."
Liquidity,183,supplying liquidity,stock returns,Economically significant returns to supplying liquidity following periods of large drops in market valuations,107,"ABSTRACT Consistent with recent theoretical models where binding capital constraints lead to sudden liquidity dry‐ups, we find that negative market returns decrease stock liquidity, especially during times of tightness in the funding market. The asymmetric effect of changes in aggregate asset values on liquidity and commonality in liquidity cannot be fully explained by changes in demand for liquidity or volatility effects. We document interindustry spillover effects in liquidity, which are likely to arise from capital constraints in the market making sector. We also find economically significant returns to supplying liquidity following periods of large drops in market valuations."
Mutual funds,184,controlling for false discoveries,the ability to find the few funds with persistent performance,Controlling for false discoveries substantially improves the ability to find the few funds with persistent performance,108,"ABSTRACT This paper develops a simple technique that controls for “false discoveries,” or mutual funds that exhibit significant alphas by luck alone. Our approach precisely separates funds into (1) unskilled, (2) zero‐alpha, and (3) skilled funds, even with dependencies in cross‐fund estimated alphas. We find that 75% of funds exhibit zero alpha (net of expenses), consistent with the Berk and Green equilibrium. Further, we find a significant proportion of skilled (positive alpha) funds prior to 1996, but almost none by 2006. We also show that controlling for false discoveries substantially improves the ability to find the few funds with persistent performance."
Trading activity,185,"high industry-level stock market valuation, investment, and financing",stock returns,"In competitive industries, high industry-level stock market valuation, investment, and financing are followed by sharply lower operating cash flows and abnormal stock returns.",109,"ABSTRACT We examine how product market competition affects firm cash flows and stock returns in industry booms and busts. Our results show how real and financial factors interact in industry business cycles. In competitive industries, we find that high industry‐level stock market valuation, investment, and financing are followed by sharply lower operating cash flows and abnormal stock returns. Analyst estimates are positively biased and returns comove more. In concentrated industries these relations are weak and generally insignificant. Our results are consistent with participants in competitive industries not fully internalizing the negative externality of industry competition on cash flows and stock returns."
Elections,186,firm support for political candidates,future stock returns,Firm support for political candidates is positively and significantly correlated with future stock returns.,110,"ABSTRACT We develop a new and comprehensive database of firm‐level contributions to U.S. political campaigns from 1979 to 2004. We construct variables that measure the extent of firm support for candidates. We find that these measures are positively and significantly correlated with the cross‐section of future returns. The effect is strongest for firms that support a greater number of candidates that hold office in the same state that the firm is based. In addition, there are stronger effects for firms whose contributions are slanted toward House candidates and Democrats."
State politics,187,number of candidates supported in the same state,stock returns,Supporting a greater number of candidates that hold office in the same state is associated with stronger stock returns.,110,"ABSTRACT We develop a new and comprehensive database of firm‐level contributions to U.S. political campaigns from 1979 to 2004. We construct variables that measure the extent of firm support for candidates. We find that these measures are positively and significantly correlated with the cross‐section of future returns. The effect is strongest for firms that support a greater number of candidates that hold office in the same state that the firm is based. In addition, there are stronger effects for firms whose contributions are slanted toward House candidates and Democrats."
Elections,188,contributions slanted toward House candidates,stock returns,Contributions slanted toward House candidates are associated with stronger stock returns.,110,"ABSTRACT We develop a new and comprehensive database of firm‐level contributions to U.S. political campaigns from 1979 to 2004. We construct variables that measure the extent of firm support for candidates. We find that these measures are positively and significantly correlated with the cross‐section of future returns. The effect is strongest for firms that support a greater number of candidates that hold office in the same state that the firm is based. In addition, there are stronger effects for firms whose contributions are slanted toward House candidates and Democrats."
Elections,189,contributions slanted toward Democrats,stock returns,Contributions slanted toward Democrats are associated with stronger stock returns.,110,"ABSTRACT We develop a new and comprehensive database of firm‐level contributions to U.S. political campaigns from 1979 to 2004. We construct variables that measure the extent of firm support for candidates. We find that these measures are positively and significantly correlated with the cross‐section of future returns. The effect is strongest for firms that support a greater number of candidates that hold office in the same state that the firm is based. In addition, there are stronger effects for firms whose contributions are slanted toward House candidates and Democrats."
Earnings,190,financial leverage,stock returns,The link between leverage and stock returns is complex and depends on the investment opportunities available to the firm.,111,"ABSTRACT This paper revisits the theoretical relation between financial leverage and stock returns in a dynamic world where both corporate investment and financing decisions are endogenous. We find that the link between leverage and stock returns is more complex than static textbook examples suggest, and depends on the investment opportunities available to the firm. In the presence of financial market imperfections, leverage and investment are generally correlated so that highly levered firms are also mature firms with relatively more (safe) book assets and fewer (risky) growth opportunities. A quantitative version of our model matches several stylized facts about leverage and returns."
Bankruptcy,191,financial leverage,stock returns,"Highly levered firms are correlated with more (safe) book assets and fewer (risky) growth opportunities, impacting stock returns.",111,"ABSTRACT This paper revisits the theoretical relation between financial leverage and stock returns in a dynamic world where both corporate investment and financing decisions are endogenous. We find that the link between leverage and stock returns is more complex than static textbook examples suggest, and depends on the investment opportunities available to the firm. In the presence of financial market imperfections, leverage and investment are generally correlated so that highly levered firms are also mature firms with relatively more (safe) book assets and fewer (risky) growth opportunities. A quantitative version of our model matches several stylized facts about leverage and returns."
Trading activity,192,time intervals,stock returns,"There is a striking pattern of return continuation at half‐hour intervals that are exact multiples of a trading day, lasting for at least 40 trading days.",112,"ABSTRACT Motivated by the literature on investment flows and optimal trading, we examine intraday predictability in the cross‐section of stock returns. We find a striking pattern of return continuation at half‐hour intervals that are exact multiples of a trading day, and this effect lasts for at least 40 trading days. Volume, order imbalance, volatility, and bid‐ask spreads exhibit similar patterns, but do not explain the return patterns. We also show that short‐term return reversal is driven by temporary liquidity imbalances lasting less than an hour and bid‐ask bounce. Timing trades can reduce execution costs by the equivalent of the effective spread."
Trading activity,193,temporary liquidity imbalances and bid‐ask bounce,stock returns,Short‐term return reversal is driven by temporary liquidity imbalances lasting less than an hour and bid‐ask bounce.,112,"ABSTRACT Motivated by the literature on investment flows and optimal trading, we examine intraday predictability in the cross‐section of stock returns. We find a striking pattern of return continuation at half‐hour intervals that are exact multiples of a trading day, and this effect lasts for at least 40 trading days. Volume, order imbalance, volatility, and bid‐ask spreads exhibit similar patterns, but do not explain the return patterns. We also show that short‐term return reversal is driven by temporary liquidity imbalances lasting less than an hour and bid‐ask bounce. Timing trades can reduce execution costs by the equivalent of the effective spread."
Exchanges / composites,194,economically meaningless index labels,stock returns,Economically meaningless index labels cause stock returns to covary in excess of fundamentals.,113,"ABSTRACT I find that economically meaningless index labels cause stock returns to covary in excess of fundamentals. S&amp;P/Barra follow a simple mechanical procedure to define their Value and Growth indices. In doing so, they reclassify some stocks from Value to Growth even after their book‐to‐market ratios have risen, and vice versa. Such stocks begin to covary more with the index they join and less with the index they leave. Backdated constituent data from Barra reveal no such label‐related shifts in comovement during the 10 years prior to the actual introduction of the indices in 1992."
Investment banking,195,multiquarter institutional buying and selling,long-term returns,Persistent institutional trading negatively predicts long-term returns,114,"ABSTRACT Recent studies show that single‐quarter institutional herding positively predicts short‐term returns. Motivated by the theoretical herding literature, which emphasizes endogenous persistence in decisions over time, we estimate the effect of multiquarter institutional buying and selling on stock returns. Using both regression and portfolio tests, we find that persistent institutional trading negatively predicts long‐term returns: persistently sold stocks outperform persistently bought stocks at long horizons. The negative association between returns and institutional trade persistence is not subsumed by past returns or other stock characteristics, is concentrated among smaller stocks, and is stronger for stocks with higher institutional ownership."
Mutual funds,196,persistently sold stocks,long-term returns,Persistently sold stocks outperform persistently bought stocks at long horizons,114,"ABSTRACT Recent studies show that single‐quarter institutional herding positively predicts short‐term returns. Motivated by the theoretical herding literature, which emphasizes endogenous persistence in decisions over time, we estimate the effect of multiquarter institutional buying and selling on stock returns. Using both regression and portfolio tests, we find that persistent institutional trading negatively predicts long‐term returns: persistently sold stocks outperform persistently bought stocks at long horizons. The negative association between returns and institutional trade persistence is not subsumed by past returns or other stock characteristics, is concentrated among smaller stocks, and is stronger for stocks with higher institutional ownership."
Mutual funds,197,interim trading skills of institutional investors,abnormal stock returns,Institutional investors earn significant abnormal returns on their trades within the trading quarter.,115,"ABSTRACT Using a large proprietary database of institutional trades, this paper examines the interim (intraquarter) trading skills of institutional investors. We find strong evidence that institutional investors earn significant abnormal returns on their trades within the trading quarter and that interim trading performance is persistent. After transactions costs, our estimates suggest that interim trading skills contribute between 20 and 26 basis points per year to the average fund's abnormal performance. Our findings also indicate that any trading skills documented by previous studies that use quarterly data are biased downwards because of their inability to account for interim trades."
Trading activity,198,interim trading skills,abnormal stock returns,Interim trading skills contribute between 20 and 26 basis points per year to the average fund's abnormal performance.,115,"ABSTRACT Using a large proprietary database of institutional trades, this paper examines the interim (intraquarter) trading skills of institutional investors. We find strong evidence that institutional investors earn significant abnormal returns on their trades within the trading quarter and that interim trading performance is persistent. After transactions costs, our estimates suggest that interim trading skills contribute between 20 and 26 basis points per year to the average fund's abnormal performance. Our findings also indicate that any trading skills documented by previous studies that use quarterly data are biased downwards because of their inability to account for interim trades."
Options / VIX,199,Put option sales by large firms,Abnormal stock returns,"Large firms successfully time security sales, leading to abnormal stock returns of roughly 5% following put option issues.",116,"ABSTRACT We study put option sales on company stock by large firms. An often‐cited motivation for these transactions is market timing, and managers' decision to issue puts should be sensitive to whether the stock is undervalued. We provide new evidence that large firms successfully time security sales. In the 100 days following put option issues, there is roughly a 5% abnormal stock return, with much of the abnormal return following the first earnings release date after the sale. Direct evidence on put option exercises reinforces these findings: exercise frequencies and payoffs to put holders are abnormally low."
Investment banking,200,professionally close stocks,stock returns,"Investors make excess returns on professionally close stocks (expected to be high, but found to be negative).",117,"ABSTRACT Using a novel data set covering all individual investors' stock market transactions in Norway over 10 years, we analyze whether individual investors have a preference for professionally close stocks, and whether they make excess returns on such investments. After excluding own‐company stock holdings, investors hold 11% of their portfolio in stocks within their two‐digit industry of employment. Given the poor hedging properties of such investments, one would expect abnormally high returns. In contrast, all estimates of abnormal returns are negative, in many cases statistically significant. Overconfidence seems the most likely explanation for the excessive trading in professionally close stocks."
Behavioral finance,201,overconfidence,stock returns,Excessive trading in professionally close stocks is explained by overconfidence.,117,"ABSTRACT Using a novel data set covering all individual investors' stock market transactions in Norway over 10 years, we analyze whether individual investors have a preference for professionally close stocks, and whether they make excess returns on such investments. After excluding own‐company stock holdings, investors hold 11% of their portfolio in stocks within their two‐digit industry of employment. Given the poor hedging properties of such investments, one would expect abnormally high returns. In contrast, all estimates of abnormal returns are negative, in many cases statistically significant. Overconfidence seems the most likely explanation for the excessive trading in professionally close stocks."
Macroeconomic data,202,consumption-based models,stock returns,Consumption-based models fail to capture key features of risk premiums in equity markets.,118,"ABSTRACT We find that several recently proposed consumption‐based models of stock returns, when evaluated using an optimal set of managed portfolios and the associated model‐implied conditional moment restrictions, fail to capture key features of risk premiums in equity markets. To arrive at these conclusions, we construct an optimal Generalized Method of Moments (GMM) estimator for models in which the stochastic discount factor (SDF) is a conditionally affine function of a set of priced risk factors, and we show that there is an optimal choice of managed portfolios to use in testing a null model against a proposed alternative generalized SDF."
Macroeconomic data,203,optimal Generalized Method of Moments (GMM) estimator,stock returns,The optimal Generalized Method of Moments (GMM) estimator is used to evaluate models of stock returns.,118,"ABSTRACT We find that several recently proposed consumption‐based models of stock returns, when evaluated using an optimal set of managed portfolios and the associated model‐implied conditional moment restrictions, fail to capture key features of risk premiums in equity markets. To arrive at these conclusions, we construct an optimal Generalized Method of Moments (GMM) estimator for models in which the stochastic discount factor (SDF) is a conditionally affine function of a set of priced risk factors, and we show that there is an optimal choice of managed portfolios to use in testing a null model against a proposed alternative generalized SDF."
Retail,204,Retail trading activity,Stock returns,Retail trading activity has a positive effect on the volatility of stock returns.,119,"ABSTRACT We show that retail trading activity has a positive effect on the volatility of stock returns, which suggests that retail investors behave as noise traders. To identify this effect, we use a reform of the French stock market that raises the relative cost of speculative trading for retail investors. The daily return volatility of the stocks affected by the reform falls by 20 basis points (a quarter of the sample standard deviation of the return volatility) relative to other stocks. For affected stocks, we also find a significant decrease in the magnitude of return reversals and the price impact of trades."
Options / VIX,205,state prices,stock returns,The Recovery Theorem enables us to determine the market's forecast of returns from state prices alone.,120,"ABSTRACT We can only estimate the distribution of stock returns, but from option prices we observe the distribution of state prices. State prices are the product of risk aversion—the pricing kernel—and the natural probability distribution. The Recovery Theorem enables us to separate these to determine the market's forecast of returns and risk aversion from state prices alone. Among other things, this allows us to recover the pricing kernel, market risk premium, and probability of a catastrophe and to construct model‐free tests of the efficient market hypothesis."
Macroeconomic data,206,marginal value of cash,stock price,The marginal value of cash varies negatively with the stock price.,121,"ABSTRACT We develop a dynamic model of a firm facing agency costs of free cash flow and external financing costs, and derive an explicit solution for the firm's optimal balance sheet dynamics. Financial frictions affect issuance and dividend policies, the value of cash holdings, and the dynamics of stock prices. The model predicts that the marginal value of cash varies negatively with the stock price, and positively with the volatility of the stock price. This yields novel insights on the asymmetric volatility phenomenon, on risk management policies, and on how business cycles and agency costs affect the volatility of stock returns."
Macroeconomic data,207,marginal value of cash,volatility of the stock price,The marginal value of cash varies positively with the volatility of the stock price.,121,"ABSTRACT We develop a dynamic model of a firm facing agency costs of free cash flow and external financing costs, and derive an explicit solution for the firm's optimal balance sheet dynamics. Financial frictions affect issuance and dividend policies, the value of cash holdings, and the dynamics of stock prices. The model predicts that the marginal value of cash varies negatively with the stock price, and positively with the volatility of the stock price. This yields novel insights on the asymmetric volatility phenomenon, on risk management policies, and on how business cycles and agency costs affect the volatility of stock returns."
Business cycles,208,business cycles and agency costs,volatility of stock returns,Business cycles and agency costs affect the volatility of stock returns.,121,"ABSTRACT We develop a dynamic model of a firm facing agency costs of free cash flow and external financing costs, and derive an explicit solution for the firm's optimal balance sheet dynamics. Financial frictions affect issuance and dividend policies, the value of cash holdings, and the dynamics of stock prices. The model predicts that the marginal value of cash varies negatively with the stock price, and positively with the volatility of the stock price. This yields novel insights on the asymmetric volatility phenomenon, on risk management policies, and on how business cycles and agency costs affect the volatility of stock returns."
Trading activity,209,Daily short-sale interest in family firms,stock returns,Daily short-sale interest in family firms contains useful information in forecasting stock returns,122,"ABSTRACT We investigate the relation between organization structure and the information content of short sales, focusing on founder‐ and heir‐controlled firms. Our analysis indicates that family‐controlled firms experience substantially higher abnormal short sales prior to negative earnings shocks than nonfamily firms. Supplementary testing indicates that family control characteristics intensify informed short selling. Further analysis suggests that daily short‐sale interest in family firms contains useful information in forecasting stock returns; however, we find no discernable effect for nonfamily firms. This analysis provides compelling evidence that informed trading via short sales occurs more readily in family firms than in nonfamily firms."
Earnings,210,intense aggregate individual investor buying,abnormal returns,Intense aggregate individual investor buying predicts large positive abnormal returns on and after earnings announcement dates,123,"ABSTRACT This paper provides evidence of informed trading by individual investors around earnings announcements using a unique data set of NYSE stocks. We show that intense aggregate individual investor buying (selling) predicts large positive (negative) abnormal returns on and after earnings announcement dates. We decompose abnormal returns following the event into information and liquidity provision components, and show that about half of the returns can be attributed to private information. We also find that individuals trade in both return‐contrarian and news‐contrarian manners after earnings announcements. The latter behavior has the potential to slow the adjustment of prices to earnings news."
Earnings,211,intense aggregate individual investor selling,abnormal returns,Intense aggregate individual investor selling predicts large negative abnormal returns on and after earnings announcement dates,123,"ABSTRACT This paper provides evidence of informed trading by individual investors around earnings announcements using a unique data set of NYSE stocks. We show that intense aggregate individual investor buying (selling) predicts large positive (negative) abnormal returns on and after earnings announcement dates. We decompose abnormal returns following the event into information and liquidity provision components, and show that about half of the returns can be attributed to private information. We also find that individuals trade in both return‐contrarian and news‐contrarian manners after earnings announcements. The latter behavior has the potential to slow the adjustment of prices to earnings news."
Macroeconomic data,212,Mean reversion,annualized volatility of stock returns,Annualized volatility of stock returns is lower over long horizons due to mean reversion.,124,"ABSTRACT According to conventional wisdom, annualized volatility of stock returns is lower over long horizons than over short horizons, due to mean reversion induced by return predictability. In contrast, we find that stocks are substantially more volatile over long horizons from an investor's perspective. This perspective recognizes that parameters are uncertain, even with two centuries of data, and that observable predictors imperfectly deliver the conditional expected return. Mean reversion contributes strongly to reducing long‐horizon variance but is more than offset by various uncertainties faced by the investor. The same uncertainties reduce desired stock allocations of long‐horizon investors contemplating target‐date funds."
Earnings forecasts,213,Observable predictors,stock returns,"Observable predictors imperfectly deliver the conditional expected return, leading to increased volatility over long horizons.",124,"ABSTRACT According to conventional wisdom, annualized volatility of stock returns is lower over long horizons than over short horizons, due to mean reversion induced by return predictability. In contrast, we find that stocks are substantially more volatile over long horizons from an investor's perspective. This perspective recognizes that parameters are uncertain, even with two centuries of data, and that observable predictors imperfectly deliver the conditional expected return. Mean reversion contributes strongly to reducing long‐horizon variance but is more than offset by various uncertainties faced by the investor. The same uncertainties reduce desired stock allocations of long‐horizon investors contemplating target‐date funds."
Currencies / metals,214,high interest rate currencies,stock returns,"High interest rate currencies are negatively related to innovations in global FX volatility, thus delivering low returns in times of unexpected high volatility.",125,"ABSTRACT We investigate the relation between global foreign exchange (FX) volatility risk and the cross section of excess returns arising from popular strategies that borrow in low interest rate currencies and invest in high interest rate currencies, so‐called “carry trades.” We find that high interest rate currencies are negatively related to innovations in global FX volatility, and thus deliver low returns in times of unexpected high volatility, when low interest rate currencies provide a hedge by yielding positive returns. Furthermore, we show that volatility risk dominates liquidity risk and our volatility risk proxy also performs well for pricing returns of other portfolios."
Currencies / metals,215,low interest rate currencies,stock returns,Low interest rate currencies provide a hedge by yielding positive returns during unexpected high volatility.,125,"ABSTRACT We investigate the relation between global foreign exchange (FX) volatility risk and the cross section of excess returns arising from popular strategies that borrow in low interest rate currencies and invest in high interest rate currencies, so‐called “carry trades.” We find that high interest rate currencies are negatively related to innovations in global FX volatility, and thus deliver low returns in times of unexpected high volatility, when low interest rate currencies provide a hedge by yielding positive returns. Furthermore, we show that volatility risk dominates liquidity risk and our volatility risk proxy also performs well for pricing returns of other portfolios."
SEC,216,opportunistic traders,stock returns,A portfolio strategy that focuses solely on the remaining “opportunistic” traders yields value‐weighted abnormal returns of 82 basis points per month.,126,"ABSTRACT Exploiting the fact that insiders trade for a variety of reasons, we show that there is predictable, identifiable “routine” insider trading that is not informative about firms’ futures. A portfolio strategy that focuses solely on the remaining “opportunistic” traders yields value‐weighted abnormal returns of 82 basis points per month, while abnormal returns associated with routine traders are essentially zero. The most informed opportunistic traders are local, nonexecutive insiders from geographically concentrated, poorly governed firms. Opportunistic traders are significantly more likely to have SEC enforcement action taken against them, and reduce trading following waves of SEC insider trading enforcement."
Macroeconomic data,217,technological-adoption process,asset valuations,The technological-adoption process leads to endogenous cycles in output and asset valuations.,127,"ABSTRACT We study the asset‐pricing implications of technological growth in a model with “small,” disembodied productivity shocks and “large,” infrequent technological innovations, which are embodied into new capital vintages. The technological‐adoption process leads to endogenous cycles in output and asset valuations. This process can help explain stylized asset‐valuation patterns around major technological innovations. More importantly, it can help provide a unified, investment‐based theory for numerous well‐documented facts related to excess‐return predictability. To illustrate the distinguishing features of our theory, we highlight novel implications pertaining to the joint time‐series properties of consumption and excess returns."
Macroeconomic data,218,technological growth,excess returns,"This process can help provide a unified, investment-based theory for numerous well-documented facts related to excess-return predictability.",127,"ABSTRACT We study the asset‐pricing implications of technological growth in a model with “small,” disembodied productivity shocks and “large,” infrequent technological innovations, which are embodied into new capital vintages. The technological‐adoption process leads to endogenous cycles in output and asset valuations. This process can help explain stylized asset‐valuation patterns around major technological innovations. More importantly, it can help provide a unified, investment‐based theory for numerous well‐documented facts related to excess‐return predictability. To illustrate the distinguishing features of our theory, we highlight novel implications pertaining to the joint time‐series properties of consumption and excess returns."
Options / VIX,219,firm‐level return volatility,firm‐level stock returns,The positive relation between firm‐level stock returns and firm‐level return volatility is due to firms’ real options.,128,"ABSTRACT We provide evidence that the positive relation between firm‐level stock returns and firm‐level return volatility is due to firms’ real options. Consistent with real option theory, we find that the positive volatility‐return relation is much stronger for firms with more real options and that the sensitivity of firm value to changes in volatility declines significantly after firms exercise their real options. We reconcile the evidence at the aggregate and firm levels by showing that the negative relation at the aggregate level may be due to aggregate market conditions that simultaneously affect both market returns and return volatility."
Options / VIX,220,the number of real options,firm‐level stock returns,The positive volatility‐return relation is much stronger for firms with more real options.,128,"ABSTRACT We provide evidence that the positive relation between firm‐level stock returns and firm‐level return volatility is due to firms’ real options. Consistent with real option theory, we find that the positive volatility‐return relation is much stronger for firms with more real options and that the sensitivity of firm value to changes in volatility declines significantly after firms exercise their real options. We reconcile the evidence at the aggregate and firm levels by showing that the negative relation at the aggregate level may be due to aggregate market conditions that simultaneously affect both market returns and return volatility."
Private / public sector,221,investor protection,stock returns,"The volatility of U.S. firms increases with investor protection, contributing positively to stock returns.",129,"ABSTRACT U.S. stocks are more volatile than stocks of similar foreign firms. A firm's stock return volatility can be higher for reasons that contribute positively (good volatility) or negatively (bad volatility) to shareholder wealth and economic growth. We find that the volatility of U.S. firms is higher mostly because of good volatility. Specifically, stock volatility is higher in the United States because it increases with investor protection, stock market development, new patents, and firm‐level investment in R&amp;D. Each of these factors is related to better growth opportunities for firms and better ability to take advantage of these opportunities."
Trading activity,222,stock market development,stock returns,"The volatility of U.S. firms increases with stock market development, contributing positively to stock returns.",129,"ABSTRACT U.S. stocks are more volatile than stocks of similar foreign firms. A firm's stock return volatility can be higher for reasons that contribute positively (good volatility) or negatively (bad volatility) to shareholder wealth and economic growth. We find that the volatility of U.S. firms is higher mostly because of good volatility. Specifically, stock volatility is higher in the United States because it increases with investor protection, stock market development, new patents, and firm‐level investment in R&amp;D. Each of these factors is related to better growth opportunities for firms and better ability to take advantage of these opportunities."
Biology / chemistry / physics,223,new patents,stock returns,"The volatility of U.S. firms increases with new patents, contributing positively to stock returns.",129,"ABSTRACT U.S. stocks are more volatile than stocks of similar foreign firms. A firm's stock return volatility can be higher for reasons that contribute positively (good volatility) or negatively (bad volatility) to shareholder wealth and economic growth. We find that the volatility of U.S. firms is higher mostly because of good volatility. Specifically, stock volatility is higher in the United States because it increases with investor protection, stock market development, new patents, and firm‐level investment in R&amp;D. Each of these factors is related to better growth opportunities for firms and better ability to take advantage of these opportunities."
NA,224,firm-level investment in R&D,stock returns,"The volatility of U.S. firms increases with firm-level investment in R&D, contributing positively to stock returns.",129,"ABSTRACT U.S. stocks are more volatile than stocks of similar foreign firms. A firm's stock return volatility can be higher for reasons that contribute positively (good volatility) or negatively (bad volatility) to shareholder wealth and economic growth. We find that the volatility of U.S. firms is higher mostly because of good volatility. Specifically, stock volatility is higher in the United States because it increases with investor protection, stock market development, new patents, and firm‐level investment in R&amp;D. Each of these factors is related to better growth opportunities for firms and better ability to take advantage of these opportunities."
Corporate governance,225,Improvements in the firm's internal corporate governance,Shareholder value,Passing a governance proposal leads to significant positive abnormal returns,130,"ABSTRACT This paper investigates whether improvements in the firm's internal corporate governance create value for shareholders. We analyze the market reaction to governance proposals that pass or fail by a small margin of votes in annual meetings. This provides a clean causal estimate that deals with the endogeneity of internal governance rules. We find that passing a proposal leads to significant positive abnormal returns. Adopting one governance proposal increases shareholder value by 2.8%. The market reaction is larger in firms with more antitakeover provisions, higher institutional ownership, and stronger investor activism for proposals sponsored by institutions. In addition, we find that acquisitions and capital expenditures decline and long‐term performance improves."
Corporate governance,226,Adopting one governance proposal,Shareholder value,Adopting one governance proposal increases shareholder value by 2.8%,130,"ABSTRACT This paper investigates whether improvements in the firm's internal corporate governance create value for shareholders. We analyze the market reaction to governance proposals that pass or fail by a small margin of votes in annual meetings. This provides a clean causal estimate that deals with the endogeneity of internal governance rules. We find that passing a proposal leads to significant positive abnormal returns. Adopting one governance proposal increases shareholder value by 2.8%. The market reaction is larger in firms with more antitakeover provisions, higher institutional ownership, and stronger investor activism for proposals sponsored by institutions. In addition, we find that acquisitions and capital expenditures decline and long‐term performance improves."
Corporate governance,227,More antitakeover provisions,Stock returns,The market reaction is larger in firms with more antitakeover provisions,130,"ABSTRACT This paper investigates whether improvements in the firm's internal corporate governance create value for shareholders. We analyze the market reaction to governance proposals that pass or fail by a small margin of votes in annual meetings. This provides a clean causal estimate that deals with the endogeneity of internal governance rules. We find that passing a proposal leads to significant positive abnormal returns. Adopting one governance proposal increases shareholder value by 2.8%. The market reaction is larger in firms with more antitakeover provisions, higher institutional ownership, and stronger investor activism for proposals sponsored by institutions. In addition, we find that acquisitions and capital expenditures decline and long‐term performance improves."
Corporate governance,228,Higher institutional ownership,Stock returns,The market reaction is larger in firms with higher institutional ownership,130,"ABSTRACT This paper investigates whether improvements in the firm's internal corporate governance create value for shareholders. We analyze the market reaction to governance proposals that pass or fail by a small margin of votes in annual meetings. This provides a clean causal estimate that deals with the endogeneity of internal governance rules. We find that passing a proposal leads to significant positive abnormal returns. Adopting one governance proposal increases shareholder value by 2.8%. The market reaction is larger in firms with more antitakeover provisions, higher institutional ownership, and stronger investor activism for proposals sponsored by institutions. In addition, we find that acquisitions and capital expenditures decline and long‐term performance improves."
Corporate governance,229,Stronger investor activism,Stock returns,The market reaction is larger in firms with stronger investor activism for proposals sponsored by institutions,130,"ABSTRACT This paper investigates whether improvements in the firm's internal corporate governance create value for shareholders. We analyze the market reaction to governance proposals that pass or fail by a small margin of votes in annual meetings. This provides a clean causal estimate that deals with the endogeneity of internal governance rules. We find that passing a proposal leads to significant positive abnormal returns. Adopting one governance proposal increases shareholder value by 2.8%. The market reaction is larger in firms with more antitakeover provisions, higher institutional ownership, and stronger investor activism for proposals sponsored by institutions. In addition, we find that acquisitions and capital expenditures decline and long‐term performance improves."
Earnings,230,industry-level labor income risk,expected stock returns,The cross-section of expected stock returns is primarily affected by industry-level labor income risk.,131,"ABSTRACT Human capital is one of the largest assets in the economy and in theory may play an important role for asset pricing. Human capital is heterogeneous across investors. One source of heterogeneity is industry affiliation. I show that the cross‐section of expected stock returns is primarily affected by industry‐level rather than aggregate labor income risk. Furthermore, when human capital is excluded from the asset pricing model, the resulting idiosyncratic risk may appear to be priced. I find that the premium for idiosyncratic risk documented by several empirical studies depends on the covariance between stock and human capital returns."
Macroeconomic data,231,covariance between stock and human capital returns,premium for idiosyncratic risk,The premium for idiosyncratic risk depends on the covariance between stock and human capital returns.,131,"ABSTRACT Human capital is one of the largest assets in the economy and in theory may play an important role for asset pricing. Human capital is heterogeneous across investors. One source of heterogeneity is industry affiliation. I show that the cross‐section of expected stock returns is primarily affected by industry‐level rather than aggregate labor income risk. Furthermore, when human capital is excluded from the asset pricing model, the resulting idiosyncratic risk may appear to be priced. I find that the premium for idiosyncratic risk documented by several empirical studies depends on the covariance between stock and human capital returns."
Options / VIX,232,ex ante volatility,subsequent returns,There is a negative relation between ex ante volatility and subsequent returns in the cross-section.,132,"ABSTRACT We use option prices to estimate ex ante higher moments of the underlying individual securities’ risk‐neutral returns distribution. We find that individual securities’ risk‐neutral volatility, skewness, and kurtosis are strongly related to future returns. Specifically, we find a negative (positive) relation between ex ante volatility (kurtosis) and subsequent returns in the cross‐section, and more ex ante negatively (positively) skewed returns yield subsequent higher (lower) returns. We analyze the extent to which these returns relations represent compensation for risk and find evidence that, even after controlling for differences in co‐moments, individual securities’ skewness matters."
Options / VIX,233,ex ante kurtosis,subsequent returns,There is a positive relation between ex ante kurtosis and subsequent returns in the cross-section.,132,"ABSTRACT We use option prices to estimate ex ante higher moments of the underlying individual securities’ risk‐neutral returns distribution. We find that individual securities’ risk‐neutral volatility, skewness, and kurtosis are strongly related to future returns. Specifically, we find a negative (positive) relation between ex ante volatility (kurtosis) and subsequent returns in the cross‐section, and more ex ante negatively (positively) skewed returns yield subsequent higher (lower) returns. We analyze the extent to which these returns relations represent compensation for risk and find evidence that, even after controlling for differences in co‐moments, individual securities’ skewness matters."
Options / VIX,234,ex ante negatively skewed returns,subsequent returns,More ex ante negatively skewed returns yield subsequent higher returns.,132,"ABSTRACT We use option prices to estimate ex ante higher moments of the underlying individual securities’ risk‐neutral returns distribution. We find that individual securities’ risk‐neutral volatility, skewness, and kurtosis are strongly related to future returns. Specifically, we find a negative (positive) relation between ex ante volatility (kurtosis) and subsequent returns in the cross‐section, and more ex ante negatively (positively) skewed returns yield subsequent higher (lower) returns. We analyze the extent to which these returns relations represent compensation for risk and find evidence that, even after controlling for differences in co‐moments, individual securities’ skewness matters."
Options / VIX,235,ex ante positively skewed returns,subsequent returns,More ex ante positively skewed returns yield subsequent lower returns.,132,"ABSTRACT We use option prices to estimate ex ante higher moments of the underlying individual securities’ risk‐neutral returns distribution. We find that individual securities’ risk‐neutral volatility, skewness, and kurtosis are strongly related to future returns. Specifically, we find a negative (positive) relation between ex ante volatility (kurtosis) and subsequent returns in the cross‐section, and more ex ante negatively (positively) skewed returns yield subsequent higher (lower) returns. We analyze the extent to which these returns relations represent compensation for risk and find evidence that, even after controlling for differences in co‐moments, individual securities’ skewness matters."
Commodities,236,time‐varying probability of a consumption disaster,stock returns,The time‐varying probability of a consumption disaster increases the equity premium which is related to stock returns.,133,"ABSTRACT Why is the equity premium so high, and why are stocks so volatile? Why are stock returns in excess of government bill rates predictable? This paper proposes an answer to these questions based on a time‐varying probability of a consumption disaster. In the model, aggregate consumption follows a normal distribution with low volatility most of the time, but with some probability of a consumption realization far out in the left tail. The possibility of this poor outcome substantially increases the equity premium, while time‐variation in the probability of this outcome drives high stock market volatility and excess return predictability."
Earnings forecasts,237,time‐variation in the probability of a consumption disaster,stock returns,Time‐variation in the probability of a consumption disaster drives high stock market volatility and excess return predictability.,133,"ABSTRACT Why is the equity premium so high, and why are stocks so volatile? Why are stock returns in excess of government bill rates predictable? This paper proposes an answer to these questions based on a time‐varying probability of a consumption disaster. In the model, aggregate consumption follows a normal distribution with low volatility most of the time, but with some probability of a consumption realization far out in the left tail. The possibility of this poor outcome substantially increases the equity premium, while time‐variation in the probability of this outcome drives high stock market volatility and excess return predictability."
Recession,238,state-level unemployment rates,local stock returns,Local stock returns earn higher future returns when state-level unemployment rates are higher.,134,"ABSTRACT This study examines whether local stock returns vary with local business cycles in a predictable manner. We find that U.S. state portfolios earn higher future returns when state‐level unemployment rates are higher and housing collateral ratios are lower. During the 1978 to 2009 period, geography‐based trading strategies earn annualized risk‐adjusted returns of 5%. This abnormal performance reflects time‐varying systematic risks and local‐trading induced mispricing. Consistent with the mispricing explanation, the evidence of predictability is stronger among firms with low visibility and high local ownership. Nonlocal domestic and foreign investors arbitrage away the predictable patterns in local returns in 1 year."
Real estate,239,housing collateral ratios,U.S. state portfolios,U.S. state portfolios earn higher future returns when housing collateral ratios are lower.,134,"ABSTRACT This study examines whether local stock returns vary with local business cycles in a predictable manner. We find that U.S. state portfolios earn higher future returns when state‐level unemployment rates are higher and housing collateral ratios are lower. During the 1978 to 2009 period, geography‐based trading strategies earn annualized risk‐adjusted returns of 5%. This abnormal performance reflects time‐varying systematic risks and local‐trading induced mispricing. Consistent with the mispricing explanation, the evidence of predictability is stronger among firms with low visibility and high local ownership. Nonlocal domestic and foreign investors arbitrage away the predictable patterns in local returns in 1 year."
Positive sentiment,240,the fraction of positive and negative words in financial news,stock returns,A one standard deviation shock to our news measure during recessions predicts a change in the conditional average return on the DJIA of 12 basis points over one day.,135,"ABSTRACT This paper studies the effect of sentiment on asset prices during the 20th century (1905 to 2005). As a proxy for sentiment, we use the fraction of positive and negative words in two columns of financial news from the New York Times. The main contribution of the paper is to show that, controlling for other well‐known time‐series patterns, the predictability of stock returns using news' content is concentrated in recessions. A one standard deviation shock to our news measure during recessions predicts a change in the conditional average return on the DJIA of 12 basis points over one day."
Trading activity,241,Aggressive (market) net buying,firms’ monthly stock returns,Aggressive (market) net buying positively predicts firms’ monthly stock returns,136,"ABSTRACT We analyze the role of retail investors in stock pricing using a database uniquely suited for this purpose. The data allow us to address selection bias concerns and to separately examine aggressive (market) and passive (limit) orders. Both aggressive and passive net buying positively predict firms’ monthly stock returns with no evidence of return reversal. Only aggressive orders correctly predict firm news, including earnings surprises, suggesting they convey novel cash flow information. Only passive net buying follows negative returns, consistent with traders providing liquidity and benefiting from the reversal of transitory price movements. These actions contribute to market efficiency."
Trading activity,242,Passive (limit) net buying,firms’ monthly stock returns,Passive (limit) net buying positively predicts firms’ monthly stock returns,136,"ABSTRACT We analyze the role of retail investors in stock pricing using a database uniquely suited for this purpose. The data allow us to address selection bias concerns and to separately examine aggressive (market) and passive (limit) orders. Both aggressive and passive net buying positively predict firms’ monthly stock returns with no evidence of return reversal. Only aggressive orders correctly predict firm news, including earnings surprises, suggesting they convey novel cash flow information. Only passive net buying follows negative returns, consistent with traders providing liquidity and benefiting from the reversal of transitory price movements. These actions contribute to market efficiency."
Trading activity,243,Lagged U.S. returns,Returns in numerous non-U.S. industrialized countries.,Lagged U.S. returns significantly predict returns in numerous non-U.S. industrialized countries.,137,"ABSTRACT We investigate lead‐lag relationships among monthly country stock returns and identify a leading role for the United States: lagged U.S. returns significantly predict returns in numerous non‐U.S. industrialized countries, while lagged non‐U.S. returns display limited predictive ability with respect to U.S. returns. We estimate a news‐diffusion model, and the results indicate that return shocks arising in the United States are only fully reflected in equity prices outside of the United States with a lag, consistent with a gradual information diffusion explanation of the predictive power of lagged U.S. returns."
Mutual funds,244,flows,average actively managed mutual fund returns,Flows chase risk‐adjusted returns leading to fund underperformance.,138,"ABSTRACT To rationalize the well‐known underperformance of the average actively managed mutual fund, we exploit the fact that retail funds in different market segments compete for different types of investors. Within the segment of funds marketed directly to retail investors, we show that flows chase risk‐adjusted returns, and that funds respond by investing more in active management. Importantly, within this direct‐sold segment, we find no evidence that actively managed funds underperform index funds. In contrast, we show that actively managed funds sold through brokers face a weaker incentive to generate alpha and significantly underperform index funds."
Mutual funds,245,actively managed funds sold through brokers,index funds returns,Actively managed funds sold through brokers significantly underperform index funds.,138,"ABSTRACT To rationalize the well‐known underperformance of the average actively managed mutual fund, we exploit the fact that retail funds in different market segments compete for different types of investors. Within the segment of funds marketed directly to retail investors, we show that flows chase risk‐adjusted returns, and that funds respond by investing more in active management. Importantly, within this direct‐sold segment, we find no evidence that actively managed funds underperform index funds. In contrast, we show that actively managed funds sold through brokers face a weaker incentive to generate alpha and significantly underperform index funds."
Earnings forecasts,246,time variation in uncertainty,stock returns,"Time variation in uncertainty generates variance premium fluctuations, helping explain their power to predict stock returns.",139,"ABSTRACT I construct an equilibrium model that captures salient properties of index option prices, equity returns, variance, and the risk‐free rate. A representative investor makes consumption and portfolio choice decisions that are robust to his uncertainty about the true economic model. He pays a large premium for index options because they hedge important model misspecification concerns, particularly concerning jump shocks to cash flow growth and volatility. A calibration shows that empirically consistent fundamentals and reasonable model uncertainty explain option prices and the variance premium. Time variation in uncertainty generates variance premium fluctuations, helping explain their power to predict stock returns."
Futures / indices,247,predictors with slower mean-reversion (alpha decay),stock returns,"Predictors with slower mean-reversion (alpha decay) get more weight in the aim portfolio, influencing stock returns.",140,"ABSTRACT We derive a closed‐form optimal dynamic portfolio policy when trading is costly and security returns are predictable by signals with different mean‐reversion speeds. The optimal strategy is characterized by two principles: (1) aim in front of the target, and (2) trade partially toward the current aim. Specifically, the optimal updated portfolio is a linear combination of the existing portfolio and an “aim portfolio,” which is a weighted average of the current Markowitz portfolio (the moving target) and the expected Markowitz portfolios on all future dates (where the target is moving). Intuitively, predictors with slower mean‐reversion (alpha decay) get more weight in the aim portfolio. We implement the optimal strategy for commodity futures and find superior net returns relative to more naive benchmarks."
NA,248,Margin requirements,stock returns,"Margin requirements reduce the volatility and correlation of returns as well as the risk-free rate, but increase the market price of risk, the risk premium, and the price of risky assets.",141,"ABSTRACT This paper provides a novel theoretical analysis of how endogenous time‐varying margin requirements affect capital market equilibrium. I find that margin requirements, when there are no other market frictions, reduce the volatility and correlation of returns as well as the risk‐free rate, but increase the market price of risk, the risk premium, and the price of risky assets. Furthermore, margin requirements generate a strong cross‐sectional dispersion of stock return volatilities. The results emphasize that a general equilibrium analysis may reverse the conclusions of a partial equilibrium analysis often employed in the literature."
Revenue growth,249,growth opportunities,firm risk premia,Firm risk premia depend on the contribution of growth opportunities to firm value.,142,"ABSTRACT We explore the impact of investment‐specific technology (IST) shocks on the cross section of stock returns. Using a structural model, we show that IST shocks have a differential effect on the value of assets in place and the value of growth opportunities. This differential sensitivity to IST shocks has two main implications. First, firm risk premia depend on the contribution of growth opportunities to firm value. Second, firms with similar levels of growth opportunities comove with each other, giving rise to the value factor in stock returns and the failure of the conditional CAPM. Our empirical tests confirm the model's predictions."
Revenue growth,250,growth opportunities,value factor in stock returns,"Firms with similar levels of growth opportunities comove with each other, giving rise to the value factor in stock returns.",142,"ABSTRACT We explore the impact of investment‐specific technology (IST) shocks on the cross section of stock returns. Using a structural model, we show that IST shocks have a differential effect on the value of assets in place and the value of growth opportunities. This differential sensitivity to IST shocks has two main implications. First, firm risk premia depend on the contribution of growth opportunities to firm value. Second, firms with similar levels of growth opportunities comove with each other, giving rise to the value factor in stock returns and the failure of the conditional CAPM. Our empirical tests confirm the model's predictions."
C-suite,251,CEO ownership,stock market performance,CEO ownership delivers annual abnormal returns of 4% to 10%,143,"ABSTRACT We examine the relationship between CEO ownership and stock market performance. A strategy based on public information about managerial ownership delivers annual abnormal returns of 4% to 10%. The effect is strongest among firms with weak external governance, weak product market competition, and large managerial discretion, suggesting that CEO ownership can reverse the negative impact of weak governance. Furthermore, owner‐CEOs are value increasing: they reduce empire building and run their firms more efficiently. Overall, our findings indicate that the market does not correctly price the incentive effects of managerial ownership, suggesting interesting feedback effects between corporate finance and asset pricing."
Corporate governance,252,weak external governance,stock market performance,The effect is strongest among firms with weak external governance,143,"ABSTRACT We examine the relationship between CEO ownership and stock market performance. A strategy based on public information about managerial ownership delivers annual abnormal returns of 4% to 10%. The effect is strongest among firms with weak external governance, weak product market competition, and large managerial discretion, suggesting that CEO ownership can reverse the negative impact of weak governance. Furthermore, owner‐CEOs are value increasing: they reduce empire building and run their firms more efficiently. Overall, our findings indicate that the market does not correctly price the incentive effects of managerial ownership, suggesting interesting feedback effects between corporate finance and asset pricing."
Product prices,253,weak product market competition,stock market performance,The effect is strongest among firms with weak product market competition,143,"ABSTRACT We examine the relationship between CEO ownership and stock market performance. A strategy based on public information about managerial ownership delivers annual abnormal returns of 4% to 10%. The effect is strongest among firms with weak external governance, weak product market competition, and large managerial discretion, suggesting that CEO ownership can reverse the negative impact of weak governance. Furthermore, owner‐CEOs are value increasing: they reduce empire building and run their firms more efficiently. Overall, our findings indicate that the market does not correctly price the incentive effects of managerial ownership, suggesting interesting feedback effects between corporate finance and asset pricing."
Corporate governance,254,large managerial discretion,stock market performance,The effect is strongest among firms with large managerial discretion,143,"ABSTRACT We examine the relationship between CEO ownership and stock market performance. A strategy based on public information about managerial ownership delivers annual abnormal returns of 4% to 10%. The effect is strongest among firms with weak external governance, weak product market competition, and large managerial discretion, suggesting that CEO ownership can reverse the negative impact of weak governance. Furthermore, owner‐CEOs are value increasing: they reduce empire building and run their firms more efficiently. Overall, our findings indicate that the market does not correctly price the incentive effects of managerial ownership, suggesting interesting feedback effects between corporate finance and asset pricing."
Labor mobility,255,labor mobility,stock returns,Firms in mobile industries earn returns over 5% higher than those in less mobile industries.,144,"ABSTRACT Labor mobility is the flexibility of workers to walk away from an industry in response to better opportunities. I develop a model in which labor flows make bad times worse for shareholders who are left with capital that is less productive. The model shows that firms face greater operating leverage by providing flexibility to mobile workers. I construct an empirical measure of labor mobility consistent with the model and document an economically significant cross‐sectional relation between mobility, operating leverage, and stock returns. I find that firms in mobile industries earn returns over 5% higher than those in less mobile industries."
Options / VIX,256,call implied volatilities,future returns,Stocks with large increases in call implied volatilities over the previous month tend to have high future returns,145,"ABSTRACT Stocks with large increases in call (put) implied volatilities over the previous month tend to have high (low) future returns. Sorting stocks ranked into decile portfolios by past call implied volatilities produces spreads in average returns of approximately 1% per month, and the return differences persist up to six months. The cross section of stock returns also predicts option implied volatilities, with stocks with high past returns tending to have call and put option contracts that exhibit increases in implied volatility over the next month, but with decreasing realized volatility. These predictability patterns are consistent with rational models of informed trading."
Options / VIX,257,put implied volatilities,future returns,Stocks with large increases in put implied volatilities over the previous month tend to have low future returns,145,"ABSTRACT Stocks with large increases in call (put) implied volatilities over the previous month tend to have high (low) future returns. Sorting stocks ranked into decile portfolios by past call implied volatilities produces spreads in average returns of approximately 1% per month, and the return differences persist up to six months. The cross section of stock returns also predicts option implied volatilities, with stocks with high past returns tending to have call and put option contracts that exhibit increases in implied volatility over the next month, but with decreasing realized volatility. These predictability patterns are consistent with rational models of informed trading."
Publishing,258,newspapers,stock returns,newspapers propagate news from the previous day,146,"ABSTRACT The media are increasingly recognized as key players in financial markets. I investigate their causal impact on trading and price formation by examining national newspaper strikes in several countries. Trading volume falls 12% on strike days. The dispersion of stock returns and their intraday volatility are reduced by 7%, while aggregate returns are unaffected. Moreover, analysis of return predictability indicates that newspapers propagate news from the previous day. These findings demonstrate that the media contribute to the efficiency of the stock market by improving the dissemination of information among investors and its incorporation into stock prices."
Mutual funds,259,disagreement and investor heterogeneity,stock returns,There is a cross-sectional relation of disagreement and investor heterogeneity with the flow response to past fund alphas.,147,"ABSTRACT The literature has not established that a positive alpha, as traditionally measured, means that an investor would want to buy a fund. When alpha is defined using the client's utility function, a positive alpha generally means the client would want to buy. When markets are incomplete, investors will disagree about the attractiveness of a fund. We provide bounds on the expected disagreement with a traditional alpha and study the cross‐sectional relation of disagreement and investor heterogeneity with the flow response to past fund alphas. The effects are both economically and statistically significant."
Macroeconomic data,260,monetary policy decisions made at scheduled meetings of the Federal Open Market Committee (FOMC),U.S. equities,Large average excess returns on U.S. equities in anticipation of monetary policy decisions,148,"ABSTRACT We document large average excess returns on U.S. equities in anticipation of monetary policy decisions made at scheduled meetings of the Federal Open Market Committee (FOMC) in the past few decades. These pre‐FOMC returns have increased over time and account for sizable fractions of total annual realized stock returns. While other major international equity indices experienced similar pre‐FOMC returns, we find no such effect in U.S. Treasury securities and money market futures. Other major U.S. macroeconomic news announcements also do not give rise to preannouncement excess equity returns. We discuss challenges in explaining these returns with standard asset pricing theory."
Earnings forecasts,261,jump factor loadings,expected annual stock returns,A two-standard-deviation increase in jump factor loadings is associated with a 3.5% to 5.1% drop in expected annual stock returns.,149,"ABSTRACT We examine the pricing of both aggregate jump and volatility risk in the cross‐section of stock returns by constructing investable option trading strategies that load on one factor but are orthogonal to the other. Both aggregate jump and volatility risk help explain variation in expected returns. Consistent with theory, stocks with high sensitivities to jump and volatility risk have low expected returns. Both can be measured separately and are important economically, with a two‐standard‐deviation increase in jump (volatility) factor loadings associated with a 3.5% to 5.1% (2.7% to 2.9%) drop in expected annual stock returns."
Earnings forecasts,262,volatility factor loadings,expected annual stock returns,A two-standard-deviation increase in volatility factor loadings is associated with a 2.7% to 2.9% drop in expected annual stock returns.,149,"ABSTRACT We examine the pricing of both aggregate jump and volatility risk in the cross‐section of stock returns by constructing investable option trading strategies that load on one factor but are orthogonal to the other. Both aggregate jump and volatility risk help explain variation in expected returns. Consistent with theory, stocks with high sensitivities to jump and volatility risk have low expected returns. Both can be measured separately and are important economically, with a two‐standard‐deviation increase in jump (volatility) factor loadings associated with a 3.5% to 5.1% (2.7% to 2.9%) drop in expected annual stock returns."
Mutual funds,263,fund managers' impatience,stock returns,"Fund managers' impatience increases the likelihood of negative-alpha trades, which can manipulate investors' perceptions of their skills, affecting stock returns.",150,"ABSTRACT This paper develops a model of active asset management in which fund managers may forgo alpha‐generating strategies, preferring instead to make negative‐alpha trades that enable them to temporarily manipulate investors' perceptions of their skills. We show that such trades are optimally generated by taking on hidden tail risk, and are more likely to occur when fund managers are impatient and when their trading skills are scalable, and generate a high profit per unit of risk. We propose long‐term contracts that deter this behavior by dynamically adjusting the dates on which the manager is compensated in response to her cumulative performance."
Trading activity,264,scalable trading skills,stock returns,"Scalable trading skills increase the likelihood of negative-alpha trades, which can manipulate investors' perceptions of their skills, affecting stock returns.",150,"ABSTRACT This paper develops a model of active asset management in which fund managers may forgo alpha‐generating strategies, preferring instead to make negative‐alpha trades that enable them to temporarily manipulate investors' perceptions of their skills. We show that such trades are optimally generated by taking on hidden tail risk, and are more likely to occur when fund managers are impatient and when their trading skills are scalable, and generate a high profit per unit of risk. We propose long‐term contracts that deter this behavior by dynamically adjusting the dates on which the manager is compensated in response to her cumulative performance."
Private equity / hedge funds,265,high profit per unit of risk,stock returns,"High profit per unit of risk increases the likelihood of negative-alpha trades, which can manipulate investors' perceptions of their skills, affecting stock returns.",150,"ABSTRACT This paper develops a model of active asset management in which fund managers may forgo alpha‐generating strategies, preferring instead to make negative‐alpha trades that enable them to temporarily manipulate investors' perceptions of their skills. We show that such trades are optimally generated by taking on hidden tail risk, and are more likely to occur when fund managers are impatient and when their trading skills are scalable, and generate a high profit per unit of risk. We propose long‐term contracts that deter this behavior by dynamically adjusting the dates on which the manager is compensated in response to her cumulative performance."
Macroeconomic data,266,idiosyncratic volatility,stock returns,A positive idiosyncratic shock decreases the sensitivity of firm value to priced risk factors and simultaneously increases firm size and idiosyncratic risk leads to a negative relation between idiosyncratic volatility and stock returns.,151,"ABSTRACT We show that unpriced cash flow shocks contain information about future priced risk. A positive idiosyncratic shock decreases the sensitivity of firm value to priced risk factors and simultaneously increases firm size and idiosyncratic risk. A simple model can therefore explain book‐to‐market and size anomalies, as well as the negative relation between idiosyncratic volatility and stock returns. Empirically, we find that anomalies are more pronounced for firms with high idiosyncratic cash flow volatility. More generally, our results imply that any economic variable correlated with the history of idiosyncratic shocks can help to explain expected stock returns."
Macroeconomic data,267,economic variable correlated with the history of idiosyncratic shocks,expected stock returns,An economic variable correlated with the history of idiosyncratic shocks can help to explain expected stock returns.,151,"ABSTRACT We show that unpriced cash flow shocks contain information about future priced risk. A positive idiosyncratic shock decreases the sensitivity of firm value to priced risk factors and simultaneously increases firm size and idiosyncratic risk. A simple model can therefore explain book‐to‐market and size anomalies, as well as the negative relation between idiosyncratic volatility and stock returns. Empirically, we find that anomalies are more pronounced for firms with high idiosyncratic cash flow volatility. More generally, our results imply that any economic variable correlated with the history of idiosyncratic shocks can help to explain expected stock returns."
Publishing,268,publication-informed trading,stock returns,Publication-informed trading leads to lower stock returns post-publication.,152,"ABSTRACT We study the out‐of‐sample and post‐publication return predictability of 97 variables shown to predict cross‐sectional stock returns. Portfolio returns are 26% lower out‐of‐sample and 58% lower post‐publication. The out‐of‐sample decline is an upper bound estimate of data mining effects. We estimate a 32% (58%–26%) lower return from publication‐informed trading. Post‐publication declines are greater for predictors with higher in‐sample returns, and returns are higher for portfolios concentrated in stocks with high idiosyncratic risk and low liquidity. Predictor portfolios exhibit post‐publication increases in correlations with other published‐predictor portfolios. Our findings suggest that investors learn about mispricing from academic publications."
Earnings forecasts,269,higher in-sample returns,stock returns,Returns are lower for predictors with higher in-sample returns.,152,"ABSTRACT We study the out‐of‐sample and post‐publication return predictability of 97 variables shown to predict cross‐sectional stock returns. Portfolio returns are 26% lower out‐of‐sample and 58% lower post‐publication. The out‐of‐sample decline is an upper bound estimate of data mining effects. We estimate a 32% (58%–26%) lower return from publication‐informed trading. Post‐publication declines are greater for predictors with higher in‐sample returns, and returns are higher for portfolios concentrated in stocks with high idiosyncratic risk and low liquidity. Predictor portfolios exhibit post‐publication increases in correlations with other published‐predictor portfolios. Our findings suggest that investors learn about mispricing from academic publications."
Macroeconomic data,270,high idiosyncratic risk and low liquidity,stock returns,Returns are higher for portfolios concentrated in stocks with high idiosyncratic risk and low liquidity.,152,"ABSTRACT We study the out‐of‐sample and post‐publication return predictability of 97 variables shown to predict cross‐sectional stock returns. Portfolio returns are 26% lower out‐of‐sample and 58% lower post‐publication. The out‐of‐sample decline is an upper bound estimate of data mining effects. We estimate a 32% (58%–26%) lower return from publication‐informed trading. Post‐publication declines are greater for predictors with higher in‐sample returns, and returns are higher for portfolios concentrated in stocks with high idiosyncratic risk and low liquidity. Predictor portfolios exhibit post‐publication increases in correlations with other published‐predictor portfolios. Our findings suggest that investors learn about mispricing from academic publications."
SEC,271,short selling,stock returns,Short selling curbs earnings management and improves price efficiency which is reflected in stock returns.,153,"ABSTRACT During 2005 to 2007, the SEC ordered a pilot program in which one‐third of the Russell 3000 index were arbitrarily chosen as pilot stocks and exempted from short‐sale price tests. Pilot firms’ discretionary accruals and likelihood of marginally beating earnings targets decrease during this period, and revert to pre‐experiment levels when the program ends. After the program starts, pilot firms are more likely to be caught for fraud initiated before the program, and their stock returns better incorporate earnings information. These results indicate that short selling, or its prospect, curbs earnings management, helps detect fraud, and improves price efficiency."
SEC,272,short selling,stock returns,Short selling helps detect fraud which is reflected in stock returns.,153,"ABSTRACT During 2005 to 2007, the SEC ordered a pilot program in which one‐third of the Russell 3000 index were arbitrarily chosen as pilot stocks and exempted from short‐sale price tests. Pilot firms’ discretionary accruals and likelihood of marginally beating earnings targets decrease during this period, and revert to pre‐experiment levels when the program ends. After the program starts, pilot firms are more likely to be caught for fraud initiated before the program, and their stock returns better incorporate earnings information. These results indicate that short selling, or its prospect, curbs earnings management, helps detect fraud, and improves price efficiency."
Earnings,273,firms scheduled to report earnings,annualized abnormal return,Firms scheduled to report earnings earn an annualized abnormal return of 9.9%.,154,"ABSTRACT Firms scheduled to report earnings earn an annualized abnormal return of 9.9%. We propose a risk‐based explanation for this phenomenon, whereby investors use announcements to revise their expectations for nonannouncing firms, but can only do so imperfectly. Consequently, the covariance between firm‐specific and market cash flow news spikes around announcements, making announcers especially risky. Consistent with our hypothesis, announcer returns forecast aggregate earnings. The announcement premium is persistent across stocks, and early (late) announcers earn higher (lower) returns. Nonannouncers' response to announcements is consistent with our model, both over time and across firms. Finally, exposure to announcement risk is priced."
Earnings forecasts,274,covariance between firm‐specific and market cash flow news,risk of announcers,"Consequently, the covariance between firm‐specific and market cash flow news spikes around announcements, making announcers especially risky.",154,"ABSTRACT Firms scheduled to report earnings earn an annualized abnormal return of 9.9%. We propose a risk‐based explanation for this phenomenon, whereby investors use announcements to revise their expectations for nonannouncing firms, but can only do so imperfectly. Consequently, the covariance between firm‐specific and market cash flow news spikes around announcements, making announcers especially risky. Consistent with our hypothesis, announcer returns forecast aggregate earnings. The announcement premium is persistent across stocks, and early (late) announcers earn higher (lower) returns. Nonannouncers' response to announcements is consistent with our model, both over time and across firms. Finally, exposure to announcement risk is priced."
Earnings,275,announcer returns,aggregate earnings,"Consistent with our hypothesis, announcer returns forecast aggregate earnings.",154,"ABSTRACT Firms scheduled to report earnings earn an annualized abnormal return of 9.9%. We propose a risk‐based explanation for this phenomenon, whereby investors use announcements to revise their expectations for nonannouncing firms, but can only do so imperfectly. Consequently, the covariance between firm‐specific and market cash flow news spikes around announcements, making announcers especially risky. Consistent with our hypothesis, announcer returns forecast aggregate earnings. The announcement premium is persistent across stocks, and early (late) announcers earn higher (lower) returns. Nonannouncers' response to announcements is consistent with our model, both over time and across firms. Finally, exposure to announcement risk is priced."
Earnings,276,announcement premium,returns of early and late announcers,"The announcement premium is persistent across stocks, and early (late) announcers earn higher (lower) returns.",154,"ABSTRACT Firms scheduled to report earnings earn an annualized abnormal return of 9.9%. We propose a risk‐based explanation for this phenomenon, whereby investors use announcements to revise their expectations for nonannouncing firms, but can only do so imperfectly. Consequently, the covariance between firm‐specific and market cash flow news spikes around announcements, making announcers especially risky. Consistent with our hypothesis, announcer returns forecast aggregate earnings. The announcement premium is persistent across stocks, and early (late) announcers earn higher (lower) returns. Nonannouncers' response to announcements is consistent with our model, both over time and across firms. Finally, exposure to announcement risk is priced."
Earnings,277,exposure to announcement risk,pricing of stocks related to announcement risk,"Finally, exposure to announcement risk is priced.",154,"ABSTRACT Firms scheduled to report earnings earn an annualized abnormal return of 9.9%. We propose a risk‐based explanation for this phenomenon, whereby investors use announcements to revise their expectations for nonannouncing firms, but can only do so imperfectly. Consequently, the covariance between firm‐specific and market cash flow news spikes around announcements, making announcers especially risky. Consistent with our hypothesis, announcer returns forecast aggregate earnings. The announcement premium is persistent across stocks, and early (late) announcers earn higher (lower) returns. Nonannouncers' response to announcements is consistent with our model, both over time and across firms. Finally, exposure to announcement risk is priced."
Earnings forecasts,278,conditional beta for the high‐minus‐low beta portfolio,equity premium,The conditional beta for the high‐minus‐low beta portfolio covaries negatively with the equity premium.,155,"ABSTRACT Prior studies find that a strategy that buys high‐beta stocks and sells low‐beta stocks has a significantly negative unconditional capital asset pricing model (CAPM) alpha, such that it appears to pay to “bet against beta.” We show, however, that the conditional beta for the high‐minus‐low beta portfolio covaries negatively with the equity premium and positively with market volatility. As a result, the unconditional alpha is a downward‐biased estimate of the true alpha. We model the conditional market risk for beta‐sorted portfolios using instrumental variables methods and find that the conditional CAPM resolves the beta anomaly."
Earnings forecasts,279,conditional beta for the high‐minus‐low beta portfolio,market volatility,The conditional beta for the high‐minus‐low beta portfolio covaries positively with market volatility.,155,"ABSTRACT Prior studies find that a strategy that buys high‐beta stocks and sells low‐beta stocks has a significantly negative unconditional capital asset pricing model (CAPM) alpha, such that it appears to pay to “bet against beta.” We show, however, that the conditional beta for the high‐minus‐low beta portfolio covaries negatively with the equity premium and positively with market volatility. As a result, the unconditional alpha is a downward‐biased estimate of the true alpha. We model the conditional market risk for beta‐sorted portfolios using instrumental variables methods and find that the conditional CAPM resolves the beta anomaly."
Earnings,280,daily stock returns,hospital admissions,There is a strong inverse link between daily stock returns and hospital admissions for psychological conditions.,156,"ABSTRACT Using individual patient records for every hospital in California from 1983 to 2011, we find a strong inverse link between daily stock returns and hospital admissions, particularly for psychological conditions such as anxiety, panic disorder, and major depression. The effect is nearly instantaneous (within the same day) for psychological conditions, suggesting that anticipation over future consumption directly influences instantaneous utility."
Product prices,281,habit level relative to consumption,expected returns on stock,Firms that produce goods with a high habit level relative to consumption have low expected returns on their stock,157,"ABSTRACT I study asset prices in a general equilibrium framework in which agents form habits over individual varieties of goods rather than over an aggregate consumption bundle. Goods are produced by monopolistically competitive firms whose elasticities of demand depend on consumers' habit formation. Firms that produce goods with a high habit level relative to consumption have low demand elasticities, set high prices for their product, have low expected returns on their stock, and have low asset pricing betas and stock return volatilities. I find supportive evidence for these predictions in the data."
Trade agreements,282,financial and trade openness and balance of payments,stock returns,"Skewness of international stock market returns significantly relates to a country's financial and trade openness and balance of payments, influencing stock returns.",158,"ABSTRACT We propose a quantile‐based measure of conditional skewness, particularly suitable for handling recalcitrant emerging market (EM) returns. The skewness of international stock market returns varies significantly across countries over time, and persists at long horizons. In EMs, skewness is mostly positive and idiosyncratic, and significantly relates to a country's financial and trade openness and balance of payments. In an international portfolio setting, return asymmetry leads to sizeable certainty‐equivalent gains and increases the weight on emerging countries to about 30%. Investing in EMs seems to be about expectations of a higher upside than downside, consistent with recent theories."
Investment banking,283,IC investment,subsequent cumulative stock returns,IC investment is positively related to subsequent cumulative stock returns with a lag,159,"ABSTRACT We study the dynamic implications of capital investment in innovative capacity (IC) on future stock returns, investment, and profitability by modeling the unique effects of IC investment on uncertain option generation/exercise and postexercise revenue. The model highlights the diverse effects of IC investment on expected returns in different postinvestment regimes and yields the novel prediction that, under the neoclassical assumption of nonincreasing revenue returns, IC investment is positively related to subsequent cumulative stock returns with a lag. The model also predicts a positive effect of IC investment on future investment and profitability. We find strong empirical support for these predictions."
Trading activity,284,infrequent rebalancing,stock returns,Infrequent rebalancing produces return autocorrelations that are consistent with empirical evidence from intraday returns and new evidence from daily returns.,160,"ABSTRACT A model of infrequent rebalancing can explain specific predictability patterns in the time series and cross‐section of stock returns. First, infrequent rebalancing produces return autocorrelations that are consistent with empirical evidence from intraday returns and new evidence from daily returns. Autocorrelations can switch sign and become positive at the rebalancing horizon. Second, the cross‐sectional variance in expected returns is larger when more traders rebalance. This effect generates seasonality in the cross‐section of stock returns, which can help explain available empirical evidence."
Trading activity,285,number of traders rebalancing,stock returns,The cross‐sectional variance in expected returns is larger when more traders rebalance.,160,"ABSTRACT A model of infrequent rebalancing can explain specific predictability patterns in the time series and cross‐section of stock returns. First, infrequent rebalancing produces return autocorrelations that are consistent with empirical evidence from intraday returns and new evidence from daily returns. Autocorrelations can switch sign and become positive at the rebalancing horizon. Second, the cross‐sectional variance in expected returns is larger when more traders rebalance. This effect generates seasonality in the cross‐section of stock returns, which can help explain available empirical evidence."
Trading activity,286,infrequent rebalancing,stock returns,This effect generates seasonality in the cross‐section of stock returns.,160,"ABSTRACT A model of infrequent rebalancing can explain specific predictability patterns in the time series and cross‐section of stock returns. First, infrequent rebalancing produces return autocorrelations that are consistent with empirical evidence from intraday returns and new evidence from daily returns. Autocorrelations can switch sign and become positive at the rebalancing horizon. Second, the cross‐sectional variance in expected returns is larger when more traders rebalance. This effect generates seasonality in the cross‐section of stock returns, which can help explain available empirical evidence."
Macroeconomic data,287,household consumption risk,excess returns,Household consumption risk explains the cross section of excess returns.,161,"ABSTRACT We show that shocks to household consumption growth are negatively skewed, persistent, countercyclical, and drive asset prices. We construct a parsimonious model where heterogeneous households have recursive preferences. A single state variable drives the conditional cross‐sectional moments of household consumption growth. The estimated model fits well the unconditional cross‐sectional moments of household consumption growth and the moments of the risk‐free rate, equity premium, price‐dividend ratio, and aggregate dividend and consumption growth. The model‐implied risk‐free rate and price‐dividend ratio are procyclical, while the market return has countercyclical mean and variance. Finally, household consumption risk explains the cross section of excess returns."
Trading activity,288,Institutional trading skill,stock returns,Skilled institutions exploit positive abnormal ex‐dividend returns to earn higher profits.,162,"ABSTRACT We use institutional trading data to examine whether skilled institutions exploit positive abnormal ex‐dividend returns. Results show that institutions concentrate trading around certain ex‐dates, and earn higher profits around these events. Dividend capture trades represent 6% of all institutional buy trades but contribute 15% of overall abnormal returns. Institutional dividend capture trading is persistent. Institutional ex‐day profitability is also strongly cross‐sectionally related to trade execution skill. The relation between execution skill and profits disappears around placebo non‐ex‐days. Results suggest that skilled institutions target certain opportunities rather than benefiting uniformly over time. Furthermore, only skilled institutions can profit from dividend capture."
Trading activity,289,Trade execution skill,stock returns,Institutional ex‐day profitability is strongly cross‐sectionally related to trade execution skill.,162,"ABSTRACT We use institutional trading data to examine whether skilled institutions exploit positive abnormal ex‐dividend returns. Results show that institutions concentrate trading around certain ex‐dates, and earn higher profits around these events. Dividend capture trades represent 6% of all institutional buy trades but contribute 15% of overall abnormal returns. Institutional dividend capture trading is persistent. Institutional ex‐day profitability is also strongly cross‐sectionally related to trade execution skill. The relation between execution skill and profits disappears around placebo non‐ex‐days. Results suggest that skilled institutions target certain opportunities rather than benefiting uniformly over time. Furthermore, only skilled institutions can profit from dividend capture."
Earnings,290,loadings on labor market tightness,stock returns,Firms with low loadings on labor market tightness outperform firms with high loadings by 6% annually,163,"ABSTRACT We show that labor search frictions are an important determinant of the cross‐section of equity returns. Empirically, we find that firms with low loadings on labor market tightness outperform firms with high loadings by 6% annually. We propose a partial equilibrium labor market model in which heterogeneous firms make dynamic employment decisions under labor search frictions. In the model, loadings on labor market tightness proxy for priced time‐variation in the efficiency of the aggregate matching technology. Firms with low loadings are more exposed to adverse matching efficiency shocks and require higher expected stock returns."
Earnings,291,low loadings on labor market tightness,expected stock returns,Firms with low loadings are more exposed to adverse matching efficiency shocks and require higher expected stock returns,163,"ABSTRACT We show that labor search frictions are an important determinant of the cross‐section of equity returns. Empirically, we find that firms with low loadings on labor market tightness outperform firms with high loadings by 6% annually. We propose a partial equilibrium labor market model in which heterogeneous firms make dynamic employment decisions under labor search frictions. In the model, loadings on labor market tightness proxy for priced time‐variation in the efficiency of the aggregate matching technology. Firms with low loadings are more exposed to adverse matching efficiency shocks and require higher expected stock returns."
Financial crisis,292,"high social capital, as measured by corporate social responsibility (CSR) intensity",stock returns,"Firms with high social capital, as measured by corporate social responsibility (CSR) intensity, had stock returns that were four to seven percentage points higher than firms with low social capital.",164,"ABSTRACT During the 2008–2009 financial crisis, firms with high social capital, as measured by corporate social responsibility (CSR) intensity, had stock returns that were four to seven percentage points higher than firms with low social capital. High‐CSR firms also experienced higher profitability, growth, and sales per employee relative to low‐CSR firms, and they raised more debt. This evidence suggests that the trust between a firm and both its stakeholders and investors, built through investments in social capital, pays off when the overall level of trust in corporations and markets suffers a negative shock."
Agreement reached,293,disagreement,future returns,There is a positive relation between disagreement and future returns.,165,"ABSTRACT We build an equilibrium model to explain why stock return predictability concentrates in bad times. The key feature is that investors use different forecasting models, and hence assess uncertainty differently. As economic conditions deteriorate, uncertainty rises and investors' opinions polarize. Disagreement thus spikes in bad times, causing returns to react to past news. This phenomenon creates a positive relation between disagreement and future returns. It also generates time‐series momentum, which strengthens in bad times, increases with disagreement, and crashes after sharp market rebounds. We provide empirical support for these new predictions."
Currencies / metals,294,dollar currency betas,currency excess returns,A slope factor (long in high beta currencies and short in low beta currencies) accounts for the cross section of currency risk premia.,166,ABSTRACT Sorting countries by their dollar currency betas produces a novel cross section of average currency excess returns. A slope factor (long in high beta currencies and short in low beta currencies) accounts for this cross section of currency risk premia. This slope factor is orthogonal to the high‐minus‐low carry trade factor built from portfolios of countries sorted by their interest rates. The two high‐minus‐low risk factors account for 18% to 80% of the monthly exchange rate movements. The two risk factors suggest that stochastic discount factors in complete markets' models should feature at least two global shocks to describe exchange rates.
Options / VIX,295,nontrading returns,stock returns,Nontrading returns are significantly lower over nontrading periods due to option mispricing.,167,"ABSTRACT We find that option returns are significantly lower over nontrading periods, the vast majority of which are weekends. Our evidence suggests that nontrading returns cannot be explained by risk, but rather are the result of widespread and highly persistent option mispricing driven by the incorrect treatment of stock return variance during periods of market closure. The size of the effect implies that the broad spectrum of finance research involving option prices should account for nontrading effects. Our study further suggests how alternative industry practices could improve the efficiency of option markets in a meaningful way."
Bankruptcy,296,capacity overhang,stock returns,Capacity overhang estimate relates significantly negatively to the cross section of stock returns,168,"ABSTRACT We use a stochastic frontier model to obtain a stock‐level estimate of the difference between a firm's installed production capacity and its optimal capacity. We show that this “capacity overhang” estimate relates significantly negatively to the cross section of stock returns, even when controlling for popular pricing factors. The negative relation persists among small and large stocks, stocks with more or less reversible investments, and in good and bad economic states. Capacity overhang helps explain momentum and profitability anomalies, but not value and investment anomalies. Our evidence supports real options models of the firm featuring valuable divestment options."
Earnings,297,corporate news days,anomaly returns,Anomaly returns are 50% higher on corporate news days,169,"ABSTRACT Using a sample of 97 stock return anomalies, we find that anomaly returns are 50% higher on corporate news days and six times higher on earnings announcement days. These results could be explained by dynamic risk, mispricing due to biased expectations, or data mining. We develop and conduct several unique tests to differentiate between these three explanations. Our results are most consistent with the idea that anomaly returns are driven by biased expectations, which are at least partly corrected upon news arrival."
Earnings,298,earnings announcement days,anomaly returns,Anomaly returns are six times higher on earnings announcement days,169,"ABSTRACT Using a sample of 97 stock return anomalies, we find that anomaly returns are 50% higher on corporate news days and six times higher on earnings announcement days. These results could be explained by dynamic risk, mispricing due to biased expectations, or data mining. We develop and conduct several unique tests to differentiate between these three explanations. Our results are most consistent with the idea that anomaly returns are driven by biased expectations, which are at least partly corrected upon news arrival."
Macroeconomic data,299,conditional moments,future realizations,Recovered conditional moments predict future realizations,170,"ABSTRACT Under mild assumptions, we recover the model‐free conditional minimum variance projection of the pricing kernel on various tradeable realized moments of market returns. Recovered conditional moments predict future realizations and give insight into the cyclicality of equity premia, variance risk premia, and the highest attainable Sharpe ratios under the minimum variance probability. The pricing kernel projections are often U ‐shaped and give rise to optimal conditional portfolio strategies with plausible market timing properties, moderate countercyclical exposures to higher realized moments, and favorable out‐of‐sample Sharpe ratios."
Macroeconomic data,300,conditional moments,cyclicality of equity premia,Recovered conditional moments give insight into the cyclicality of equity premia,170,"ABSTRACT Under mild assumptions, we recover the model‐free conditional minimum variance projection of the pricing kernel on various tradeable realized moments of market returns. Recovered conditional moments predict future realizations and give insight into the cyclicality of equity premia, variance risk premia, and the highest attainable Sharpe ratios under the minimum variance probability. The pricing kernel projections are often U ‐shaped and give rise to optimal conditional portfolio strategies with plausible market timing properties, moderate countercyclical exposures to higher realized moments, and favorable out‐of‐sample Sharpe ratios."
Macroeconomic data,301,conditional moments,cyclicality of variance risk premia,Recovered conditional moments give insight into the cyclicality of variance risk premia,170,"ABSTRACT Under mild assumptions, we recover the model‐free conditional minimum variance projection of the pricing kernel on various tradeable realized moments of market returns. Recovered conditional moments predict future realizations and give insight into the cyclicality of equity premia, variance risk premia, and the highest attainable Sharpe ratios under the minimum variance probability. The pricing kernel projections are often U ‐shaped and give rise to optimal conditional portfolio strategies with plausible market timing properties, moderate countercyclical exposures to higher realized moments, and favorable out‐of‐sample Sharpe ratios."
Macroeconomic data,302,conditional moments,highest attainable Sharpe ratios,Recovered conditional moments give insight into the highest attainable Sharpe ratios,170,"ABSTRACT Under mild assumptions, we recover the model‐free conditional minimum variance projection of the pricing kernel on various tradeable realized moments of market returns. Recovered conditional moments predict future realizations and give insight into the cyclicality of equity premia, variance risk premia, and the highest attainable Sharpe ratios under the minimum variance probability. The pricing kernel projections are often U ‐shaped and give rise to optimal conditional portfolio strategies with plausible market timing properties, moderate countercyclical exposures to higher realized moments, and favorable out‐of‐sample Sharpe ratios."
Options / VIX,303,value of the default option,stock returns,Stocks with a higher value of the default option generate higher stock returns.,171,"ABSTRACT We study whether default options are mispriced in equity values by employing a structural equity valuation model that explicitly takes into account the value of the option to default (or abandon the firm) and uses firm‐specific inputs. We implement our model on the entire cross section of stocks and identify both over‐ and underpriced equities. An investment strategy that buys undervalued stocks and shorts overvalued stocks generates an annual four‐factor alpha of about 11% for U.S. stocks. The model's performance is stronger for stocks with a higher value of the default option, such as distressed or highly volatile stocks."
Macroeconomic data,304,share of routine‐task labor,expected stock returns,Firms with a higher share of routine‐task labor have lower expected stock returns.,172,"ABSTRACT This paper studies the asset pricing implications of a firm's opportunities to replace routine‐task labor with automation. I develop a model in which firms optimally undertake such replacement when their productivity is low. Hence, firms with routine‐task labor maintain a replacement option that hedges their value against unfavorable macroeconomic shocks and lowers their expected returns. Using establishment‐level occupational data, I construct a measure of firms' share of routine‐task labor. Compared to their industry peers, firms with a higher share of routine‐task labor (i) invest more in machines and reduce more routine‐task labor during economic downturns, and (ii) have lower expected stock returns."
Macroeconomic data,305,"Alpha persistence, amount of mispriced capital, Tobin's q",stock returns,"Alpha persistence, amount of mispriced capital, and Tobin's q are significant predictors of stock returns.",173,"ABSTRACT We examine the importance of cross‐sectional asset pricing anomalies (alphas) for the real economy. To this end, we develop a novel quantitative model of the cross‐section of firms that features lumpy investment and informational inefficiencies, while yielding distributions in closed form. Our findings indicate that anomalies can cause material real inefficiencies, which raises the possibility that agents who help eliminate them add significant value to the economy. The model shows that the magnitude of alphas alone is a poor indicator of real outcomes, and highlights the importance of the alpha persistence, the amount of mispriced capital, and the Tobin's q of firms affected."
Mutual funds,306,false discovery rate (FDR) methodology,stock returns,"The false discovery rate methodology underestimates the proportion of nonzero-alpha funds, impacting the classification of funds' performance.",174,"ABSTRACT Barras, Scaillet, and Wermers propose the false discovery rate (FDR) to separate skill (alpha) from luck in fund performance. Using simulations with parameters informed by the data, we find that this methodology is conservative and underestimates the proportion of nonzero‐alpha funds. For example, 65% of funds with economically large alphas of are misclassified as zero alpha. This bias arises from the low signal‐to‐noise ratio in fund returns and the resulting low statistical power. Our results question FDR's applicability in performance evaluation and other domains with low power, and can materially change the conclusion that most funds have zero alpha."
Mutual funds,307,low signal-to-noise ratio,stock returns,Low signal-to-noise ratio in fund returns leads to low statistical power which affects performance evaluations.,174,"ABSTRACT Barras, Scaillet, and Wermers propose the false discovery rate (FDR) to separate skill (alpha) from luck in fund performance. Using simulations with parameters informed by the data, we find that this methodology is conservative and underestimates the proportion of nonzero‐alpha funds. For example, 65% of funds with economically large alphas of are misclassified as zero alpha. This bias arises from the low signal‐to‐noise ratio in fund returns and the resulting low statistical power. Our results question FDR's applicability in performance evaluation and other domains with low power, and can materially change the conclusion that most funds have zero alpha."
Macroeconomic data,308,unexpectedly accommodating policy,stock market,"The Fed has affected the stock market via unexpectedly accommodating policy, leading to large reductions in the equity premium.",175,"ABSTRACT We document that since 1994, the equity premium is earned entirely in weeks 0, 2, 4, and 6 in Federal Open Market Committee (FOMC) cycle time, that is, even weeks starting from the last FOMC meeting. We causally tie this fact to the Fed by studying intermeeting target changes, Fed funds futures, and internal Board of Governors meetings. The Fed has affected the stock market via unexpectedly accommodating policy, leading to large reductions in the equity premium. Evidence suggests systematic informal communication of Fed officials with the media and financial sector as a channel through which news about monetary policy has reached the market."
Watchdogs,309,systematic informal communication of Fed officials,stock market,Evidence suggests systematic informal communication of Fed officials with the media and financial sector as a channel through which news about monetary policy has reached the market.,175,"ABSTRACT We document that since 1994, the equity premium is earned entirely in weeks 0, 2, 4, and 6 in Federal Open Market Committee (FOMC) cycle time, that is, even weeks starting from the last FOMC meeting. We causally tie this fact to the Fed by studying intermeeting target changes, Fed funds futures, and internal Board of Governors meetings. The Fed has affected the stock market via unexpectedly accommodating policy, leading to large reductions in the equity premium. Evidence suggests systematic informal communication of Fed officials with the media and financial sector as a channel through which news about monetary policy has reached the market."
Earnings forecasts,310,analyst long‐term earnings growth forecasts,stock returns,Returns on stocks with the most optimistic analyst long‐term earnings growth forecasts are lower than those on stocks with the most pessimistic forecasts.,176,"ABSTRACT We revisit La Porta's finding that returns on stocks with the most optimistic analyst long‐term earnings growth forecasts are lower than those on stocks with the most pessimistic forecasts. We document the joint dynamics of fundamentals, expectations, and returns of these portfolios, and explain the facts using a model of belief formation based on the representativeness heuristic. Analysts forecast fundamentals from observed earnings growth, but overreact to news by exaggerating the probability of states that have become more likely. We find support for the model's predictions. A quantitative estimation of the model accounts for the key patterns in the data."
Earnings forecasts,311,cyclical consumption,stock returns,Future expected stock returns are high (low) when aggregate consumption falls (rises) relative to its trend and marginal utility from current consumption is high (low).,177,"ABSTRACT This paper introduces a novel consumption‐based variable, cyclical consumption, and examines its predictive properties for stock returns. Future expected stock returns are high (low) when aggregate consumption falls (rises) relative to its trend and marginal utility from current consumption is high (low). We show that the empirical evidence ties consumption decisions of agents to time variation in returns in a manner consistent with asset pricing models based on external habit formation. The predictive power of cyclical consumption is not confined to bad times and subsumes the predictability of many popular forecasting variables."
Macroeconomic data,312,systematic cash flow news,returns of anomaly portfolios,Systematic cash flow news drives the returns of anomaly portfolios,178,"ABSTRACT We decompose the returns of five well‐known anomalies into cash flow and discount rate news. Common patterns emerge across the five factor portfolios and their mean‐variance efficient (MVE) combination. Whereas discount rate news predominates in market returns, systematic cash flow news drives the returns of anomaly portfolios and their MVE combination with the market portfolio. Anomaly cash flow and discount rate shocks are largely uncorrelated with market cash flow and discount rate shocks and with business cycle fluctuations. These rich empirical patterns restrict the joint dynamics of firm cash flows and the pricing kernel, thereby informing models of stocks' expected returns."
Macroeconomic data,313,discount rate news,market returns,Discount rate news predominates in market returns,178,"ABSTRACT We decompose the returns of five well‐known anomalies into cash flow and discount rate news. Common patterns emerge across the five factor portfolios and their mean‐variance efficient (MVE) combination. Whereas discount rate news predominates in market returns, systematic cash flow news drives the returns of anomaly portfolios and their MVE combination with the market portfolio. Anomaly cash flow and discount rate shocks are largely uncorrelated with market cash flow and discount rate shocks and with business cycle fluctuations. These rich empirical patterns restrict the joint dynamics of firm cash flows and the pricing kernel, thereby informing models of stocks' expected returns."
Long / short term,314,insiders' investment horizon,stock returns,"Short-horizon insiders trades are more informative and unexpected, leading to better predictions of stock returns.",179,"ABSTRACT We examine the relation between insiders’ investment horizon and the information content of their trades with respect to future stock returns. We conjecture that an insider's investment horizon establishes a benchmark for expected patterns of continued trading behavior and thus helps identify unexpected insider trades, which should be more informative in efficient markets. Consistent with this conjecture, the trades of short‐horizon insiders are both more unexpected and more informed, on average, than those of long‐horizon insiders. Short‐horizon insiders and their firms also tend to display characteristics that are associated with a greater focus on short‐termism."
Long / short term,315,short-termism characteristics,stock returns,"Short-horizon insiders and their firms display characteristics associated with a greater focus on short-termism, influencing stock returns.",179,"ABSTRACT We examine the relation between insiders’ investment horizon and the information content of their trades with respect to future stock returns. We conjecture that an insider's investment horizon establishes a benchmark for expected patterns of continued trading behavior and thus helps identify unexpected insider trades, which should be more informative in efficient markets. Consistent with this conjecture, the trades of short‐horizon insiders are both more unexpected and more informed, on average, than those of long‐horizon insiders. Short‐horizon insiders and their firms also tend to display characteristics that are associated with a greater focus on short‐termism."
Financial reports,316,changes to the language and construction of financial reports,firms’ future returns,Changes to the language and construction of financial reports have strong implications for firms’ future returns,180,"ABSTRACT Using the complete history of regular quarterly and annual filings by U.S. corporations, we show that changes to the language and construction of financial reports have strong implications for firms’ future returns and operations. A portfolio that shorts “changers” and buys “nonchangers” earns up to 188 basis points per month in alpha (over 22% per year) in the future. Moreover, changes to 10‐Ks predict future earnings, profitability, future news announcements, and even future firm‐level bankruptcies. Unlike typical underreaction patterns, we find no announcement effect, suggesting that investors are inattentive to these simple changes across the universe of public firms."
Financial reports,317,'changers' vs 'nonchangers',future stock performance,"A portfolio that shorts 'changers' and buys 'nonchangers' earns up to 188 basis points per month in alpha, indicating predictive power of 'changers' vs 'nonchangers' on future stock performance",180,"ABSTRACT Using the complete history of regular quarterly and annual filings by U.S. corporations, we show that changes to the language and construction of financial reports have strong implications for firms’ future returns and operations. A portfolio that shorts “changers” and buys “nonchangers” earns up to 188 basis points per month in alpha (over 22% per year) in the future. Moreover, changes to 10‐Ks predict future earnings, profitability, future news announcements, and even future firm‐level bankruptcies. Unlike typical underreaction patterns, we find no announcement effect, suggesting that investors are inattentive to these simple changes across the universe of public firms."
Financial reports,318,changes to 10‐Ks,future stock returns,"Changes to 10‐Ks predict future earnings, profitability, and future firm-level bankruptcies, indicating a predictive relationship with stock returns",180,"ABSTRACT Using the complete history of regular quarterly and annual filings by U.S. corporations, we show that changes to the language and construction of financial reports have strong implications for firms’ future returns and operations. A portfolio that shorts “changers” and buys “nonchangers” earns up to 188 basis points per month in alpha (over 22% per year) in the future. Moreover, changes to 10‐Ks predict future earnings, profitability, future news announcements, and even future firm‐level bankruptcies. Unlike typical underreaction patterns, we find no announcement effect, suggesting that investors are inattentive to these simple changes across the universe of public firms."
Earnings forecasts,319,analyst recommendation revisions,abnormal stock returns,Recommendation revisions of both types of analysts exhibit positive abnormal returns.,181,"ABSTRACT The majority of security analysts are identified as skilled when the cross‐section of analyst performance is modeled as a mixture of multiple skill distributions. Analysts exhibit heterogeneous skill—some are high‐type, and some are low‐type. On average, the recommendation revisions of both types exhibit positive abnormal returns. The heterogeneity stems from differential ability to produce new information; all analysts can profitably process news. Top analysts outperform because more of their recommendations are influential (i.e., associated with statistically significant returns) and both their influential and noninfluential recommendations are more informative. A majority of research firms are also identified as skilled."
Earnings forecasts,320,top analysts' recommendations,stock returns,Top analysts outperform because their recommendations are associated with statistically significant returns.,181,"ABSTRACT The majority of security analysts are identified as skilled when the cross‐section of analyst performance is modeled as a mixture of multiple skill distributions. Analysts exhibit heterogeneous skill—some are high‐type, and some are low‐type. On average, the recommendation revisions of both types exhibit positive abnormal returns. The heterogeneity stems from differential ability to produce new information; all analysts can profitably process news. Top analysts outperform because more of their recommendations are influential (i.e., associated with statistically significant returns) and both their influential and noninfluential recommendations are more informative. A majority of research firms are also identified as skilled."
Macroeconomic data,321,"systematic factors (market, oil, finance, electricity portfolios)",individual stock returns,The exposure of stocks to systematic factors explains individual stock returns.,182,"ABSTRACT Based on a novel high‐frequency data set for a large number of firms, I estimate the time‐varying latent continuous and jump factors that explain individual stock returns. The factors are estimated using principal component analysis applied to a local volatility and jump covariance matrix. I find four stable continuous systematic factors, which can be well approximated by a market, oil, finance, and electricity portfolio, while there is only one stable jump market factor. The exposure of stocks to these risk factors and their explained variation is time‐varying. The four continuous factors carry an intraday risk premium that reverses overnight."
Macroeconomic data,322,continuous factors,stock returns,"The continuous factors carry an intraday risk premium that reverses overnight, affecting stock returns.",182,"ABSTRACT Based on a novel high‐frequency data set for a large number of firms, I estimate the time‐varying latent continuous and jump factors that explain individual stock returns. The factors are estimated using principal component analysis applied to a local volatility and jump covariance matrix. I find four stable continuous systematic factors, which can be well approximated by a market, oil, finance, and electricity portfolio, while there is only one stable jump market factor. The exposure of stocks to these risk factors and their explained variation is time‐varying. The four continuous factors carry an intraday risk premium that reverses overnight."
Revenue growth,323,persistent cash flow component,stock returns,News about the persistent dividend growth component predicts stock returns consistent with asset pricing constraints.,183,"ABSTRACT We develop a new approach to modeling dynamics in cash flows extracted from daily firm‐level dividend announcements. We decompose daily cash flow news into a persistent component, jumps, and temporary shocks. Empirically, we find that the persistent cash flow component is a highly significant predictor of future growth in dividends and consumption. Using a log‐linearized present value model, we show that news about the persistent dividend growth component predicts stock returns consistent with asset pricing constraints implied by this model. News about the daily dividend growth process also helps explain concurrent return volatility and the probability of jumps in stock returns."
Company spokesperson,324,customer capital inalienability (ICC),average stock returns,Firms with higher ICC have higher average returns,184,"ABSTRACT We develop a model in which customer capital depends on key talents' contribution and pure brand recognition. Customer capital guarantees stable demand but is fragile to financial constraints risk if retained mainly by talents, who tend to quit financially constrained firms, damaging customer capital. Using a proprietary, granular brand‐perception survey, we construct a firm‐level measure of the inalienability of customer capital (ICC) that captures the degree to which customer capital depends on talents. Firms with higher ICC have higher average returns, higher talent turnover, and more precautionary financial policies. The ICC‐sorted long‐short portfolio's spread comoves with financial constraints factor."
Mutual funds,325,outflows,stock returns,Outflows generate a fairly negligible quarterly decline in returns,185,"ABSTRACT A large and rapidly growing literature examines the impact of misvaluation on firm policies by using mutual fund outflow‐induced price pressure to isolate nonfundamental price variation. I demonstrate that the standard approach to computing outflow‐induced price pressure produces a measure that is inadvertently a direct function of a stock's actual realized return during the outflow quarter, raising doubts about its orthogonality to fundamentals. After removing these direct measurements of return, outflows generate a fairly negligible quarterly decline in returns, with no subsequent reversal, and many established results in this literature no longer hold. I provide suggestions for future analysis."
Earnings losses,326,Unrealized capital gains,household consumption,Unrealized capital gains lead to a marginal propensity to consume of 23% for the bottom 50% of the wealth distribution and about 3% for the top 30% of the wealth distribution.,186,ABSTRACT This paper employs Swedish data on households' stock holdings to investigate how consumption responds to changes in stock market returns. We instrument the actual capital gains and dividend payments with past portfolio weights. Unrealized capital gains lead to a marginal propensity to consume of 23% for the bottom 50% of the wealth distribution and about 3% for the top 30% of the wealth distribution. Household consumption is significantly more responsive to dividend payouts across all parts of the wealth distribution. Our findings are consistent with households treating capital gains and dividends as separate sources of income.
Trading activity,327,high frequencies of comovement with the market return,U.S. stock returns,There is a robust return premium for stocks with high frequencies of comovement with the market return.,187,"ABSTRACT How do investors perceive dependence between stock returns; and how does their perception of dependence affect investments and stock prices? We show experimentally that investors understand differences in dependence, but not in terms of correlation. Participants invest as if applying a simple counting heuristic for the frequency of comovement. They diversify more when the frequency of comovement is lower even if correlation is higher due to dependence in the tails. Building on our experimental findings, we empirically analyze U.S. stock returns. We identify a robust return premium for stocks with high frequencies of comovement with the market return."
Financial reports,328,"mispricing, risk, and/or frictions",stock returns,"Mispricing, risk, and/or frictions have a key role in stock returns.",188,"ABSTRACT Suppose that the 300+ published asset pricing factors are all spurious. How much p ‐hacking is required to produce these factors? If 10,000 researchers generate eight factors every day, it takes hundreds of years. This is because dozens of published t ‐statistics exceed 6.0, while the corresponding p ‐value is infinitesimal, implying an astronomical amount of p ‐hacking in a general model. More structure implies that p ‐hacking cannot address 100 published t ‐statistics that exceed 4.0, as they require an implausibly nonlinear preference for t ‐statistics or even more p ‐hacking. These results imply that mispricing, risk, and/or frictions have a key role in stock returns."
Positive sentiment,329,more positive cultural trust bias,stock recommendations,A more positive cultural trust bias by an equity analyst's country of origin toward a firm's headquarter country is associated with significantly more positive stock recommendations.,189,"ABSTRACT A more positive cultural trust bias by an equity analyst's country of origin toward a firm's headquarter country is associated with significantly more positive stock recommendations. The cultural bias effect is stronger for eponymous firms whose names mention their home country and varies over time, increasing with negative sentiment. I find evidence of a negative North‐South bias during the European debt crisis and United Kingdom‐Europe divergence amid Brexit. Share price reactions to recommendations by more biased analysts are weaker, and more biased recommendations are worse predictors of monthly stock returns. More positively biased analysts also assign higher target prices."
Cultural life,330,more biased recommendations,monthly stock returns,"Share price reactions to recommendations by more biased analysts are weaker, and more biased recommendations are worse predictors of monthly stock returns.",189,"ABSTRACT A more positive cultural trust bias by an equity analyst's country of origin toward a firm's headquarter country is associated with significantly more positive stock recommendations. The cultural bias effect is stronger for eponymous firms whose names mention their home country and varies over time, increasing with negative sentiment. I find evidence of a negative North‐South bias during the European debt crisis and United Kingdom‐Europe divergence amid Brexit. Share price reactions to recommendations by more biased analysts are weaker, and more biased recommendations are worse predictors of monthly stock returns. More positively biased analysts also assign higher target prices."
Earnings,331,no‐dividend stocks,stock market returns,The presence of no‐dividend stocks in the stock market leads to a lower correlation between stock market returns and the aggregate consumption growth rate,190,"ABSTRACT We develop a stationary model of the aggregate stock market featuring both dividend‐paying and no‐dividend stocks within a familiar, parsimonious consumption‐based equilibrium framework. We find that such a simple feature leads to profound implications supporting several stock market empirical regularities that leading consumption‐based asset pricing models have difficulty reconciling. Namely, the presence of no‐dividend stocks in the stock market leads to a lower correlation between stock market returns and the aggregate consumption growth rate, a nonmonotonic and even negative relation between the stock market risk premium and its volatility, and a downward‐sloping term structure of equity risk premia."
Earnings forecasts,332,no‐dividend stocks,stock market returns,The presence of no‐dividend stocks in the stock market leads to a nonmonotonic and even negative relation between the stock market risk premium and its volatility,190,"ABSTRACT We develop a stationary model of the aggregate stock market featuring both dividend‐paying and no‐dividend stocks within a familiar, parsimonious consumption‐based equilibrium framework. We find that such a simple feature leads to profound implications supporting several stock market empirical regularities that leading consumption‐based asset pricing models have difficulty reconciling. Namely, the presence of no‐dividend stocks in the stock market leads to a lower correlation between stock market returns and the aggregate consumption growth rate, a nonmonotonic and even negative relation between the stock market risk premium and its volatility, and a downward‐sloping term structure of equity risk premia."
Earnings,333,no‐dividend stocks,stock market returns,The presence of no‐dividend stocks in the stock market leads to a downward‐sloping term structure of equity risk premia,190,"ABSTRACT We develop a stationary model of the aggregate stock market featuring both dividend‐paying and no‐dividend stocks within a familiar, parsimonious consumption‐based equilibrium framework. We find that such a simple feature leads to profound implications supporting several stock market empirical regularities that leading consumption‐based asset pricing models have difficulty reconciling. Namely, the presence of no‐dividend stocks in the stock market leads to a lower correlation between stock market returns and the aggregate consumption growth rate, a nonmonotonic and even negative relation between the stock market risk premium and its volatility, and a downward‐sloping term structure of equity risk premia."
Options / VIX,334,slow‐moving beliefs about stock market volatility,stock returns,Agents have slow‐moving beliefs about stock market volatility that lead to initial underreaction to volatility shocks followed by delayed overreaction affecting stock returns.,191,"ABSTRACT We provide evidence that agents have slow‐moving beliefs about stock market volatility that lead to initial underreaction to volatility shocks followed by delayed overreaction. These dynamics are mirrored in the VIX and variance risk premiums, which reflect investor expectations about volatility, and are also supported in both surveys and firm‐level option prices. We embed these expectations into an asset pricing model and find that the model can account for a number of stylized facts about market returns and return volatility that are difficult to reconcile, including a weak or even negative risk‐return trade‐off."
Options / VIX,335,VIX and variance risk premiums,market returns,Dynamics mirrored in the VIX and variance risk premiums reflect investor expectations about volatility that can account for market returns.,191,"ABSTRACT We provide evidence that agents have slow‐moving beliefs about stock market volatility that lead to initial underreaction to volatility shocks followed by delayed overreaction. These dynamics are mirrored in the VIX and variance risk premiums, which reflect investor expectations about volatility, and are also supported in both surveys and firm‐level option prices. We embed these expectations into an asset pricing model and find that the model can account for a number of stylized facts about market returns and return volatility that are difficult to reconcile, including a weak or even negative risk‐return trade‐off."
Options / VIX,336,asset pricing model,market returns,"Model can account for stylized facts about market returns and return volatility that are difficult to reconcile, including a weak or even negative risk‐return trade‐off.",191,"ABSTRACT We provide evidence that agents have slow‐moving beliefs about stock market volatility that lead to initial underreaction to volatility shocks followed by delayed overreaction. These dynamics are mirrored in the VIX and variance risk premiums, which reflect investor expectations about volatility, and are also supported in both surveys and firm‐level option prices. We embed these expectations into an asset pricing model and find that the model can account for a number of stylized facts about market returns and return volatility that are difficult to reconcile, including a weak or even negative risk‐return trade‐off."
Wide range,337,"cryptocurrency market, size, and momentum",cryptocurrency returns,"Three factors—cryptocurrency market, size, and momentum—capture the cross‐sectional expected cryptocurrency returns.",192,"ABSTRACT We find that three factors—cryptocurrency market, size, and momentum—capture the cross‐sectional expected cryptocurrency returns. We consider a comprehensive list of price‐ and market‐related return predictors in the stock market and construct their cryptocurrency counterparts. Ten cryptocurrency characteristics form successful long‐short strategies that generate sizable and statistically significant excess returns, and we show that all of these strategies are accounted for by the cryptocurrency three‐factor model. Lastly, we examine potential underlying mechanisms of the cryptocurrency size and momentum effects."
Bear / bull market,338,Robinhood investors' increased holdings,stock returns,Increased holdings by Robinhood investors in March 2020 contributed to positive stock returns during the subsequent bull market.,194,"ABSTRACT Robinhood investors increased their holdings in the March 2020 COVID bear market, indicating an absence of collective panic and margin calls. This steadfastness was rewarded in the subsequent bull market. Despite unusual interest in some “experience” stocks (e.g., cannabis stocks), they tilted primarily toward stocks with high past share volume and dollar‐trading volume (themselves mostly big stocks). From mid‐2018 to mid‐2020, an aggregated crowd consensus portfolio (a proxy for the household‐equal‐weighted portfolio) had both good timing and good alpha."
Bear / bull market,339,high past share volume and dollar-trading volume,stock returns,Stocks with high past share volume and dollar-trading volume are associated with positive stock returns.,194,"ABSTRACT Robinhood investors increased their holdings in the March 2020 COVID bear market, indicating an absence of collective panic and margin calls. This steadfastness was rewarded in the subsequent bull market. Despite unusual interest in some “experience” stocks (e.g., cannabis stocks), they tilted primarily toward stocks with high past share volume and dollar‐trading volume (themselves mostly big stocks). From mid‐2018 to mid‐2020, an aggregated crowd consensus portfolio (a proxy for the household‐equal‐weighted portfolio) had both good timing and good alpha."
Bear / bull market,340,aggregated crowd consensus portfolio,stock returns,"The aggregated crowd consensus portfolio from mid-2018 to mid-2020 had good timing and good alpha, leading to positive stock returns.",194,"ABSTRACT Robinhood investors increased their holdings in the March 2020 COVID bear market, indicating an absence of collective panic and margin calls. This steadfastness was rewarded in the subsequent bull market. Despite unusual interest in some “experience” stocks (e.g., cannabis stocks), they tilted primarily toward stocks with high past share volume and dollar‐trading volume (themselves mostly big stocks). From mid‐2018 to mid‐2020, an aggregated crowd consensus portfolio (a proxy for the household‐equal‐weighted portfolio) had both good timing and good alpha."
Earnings forecasts,341,momentum in factor returns,individual stock returns,Momentum in individual stock returns relates to momentum in factor returns,195,ABSTRACT Momentum in individual stock returns relates to momentum in factor returns. Most factors are positively autocorrelated: the average factor earns a monthly return of six basis points following a year of losses and 51 basis points following a positive year. We find that factor momentum concentrates in factors that explain more of the cross section of returns and that it is not incidental to individual stock momentum: momentum‐neutral factors display more momentum. Momentum found in high‐eigenvalue principal component factors subsumes most forms of individual stock momentum. Our results suggest that momentum is not a distinct risk factor—it times other factors.
Earnings losses,342,year of losses,monthly return of average factor,The average factor earns a monthly return of six basis points following a year of losses,195,ABSTRACT Momentum in individual stock returns relates to momentum in factor returns. Most factors are positively autocorrelated: the average factor earns a monthly return of six basis points following a year of losses and 51 basis points following a positive year. We find that factor momentum concentrates in factors that explain more of the cross section of returns and that it is not incidental to individual stock momentum: momentum‐neutral factors display more momentum. Momentum found in high‐eigenvalue principal component factors subsumes most forms of individual stock momentum. Our results suggest that momentum is not a distinct risk factor—it times other factors.
Positive sentiment,343,positive year,monthly return of average factor,The average factor earns a monthly return of 51 basis points following a positive year,195,ABSTRACT Momentum in individual stock returns relates to momentum in factor returns. Most factors are positively autocorrelated: the average factor earns a monthly return of six basis points following a year of losses and 51 basis points following a positive year. We find that factor momentum concentrates in factors that explain more of the cross section of returns and that it is not incidental to individual stock momentum: momentum‐neutral factors display more momentum. Momentum found in high‐eigenvalue principal component factors subsumes most forms of individual stock momentum. Our results suggest that momentum is not a distinct risk factor—it times other factors.
Earnings forecasts,344,momentum found in high‐eigenvalue principal component factors,individual stock momentum,Momentum found in high‐eigenvalue principal component factors subsumes most forms of individual stock momentum,195,ABSTRACT Momentum in individual stock returns relates to momentum in factor returns. Most factors are positively autocorrelated: the average factor earns a monthly return of six basis points following a year of losses and 51 basis points following a positive year. We find that factor momentum concentrates in factors that explain more of the cross section of returns and that it is not incidental to individual stock momentum: momentum‐neutral factors display more momentum. Momentum found in high‐eigenvalue principal component factors subsumes most forms of individual stock momentum. Our results suggest that momentum is not a distinct risk factor—it times other factors.
Trading activity,345,Trade ideas based on expectations of future events,stock returns,Trade ideas based on expectations of future events are more informative than those identifying incomplete incorporation of past information in stock prices.,196,"ABSTRACT Short‐term trade ideas are a component of analyst research highly valued by institutional investors. Using a novel and comprehensive database, we find that trade ideas have a stock price impact at least as large as recommendation and target price changes. Trade ideas based on expectations of future events are more informative than those identifying incomplete incorporation of past information in stock prices. Analysts with better access to a firm's management produce better trade ideas. Institutional investors trade in the direction of trade ideas. Investors following trade ideas can earn significant abnormal returns, consistent with analysts possessing valuable short‐term stock‐picking skills."
Management changes,346,Analysts with better access to a firm's management,stock returns,Analysts with better access to a firm's management produce better trade ideas that can lead to significant abnormal returns.,196,"ABSTRACT Short‐term trade ideas are a component of analyst research highly valued by institutional investors. Using a novel and comprehensive database, we find that trade ideas have a stock price impact at least as large as recommendation and target price changes. Trade ideas based on expectations of future events are more informative than those identifying incomplete incorporation of past information in stock prices. Analysts with better access to a firm's management produce better trade ideas. Institutional investors trade in the direction of trade ideas. Investors following trade ideas can earn significant abnormal returns, consistent with analysts possessing valuable short‐term stock‐picking skills."
Investment banking,347,Following trade ideas,stock returns,Investors following trade ideas can earn significant abnormal returns.,196,"ABSTRACT Short‐term trade ideas are a component of analyst research highly valued by institutional investors. Using a novel and comprehensive database, we find that trade ideas have a stock price impact at least as large as recommendation and target price changes. Trade ideas based on expectations of future events are more informative than those identifying incomplete incorporation of past information in stock prices. Analysts with better access to a firm's management produce better trade ideas. Institutional investors trade in the direction of trade ideas. Investors following trade ideas can earn significant abnormal returns, consistent with analysts possessing valuable short‐term stock‐picking skills."
Earnings losses,348,mean and volatility of stock returns,stock returns,Participants respond to changes in the mean and volatility of stock returns consistent with textbook models,197,"ABSTRACT Textbook models assume that investors try to insure against bad states of the world associated with specific risk factors when investing. This is a testable assumption and we develop a survey framework for doing so. Our framework can be applied to any risk factor. We demonstrate the approach using consumption growth, which makes our results applicable to most modern asset‐pricing models. Participants respond to changes in the mean and volatility of stock returns consistent with textbook models, but we find no evidence that they view an asset's correlation with consumption growth as relevant to investment decisions."
C-suite,349,CEO's political leaning,stock returns,Firms with a Republican‐leaning CEO experience higher sales and positive abnormal stock returns due to increased store visits.,198,"ABSTRACT Maintaining economic output during the COVID‐19 pandemic results in benefits for firm shareholders but comes at a potential cost to public health. Using store‐level data, we examine how a CEO's political leaning impacts this trade‐off. We document that firms with a Republican‐leaning CEO experience a relative increase in store visits compared to firms with a Democratic‐leaning CEO. The increase in store visits is associated with higher sales and positive abnormal stock returns. However, we also document higher COVID‐19 transmission rates and more employee safety complaints in communities where establishments with higher store traffic are managed by a Republican‐leaning CEO."
Retail,350,store visits,stock returns,Increase in store visits is associated with positive abnormal stock returns.,198,"ABSTRACT Maintaining economic output during the COVID‐19 pandemic results in benefits for firm shareholders but comes at a potential cost to public health. Using store‐level data, we examine how a CEO's political leaning impacts this trade‐off. We document that firms with a Republican‐leaning CEO experience a relative increase in store visits compared to firms with a Democratic‐leaning CEO. The increase in store visits is associated with higher sales and positive abnormal stock returns. However, we also document higher COVID‐19 transmission rates and more employee safety complaints in communities where establishments with higher store traffic are managed by a Republican‐leaning CEO."
Macroeconomic data,351,U.S. monetary policy shocks,global stock returns,U.S. monetary policy shocks have a total impact on global stock returns.,199,"ABSTRACT We quantify the role of global production linkages in explaining spillovers of U.S. monetary policy shocks on country‐sector stock returns. We estimate a structural spatial autoregression (SAR) model that is consistent with an open‐economy production network framework. Using the SAR model, we decompose the total impact of U.S. monetary policy on global stock returns into direct and network effects. Nearly 70% of the total impact is due to the network effect of global production linkages. Empirical counterfactuals show that shutting down global production linkages halves the total impact of U.S. monetary policy shocks."
Macroeconomic data,352,global production linkages,country‐sector stock returns,Global production linkages contribute to the spillovers of U.S. monetary policy shocks on country‐sector stock returns.,199,"ABSTRACT We quantify the role of global production linkages in explaining spillovers of U.S. monetary policy shocks on country‐sector stock returns. We estimate a structural spatial autoregression (SAR) model that is consistent with an open‐economy production network framework. Using the SAR model, we decompose the total impact of U.S. monetary policy on global stock returns into direct and network effects. Nearly 70% of the total impact is due to the network effect of global production linkages. Empirical counterfactuals show that shutting down global production linkages halves the total impact of U.S. monetary policy shocks."
Trading activity,353,intense buying by Robinhood users,negative returns,intense buying by Robinhood users forecasts negative returns,200,"ABSTRACT We study the influence of financial innovation by fintech brokerages on individual investors’ trading and stock prices. Using data from Robinhood, we find that Robinhood investors engage in more attention‐induced trading than other retail investors. For example, Robinhood outages disproportionately reduce trading in high‐attention stocks. While this evidence is consistent with Robinhood attracting relatively inexperienced investors, we show that it is also driven in part by the app's unique features. Consistent with models of attention‐induced trading, intense buying by Robinhood users forecasts negative returns. Average 20‐day abnormal returns are −4.7% for the top stocks purchased each day."
Trading activity,354,top stocks purchased each day,Average 20‐day abnormal returns,Average 20‐day abnormal returns are −4.7% for the top stocks purchased each day,200,"ABSTRACT We study the influence of financial innovation by fintech brokerages on individual investors’ trading and stock prices. Using data from Robinhood, we find that Robinhood investors engage in more attention‐induced trading than other retail investors. For example, Robinhood outages disproportionately reduce trading in high‐attention stocks. While this evidence is consistent with Robinhood attracting relatively inexperienced investors, we show that it is also driven in part by the app's unique features. Consistent with models of attention‐induced trading, intense buying by Robinhood users forecasts negative returns. Average 20‐day abnormal returns are −4.7% for the top stocks purchased each day."
Futures / indices,355,futures-cash basis,futures and spot returns,The futures-cash basis negatively predicts futures and spot returns.,201,"ABSTRACT Deviations from the law of one price between futures and spot prices—the futures‐cash basis—capture information about liquidity demand for equity market exposure in global markets. We show that the basis comoves with dealer and investor futures positions, is contemporaneously positively correlated with futures and spot market returns, and negatively predicts futures and spot returns. These findings are consistent with the futures‐cash basis reflecting liquidity demand that is common to futures and cash equity markets. We find persistent supply‐demand imbalances for equity index exposure reflected in the basis, giving rise to an annual premium of 5% to 6%."
Wide range,356,all securities' signals,individual return,All securities' signals predict each individual return,202,"ABSTRACT We propose a new asset pricing framework in which all securities' signals predict each individual return. While the literature focuses on securities' own‐signal predictability, assuming equal strength across securities, our framework includes cross‐predictability—leading to three main results. First, we derive the optimal strategy in closed form. It consists of eigenvectors of a “prediction matrix,” which we call “principal portfolios.” Second, we decompose the problem into alpha and beta, yielding optimal strategies with, respectively, zero and positive factor exposure. Third, we provide a new test of asset pricing models. Empirically, principal portfolios deliver significant out‐of‐sample alphas to standard factors in several data sets."
Investment banking,357,principal portfolios,standard factors,Principal portfolios deliver significant out‐of‐sample alphas to standard factors,202,"ABSTRACT We propose a new asset pricing framework in which all securities' signals predict each individual return. While the literature focuses on securities' own‐signal predictability, assuming equal strength across securities, our framework includes cross‐predictability—leading to three main results. First, we derive the optimal strategy in closed form. It consists of eigenvectors of a “prediction matrix,” which we call “principal portfolios.” Second, we decompose the problem into alpha and beta, yielding optimal strategies with, respectively, zero and positive factor exposure. Third, we provide a new test of asset pricing models. Empirically, principal portfolios deliver significant out‐of‐sample alphas to standard factors in several data sets."
Convertible / preferred,358,maturity,stock returns,The expected Capital Asset Pricing Model alpha on individual cash flows decreases in maturity within a firm.,203,"ABSTRACT We propose a duration‐based explanation for the premia on major equity factors, including value, profitability, investment, low‐risk, and payout factors. These factors invest in firms that earn most of their cash flows in the near future and could therefore be driven by a premium on near‐future cash flows. We test this hypothesis using a novel data set of single‐stock dividend futures, which are claims on dividends of individual firms. Consistent with our hypothesis, the expected Capital Asset Pricing Model alpha on individual cash flows decreases in maturity within a firm, and the alpha is not related to the above characteristics when controlling for maturity."
Retail,359,clientele demands,stock returns,clientele demands influence stock returns,204,"ABSTRACT We build a cross‐sectional factor model for investors' direct stockholdings and estimate it using data from almost 10 million retail accounts in the Indian stock market. Our model identifies strong investor clienteles for stock characteristics, most notably firm age and share price, and for particular clusters of stock characteristics. These clienteles are intuitively associated with investor attributes such as account age, size, and diversification. Coheld stocks tend to have higher return covariance, inconsistent with simple models of diversification but suggestive that clientele demands influence stock returns."
Investment banking,360,coheld stocks,stock returns,"coheld stocks tend to have higher return covariance, inconsistent with simple models of diversification",204,"ABSTRACT We build a cross‐sectional factor model for investors' direct stockholdings and estimate it using data from almost 10 million retail accounts in the Indian stock market. Our model identifies strong investor clienteles for stock characteristics, most notably firm age and share price, and for particular clusters of stock characteristics. These clienteles are intuitively associated with investor attributes such as account age, size, and diversification. Coheld stocks tend to have higher return covariance, inconsistent with simple models of diversification but suggestive that clientele demands influence stock returns."
Trading activity,361,Order imbalance volatility,stock returns,Order imbalance volatility is priced in the cross-section of stock returns.,205,"ABSTRACT We examine the dynamics of liquidity using a comprehensive sample of U.S. stocks in the post‐decimalization period. Motivated by a continuous‐time inventory model, we compute a high‐frequency measure of order imbalance volatility to proxy for the inventory risk faced by liquidity providers. We show that high‐frequency order imbalance volatility is an important driver of liquidity and explains the often positive time‐series relation between spread and volume for large stocks, which seems to run counter to most theoretical models. Furthermore, order imbalance volatility is priced in the cross‐section of stock returns."
Positive sentiment,362,SEP sentiment measure,negative abnormal returns,SEP sentiment measure predicts negative abnormal returns on the SEP reference stocks,206,"ABSTRACT We use retail structured equity product (SEP) issuances to construct a new sentiment measure for large capitalization stocks. The SEP sentiment measure predicts negative abnormal returns on the SEP reference stocks based on a variety of factor models, and also predicts returns in Fama‐MacBeth regressions that include a wide range of covariates. Consistent with our interpretation that SEP issuances reflect investor sentiment, aggregate SEP issuances are highly correlated with the Baker‐Wurgler sentiment index. Tobit regressions reveal that proxies for attention and sentiment predict SEP issuance volumes, providing additional evidence consistent with the hypothesis that SEP issuances reflect sentiment."
Positive sentiment,363,SEP sentiment measure,returns,SEP sentiment measure predicts returns in Fama‐MacBeth regressions,206,"ABSTRACT We use retail structured equity product (SEP) issuances to construct a new sentiment measure for large capitalization stocks. The SEP sentiment measure predicts negative abnormal returns on the SEP reference stocks based on a variety of factor models, and also predicts returns in Fama‐MacBeth regressions that include a wide range of covariates. Consistent with our interpretation that SEP issuances reflect investor sentiment, aggregate SEP issuances are highly correlated with the Baker‐Wurgler sentiment index. Tobit regressions reveal that proxies for attention and sentiment predict SEP issuance volumes, providing additional evidence consistent with the hypothesis that SEP issuances reflect sentiment."
Positive sentiment,364,proxies for attention and sentiment,SEP issuance volumes,Proxies for attention and sentiment predict SEP issuance volumes,206,"ABSTRACT We use retail structured equity product (SEP) issuances to construct a new sentiment measure for large capitalization stocks. The SEP sentiment measure predicts negative abnormal returns on the SEP reference stocks based on a variety of factor models, and also predicts returns in Fama‐MacBeth regressions that include a wide range of covariates. Consistent with our interpretation that SEP issuances reflect investor sentiment, aggregate SEP issuances are highly correlated with the Baker‐Wurgler sentiment index. Tobit regressions reveal that proxies for attention and sentiment predict SEP issuance volumes, providing additional evidence consistent with the hypothesis that SEP issuances reflect sentiment."
Biology / chemistry / physics,365,levels of carbon emissions,stock returns,Higher stock returns are associated with higher levels of carbon emissions in all sectors and most countries.,207,"ABSTRACT The energy transition away from fossil fuels exposes companies to carbon‐transition risk. Estimating the market‐based premium associated with carbon‐transition risk in a cross section of 14,400 firms in 77 countries, we find higher stock returns associated with higher levels and growth rates of carbon emissions in all sectors and most countries. Carbon premia related to emissions growth are greater for firms located in countries with lower economic development, larger energy sectors, and less inclusive political systems. Premia related to emission levels are higher in countries with stricter domestic climate policies. The latter have increased with investor awareness about climate change risk."
Macroeconomic data,366,growth rates of carbon emissions,stock returns,Higher stock returns are associated with higher growth rates of carbon emissions in all sectors and most countries.,207,"ABSTRACT The energy transition away from fossil fuels exposes companies to carbon‐transition risk. Estimating the market‐based premium associated with carbon‐transition risk in a cross section of 14,400 firms in 77 countries, we find higher stock returns associated with higher levels and growth rates of carbon emissions in all sectors and most countries. Carbon premia related to emissions growth are greater for firms located in countries with lower economic development, larger energy sectors, and less inclusive political systems. Premia related to emission levels are higher in countries with stricter domestic climate policies. The latter have increased with investor awareness about climate change risk."
Macroeconomic data,367,emissions growth,stock returns,Carbon premia related to emissions growth are greater for firms located in countries with lower economic development.,207,"ABSTRACT The energy transition away from fossil fuels exposes companies to carbon‐transition risk. Estimating the market‐based premium associated with carbon‐transition risk in a cross section of 14,400 firms in 77 countries, we find higher stock returns associated with higher levels and growth rates of carbon emissions in all sectors and most countries. Carbon premia related to emissions growth are greater for firms located in countries with lower economic development, larger energy sectors, and less inclusive political systems. Premia related to emission levels are higher in countries with stricter domestic climate policies. The latter have increased with investor awareness about climate change risk."
Challenges,368,emission levels,stock returns,Carbon premia related to emission levels are higher in countries with stricter domestic climate policies.,207,"ABSTRACT The energy transition away from fossil fuels exposes companies to carbon‐transition risk. Estimating the market‐based premium associated with carbon‐transition risk in a cross section of 14,400 firms in 77 countries, we find higher stock returns associated with higher levels and growth rates of carbon emissions in all sectors and most countries. Carbon premia related to emissions growth are greater for firms located in countries with lower economic development, larger energy sectors, and less inclusive political systems. Premia related to emission levels are higher in countries with stricter domestic climate policies. The latter have increased with investor awareness about climate change risk."
Product prices,369,variable production costs,stock returns,Variable production costs reduce systematic risk of firms' cash flows.,208,"ABSTRACT We show theoretically that variable production costs reduce systematic risk of firms' cash flows if capital and variable inputs are complementary in firms' production and input prices are procyclical. In our dynamic model, this operating hedge effect is weaker for more profitable firms, giving rise to a gross profitability premium. Moreover, gross profitability and value factors are distinct and negatively correlated, and their premia are not captured by the capital asset pricing model (CAPM). We estimate the model by simulated method of moments, and find that its main implications for stock returns and cash flow dynamics are quantitatively consistent with the data."
Earnings forecasts,370,gross profitability,stock returns,"Gross profitability gives rise to a gross profitability premium, which affects stock returns.",208,"ABSTRACT We show theoretically that variable production costs reduce systematic risk of firms' cash flows if capital and variable inputs are complementary in firms' production and input prices are procyclical. In our dynamic model, this operating hedge effect is weaker for more profitable firms, giving rise to a gross profitability premium. Moreover, gross profitability and value factors are distinct and negatively correlated, and their premia are not captured by the capital asset pricing model (CAPM). We estimate the model by simulated method of moments, and find that its main implications for stock returns and cash flow dynamics are quantitatively consistent with the data."
Earnings,371,gross profitability and value factors,stock returns,"The relationship between the gross profitability and value factors is distinct and negatively correlated, impacting stock returns.",208,"ABSTRACT We show theoretically that variable production costs reduce systematic risk of firms' cash flows if capital and variable inputs are complementary in firms' production and input prices are procyclical. In our dynamic model, this operating hedge effect is weaker for more profitable firms, giving rise to a gross profitability premium. Moreover, gross profitability and value factors are distinct and negatively correlated, and their premia are not captured by the capital asset pricing model (CAPM). We estimate the model by simulated method of moments, and find that its main implications for stock returns and cash flow dynamics are quantitatively consistent with the data."
Trading activity,372,front-page positioning of news articles,stock returns,Front-page articles lead to a 240% higher trading volume and 176% larger absolute excess returns compared to non-front-page articles.,209,"ABSTRACT This paper estimates the effect of news positioning on the speed of price discovery, using exogenous variation in prominent (“front‐page”) positioning of news articles on the Bloomberg terminal. Front‐page articles see 240% higher trading volume and 176% larger absolute excess returns during the first 10 minutes after publication than equally important non‐front‐page articles. Overall, the information in front‐page articles is fully incorporated into prices within an hour of publication. The response to non‐front‐page information of similar importance eventually converges but takes more than two days to be fully reflected in prices."
Macroeconomic data,373,complex models,market returns,Complex models significantly improve the predictability of market returns compared to simple models.,210,"ABSTRACT Much of the extant literature predicts market returns with “simple” models that use only a few parameters. Contrary to conventional wisdom, we theoretically prove that simple models severely understate return predictability compared to “complex” models in which the number of parameters exceeds the number of observations. We empirically document the virtue of complexity in U.S. equity market return prediction. Our findings establish the rationale for modeling expected returns through machine learning."
Positive sentiment,374,Investor sentiment,low stock returns,Investor sentiment explains low stock returns in the cross‐country and within‐A‐share samples.,211,"ABSTRACT Domestically listed Chinese (A‐share) firms have lower stock returns than externally listed Chinese, developed, and emerging country firms during 2000 to 2018. They also have lower net cash flows than matched unlisted Chinese firms. The underperformance of both stock and accounting returns is more pronounced for large A‐share firms, while small firms show no underperformance along either dimension. Investor sentiment explains low stock returns in the cross‐country and within‐A‐share samples. Institutional deficiencies in listing and delisting processes and weak corporate governance in terms of shareholder value creation are consistent with the underperformance in stock returns and net cash flows."
Corporate governance,375,Institutional deficiencies in listing and delisting processes and weak corporate governance,underperformance in stock returns,Institutional deficiencies in listing and delisting processes and weak corporate governance are consistent with the underperformance in stock returns.,211,"ABSTRACT Domestically listed Chinese (A‐share) firms have lower stock returns than externally listed Chinese, developed, and emerging country firms during 2000 to 2018. They also have lower net cash flows than matched unlisted Chinese firms. The underperformance of both stock and accounting returns is more pronounced for large A‐share firms, while small firms show no underperformance along either dimension. Investor sentiment explains low stock returns in the cross‐country and within‐A‐share samples. Institutional deficiencies in listing and delisting processes and weak corporate governance in terms of shareholder value creation are consistent with the underperformance in stock returns and net cash flows."
Options / VIX,376,market return and variance,option returns,Market return and variance explain more than 90% of option return variation.,212,"ABSTRACT We propose a novel factor model for option returns. Option exposures are estimated nonparametrically, and factor risk premia can vary nonlinearly with states. The model is estimated using regressions with minimal assumptions on factor and option return dynamics. We estimate the model using index options to characterize the conditional risk premia for factors of interest, such as the market return, market variance, tail and intermediary risk factors, higher moments, and the VIX term structure slope. Together, market return and variance explain more than 90% of option return variation. Unconditionally, the magnitude of the variance risk premium is plausible. It displays pronounced time variation, spikes during crises, and always has the expected sign."
Macroeconomic data,377,News attention,aggregate stock market returns,News attention can forecast aggregate stock market returns.,213,"ABSTRACT We propose an approach to measuring the state of the economy via textual analysis of business news. From the full text of 800,000 Wall Street Journal articles for 1984 to 2017, we estimate a topic model that summarizes business news into interpretable topical themes and quantifies the proportion of news attention allocated to each theme over time. News attention closely tracks a wide range of economic activities and can forecast aggregate stock market returns. A text‐augmented vector autoregression demonstrates the large incremental role of news text in forecasting macroeconomic dynamics. We retrieve the narratives that underlie these improvements in market and business cycle forecasts."
Currencies / metals,378,currency risk hedging,return variability,Funds that hedge their currency risk exhibit lower return variability,214,"ABSTRACT Investments in international fixed‐income securities are exposed to significant currency risks. We collect novel data on currency derivatives used by U.S. international fixed‐income funds. We document that while 90% of funds use currency forwards, they hedge, on average, only 18% of their currency exposure. Funds' currency forward positions differ substantially based on risk management demands related to portfolio currency exposure, return‐enhancement motives such as currency momentum and carry trade, and strategic considerations related to past performance and fund clientele. Funds that hedge their currency risk exhibit lower return variability, but do not generate inferior abnormal returns."
Macroeconomic data,379,adjusted value,CAPM‐implied abnormal price,adjusted value provides a parsimonious model of CAPM‐implied abnormal price,215,"ABSTRACT We propose a novel way to estimate a portfolio's abnormal price, the percentage gap between price and the present value of dividends computed with a chosen asset pricing model. Our method, based on a novel identity, resembles the time‐series estimator of abnormal returns, avoids the issues in alternative approaches, and clarifies the role of risk and mispricing in long‐horizon returns. We apply our techniques to study the cross‐section of price levels relative to the capital asset pricing model (CAPM) and find that a single characteristic, adjusted value, provides a parsimonious model of CAPM‐implied abnormal price."
Futures / indices,380,being added to the S&P 500,abnormal return,The abnormal return associated with a stock being added to the S&P 500 has fallen from an average of 7.4% in the 1990s to less than 1% over the past decade.,216,"ABSTRACT The abnormal return associated with a stock being added to the S&amp;P 500 has fallen from an average of 7.4% in the 1990s to less than 1% over the past decade. This has occurred despite a significant increase in the share of stock market assets linked to the index. A similar pattern has occurred for index deletions, with large negative abnormal returns during the 1990s but an average return of only 0.1% between 2010 and 2020. We investigate the drivers of this phenomenon and discuss implications for market efficiency. We document a similar decline in the index effect among other families of indices."
Exchanges / composites,381,index deletions,abnormal return,"A similar pattern has occurred for index deletions, with large negative abnormal returns during the 1990s but an average return of only 0.1% between 2010 and 2020.",216,"ABSTRACT The abnormal return associated with a stock being added to the S&amp;P 500 has fallen from an average of 7.4% in the 1990s to less than 1% over the past decade. This has occurred despite a significant increase in the share of stock market assets linked to the index. A similar pattern has occurred for index deletions, with large negative abnormal returns during the 1990s but an average return of only 0.1% between 2010 and 2020. We investigate the drivers of this phenomenon and discuss implications for market efficiency. We document a similar decline in the index effect among other families of indices."
NA,382,hurricanes,expected stock returns,Hurricanes affect hit firms' expected stock returns,217,"ABSTRACT We empirically analyze firm‐level uncertainty generated from extreme weather events, guided by a theoretical framework. Stock options of firms with establishments in a hurricane's (forecast) landfall region exhibit large implied volatility increases, reflecting significant uncertainty (before) after impact. Volatility risk premium dynamics reveal that investors underestimate such uncertainty. This underreaction diminishes for hurricanes after Sandy, a salient event that struck the U.S. financial center. Despite constituting idiosyncratic shocks, hurricanes affect hit firms' expected stock returns. Textual analysis of calls between firm management, analysts, and investors reveals that discussions about hurricane impacts remain elevated throughout the long‐lasting high‐uncertainty period after landfall."
Earnings forecasts,383,Disagreement between spouses about future stock returns,household asset allocation decisions,Disagreement between spouses about future stock returns affects household asset allocation decisions.,218,"ABSTRACT This paper highlights the simple fact that households typically consist of multiple members who may hold divergent views, a fact that existing approaches to measuring and modeling household macroeconomic expectations largely abstract from. Using unique data on the macroeconomic expectations of both spouses, I document substantial intrahousehold disagreement about inflation, economic recessions, and stock market returns. I further show that household asset allocation decisions are shaped by disagreement between spouses about future stock returns, and a preregistered randomized survey experiment confirms the causal impact of such disagreement on portfolio choice."
Long / short term,384,portfolio tilts toward the long‐short investor factor,stock returns,Portfolio tilts toward the long‐short investor factor correlate with stock returns.,219,"ABSTRACT This paper develops an empirical methodology for extracting pricing factors from investor portfolio data. We apply this approach to the stockholdings of Norwegian individual investors from 1997 to 2017. A two‐factor model, featuring the market portfolio and a long‐short portfolio constructed from the holdings of investors sorted by age or wealth, explains both the common variation in portfolio holdings and the cross section of stock returns. Portfolio tilts toward the long‐short investor factor correlate with indebtedness, macroeconomic exposure, gender, and investment experience. Our paper illustrates the benefits of using holdings data for explaining the risk premia of financial assets."
Long / short term,385,the market portfolio and a long‐short portfolio,stock returns,The market portfolio and a long‐short portfolio constructed from investor holdings explain the cross section of stock returns.,219,"ABSTRACT This paper develops an empirical methodology for extracting pricing factors from investor portfolio data. We apply this approach to the stockholdings of Norwegian individual investors from 1997 to 2017. A two‐factor model, featuring the market portfolio and a long‐short portfolio constructed from the holdings of investors sorted by age or wealth, explains both the common variation in portfolio holdings and the cross section of stock returns. Portfolio tilts toward the long‐short investor factor correlate with indebtedness, macroeconomic exposure, gender, and investment experience. Our paper illustrates the benefits of using holdings data for explaining the risk premia of financial assets."
Real estate,386,large agglomerations,housing returns,Total returns in large agglomerations are close to 100 basis points lower per year than in other parts of the same country.,220,"ABSTRACT This paper makes the first comprehensive attempt to study within‐country heterogeneity of housing returns. We introduce a new city‐level data set covering 15 OECD countries over 150 years and show that national housing markets are characterized by systematic spatial variation in housing returns. Total returns in large agglomerations are close to 100 basis points lower per year than in other parts of the same country. Excess returns outside the large cities can be rationalized as compensation for higher risk, especially higher covariance with income growth and lower liquidity. Real estate in diversified large agglomerations is comparatively safe."
Real estate,387,"higher risk, higher covariance with income growth, lower liquidity",housing returns,"Excess returns outside the large cities can be rationalized as compensation for higher risk, especially higher covariance with income growth and lower liquidity.",220,"ABSTRACT This paper makes the first comprehensive attempt to study within‐country heterogeneity of housing returns. We introduce a new city‐level data set covering 15 OECD countries over 150 years and show that national housing markets are characterized by systematic spatial variation in housing returns. Total returns in large agglomerations are close to 100 basis points lower per year than in other parts of the same country. Excess returns outside the large cities can be rationalized as compensation for higher risk, especially higher covariance with income growth and lower liquidity. Real estate in diversified large agglomerations is comparatively safe."
Bankruptcy,388,pockets of predictability,market returns,Attempts to exploit such “pockets”—should they exist—offer little help in forecasting market returns.,221,"ABSTRACT Farmer, Schmidt, and Timmermann (FST) document time‐variation in market return predictability, identifying “pockets” of significant predictability through kernel regressions. However, our analysis reveals a critical discrepancy between the method outlined by FST and the code actually implemented. Instead of using a one‐sided kernel, which guarantees out‐of‐sample forecasts, they perform in‐sample estimation with a two‐sided kernel. As a result, future information leaks into the forecasting model, undermining its reliability. Rectifying this error qualitatively alters the findings, invalidating most conclusions of the FST study. Thus, attempts to exploit such “pockets”—should they exist—offer little help in forecasting market returns."
National security,389,war‐related factor model,expected stock returns,A war‐related factor model derived from textual analysis of media news reports explains the cross section of expected stock returns.,222,"ABSTRACT A war‐related factor model derived from textual analysis of media news reports explains the cross section of expected stock returns. Using a semisupervised topic model to extract discourse topics from 7,000,000 New York Times stories spanning 160 years, the war factor predicts the cross section of returns across test assets derived from both traditional and machine learning construction techniques, and spanning 138 anomalies. Our findings are consistent with assets that are good hedges for war risk receiving lower risk premia, or with assets that are more positively sensitive to war prospects being more overvalued. The return premium on the war factor is incremental to standard effects."
Wide range,390,war factor,cross section of returns,The war factor predicts the cross section of returns across test assets derived from both traditional and machine learning construction techniques.,222,"ABSTRACT A war‐related factor model derived from textual analysis of media news reports explains the cross section of expected stock returns. Using a semisupervised topic model to extract discourse topics from 7,000,000 New York Times stories spanning 160 years, the war factor predicts the cross section of returns across test assets derived from both traditional and machine learning construction techniques, and spanning 138 anomalies. Our findings are consistent with assets that are good hedges for war risk receiving lower risk premia, or with assets that are more positively sensitive to war prospects being more overvalued. The return premium on the war factor is incremental to standard effects."
Macroeconomic data,391,hedges for war risk,risk premia,Assets that are good hedges for war risk receive lower risk premia.,222,"ABSTRACT A war‐related factor model derived from textual analysis of media news reports explains the cross section of expected stock returns. Using a semisupervised topic model to extract discourse topics from 7,000,000 New York Times stories spanning 160 years, the war factor predicts the cross section of returns across test assets derived from both traditional and machine learning construction techniques, and spanning 138 anomalies. Our findings are consistent with assets that are good hedges for war risk receiving lower risk premia, or with assets that are more positively sensitive to war prospects being more overvalued. The return premium on the war factor is incremental to standard effects."
National security,392,sensitivity to war prospects,overvaluation of assets,Assets that are more positively sensitive to war prospects are more overvalued.,222,"ABSTRACT A war‐related factor model derived from textual analysis of media news reports explains the cross section of expected stock returns. Using a semisupervised topic model to extract discourse topics from 7,000,000 New York Times stories spanning 160 years, the war factor predicts the cross section of returns across test assets derived from both traditional and machine learning construction techniques, and spanning 138 anomalies. Our findings are consistent with assets that are good hedges for war risk receiving lower risk premia, or with assets that are more positively sensitive to war prospects being more overvalued. The return premium on the war factor is incremental to standard effects."
Earnings forecasts,393,return premium on the war factor,standard effects,The return premium on the war factor is incremental to standard effects.,222,"ABSTRACT A war‐related factor model derived from textual analysis of media news reports explains the cross section of expected stock returns. Using a semisupervised topic model to extract discourse topics from 7,000,000 New York Times stories spanning 160 years, the war factor predicts the cross section of returns across test assets derived from both traditional and machine learning construction techniques, and spanning 138 anomalies. Our findings are consistent with assets that are good hedges for war risk receiving lower risk premia, or with assets that are more positively sensitive to war prospects being more overvalued. The return premium on the war factor is incremental to standard effects."
Investment banking,394,Characteristics and their interactions,Stock returns,Managed portfolios reflecting characteristics and their interactions improve stock returns.,223,"ABSTRACT We build cross‐sections of asset returns for a given set of characteristics, that is, managed portfolios serving as test assets, as well as building blocks for tradable risk factors. We use decision trees to endogenously group similar stocks together by selecting optimal portfolio splits to span the stochastic discount factor, projected on individual stocks. Our portfolios are interpretable and well diversified, reflecting many characteristics and their interactions. Compared to combinations of dozens (even hundreds) of single/double sorts, as well as machine‐learning prediction‐based portfolios, our cross‐sections are low‐dimensional yet have up to three times higher out‐of‐sample Sharpe ratios and alphas."
Investment banking,395,Decision trees,Stock returns,Cross-sections of asset returns are built using decision trees to improve stock returns.,223,"ABSTRACT We build cross‐sections of asset returns for a given set of characteristics, that is, managed portfolios serving as test assets, as well as building blocks for tradable risk factors. We use decision trees to endogenously group similar stocks together by selecting optimal portfolio splits to span the stochastic discount factor, projected on individual stocks. Our portfolios are interpretable and well diversified, reflecting many characteristics and their interactions. Compared to combinations of dozens (even hundreds) of single/double sorts, as well as machine‐learning prediction‐based portfolios, our cross‐sections are low‐dimensional yet have up to three times higher out‐of‐sample Sharpe ratios and alphas."
Trading activity,396,short-sale costs,abnormal returns on asset pricing anomaly portfolios,Short-sale costs eliminate the abnormal returns on asset pricing anomaly portfolios.,224,"ABSTRACT Short‐sale costs eliminate the abnormal returns on asset pricing anomaly portfolios. While many anomalies persist out‐of‐sample before accounting for short‐sale costs, they cannot be exploited with long‐short strategies due to stock borrow fees. Using a comprehensive sample of 162 anomalies, the average long‐short portfolio return is a significant 0.14% per month before short‐sale costs, and the returns are due to the short leg. However, the average is −0.01% once returns are adjusted for borrow fees. Moreover, anomalies are not profitable even before fees if the high‐fee observations, representing 12% of stock dates, are excluded from the analysis."
Long / short term,397,average long-short portfolio return before short-sale costs,stock returns,"The average long-short portfolio return is a significant 0.14% per month before short-sale costs, and the returns are due to the short leg.",224,"ABSTRACT Short‐sale costs eliminate the abnormal returns on asset pricing anomaly portfolios. While many anomalies persist out‐of‐sample before accounting for short‐sale costs, they cannot be exploited with long‐short strategies due to stock borrow fees. Using a comprehensive sample of 162 anomalies, the average long‐short portfolio return is a significant 0.14% per month before short‐sale costs, and the returns are due to the short leg. However, the average is −0.01% once returns are adjusted for borrow fees. Moreover, anomalies are not profitable even before fees if the high‐fee observations, representing 12% of stock dates, are excluded from the analysis."
Earnings,398,returns adjusted for borrow fees,stock returns,The average is −0.01% once returns are adjusted for borrow fees.,224,"ABSTRACT Short‐sale costs eliminate the abnormal returns on asset pricing anomaly portfolios. While many anomalies persist out‐of‐sample before accounting for short‐sale costs, they cannot be exploited with long‐short strategies due to stock borrow fees. Using a comprehensive sample of 162 anomalies, the average long‐short portfolio return is a significant 0.14% per month before short‐sale costs, and the returns are due to the short leg. However, the average is −0.01% once returns are adjusted for borrow fees. Moreover, anomalies are not profitable even before fees if the high‐fee observations, representing 12% of stock dates, are excluded from the analysis."
Fees,399,high-fee observations excluded from analysis,profitability of anomalies,Anomalies are not profitable even before fees if the high-fee observations are excluded from the analysis.,224,"ABSTRACT Short‐sale costs eliminate the abnormal returns on asset pricing anomaly portfolios. While many anomalies persist out‐of‐sample before accounting for short‐sale costs, they cannot be exploited with long‐short strategies due to stock borrow fees. Using a comprehensive sample of 162 anomalies, the average long‐short portfolio return is a significant 0.14% per month before short‐sale costs, and the returns are due to the short leg. However, the average is −0.01% once returns are adjusted for borrow fees. Moreover, anomalies are not profitable even before fees if the high‐fee observations, representing 12% of stock dates, are excluded from the analysis."
