PERMNO,HSICCD
10000,3990
10001,4925
10002,6020
10003,6020
10004,5330
10005,1310
10006,3743
10007,7370
10008,3430
10009,6030
10010,3840
10011,7390
10012,3674
10013,5810
10014,3714
10015,5812
10016,3812
10017,3570
10018,7370
10019,3610
10020,6710
10021,7940
10022,3420
10023,8911
10024,3570
10025,3081
10026,2052
10027,7380
10028,5094
10029,8299
10030,3310
10031,5020
10032,3670
10033,6710
10034,6020
10035,5730
10036,3830
10037,6020
10038,4720
10039,7372
10040,6210
10041,7370
10042,1041
10043,8710
10044,2060
10045,5620
10046,8240
10047,5650
10048,4840
10049,2640
10050,3448
10051,4813
10052,5730
10053,5030
10054,8040
10055,7990
10056,6036
10057,3541
10058,5099
10059,1040
10060,1040
10061,6020
10062,3710
10063,8080
10064,3944
10065,6722
10066,7373
10067,2830
10068,6550
10069,5650
10070,3570
10071,6211
10072,2830
10073,3520
10074,3460
10075,7330
10076,3730
10077,5390
10078,3571
10079,7370
10080,5072
10081,1000
10082,4840
10083,7370
10084,5020
10085,6321
10086,6710
10087,5960
10088,7390
10089,3644
10090,4810
10091,3660
10092,7922
10093,7010
10094,5710
10095,2830
10096,6020
10097,1790
10098,3070
10099,3840
10100,8300
10101,3570
10102,2813
10103,3310
10104,7379
10105,5410
10106,6020
10107,7370
10108,7374
10109,6030
10110,3010
10111,6411
10112,8010
10113,6726
10114,7372
10115,6020
10116,2834
10117,7390
10118,4910
10119,6331
10120,6211
10121,6710
10122,6030
10123,7312
10124,7810
10125,8721
10126,6022
10127,2760
10128,3560
10129,4820
10130,6030
10131,6710
10132,6710
10133,3660
10134,5980
10135,6030
10136,3660
10137,4911
10138,6211
10139,6710
10140,2650
10141,5960
10142,3570
10143,2830
10144,8240
10145,3724
10146,3580
10147,3572
10148,5940
10149,6030
10150,7350
10151,6726
10152,3660
10153,3511
10154,3662
10155,3820
10156,6710
10157,6020
10158,1731
10159,8730
10160,7372
10161,1011
10162,3573
10163,3860
10164,4950
10165,6710
10166,4910
10167,5990
10168,2890
10169,3990
10170,5810
10171,3640
10172,6020
10173,6710
10174,6020
10175,5940
10176,4960
10177,7389
10178,2730
10179,6036
10180,2834
10181,6610
10182,5040
10183,1380
10184,2250
10185,2750
10186,6610
10187,8740
10188,3714
10189,7393
10190,3860
10191,4950
10192,4210
10193,7370
10194,7200
10195,4813
10196,4910
10197,3573
10198,2850
10199,5910
10200,2830
10201,4911
10202,3350
10203,6020
10204,7990
10205,6035
10206,2730
10207,6726
10208,7370
10209,2870
10210,6020
10211,6035
10212,3840
10213,6310
10214,3070
10215,3650
10216,8742
10217,2752
10218,3860
10219,3570
10220,3511
10221,3570
10222,5730
10223,7371
10224,4410
10225,3433
10226,2514
10227,1790
10228,6140
10229,4830
10230,6030
10231,6710
10232,6035
10233,4832
10234,3469
10235,5960
10236,5610
10237,3840
10238,6035
10239,6331
10240,8060
10241,3411
10242,6710
10243,6710
10244,3560
10245,5060
10246,6320
10247,5620
10248,3070
10249,5390
10250,3470
10251,6030
10252,6020
10253,7373
10254,5940
10255,3570
10256,3660
10257,7363
10258,2835
10259,3570
10260,7350
10261,6710
10262,7370
10263,6710
10264,3570
10265,6710
10266,6710
10267,6710
10268,7399
10269,4511
10270,5990
10271,6030
10272,3661
10273,6020
10274,3670
10275,2830
10276,2063
10277,8051
10278,8711
10279,2830
10280,3570
10281,7370
10282,5990
10283,3850
10284,7390
10285,1731
10286,4010
10287,7394
10288,5010
10289,8070
10290,6330
10291,2090
10292,2067
10293,6790
10294,5021
10295,2830
10296,6710
10297,6035
10298,4940
10299,3670
10300,7360
10301,7370
10302,3674
10303,7350
10304,6020
10305,2830
10306,7011
10307,3440
10308,6022
10309,6030
10310,7390
10311,5620
10312,1380
10313,6720
10314,1790
10315,5990
10316,3710
10317,4820
10318,2800
10319,6020
10320,2830
10321,3711
10322,6020
10323,7370
10324,2836
10325,5661
10326,8730
10327,6020
10328,2830
10329,4510
10330,7920
10331,6020
10332,5120
10333,2834
10334,6160
10335,6030
10336,4810
10337,6020
10338,6030
10339,6710
10340,6710
10341,6030
10342,3840
10343,4832
10344,3550
10345,7810
10346,6220
10347,3660
10348,3710
10349,6311
10350,3845
10351,8090
10352,2840
10353,3570
10354,3540
10355,2710
10356,2030
10357,0
10358,6331
10359,7530
10360,3730
10361,2360
10362,7360
10363,2834
10364,3356
10365,3824
10366,6710
10367,6030
10368,6020
10369,6020
10370,5810
10371,3840
10372,3567
10373,7372
10374,1730
10375,6021
10376,5110
10377,2250
10378,3840
10379,3840
10380,1310
10381,8911
10382,3510
10383,2830
10384,5800
10385,7310
10386,2730
10387,3670
10388,6411
10389,5080
10390,7370
10391,6030
10392,6020
10393,6710
10394,5990
10395,6330
10396,3670
10397,4210
10398,7370
10399,4400
10400,5081
10401,4813
10402,6799
10403,5040
10404,7389
10405,3840
10406,5120
10407,5120
10408,8290
10409,8090
10410,2830
10411,2830
10412,3690
10413,7360
10414,3670
10415,2253
10416,7370
10417,3570
10418,7372
10419,3630
10420,3070
10421,4510
10422,7390
10423,5730
10424,3710
10425,6210
10426,6712
10427,3670
10428,2110
10429,7372
10430,7370
10431,6020
10432,3660
10433,8090
10434,3144
10435,6030
10436,3356
10437,6330
10438,6030
10439,4810
10440,3220
10441,7370
10442,4210
10443,4210
10444,110
10445,3823
10446,3651
10447,6020
10448,2070
10449,6030
10450,3840
10451,8080
10452,2210
10453,6550
10454,1040
10455,3572
10456,3820
10457,6710
10458,6020
10459,3730
10460,3822
10461,6020
10462,8730
10463,3670
10464,6020
10465,6330
10466,6410
10467,6030
10468,4420
10469,3570
10470,6210
10471,7380
10472,5660
10473,5730
10474,5130
10475,6020
10476,6710
10477,5990
10478,6020
10479,2061
10480,3573
10481,6710
10482,4950
10483,6330
10484,4950
10485,6710
10486,6710
10487,3321
10488,7299
10489,7390
10490,7370
10491,4840
10492,6710
10493,3851
10494,6020
10495,3333
10496,7372
10497,7370
10498,6710
10499,3440
10500,6710
10501,2430
10502,1040
10503,6030
10504,4910
10505,7540
10506,2020
10507,3840
10508,4000
10509,2499
10510,6710
10511,5810
10512,2890
10513,2830
10514,5735
10515,4950
10516,2046
10517,7359
10518,4510
10519,7810
10520,3490
10521,5810
10522,3410
10523,2840
10524,2011
10525,5651
10526,6310
10527,4730
10528,4810
10529,6710
10530,2835
10531,5090
10532,5311
10533,5941
10534,6020
10535,180
10536,3620
10537,2830
10538,8210
10539,7390
10540,3490
10541,2822
10542,6710
10543,2080
10544,4810
10545,3829
10546,6710
10547,3827
10548,3660
10549,2830
10550,8020
10551,6020
10552,6020
10553,6030
10554,5490
10555,3840
10556,7820
10557,7380
10558,3630
10559,5311
10560,2621
10561,3650
10562,6035
10563,6030
10564,4840
10565,6020
10566,6020
10567,2910
10568,1542
10569,6020
10570,4810
10571,5810
10572,2790
10573,5940
10574,2834
10575,4011
10576,6310
10577,5120
10578,7370
10579,1380
10580,6710
10581,6020
10582,3660
10583,4000
10584,1311
10585,4830
10586,3530
10587,7370
10588,6020
10589,4210
10590,1790
10591,4011
10592,5812
10593,3720
10594,6036
10595,5660
10596,6020
10597,3571
10598,6020
10599,5040
10600,2230
10601,8070
10602,8080
10603,6710
10604,2911
10605,6310
10606,3494
10607,6710
10608,3444
10609,6120
10610,6710
10611,3312
10612,4400
10613,3662
10614,5410
10615,5060
10616,6030
10617,6020
10618,7370
10619,6220
10620,2892
10621,4210
10622,3510
10623,6036
10624,6211
10625,5620
10626,5810
10627,7810
10628,6411
10629,6022
10630,6710
10631,5960
10632,6710
10633,7370
10634,4950
10635,5810
10636,5960
10637,7373
10638,6020
10639,3450
10640,3823
10641,8290
10642,4960
10643,3840
10644,3825
10645,3840
10646,5140
10647,5099
10648,3724
10649,4213
10650,6020
10651,6710
10652,3960
10653,6022
10654,6020
10655,2250
10656,5160
10657,7331
10658,3845
10659,8070
10660,4810
10661,2833
10662,2099
10663,2070
10664,1740
10665,6020
10666,4950
10667,3714
10668,5080
10669,6390
10670,6710
10671,3523
10672,3429
10673,6020
10674,3630
10675,6710
10676,1620
10677,3990
10678,5410
10679,5910
10680,7200
10681,2510
10682,6030
10683,6030
10684,6720
10685,2830
10686,2830
10687,8730
10688,7310
10689,2520
10690,6030
10691,7372
10692,3320
10693,8069
10694,6210
10695,7370
10696,7374
10697,6020
10698,1311
10699,3430
10700,3110
10701,7370
10702,6311
10703,8080
10704,2010
10705,8071
10706,5540
10707,3570
10708,1040
10709,7372
10710,6710
10711,6030
10712,6160
10713,2830
10714,3440
10715,6710
10716,8744
10717,1310
10718,2520
10719,2910
10720,7310
10721,2890
10722,6020
10723,1530
10724,6311
10725,6021
10726,2830
10727,2121
10728,3949
10729,790
10730,6710
10731,3577
10732,3840
10733,2380
10734,6020
10735,2834
10736,7392
10737,3670
10738,3670
10739,4830
10740,6020
10741,3840
10742,6160
10743,2284
10744,2751
10745,3930
10746,3489
10747,2090
10748,7370
10749,4210
10750,7832
10751,3728
10752,3840
10753,6331
10754,6030
10755,6030
10756,2870
10757,6710
10758,7380
10759,6710
10760,6030
10761,3911
10762,6020
10763,180
10764,7370
10765,3571
10766,7370
10767,7010
10768,5960
10769,6022
10770,6790
10771,6710
10772,5045
10773,2840
10774,6020
10775,8090
10776,4720
10777,6020
10778,2840
10779,3663
10780,6030
10781,6020
10782,6020
10783,1040
10784,5410
10785,3676
10786,3312
10787,2731
10788,6331
10789,2830
10790,2679
10791,3571
10792,6710
10793,6710
10794,2030
10795,3679
10796,7310
10797,6030
10798,6030
10799,6710
10800,8711
10801,4813
10802,4890
10803,6411
10804,4810
10805,4830
10806,7380
10807,3430
10808,3573
10809,6020
10810,7810
10811,6210
10812,4210
10813,6150
10814,4010
10815,3310
10816,5075
10817,7370
10818,8099
10819,3580
10820,2830
10821,6210
10822,6351
10823,4925
10824,3573
10825,6022
10826,7390
10827,8051
10828,3560
10829,6710
10830,5030
10831,4910
10832,4213
10833,6710
10834,6020
10835,6330
10836,6790
10837,7370
10838,2836
10839,6020
10840,6210
10841,5980
10842,7370
10843,6330
10844,3570
10845,5710
10846,7820
10847,2030
10848,3840
10849,7370
10850,6020
10851,6020
10852,5960
10853,7822
10854,6710
10855,6710
10856,3670
10857,7990
10858,4110
10859,5031
10860,2835
10861,3490
10862,8090
10863,3661
10864,5010
10865,8080
10866,5661
10867,3679
10868,8330
10869,3610
10870,8011
10871,8740
10872,6162
10873,6710
10874,3519
10875,3560
10876,8742
10877,6020
10878,4810
10879,5030
10880,6025
10881,8710
10882,4000
10883,3661
10884,5050
10885,6410
10886,2273
10887,2020
10888,3820
10889,3670
10890,7373
10891,3079
10892,6020
10893,8090
10894,6210
10895,6210
10896,5960
10897,6710
10898,6710
10899,5080
10900,6710
10901,6360
10902,6020
10903,5980
10904,3660
10905,5812
10906,6022
10907,4830
10908,5411
10909,7373
10910,8990
10911,4013
10912,7379
10913,6020
10914,7389
10915,3070
10916,6021
10917,6710
10918,2330
10919,7210
10920,6710
10921,5990
10922,6710
10923,3844
10924,3732
10925,3990
10926,6030
10927,7370
10928,2836
10929,2711
10930,3670
10931,6020
10932,6021
10933,6331
10934,4210
10935,3651
10936,3660
10937,8200
10938,3315
10939,3573
10940,2090
10941,6710
10942,3661
10943,7380
10944,6030
10945,5960
10946,1000
10947,5960
10948,7210
10949,5990
10950,3810
10951,3570
10952,6798
10953,3570
10954,1000
10955,0
10956,7370
10957,6710
10958,6030
10959,6710
10960,3660
10961,6020
10962,2710
10963,1380
10964,1620
10965,4810
10966,3845
10967,5045
10968,6030
10969,3620
10970,6146
10971,3651
10972,5944
10973,7370
10974,6712
10975,2060
10976,6710
10977,6036
10978,6798
10979,3690
10980,3070
10981,6036
10982,2830
10983,6030
10984,3810
10985,6020
10986,2830
10987,7370
10988,3850
10989,2046
10990,2750
10991,6020
10992,3840
10993,5500
10994,2836
10995,6022
10996,3570
10997,2910
10998,3840
10999,5731
11000,3840
11001,6020
11002,3560
11003,4922
11004,4810
11005,7812
11006,6020
11007,5960
11008,3570
11009,1310
11010,5088
11011,7370
11012,4010
11013,7370
11014,3580
11015,7390
11016,8910
11017,1044
11018,6022
11019,6030
11020,8730
11021,6030
11022,6710
11023,6710
11024,7390
11025,1000
11026,7996
11027,7290
11028,4840
11029,3570
11030,5090
11031,4830
11032,6030
11033,3339
11034,1389
11035,1620
11036,3570
11037,3840
11038,3575
11039,2830
11040,8090
11041,4011
11042,4813
11043,8071
11044,6020
11045,6030
11046,6020
11047,7810
11048,4930
11049,5940
11050,6020
11051,2020
11052,3580
11053,6020
11054,3660
11055,3320
11056,6036
11057,3840
11058,2830
11059,4920
11060,6030
11061,6726
11062,2322
11063,6710
11064,6710
11065,7363
11066,6030
11067,6020
11068,3522
11069,4580
11070,5190
11071,7840
11072,7370
11073,5060
11074,6020
11075,7350
11076,4011
11077,3674
11078,6710
11079,5810
11080,3310
11081,3570
11082,5190
11083,2830
11084,6153
11085,5065
11086,3860
11087,3840
11088,3080
11089,3820
11090,5810
11091,7370
11092,1031
11093,6710
11094,2090
11095,6030
11096,6020
11097,6020
11098,5190
11099,6020
11100,8710
11101,3820
11102,8080
11103,7370
11104,5080
11105,3296
11106,5910
11107,6020
11108,5190
11109,3530
11110,7810
11111,6140
11112,7530
11113,2328
11114,2830
11115,7810
11116,6020
11117,5490
11118,4830
11119,2835
11120,6712
11121,2030
11122,3690
11123,6330
11124,1531
11125,5710
11126,2090
11127,5090
11128,3420
11129,7810
11130,6020
11131,6030
11132,5120
11133,2830
11134,3810
11135,3570
11136,7350
11137,5130
11138,3820
11139,4213
11140,6020
11141,2451
11142,3690
11143,7810
11144,2879
11145,6020
11146,6030
11147,7370
11148,4011
11149,4810
11150,5140
11151,7390
11152,1380
11153,3620
11154,3670
11155,3570
11156,4011
11157,3812
11158,7370
11159,7352
11160,7510
11161,5712
11162,4510
11163,7390
11164,3531
11165,3662
11166,2710
11167,2670
11168,5060
11169,5210
11170,4911
11171,7370
11172,4000
11173,6711
11174,4840
11175,3580
11176,1620
11177,2250
11178,1380
11179,2390
11180,4000
11181,7514
11182,6726
11183,3670
11184,1021
11185,5812
11186,6710
11187,6330
11188,1730
11189,6030
11190,1380
11191,3580
11192,2830
11193,8350
11194,3690
11195,2020
11196,6726
11197,3690
11198,7820
11199,4000
11200,1382
11201,4000
11202,3570
11203,6719
11204,7810
11205,3840
11206,7033
11207,6030
11208,6022
11209,2830
11210,1040
11211,8730
11212,2870
11213,6025
11214,8740
11215,5411
11216,6030
11217,4210
11218,2830
11219,2830
11220,6020
11221,3570
11222,6020
11223,6510
11224,7370
11225,6030
11226,5680
11227,6020
11228,4000
11229,3490
11230,6798
11231,7810
11232,6030
11233,7370
11234,6020
11235,6030
11236,4000
11237,4952
11238,3570
11239,5530
11240,2610
11241,6020
11242,6310
11243,6030
11244,4121
11245,3523
11246,6159
11247,6550
11248,6035
11249,6030
11250,6020
11251,6030
11252,4000
11253,5013
11254,7810
11255,6020
11256,6710
11257,8090
11258,4210
11259,4210
11260,3711
11261,6710
11262,5810
11263,6030
11264,6726
11265,3530
11266,6020
11267,5621
11268,6020
11269,6020
11270,6330
11271,1730
11272,3840
11273,6030
11274,7370
11275,3840
11276,7360
11277,3670
11278,5940
11279,2050
11280,6711
11281,5120
11282,4811
11283,3570
11284,7370
11285,6020
11286,6020
11287,3743
11288,4511
11289,3620
11290,6020
11291,2020
11292,2830
11293,6020
11294,4950
11295,2321
11296,3720
11297,6798
11298,3670
11299,6020
11300,6036
11301,1380
11302,5940
11303,6710
11304,6020
11305,6710
11306,3721
11307,2080
11308,2087
11309,4722
11310,3420
11311,3840
11312,5810
11313,7810
11314,4830
11315,5065
11316,4000
11317,6711
11318,6720
11319,3490
11320,6020
11321,6710
11322,6710
11323,6710
11324,3310
11325,3452
11326,7372
11327,6020
11328,6020
11329,5410
11330,7370
11331,3420
11332,3519
11333,3564
11334,3429
11335,6030
11336,1040
11337,3840
11338,4953
11339,3570
11340,1321
11341,4511
11342,5620
11343,2015
11344,5650
11345,3690
11346,8730
11347,3663
11348,6020
11349,3720
11350,3310
11351,8090
11352,3570
11353,2060
11354,3540
11355,6020
11356,7510
11357,3570
11358,7010
11359,2890
11360,4511
11361,1311
11362,3448
11363,6726
11364,6792
11365,3695
11366,6211
11367,6149
11368,4510
11369,6020
11370,7389
11371,6324
11372,2010
11373,3710
11374,3660
11375,3980
11376,4511
11377,6030
11378,2813
11379,5650
11380,5660
11381,3661
11382,5311
11383,3350
11384,2821
11385,3570
11386,7370
11387,3570
11388,6531
11389,6020
11390,6030
11391,2120
11392,3811
11393,3081
11394,3580
11395,3570
11396,6020
11397,6020
11398,7290
11399,6020
11400,3940
11401,3670
11402,5945
11403,7372
11404,4931
11405,3810
11406,6351
11407,6726
11408,7370
11409,3620
11410,7390
11411,3840
11412,5530
11413,4521
11414,6410
11415,2834
11416,3080
11417,6710
11418,5040
11419,270
11420,2210
11421,2813
11422,7370
11423,6710
11424,3840
11425,3990
11426,3661
11427,7370
11428,7370
11429,6030
11430,6020
11431,3910
11432,2740
11433,6020
11434,3840
11435,7390
11436,6310
11437,8730
11438,3620
11439,1211
11440,2750
11441,6211
11442,6020
11443,5060
11444,6020
11445,5060
11446,3410
11447,3411
11448,6120
11449,6030
11450,2870
11451,2590
11452,1210
11453,5092
11454,3630
11455,6331
11456,3572
11457,720
11458,5730
11459,7830
11460,3580
11461,270
11462,6710
11463,3511
11464,1382
11465,3585
11466,7370
11467,6710
11468,3620
11469,6710
11470,6030
11471,1311
11472,7379
11473,7380
11474,7810
11475,5990
11476,6710
11477,3660
11478,1311
11479,3840
11480,7370
11481,7373
11482,7370
11483,5192
11484,5990
11485,3630
11486,3010
11487,6510
11488,6030
11489,6330
11490,5120
11491,2010
11492,3990
11493,6020
11494,2020
11495,6710
11496,1040
11497,6020
11498,2131
11499,3564
11500,2844
11501,6710
11502,2631
11503,2840
11504,3550
11505,6726
11506,6030
11507,6020
11508,3660
11509,6411
11510,5812
11511,3260
11512,6020
11513,6030
11514,3940
11515,6710
11516,7370
11517,3570
11518,6022
11519,2270
11520,4521
11521,3670
11522,3840
11523,8093
11524,6020
11525,2840
11526,5120
11527,3311
11528,6710
11529,6710
11530,5530
11531,7372
11532,7370
11533,7389
11534,8070
11535,4000
11536,6550
11537,6020
11538,1040
11539,3820
11540,7370
11541,3829
11542,6210
11543,2011
11544,6711
11545,8990
11546,8091
11547,3845
11548,2250
11549,3570
11550,6710
11551,2060
11552,2890
11553,1420
11554,4810
11555,3430
11556,3840
11557,8090
11558,6020
11559,3820
11560,3940
11561,7990
11562,8090
11563,3660
11564,3560
11565,6021
11566,6020
11567,6710
11568,6710
11569,2740
11570,1380
11571,4905
11572,1740
11573,2990
11574,6060
11575,7370
11576,1040
11577,7370
11578,2060
11579,6710
11580,3830
11581,3593
11582,2090
11583,7390
11584,7810
11585,7510
11586,2050
11587,4920
11588,4830
11589,6710
11590,7370
11591,4950
11592,7370
11593,6162
11594,120
11595,4920
11596,7370
11597,3570
11598,6710
11599,4213
11600,3840
11601,2830
11602,6020
11603,6710
11604,4830
11605,3670
11606,3690
11607,3714
11608,1310
11609,2020
11610,5650
11611,7010
11612,6020
11613,5910
11614,170
11615,2210
11616,1711
11617,4830
11618,5200
11619,6030
11620,8070
11621,6210
11622,2013
11623,2810
11624,2830
11625,6020
11626,4810
11627,6020
11628,6022
11629,4810
11630,4813
11631,1499
11632,2869
11633,7370
11634,6020
11635,5050
11636,2821
11637,5960
11638,2790
11639,3720
11640,3490
11641,4520
11642,1400
11643,2710
11644,1311
11645,5330
11646,6030
11647,6350
11648,6726
11649,3070
11650,4810
11651,5040
11652,6036
11653,7371
11654,2833
11655,6020
11656,7373
11657,3670
11658,2033
11659,1381
11660,6330
11661,8910
11662,5045
11663,5651
11664,6141
11665,5650
11666,4000
11667,8051
11668,8740
11669,5090
11670,2230
11671,6210
11672,1310
11673,4810
11674,4911
11675,4890
11676,2740
11677,2040
11678,7372
11679,3570
11680,7370
11681,2022
11682,3710
11683,2869
11684,4950
11685,3940
11686,7370
11687,6710
11688,3610
11689,7371
11690,1041
11691,4731
11692,2830
11693,7370
11694,1521
11695,6410
11696,3850
11697,5660
11698,6320
11699,5140
11700,6310
11701,5410
11702,7810
11703,2879
11704,1311
11705,6030
11706,8740
11707,2834
11708,5990
11709,3670
11710,6710
11711,4000
11712,1311
11713,6321
11714,5060
11715,4210
11716,6710
11717,3220
11718,4960
11719,4890
11720,6020
11721,1040
11722,8010
11723,7372
11724,3670
11725,2250
11726,1310
11727,3690
11728,1040
11729,5190
11730,6030
11731,2221
11732,6030
11733,8050
11734,8910
11735,2830
11736,8080
11737,4950
11738,2250
11739,8730
11740,3990
11741,7390
11742,6020
11743,6710
11744,3660
11745,7819
11746,3691
11747,2420
11748,6331
11749,1040
11750,6020
11751,3570
11752,3827
11753,7390
11754,3861
11755,3451
11756,5960
11757,5040
11758,3840
11759,3660
11760,5960
11761,3674
11762,8742
11763,7379
11764,3310
11765,4830
11766,2890
11767,2830
11768,3670
11769,3990
11770,3610
11771,1041
11772,3660
11773,3660
11774,4810
11775,3940
11776,3490
11777,6030
11778,3570
11779,3660
11780,6790
11781,7372
11782,3560
11783,6020
11784,5040
11785,3160
11786,6020
11787,3470
11788,2020
11789,4910
11790,170
11791,4950
11792,6350
11793,3570
11794,3660
11795,1310
11796,3710
11797,1200
11798,5812
11799,2090
11800,5410
11801,7360
11802,2830
11803,7372
11804,5940
11805,2024
11806,6550
11807,6710
11808,6020
11809,4953
11810,1450
11811,1040
11812,6280
11813,3650
11814,6726
11815,3420
11816,7360
11817,6710
11818,3520
11819,3651
11820,8350
11821,7010
11822,4010
11823,6020
11824,3840
11825,3820
11826,3141
11827,7030
11828,5080
11829,5080
11830,6710
11831,6710
11832,2450
11833,8290
11834,4011
11835,1310
11836,6030
11837,2810
11838,6710
11839,6022
11840,3714
11841,6030
11842,5810
11843,5960
11844,6020
11845,7311
11846,6020
11847,6030
11848,6020
11849,1041
11850,1311
11851,3931
11852,6210
11853,1620
11854,1311
11855,6030
11856,2830
11857,3570
11858,4950
11859,3990
11860,3490
11861,3255
11862,6710
11863,2840
11864,3840
11865,2250
11866,6035
11867,6020
11868,5810
11869,5080
11870,6711
11871,5270
11872,2830
11873,7822
11874,2062
11875,6710
11876,7370
11877,5310
11878,6720
11879,6330
11880,4810
11881,7011
11882,190
11883,6710
11884,5120
11885,3519
11886,5083
11887,1311
11888,2590
11889,5390
11890,6150
11891,7011
11892,6550
11893,5610
11894,2047
11895,2830
11896,3674
11897,7330
11898,3841
11899,3840
11900,3690
11901,1742
11902,4813
11903,3670
11904,7370
11905,6030
11906,4930
11907,2452
11908,3663
11909,6020
11910,7363
11911,6712
11912,2830
11913,3660
11914,3350
11915,8090
11916,2810
11917,7372
11918,4899
11919,4810
11920,6710
11921,6710
11922,6330
11923,3483
11924,3060
11925,7370
11926,7510
11927,3840
11928,5141
11929,3949
11930,6710
11931,7380
11932,5130
11933,8731
11934,3646
11935,3840
11936,2711
11937,6710
11938,6020
11939,5190
11940,5990
11941,7940
11942,6030
11943,3840
11944,3070
11945,6719
11946,6153
11947,2210
11948,2210
11949,5411
11950,4213
11951,3530
11952,3523
11953,3570
11954,6790
11955,4953
11956,7372
11957,3710
11958,4810
11959,3550
11960,3660
11961,3480
11962,5960
11963,7820
11964,5730
11965,3010
11966,3339
11967,6799
11968,1799
11969,6726
11970,3620
11971,5150
11972,6726
11973,1600
11974,7310
11975,4924
11976,7372
11977,5730
11978,3710
11979,6726
11980,6726
11981,1477
11982,2731
11983,2830
11984,6726
11985,3570
11986,6726
11987,5610
11988,6726
11989,6726
11990,6282
11991,6020
11992,6020
11993,5171
11994,1381
11995,2086
11996,6726
11997,4840
11998,3860
11999,1099
12000,6790
12001,3710
12002,2830
12003,4953
12004,6710
12005,3660
12006,115
12007,1221
12008,1623
12009,2752
12010,5810
12011,3663
12012,6710
12013,6020
12014,2834
12015,6722
12016,4950
12017,4899
12018,9999
12019,6710
12020,1041
12021,9999
12022,3640
12023,9999
12024,3840
12025,9999
12026,9999
12027,9999
12028,3710
12029,6552
12030,6719
12031,6030
12032,1000
12033,6790
12034,6726
12035,6726
12036,4741
12037,6711
12038,8299
12039,6733
12040,5310
12041,8350
12042,3840
12043,3841
12044,2121
12045,3670
12046,4121
12047,6726
12048,3810
12049,1041
12050,6710
12051,7372
12052,3721
12053,3648
12054,6726
12055,6710
12056,3692
12057,1081
12058,2710
12059,6726
12060,3511
12061,3555
12062,8071
12063,2835
12064,6726
12065,6726
12066,6722
12067,3350
12068,6021
12069,6030
12070,6798
12071,6510
12072,6798
12073,6036
12074,1389
12075,6726
12076,5944
12077,9999
12078,3841
12079,3711
12080,9999
12081,9999
12082,9999
12083,7390
12084,9999
12085,9999
12086,2013
12087,3255
12088,6022
12089,9999
12090,9999
12091,1622
12092,6163
12093,7375
12094,3570
12095,3622
12096,6220
12097,5812
12098,6726
12099,3070
12100,6311
12101,3829
12102,7370
12103,6722
12104,2834
12105,6726
12106,6035
12107,3220
12108,7312
12109,6726
12110,6710
12111,4420
12112,2310
12113,8070
12114,7810
12115,3310
12116,1380
12117,7372
12118,3651
12119,3570
12120,3710
12121,4150
12122,3660
12123,4950
12124,5311
12125,1311
12126,7540
12127,5010
12128,3560
12129,3990
12130,3840
12131,3350
12132,2850
12133,5051
12134,4890
12135,8040
12136,5990
12137,6020
12138,8092
12139,6020
12140,3761
12141,3622
12142,6790
12143,3570
12144,6710
12145,1040
12146,5810
12147,4830
12148,6210
12149,2834
12150,6710
12151,6021
12152,6030
12153,3840
12154,6030
12155,3840
12156,7320
12157,8730
12158,6550
12159,1021
12160,6159
12161,8740
12162,3660
12163,5070
12164,6710
12165,6030
12166,6020
12167,5411
12168,8080
12169,6162
12170,6720
12171,3840
12172,6710
12173,4813
12174,3670
12175,1011
12176,2514
12177,1040
12178,3080
12179,3820
12180,6710
12181,3990
12182,6020
12183,4011
12184,2631
12185,1310
12186,5110
12187,3590
12188,5999
12189,6030
12190,2810
12191,2063
12192,3570
12193,7380
12194,1040
12195,8080
12196,2834
12197,6510
12198,3440
12199,1311
12200,3610
12201,5710
12202,7812
12203,1490
12204,4000
12205,3679
12206,7370
12207,4720
12208,5910
12209,2020
12210,8080
12211,3523
12212,2060
12213,1311
12214,3670
12215,1310
12216,4010
12217,3829
12218,5960
12219,6726
12220,4011
12221,5990
12222,6410
12223,4950
12224,6712
12225,5040
12226,2085
12227,7990
12228,2830
12229,1040
12230,4810
12231,3560
12232,6710
12233,1380
12234,6710
12235,2830
12236,2830
12237,2870
12238,5110
12239,3310
12240,1311
12241,3830
12242,3070
12243,7350
12244,3840
12245,3820
12246,6030
12247,6010
12248,4011
12249,6311
12250,3670
12251,3070
12252,3940
12253,5141
12254,5730
12255,5710
12256,6711
12257,4890
12258,5130
12259,7370
12260,5040
12261,7370
12262,1520
12263,3450
12264,1311
12265,3845
12266,2836
12267,3460
12268,7370
12269,3714
12270,3570
12271,2131
12272,1311
12273,5090
12274,7330
12275,6790
12276,6710
12277,3710
12278,3440
12279,7810
12280,7840
12281,6020
12282,2015
12283,7370
12284,3670
12285,2290
12286,2330
12287,6726
12288,6726
12289,6726
12290,6726
12291,1221
12292,6726
12293,7389
12294,6726
12295,6726
12296,6726
12297,6726
12298,7512
12299,7380
12300,3580
12301,6726
12302,6726
12303,6726
12304,6726
12305,6726
12306,6726
12307,9999
12308,4841
12309,9999
12310,7389
12311,7389
12312,9999
12313,6726
12314,6726
12315,6726
12316,6726
12317,6726
12318,6726
12319,1041
12320,3491
12321,6726
12322,6726
12323,6798
12324,3511
12325,6799
12326,6733
12327,3840
12328,1310
12329,6162
12330,8099
12331,6733
12332,1021
12333,6726
12334,6726
12335,1310
12336,3573
12337,2834
12338,6726
12339,8299
12340,3465
12341,6722
12342,4412
12343,3353
12344,6552
12345,5169
12346,2821
12347,9999
12348,9999
12349,9999
12350,9999
12351,4110
12352,9999
12353,9999
12354,9999
12355,6799
12356,9999
12357,9999
12358,4899
12359,9999
12360,9999
12362,9999
12363,9999
12364,3674
12365,7374
12366,8742
12367,6799
12368,6722
12369,3711
12370,6726
12371,6726
12372,6726
12373,6552
12374,3674
12375,6726
12376,6722
12377,6719
12378,3710
12379,6722
12380,7374
12381,6726
12382,2711
12383,2711
12384,4613
12385,6726
12386,3589
12387,1731
12388,6531
12389,1389
12390,8299
12391,4731
12392,9999
12394,4011
12395,7011
12396,9999
12397,9999
12398,9999
12399,9999
12400,9999
12401,9999
12402,9999
12403,9999
12405,9999
12406,9999
12407,2910
12408,4712
12409,8051
12410,9999
12411,9999
12412,6726
12413,9999
12415,3710
12416,6711
12423,2910
12424,4511
12431,3564
12432,7033
12437,831
12438,6726
12439,1479
12440,7361
12441,6726
12442,6726
12443,6726
12444,5961
12445,6726
12446,4813
12447,1044
12448,6029
12449,7389
12450,6411
12451,6221
12452,3841
12453,6726
12454,7371
12455,5511
12456,3663
12457,6726
12458,3316
12459,1442
12460,6726
12461,6726
12462,6726
12463,6726
12464,1311
12465,6726
12466,1021
12467,2869
12468,6726
12469,6726
12470,6726
12471,6726
12472,6722
12473,4213
12474,4110
12475,6711
12476,4922
12477,6531
12478,3663
12479,9999
12480,6022
12481,9999
12482,3550
12483,6711
12484,8000
12485,1090
12486,3220
12487,6035
12488,9999
12489,9999
12490,3571
12491,6711
12492,9999
12493,7372
12494,9999
12495,6022
12496,9999
12497,9999
12498,9999
12499,9999
12500,9999
12501,9999
12502,9999
12503,3711
12504,6036
12505,9999
12506,9999
12507,9999
12508,6726
12509,9999
12510,6726
12511,3841
12512,6331
12513,6798
12514,6722
12515,6022
12516,6726
12517,6726
12518,6726
12519,6726
12520,6726
12521,7374
12522,6726
12523,6726
12524,6726
12525,6726
12526,6726
12527,2834
12528,6726
12529,6726
12530,6726
12531,6726
12532,6726
12533,6726
12534,6726
12535,6726
12536,6726
12537,6726
12538,1099
12539,6311
12540,6719
12541,7371
12542,8733
12543,6722
12544,7319
12545,6726
12546,1061
12547,6311
12548,6726
12549,6726
12550,6726
12551,6726
12552,6726
12553,6726
12554,4011
12555,2011
12556,1081
12557,6399
12558,4924
12559,3674
12560,6722
12561,6726
12562,2899
12563,7391
12564,6726
12565,6726
12566,7011
12567,6726
12568,6726
12569,1081
12570,3594
12571,8071
12572,2325
12573,9999
12574,8071
12575,9999
12576,9999
12577,9999
12578,6726
12579,9999
12580,9999
12581,9999
12582,7371
12583,9999
12584,9999
12585,9999
12586,9999
12587,9999
12588,9999
12589,2640
12590,7390
12591,6282
12592,2836
12593,6733
12594,6726
12595,6726
12596,6726
12597,3140
12598,6311
12599,1041
12600,6726
12601,6726
12602,6726
12603,6726
12604,6726
12605,6726
12606,6726
12607,6726
12608,6726
12609,6726
12610,6726
12611,6726
12612,6726
12613,6726
12614,6726
12615,2869
12616,6726
12617,6726
12618,3550
12619,4213
12620,6726
12621,6726
12622,8062
12623,3731
12624,6726
12625,6726
12626,5411
12627,8740
12628,6726
12629,3674
12630,6726
12631,6726
12632,6726
12633,6726
12634,3710
12635,4810
12636,7371
12637,1311
12638,6726
12639,9999
12640,9999
12641,7359
12642,1310
12643,4811
12644,2873
12645,7371
12646,6726
12647,6726
12648,6726
12649,6726
12650,4011
12651,6726
12652,6726
12653,6726
12654,6726
12655,6726
12656,6726
12657,6726
12658,6726
12659,6726
12660,5999
12661,6726
12662,6722
12663,1041
12664,6726
12665,6726
12666,6726
12667,8731
12668,6798
12669,2321
12670,6023
12671,6726
12672,6726
12673,6726
12674,6726
12675,6726
12676,6726
12677,7830
12678,2451
12679,1311
12680,3674
12681,6798
12682,2671
12683,4612
12684,8322
12685,3010
12686,6311
12687,4412
12688,9999
12689,9999
12690,9999
12691,9999
12692,9999
12693,6211
12694,4890
12695,9999
12696,6022
12697,9999
12698,9999
12699,9999
12700,9999
12706,3331
12707,8390
12714,3010
12715,6710
12717,6726
12718,1522
12719,7389
12720,3312
12722,3140
12723,8071
12725,6726
12726,6726
12727,6726
12728,6726
12729,6726
12730,2022
12731,0
12732,6726
12733,6726
12734,6726
12735,6726
12736,6726
12737,6726
12738,6726
12739,6726
12740,6726
12741,6722
12742,7375
12743,1311
12744,6726
12745,5172
12746,7372
12747,6726
12748,6722
12749,5331
12750,3841
12751,7389
12752,6726
12753,6726
12754,6726
12755,1081
12756,6798
12757,5331
12758,4950
12759,4813
12760,1044
12761,6726
12762,6726
12763,6726
12764,6726
12765,5310
12766,3690
12767,6726
12768,6726
12769,6726
12770,6726
12771,6726
12772,6726
12773,2310
12774,8062
12775,6726
12776,6726
12777,6726
12778,6726
12779,6726
12780,6726
12781,4924
12782,6726
12783,8711
12784,3799
12785,6324
12786,1311
12787,3674
12788,1311
12789,2834
12791,9999
12792,9999
12793,9999
12794,9999
12795,9999
12796,4512
12797,9999
12798,9999
12799,9999
12802,6552
12803,6799
12810,4011
12811,1311
12826,6726
12827,6726
12828,6798
12829,2840
12830,6321
12831,6726
12832,6726
12833,6726
12834,6726
12835,7374
12836,6726
12837,2111
12838,5812
12839,6726
12840,1044
12841,6726
12842,6726
12843,6726
12844,6726
12845,2110
12846,6710
12847,6726
12848,6726
12849,6726
12850,6726
12851,6726
12852,6726
12853,2070
12854,3830
12855,6726
12856,6726
12857,6726
12858,6726
12859,6726
12860,6726
12861,3740
12862,7814
12863,6726
12864,6726
12865,3571
12866,6726
12867,6726
12868,6726
12869,6726
12870,6726
12871,9999
12872,2911
12873,4832
12874,6726
12875,6726
12876,6726
12877,4813
12878,2741
12879,8069
12880,9999
12881,1000
12882,9999
12883,9999
12884,9999
12885,9999
12886,9999
12887,9999
12888,3272
12889,2870
12890,9999
12891,9999
12892,4612
12893,6798
12894,1389
12895,6722
12896,2111
12897,2085
12898,6726
12899,6726
12900,1389
12901,6726
12902,6726
12903,1311
12904,6726
12905,3312
12906,1381
12907,2099
12908,5072
12909,4011
12910,7379
12911,6726
12912,9999
12913,9999
12914,9999
12915,9999
12916,9999
12917,2910
12918,3990
12919,9999
12920,9999
12921,9999
12922,9999
12923,6726
12924,9999
12925,3310
12926,6321
12927,9999
12928,4813
12933,2086
12934,6159
12941,3713
12942,6610
12946,6722
12947,6726
12948,6726
12949,6726
12950,6726
12951,6726
12952,1382
12953,6726
12954,3356
12955,6726
12956,6726
12957,1311
12959,3674
12960,9999
12961,9999
12962,9999
12963,9999
12964,9999
12965,9999
12966,9999
12967,9999
12968,4820
12969,6711
12970,9999
12971,9999
12972,4813
12973,6726
12974,6722
12975,6726
12976,5311
12977,5141
12978,6726
12979,6726
12980,6726
12981,3429
12982,1044
12983,6726
12984,7941
12985,6311
12986,6726
12987,6726
12988,6726
12989,6726
12990,6726
12991,6726
12992,2210
12993,6311
12994,1041
12995,6726
12996,6726
12997,6726
12998,6726
12999,6726
13000,6221
13001,6221
13002,6221
13003,6798
13004,2060
13005,1380
13006,6022
13007,6021
13008,9999
13009,9999
13010,9999
13011,9999
13012,2321
13013,9999
13014,9999
13015,9999
13016,6726
13017,6733
13018,3812
13019,4931
13020,6510
13021,7261
13022,6726
13023,6726
13024,6726
13025,6726
13026,6726
13027,6726
13028,6726
13029,6726
13030,6726
13031,6726
13032,6726
13033,6726
13034,6722
13035,3561
13036,9999
13037,9999
13038,9999
13039,4910
13040,2511
13041,9999
13042,6726
13043,6726
13044,6726
13045,6726
13046,7373
13047,2911
13048,1041
13049,9999
13055,6792
13056,2771
13063,5311
13064,3690
13071,4110
13072,8062
13076,6733
13077,6733
13078,3861
13079,6733
13080,7371
13081,3812
13082,6726
13083,1321
13084,6282
13085,6531
13086,6726
13087,6726
13088,6726
13089,6726
13090,6726
13091,6726
13092,6726
13093,2873
13094,6726
13095,6726
13096,6726
13097,1081
13098,3490
13099,3433
13100,5311
13101,2450
13102,6722
13103,3714
13104,1381
13105,9999
13106,9999
13107,9999
13108,9999
13109,9999
13110,9999
13111,9999
13112,3634
13113,1311
13114,6726
13115,9999
13116,1381
13117,6726
13118,6726
13119,3633
13120,5086
13121,7389
13122,6726
13123,5171
13124,1311
13125,6726
13126,6726
13127,5330
13128,1711
13129,6726
13130,6726
13131,6726
13132,6726
13133,1311
13134,6798
13135,1040
13136,1521
13137,6726
13138,6726
13139,1321
13140,1099
13141,1311
13142,6719
13143,7011
13144,6311
13145,6531
13151,1000
13152,6330
13159,2834
13160,9999
13161,9999
13162,9999
13163,9999
13165,6726
13166,6726
13167,9999
13168,9999
13169,9999
13170,6726
13171,6726
13172,6798
13173,6726
13174,6726
13175,6726
13176,6722
13177,6726
13178,2910
13179,1041
13180,1481
13181,7372
13182,6726
13183,6726
13184,6726
13185,4931
13186,2910
13187,6330
13188,2038
13189,6726
13190,6726
13191,1081
13192,6726
13193,6726
13194,4000
13195,6726
13196,4731
13197,6726
13198,6022
13199,6726
13200,6726
13201,9999
13202,9999
13203,9999
13204,1311
13206,3241
13207,4011
13208,6726
13209,6726
13210,7371
13211,6726
13212,6726
13213,6726
13214,6726
13215,4000
13216,6311
13217,6726
13218,6726
13219,6726
13220,6726
13221,6726
13222,6099
13223,4930
13224,3711
13225,2821
13226,6726
13227,8221
13228,6726
13229,6726
13230,6726
13231,3710
13232,5561
13233,6726
13234,6726
13235,6726
13236,6726
13237,6726
13238,6726
13239,6726
13240,6726
13241,6726
13242,6726
13243,6726
13244,1311
13245,6726
13246,6726
13247,6726
13248,6726
13249,3441
13250,5091
13251,6726
13252,6726
13253,1446
13254,6722
13255,7372
13256,6726
13257,6726
13258,1000
13259,7011
13260,9999
13261,9999
13262,9999
13263,9999
13264,9999
13265,7310
13266,6710
13267,9999
13268,6726
13269,6726
13270,6726
13271,6726
13272,6726
13273,6726
13274,3711
13275,7011
13276,9999
13277,9999
13278,9999
13279,9999
13280,9999
13281,1081
13282,3710
13283,7331
13284,5065
13285,2043
13286,6021
13287,6726
13288,6726
13289,6726
13290,2321
13291,710
13292,7371
13293,6726
13294,8999
13295,6726
13296,6282
13297,6726
13298,7375
13299,6162
13300,6726
13301,6726
13302,7389
13303,2819
13304,7372
13305,3491
13306,6726
13307,6726
13308,6726
13309,6798
13310,6221
13311,2052
13312,3732
13314,6282
13315,5963
13316,3669
13317,1311
13318,7375
13319,4499
13320,9999
13321,9999
13322,6726
13323,9999
13324,2834
13325,9999
13326,9999
13327,9999
13328,9999
13329,9999
13330,9999
13331,8742
13332,6798
13333,6726
13334,6726
13335,6726
13336,1311
13337,3533
13338,4000
13339,3732
13340,3674
13341,6726
13342,7373
13343,5084
13344,6726
13345,6726
13346,5320
13347,8000
13348,6726
13349,1311
13350,1021
13351,6722
13352,6282
13353,4612
13354,2085
13355,8051
13356,2911
13357,6722
13358,6798
13360,6726
13361,6726
13362,4930
13363,8051
13364,6726
13365,6733
13366,3399
13367,3161
13368,6726
13369,9999
13370,5411
13371,5086
13372,9999
13373,9999
13374,9999
13375,9999
13376,9999
13377,9999
13378,9999
13379,9999
13380,9999
13381,6726
13382,6726
13383,6726
13384,6035
13385,2834
13386,6726
13387,6726
13388,1311
13389,3550
13390,5050
13391,1321
13392,6726
13393,6722
13394,6726
13395,6726
13396,1044
13397,6330
13398,3674
13399,5651
13400,9431
13401,6798
13402,9999
13403,6799
13404,9999
13405,9999
13406,9999
13407,7375
13408,9999
13409,9999
13410,9999
13411,9999
13412,5990
13418,3310
13425,5499
13426,4000
13427,7394
13428,6726
13429,6798
13430,5812
13431,6722
13432,4922
13433,6726
13434,4011
13435,2831
13436,6726
13437,6726
13438,1081
13439,6798
13440,6726
13441,6722
13442,4011
13443,5733
13444,6726
13445,6726
13446,6726
13447,7379
13448,6726
13449,6726
13450,3743
13451,3841
13452,2819
13453,6282
13454,9999
13455,8742
13456,9999
13469,4220
13470,7380
13477,4000
13478,6711
13485,4000
13486,7810
13493,4000
13494,6711
13499,6726
13500,6798
13501,6722
13502,8711
13503,6726
13504,6726
13505,6726
13506,4000
13507,6311
13508,5411
13509,2911
13510,6722
13511,7371
13512,6726
13513,6726
13514,4000
13515,1310
13516,6726
13517,6726
13518,6726
13519,6722
13520,9999
13521,7389
13522,4011
13523,1081
13524,9999
13525,9999
13526,9999
13527,9999
13528,9999
13529,6036
13530,4000
13531,3662
13532,6022
13533,9999
13534,9999
13535,9999
13536,1520
13537,7200
13538,6726
13539,6726
13540,6726
13541,6726
13542,6726
13543,3841
13544,1481
13545,1041
13546,1311
13547,7997
13548,9999
13549,4930
13550,1311
13551,9999
13552,9999
13553,4841
13554,4841
13555,6726
13556,3559
13557,3693
13558,3693
13559,9999
13560,9999
13561,6035
13562,6726
13563,9999
13564,9999
13565,2061
13566,2086
13567,7381
13568,6726
13569,1321
13570,6722
13571,6722
13572,6726
13573,4011
13574,5999
13575,6726
13576,6021
13577,3537
13578,6726
13579,6021
13580,6798
13581,3010
13582,4811
13583,4922
13584,5172
13585,7374
13586,3491
13594,9999
13595,6726
13596,9999
13597,9999
13598,9999
13599,6700
13600,9999
13601,6282
13602,2070
13603,6211
13604,3089
13605,6726
13606,6726
13607,6726
13608,6726
13609,6726
13610,2819
13611,3662
13612,6726
13613,6726
13614,6798
13615,5172
13616,7382
13617,3443
13618,8731
13619,6726
13620,6726
13621,2834
13622,6531
13623,6726
13624,6726
13625,7374
13626,6726
13627,2026
13628,7372
13629,2250
13630,1311
13631,2097
13632,7372
13633,1381
13634,9999
13636,9999
13637,3534
13638,1310
13639,9999
13640,6022
13641,9999
13642,9999
13643,9999
13644,9999
13645,3310
13646,7933
13647,9999
13648,9999
13649,9999
13650,9999
13652,9999
13653,5311
13654,3573
13655,9999
13656,9999
13657,6726
13658,9999
13661,3221
13662,6331
13678,2911
13679,6722
13680,133
13681,4612
13682,6726
13683,6726
13684,6726
13685,6722
13686,6726
13687,5712
13688,4931
13689,3296
13690,4812
13691,4922
13692,6726
13693,9999
13694,9999
13695,9999
13696,4811
13697,1311
13698,9999
13699,9999
13700,9999
13701,9999
13702,2844
13703,9999
13704,3663
13705,9999
13706,9999
13707,9999
13708,9999
13709,3499
13710,6711
13711,9999
13712,9999
13713,6022
13714,9999
13715,6726
13716,6726
13717,2910
13718,5812
13719,6726
13720,6726
13721,2834
13722,6726
13723,1081
13724,6726
13725,2910
13726,6123
13727,6726
13728,6726
13729,6722
13730,2911
13731,6726
13732,7389
13733,2910
13734,6711
13735,1041
13736,6798
13737,6726
13738,1311
13739,8351
13740,2911
13741,2910
13742,7211
13743,4512
13744,6726
13745,6726
13746,6722
13747,3312
13748,1522
13749,4922
13750,9999
13751,9999
13752,9999
13753,6726
13754,9999
13755,9999
13756,9999
13757,9999
13758,9999
13759,2834
13760,6719
13761,2836
13762,6726
13763,1041
13764,6722
13765,6722
13766,2421
13767,6733
13768,2910
13769,7352
13770,6726
13771,6726
13772,6726
13773,1311
13774,6722
13775,6798
13776,1000
13777,7372
13778,6726
13779,6726
13780,6726
13781,6726
13782,6726
13783,1099
13784,7810
13785,7379
13786,4813
13787,6798
13788,2834
13789,9999
13790,9999
13791,9999
13792,4011
13793,3430
13794,9999
13795,6726
13796,1400
13797,6022
13798,1400
13799,9999
13800,9999
13801,6726
13802,6282
13803,6798
13804,6726
13805,2046
13806,2033
13807,6722
13808,6733
13809,6798
13810,6726
13811,6726
13812,7374
13813,3310
13814,6311
13815,6726
13816,7371
13817,6282
13818,5141
13819,7372
13820,1382
13821,4924
13822,7390
13823,6531
13824,9999
13825,9999
13826,9999
13827,9999
13828,9999
13829,9999
13830,7389
13831,5999
13832,2086
13833,6726
13834,6726
13835,6799
13836,6726
13837,8741
13838,6726
13839,6726
13840,6726
13841,6726
13842,6726
13843,6141
13844,8011
13845,6726
13846,6726
13847,6726
13848,4011
13849,1061
13850,6726
13851,6726
13852,6726
13853,6726
13854,6726
13855,6726
13856,2086
13857,8080
13858,7371
13859,6726
13860,7996
13861,2869
13862,1521
13863,1311
13864,4000
13865,3661
13866,4899
13867,4731
13868,6726
13869,8741
13870,9999
13871,6726
13872,1200
13873,4899
13874,9999
13875,9999
13876,4841
13877,9999
13878,9999
13879,3670
13880,4930
13881,7922
13882,9999
13883,2834
13884,6726
13885,9999
13886,6798
13887,6512
13888,6726
13889,6798
13890,7372
13891,7372
13892,6726
13893,6726
13894,6798
13895,1321
13896,2834
13897,6726
13898,6722
13899,4110
13900,6410
13901,2111
13902,6330
13903,3351
13904,6311
13905,6722
13906,1531
13907,6798
13908,6162
13909,2431
13910,6726
13911,8731
13912,6726
13913,6726
13914,7372
13915,4922
13916,2026
13917,3341
13918,9999
13919,6211
13920,9999
13921,6022
13922,6726
13923,9999
13924,9999
13925,6726
13926,9999
13927,9999
13928,1382
13929,7011
13930,9999
13931,9999
13932,9999
13933,9999
13934,9999
13935,8734
13936,2321
13937,1521
13938,4813
13939,9999
13940,9999
13941,9999
13942,9999
13943,9999
13944,2310
13945,5999
13946,9999
13947,9999
13948,6726
13949,9999
13950,6726
13951,6726
13952,3710
13953,3592
13954,9999
13956,9999
13957,9999
13958,9999
13959,9999
13960,2910
13961,3079
13962,9999
13963,9999
13964,9999
13965,6411
13966,9999
13967,9999
13968,9999
13969,9999
13970,9999
13971,6726
13972,6726
13973,6726
13974,6726
13975,6726
13976,3728
13977,8731
13978,1041
13979,2910
13980,6710
13981,6726
13982,6798
13983,2844
13984,6726
13985,6726
13986,6726
13987,6798
13988,7392
13989,6726
13990,6722
13991,6726
13992,7371
13993,8743
13994,6722
13995,1200
13996,6711
13997,6726
13998,6221
13999,6719
14000,6726
14001,6211
14002,6726
14003,6722
14004,6153
14005,7372
14006,7311
14007,3550
14008,2830
14009,4911
14010,7371
14011,2834
14012,6726
14013,6726
14014,6726
14015,2110
14016,7379
14017,7011
14018,6726
14019,8711
14020,6726
14021,6726
14022,6726
14023,6726
14024,3841
14025,6726
14026,1321
14027,6726
14028,6726
14029,4833
14030,4911
14031,2910
14032,1311
14033,6510
14034,6798
14035,1311
14036,6798
14037,6798
14038,6726
14039,6798
14040,4812
14041,5731
14042,7389
14043,1531
14044,9999
14045,9999
14046,9999
14047,6726
14048,6726
14049,4922
14050,9999
14051,2834
14052,9999
14053,9999
14054,9999
14055,9999
14056,9999
14057,9999
14058,4930
14059,3550
14060,9999
14061,6798
14062,1382
14063,8742
14064,6726
14065,8062
14066,3743
14067,6311
14068,6726
14069,6726
14070,6733
14071,6798
14072,8731
14073,6726
14074,2060
14075,7372
14076,5531
14077,4922
14078,6726
14079,6726
14080,6726
14081,6726
14082,2911
14083,6711
14084,6726
14085,6726
14086,5171
14087,7311
14088,6351
14089,6719
14090,3662
14091,2290
14092,4789
14093,9999
14094,8071
14095,7371
14096,6726
14097,9999
14098,6726
14099,5191
14101,9999
14102,5411
14103,7390
14104,2648
14105,2834
14106,9999
14107,1000
14108,6726
14111,3740
14112,3662
14127,6211
14128,6726
14129,6726
14130,6726
14131,6531
14132,4512
14133,2834
14134,1474
14135,1311
14136,7374
14137,1311
14138,1000
14139,3670
14140,1011
14141,7373
14142,6726
14143,3674
14144,6719
14145,9999
14146,3350
14147,7374
14148,9999
14149,9999
14150,9999
14151,9999
14152,2890
14153,9999
14154,3860
14155,1311
14156,6726
14157,9999
14158,9999
14159,9999
14160,9999
14161,9999
14162,2020
14163,6552
14164,9999
14165,9999
14166,9999
14167,9999
14168,9999
14169,9999
14170,5610
14171,3840
14172,7200
14173,9999
14174,6211
14175,6022
14176,9999
14177,2431
14178,6726
14179,1311
14180,6726
14181,6798
14182,5311
14183,6162
14184,6798
14185,3714
14186,6726
14187,6726
14188,6726
14189,3312
14190,3460
14191,6726
14192,6726
14193,6798
14194,6798
14195,6798
14196,6798
14197,5812
14198,3812
14199,6726
14200,6726
14201,6726
14202,6726
14203,6726
14204,6726
14205,6726
14206,6726
14207,6726
14208,6726
14209,4813
14210,6726
14211,6726
14212,6726
14213,6531
14214,6799
14215,4612
14216,6726
14217,6726
14218,2024
14219,7371
14220,7374
14221,6799
14222,6726
14223,6726
14224,6722
14225,6726
14226,6330
14227,3660
14228,5171
14229,6141
14230,6162
14231,7372
14232,3577
14233,4925
14234,2910
14235,6351
14236,9999
14237,9999
14238,9999
14239,9999
14240,9999
14241,6726
14242,3690
14243,6123
14244,9999
14245,9999
14246,1000
14247,5992
14248,6726
14249,9999
14250,1031
14251,2257
14252,9999
14253,9999
14254,7389
14256,9999
14257,9999
14258,9999
14259,6726
14260,9999
14261,9999
14262,9999
14263,9999
14264,6726
14265,6726
14266,1382
14267,5171
14268,7011
14269,4000
14270,6711
14271,3577
14272,8733
14273,8231
14274,5719
14275,6726
14276,3861
14277,5651
14278,6726
14279,7011
14280,6719
14281,6726
14282,6726
14283,6726
14284,6726
14285,3990
14286,4841
14287,6726
14288,7389
14289,4841
14290,4813
14291,4923
14292,2434
14293,4000
14294,3564
14295,7375
14296,5611
14297,7382
14298,6799
14299,7822
14300,8731
14301,7389
14302,9999
14303,9999
14304,9999
14305,2834
14306,3111
14307,3440
14308,4499
14309,6726
14310,6022
14311,9999
14312,9999
14313,9999
14314,2910
14315,3820
14316,9999
14317,9999
14318,9999
14319,9999
14320,9999
14321,9999
14322,5311
14323,3357
14324,9999
14325,9999
14326,9999
14327,9999
14328,7832
14329,5812
14330,3350
14331,3810
14332,6719
14333,6726
14334,6798
14335,6799
14336,1311
14337,6311
14338,7011
14339,6799
14340,3572
14341,6726
14342,4612
14343,6726
14344,4412
14345,6726
14346,6726
14347,6726
14348,6726
14349,2390
14350,6726
14351,9999
14352,9999
14353,9999
14354,6726
14355,2040
14356,9999
14357,2911
14358,7997
14359,9999
14365,2910
14366,3841
14373,7011
14374,3840
14377,6726
14378,8322
14379,1311
14380,1389
14381,7910
14382,1099
14383,6726
14384,6726
14385,6726
14386,6726
14387,6726
14388,6726
14389,6726
14390,6726
14391,6726
14392,1382
14393,7011
14394,912
14395,6726
14396,6726
14397,6726
14398,6726
14399,6726
14400,1531
14401,1311
14402,2515
14403,1040
14404,6726
14405,6726
14406,2899
14407,6726
14408,1382
14409,1382
14410,2910
14411,6726
14412,6726
14413,6726
14414,6733
14415,6733
14416,1522
14417,1381
14418,9999
14419,9999
14420,9999
14421,9999
14422,9999
14423,9999
14424,9999
14425,9999
14426,9999
14427,6726
14428,6726
14429,2911
14430,3860
14431,9999
14432,9999
14433,9999
14434,9999
14435,1090
14436,9999
14437,1311
14438,6280
14439,6726
14440,9999
14441,7331
14442,9999
14443,6726
14444,3841
14445,3310
14446,1311
14447,9999
14448,9999
14449,9999
14450,9999
14451,9999
14452,9999
14453,2030
14454,3662
14455,9999
14456,9999
14457,9999
14458,9999
14459,9999
14460,6726
14461,7011
14462,1311
14463,5047
14464,9999
14465,9999
14466,9999
14467,9999
14468,2834
14469,9999
14470,9999
14471,9999
14472,3660
14473,6726
14474,6726
14475,6726
14476,6726
14477,6726
14478,5031
14479,1742
14480,6726
14481,6726
14482,6726
14483,6726
14484,6726
14485,6726
14486,6726
14487,3651
14488,2061
14489,6798
14490,4833
14491,6726
14492,6726
14493,1382
14494,6726
14495,7373
14496,4011
14497,2834
14498,7373
14499,7372
14500,6798
14501,6726
14502,7371
14503,7312
14504,7311
14505,1311
14506,7319
14507,6722
14508,6726
14509,4011
14510,1311
14511,6726
14512,6726
14513,6726
14514,6726
14515,6726
14516,7372
14517,5710
14518,6531
14519,6726
14520,6726
14521,7389
14522,6282
14523,8731
14524,6799
14525,3573
14526,3230
14527,8211
14528,9999
14529,6726
14530,9999
14531,9999
14532,9999
14533,2099
14534,3560
14535,9999
14536,5940
14537,9999
14538,9999
14539,6726
14540,9999
14541,2911
14542,7375
14543,9999
14544,9999
14545,2020
14546,9999
14547,9999
14548,5211
14549,6726
14550,9999
14551,9999
14552,1381
14553,9999
14554,9999
14555,9999
14556,9999
14557,6726
14558,6022
14559,6798
14560,6726
14561,6726
14562,6726
14563,6726
14564,4922
14565,6726
14566,6798
14567,5499
14568,4930
14569,3662
14570,8732
14571,6726
14572,6799
14573,6799
14574,6282
14575,6798
14576,2040
14577,6711
14578,7372
14579,7371
14580,7371
14581,6726
14582,6726
14583,6726
14584,3210
14585,1211
14586,6726
14587,6726
14588,5812
14589,9999
14590,9999
14591,9999
14592,2834
14593,3571
14594,2834
14595,9999
14596,9999
14597,9999
14598,9999
14599,6282
14600,9999
14601,9999
14602,9999
14603,9999
14604,6211
14605,3714
14606,5411
14607,9999
14608,9999
14609,9999
14610,9999
14611,8200
14612,9999
14613,3714
14614,3570
14615,9999
14616,9999
14617,6282
14618,7371
14619,7021
14620,6726
14621,3710
14622,3810
14623,6726
14624,6726
14625,6331
14626,6726
14627,6726
14628,6726
14629,6726
14630,5961
14631,6733
14632,3533
14633,4612
14634,1311
14635,6726
14636,3541
14637,2721
14638,6798
14639,6726
14640,6726
14641,7372
14642,2911
14643,4499
14644,9999
14645,2834
14646,9999
14647,9999
14648,3730
14649,7370
14650,6022
14651,6798
14652,6726
14653,6022
14654,9999
14655,9999
14656,2911
14657,3620
14658,9999
14659,6726
14660,9999
14661,9999
14662,6726
14663,7359
14664,2052
14665,3570
14666,9999
14667,9999
14668,9999
14669,9999
14670,6712
14671,6022
14672,1310
14673,3573
14674,9999
14675,9999
14676,9999
14677,7379
14678,6726
14680,3310
14681,8730
14682,2611
14683,8741
14684,3312
14685,6211
14686,8741
14687,4911
14688,9999
14689,6531
14690,2834
14691,2834
14692,1731
14693,9999
14694,9999
14695,2836
14696,5945
14697,9999
14698,9999
14699,3586
14700,8072
14701,4899
14702,3550
14703,9999
14704,8741
14705,7372
14706,9999
14707,2836
14708,9999
14709,9999
14710,9999
14711,9999
14712,9999
14713,8082
14714,3577
14715,2899
14716,1521
14717,7299
14718,6726
14719,1382
14720,3721
14721,1221
14722,6733
14723,7371
14724,6726
14725,6726
14726,6726
14727,6726
14728,2879
14729,3841
14730,6726
14731,6726
14732,6726
14733,6726
14734,4911
14735,7941
14736,2911
14737,3674
14738,6726
14739,6726
14740,6726
14741,6726
14742,6726
14743,6726
14744,4000
14745,1521
14746,6726
14747,6726
14748,6726
14749,6726
14750,7342
14751,5111
14752,6733
14753,7363
14754,3646
14755,2821
14756,6726
14757,6726
14758,6726
14759,3084
14760,1477
14761,2911
14763,2834
14764,6726
14765,6726
14766,6726
14769,6726
14770,6726
14771,6726
14773,1311
14774,2834
14776,6021
14777,6733
14778,4832
14779,1311
14780,1311
14781,2711
14782,6411
14783,1321
14784,1381
14785,6719
14786,5169
14787,4110
14788,1311
14789,1381
14790,9999
14791,9999
14792,9999
14793,6035
14794,6726
14795,3562
14796,913
14797,8071
14798,6726
14799,6726
14800,6726
14801,9999
14802,9999
14803,9999
14804,6726
14805,9999
14806,9999
14807,9999
14808,2110
14809,8730
14810,6022
14811,9999
14812,5812
14813,9999
14814,9999
14815,9999
14816,2064
14817,180
14818,9999
14819,6726
14820,5900
14821,9999
14822,9999
14823,2834
14824,7519
14825,0
14826,9999
14827,9999
14828,9999
14829,6712
14830,4931
14831,9999
14832,2270
14833,3573
14834,7311
14835,9999
14836,9999
14837,6726
14838,6726
14839,6726
14840,3312
14841,6711
14842,6726
14843,6726
14844,6726
14845,6726
14846,6726
14847,6726
14848,6726
14849,7389
14850,6726
14851,6712
14852,1381
14853,6726
14854,6726
14855,5051
14856,8712
14857,4499
14858,5171
14859,7813
14860,6211
14861,9999
14862,7389
14863,6726
14864,9999
14865,2834
14866,6726
14867,3351
14868,5410
14869,6726
14870,6021
14871,9999
14872,9999
14873,9999
14874,9999
14875,3572
14876,3662
14877,9999
14878,9999
14879,9999
14880,5810
14881,9999
14882,9999
14883,2621
14884,8744
14886,6726
14887,6726
14888,6719
14889,6022
14890,8082
14891,1311
14892,1311
14893,6726
14894,6726
14895,6726
14896,6726
14897,6726
14898,4922
14899,6726
14900,6726
14901,6726
14902,6726
14904,4011
14905,3660
14906,6726
14907,6726
14908,6282
14909,6726
14910,6726
14911,6726
14912,3011
14913,6530
14914,6726
14915,5411
14916,6726
14917,6726
14918,7372
14919,2879
14920,2651
14921,2022
14923,9999
14924,9999
14925,4822
14926,9999
14927,9999
14928,9999
14929,8731
14930,9999
14931,6726
14932,9999
14933,6726
14934,7381
14935,9999
14936,9999
14937,2834
14938,9999
14939,3823
14940,6710
14941,3842
14942,9999
14943,9999
14944,9999
14945,8093
14946,6726
14947,5910
14948,6726
14949,6726
14950,8731
14951,7361
14952,6726
14953,5611
14954,5912
14955,5148
14956,4922
14957,6726
14958,6726
14959,6726
14960,6141
14961,1481
14962,6726
14963,2830
14964,6799
14965,6726
14966,6726
14967,6726
14968,6726
14969,6035
14970,7372
14971,2890
14972,1321
14973,3494
14974,6798
14975,6722
14976,4412
14977,6726
14978,6726
14979,6726
14980,4613
14981,4013
14982,3691
14983,5961
14984,4813
14985,6712
14986,4813
14987,3711
14988,9999
14989,9999
14990,6036
14991,2836
14992,9999
14993,2100
14994,9999
14995,9999
14996,6726
14997,6726
14998,6150
14999,6153
15001,6726
15002,9999
15003,9999
15004,6726
15006,9999
15007,6726
15008,9999
15009,9999
15010,9999
15011,9999
15013,9999
15014,9999
15015,9999
15016,9999
15017,9999
15018,6710
15019,2311
15020,9999
15021,6726
15022,9999
15023,9999
15024,9999
15026,4710
15027,5094
15028,6799
15029,1382
15030,8742
15031,4613
15032,6726
15033,7514
15034,2311
15035,4210
15036,6726
15037,6726
15038,6726
15039,6726
15040,6726
15041,6726
15042,4411
15043,2335
15044,6798
15045,7359
15046,3841
15047,6722
15048,6552
15049,6726
15050,3312
15051,7372
15052,6798
15053,2851
15054,6159
15055,4412
15056,8731
15057,7374
15058,9999
15059,9999
15060,9999
15061,9999
15062,9999
15063,6726
15064,6022
15065,9999
15066,6726
15067,9999
15068,9999
15069,1311
15070,6020
15071,9999
15072,9999
15073,6726
15074,9999
15075,9999
15076,6726
15077,2131
15078,3622
15079,9999
15080,9999
15081,6726
15082,9999
15083,9999
15084,9999
15085,3410
15086,1381
15087,9999
15088,9999
15089,9999
15090,9999
15091,9999
15092,6141
15093,2080
15094,6123
15098,6726
15099,3841
15100,6726
15101,6726
15102,6726
15103,6726
15104,6726
15105,3542
15106,3110
15107,5999
15108,7372
15109,6722
15110,6153
15111,6726
15112,6726
15113,6794
15114,2840
15115,2531
15116,4922
15117,4833
15118,6726
15119,7372
15120,0
15121,6726
15122,3430
15123,3573
15124,6726
15125,9999
15126,9999
15127,7370
15128,9999
15129,9999
15130,3350
15131,3662
15132,9999
15133,6035
15134,9999
15135,9999
15136,9999
15137,9999
15138,6726
15139,1311
15140,9999
15141,1311
15142,6798
15144,9999
15145,7372
15146,6726
15147,6726
15148,6726
15149,3317
15150,6726
15151,6726
15152,6726
15153,6726
15154,6726
15155,6726
15156,6726
15157,2254
15158,3999
15159,6798
15160,6726
15161,6726
15162,6726
15163,6726
15164,6311
15165,2879
15166,5960
15167,5812
15168,3483
15169,4424
15170,6799
15171,9999
15172,9999
15173,1200
15174,5599
15175,9999
15176,9999
15177,9999
15178,9999
15180,9999
15181,9999
15182,2771
15183,9999
15184,9999
15186,3827
15187,2834
15188,1311
15189,6726
15190,6726
15191,6726
15192,4922
15193,6726
15194,6798
15195,6726
15196,6798
15197,6726
15198,8734
15199,6726
15200,6726
15201,6726
15202,1423
15203,3520
15204,6726
15205,6726
15206,6726
15207,6726
15208,6726
15209,6726
15210,4000
15211,6552
15212,6726
15213,6726
15214,6726
15215,8099
15216,7011
15217,9999
15218,9999
15219,2834
15220,9999
15221,9999
15222,4731
15223,9999
15224,9999
15225,2834
15226,9999
15227,6726
15228,2711
15229,3431
15230,6530
15231,6798
15232,6726
15233,6726
15234,6726
15235,6726
15236,6726
15237,3499
15238,3610
15239,6726
15240,6726
15241,6726
15242,6022
15243,6726
15244,6726
15245,2050
15246,7370
15247,6726
15248,6726
15249,6726
15250,6726
15251,6726
15252,6726
15253,3589
15254,1389
15255,6726
15256,6726
15257,6726
15258,6726
15259,6798
15260,6726
15261,3630
15262,3955
15263,7319
15264,1422
15265,6726
15266,9999
15267,9999
15268,9999
15269,9999
15270,9999
15271,9999
15272,9999
15273,9999
15274,9999
15275,6726
15276,9999
15277,9999
15278,1041
15279,9999
15280,9999
15281,6726
15282,9999
15283,9999
15284,9999
15285,9999
15286,9999
15287,9999
15288,2990
15289,1311
15290,7372
15291,9999
15292,9999
15293,9999
15294,9999
15295,9999
15296,7390
15297,5020
15298,9999
15299,6726
15300,6726
15301,9999
15302,9999
15303,9999
15304,9999
15305,9999
15306,6726
15307,6726
15308,6726
15309,4910
15310,6723
15311,6726
15312,6726
15313,7389
15314,6726
15315,7373
15316,6726
15317,4011
15318,6022
15319,6726
15320,6726
15321,6726
15322,6726
15323,6798
15324,8082
15325,4822
15326,2086
15327,5947
15328,6726
15329,6726
15330,6726
15331,6719
15332,4911
15333,4000
15334,4832
15335,4911
15336,9999
15337,6726
15338,7011
15339,6361
15340,1382
15341,3743
15342,4832
15343,6798
15344,5084
15345,6726
15346,6726
15347,6726
15348,6726
15349,4922
15350,6726
15351,4789
15352,6726
15353,6726
15354,6726
15355,6726
15356,6726
15357,8742
15358,7374
15359,4922
15360,6726
15361,9999
15362,9999
15363,9999
15364,9999
15365,9999
15366,6726
15367,9999
15368,4833
15369,6310
15370,9999
15371,9999
15372,9999
15373,9999
15374,9999
15375,9999
15376,3660
15377,6711
15378,9999
15379,9999
15380,7389
15381,9999
15382,9999
15383,9999
15384,4000
15385,5812
15386,9999
15387,6726
15388,6726
15389,6726
15390,5999
15391,2711
15392,2910
15393,3823
15394,3944
15395,4841
15396,3621
15397,1742
15398,2899
15399,3714
15400,3691
15401,2834
15402,4841
15403,4841
15404,4922
15405,5810
15406,2621
15407,9999
15408,9999
15409,9999
15410,9999
15411,9999
15412,9999
15413,3310
15414,7374
15415,9999
15416,9999
15417,9999
15418,9999
15419,9999
15420,9999
15421,3710
15422,3820
15423,9999
15424,9999
15425,9999
15426,9999
15427,9999
15428,9999
15429,9999
15430,9999
15431,9999
15432,9999
15433,9999
15434,9999
15435,9999
15436,9999
15437,6726
15438,6726
15439,6726
15440,9999
15441,9999
15442,6726
15443,2834
15444,6726
15445,6726
15446,6726
15447,6726
15448,2011
15449,3573
15450,6726
15451,6799
15452,8741
15453,6726
15454,3827
15455,6798
15456,5661
15457,2650
15458,6726
15459,6726
15460,6726
15461,6726
15462,6726
15463,6726
15464,3569
15465,3823
15466,3544
15467,6726
15468,6726
15469,6726
15470,6726
15471,6726
15472,2067
15473,3640
15474,6726
15475,6726
15476,6726
15477,6722
15478,7323
15479,6726
15480,3520
15481,4899
15482,5169
15483,6726
15484,6726
15485,7371
15486,2834
15487,4412
15488,9999
15489,5999
15490,9999
15491,9999
15492,6726
15493,9999
15494,9999
15495,6726
15496,9999
15497,9999
15498,6726
15499,3317
15500,6020
15501,3710
15502,3710
15503,6726
15504,6726
15505,6022
15506,9999
15507,9999
15508,9999
15509,9999
15510,9999
15514,9999
15523,9999
15525,9999
15526,9999
15527,6022
15528,2869
15529,6710
15530,9999
15531,9999
15532,9999
15533,9999
15534,9999
15535,9999
15536,1211
15537,3577
15538,7372
15539,9999
15540,7389
15541,9999
15542,9999
15543,9999
15544,5331
15545,4511
15546,9999
15547,6726
15548,6726
15549,6726
15550,1222
15551,6726
15552,3010
15553,4924
15554,6726
15555,6726
15556,6726
15557,6726
15558,6726
15559,6726
15560,5731
15561,5041
15562,6726
15563,6726
15564,6726
15565,6726
15566,6726
15567,6726
15568,6726
15569,6726
15570,6726
15571,6726
15572,6726
15573,6726
15574,6726
15575,6726
15576,6726
15577,6719
15578,6726
15579,3674
15580,6320
15581,6726
15582,7374
15583,6726
15584,6798
15585,8011
15586,6798
15587,5812
15588,6711
15590,3053
15591,6726
15592,6726
15593,6726
15594,6726
15595,2830
15596,3573
15597,4412
15598,6798
15599,2099
15600,6726
15601,6726
15602,6726
15603,6726
15604,6726
15605,6726
15606,6726
15607,6726
15608,2190
15609,5311
15610,6726
15611,6726
15612,6726
15613,6726
15614,6726
15615,6726
15616,6510
15617,6035
15618,6726
15619,6726
15620,6726
15621,6726
15622,6726
15623,6282
15624,1311
15625,6030
15626,6726
15627,7991
15628,6726
15629,6726
15630,9999
15631,9999
15632,4000
15633,7221
15634,6726
15635,6726
15636,9999
15637,9999
15638,9999
15639,9999
15640,4000
15641,1311
15642,9999
15643,9999
15644,7389
15645,3842
15646,9999
15647,3556
15648,5812
15649,7929
15650,6282
15651,9999
15652,9999
15653,9999
15654,9999
15655,6726
15656,9999
15657,6726
15658,9999
15659,2819
15660,2086
15662,5812
15663,6726
15664,9999
15665,3841
15666,6726
15667,2834
15668,6020
15669,6726
15670,6726
15671,6726
15672,6726
15673,6726
15674,6722
15675,2190
15676,3764
15677,6726
15678,6726
15679,6726
15680,6726
15681,6726
15682,6726
15683,3630
15684,4510
15685,6726
15686,6726
15687,6726
15688,6726
15689,6726
15690,6726
15691,3840
15692,3312
15693,6726
15694,3841
15695,6726
15696,6726
15697,6726
15698,6726
15699,6726
15700,6726
15701,6726
15702,9999
15703,7374
15704,4910
15705,4833
15707,7372
15708,6798
15709,9999
15710,7353
15711,6798
15712,2211
15713,7011
15714,6726
15715,6726
15716,6726
15717,6726
15718,6726
15719,6531
15720,4911
15721,1381
15722,6726
15723,1081
15724,5141
15725,6726
15726,6726
15727,6726
15728,6726
15729,3572
15730,6726
15731,6726
15732,6726
15733,6726
15734,2657
15735,6799
15739,9910
15747,3312
15748,3629
15755,5811
15756,0
15763,3949
15764,6711
15771,3110
15772,3825
15774,9999
15775,9999
15776,7384
15777,6726
15778,6726
15779,9999
15780,9999
15781,6726
15782,9999
15783,9999
15784,9999
15785,9999
15786,9999
15787,9999
15788,9999
15789,9999
15790,9999
15791,9999
15792,9999
15793,9999
15794,9999
15795,9999
15796,9999
15797,7374
15798,3562
15799,6281
15800,3310
15801,2750
15802,6799
15814,6726
15815,6726
15816,6726
15817,6726
15818,6726
15819,2051
15820,3570
15821,6726
15822,6726
15823,6726
15824,7371
15825,6722
15826,7372
15827,2090
15828,3820
15829,9999
15830,6726
15831,9999
15832,9999
15833,9999
15834,9999
15835,2086
15836,0
15837,9999
15838,6022
15839,6726
15840,9999
15841,9999
15842,6726
15843,2051
15844,0
15845,6726
15846,9999
15847,9999
15848,9999
15849,9999
15850,9999
15851,2080
15852,3652
15853,9999
15854,9999
15855,6726
15856,9999
15857,9999
15858,9999
15859,4911
15860,4412
15862,9999
15863,8011
15878,3520
15879,7392
15880,6726
15881,6726
15882,6726
15883,6726
15884,6726
15885,6726
15886,2020
15887,6722
15888,6726
15889,6726
15890,6726
15891,6726
15892,6726
15894,2910
15895,7372
15896,7371
15897,9999
15898,9999
15899,7389
15900,6726
15901,6726
15902,9999
15903,6726
15904,9999
15905,9999
15906,6712
15907,6720
15908,3825
15909,9999
15910,6726
15911,6726
15912,6798
15913,9999
15914,9999
15915,3441
15916,5080
15917,2819
15918,6726
15919,6726
15920,6719
15921,3589
15922,6726
15923,6711
15924,5962
15925,6726
15927,6726
15928,6726
15929,2411
15930,6726
15931,5310
15932,3690
15934,9999
15936,9999
15937,9999
15943,9999
15945,6726
15946,6726
15948,6022
15950,9999
15955,9999
15956,1752
15957,6726
15958,4000
15959,3714
15960,9999
15961,9999
15962,6726
15965,6726
15966,2911
15967,3573
15969,9999
15970,9999
15971,9999
15972,6726
15973,6726
15974,3731
15975,3494
15976,9999
15977,6726
15978,9999
15979,6726
15980,2329
15981,6726
15982,4000
15983,7379
15984,6726
15985,6726
15986,6726
15987,6726
15988,6726
15989,6726
15990,6790
15991,2830
15992,6726
15993,6726
15994,6726
15995,3823
15996,9999
15997,9999
15998,9999
15999,9999
16000,9999
16001,9999
16002,3660
16003,7372
16004,8062
16005,9999
16006,6726
16007,9999
16008,9999
16009,6726
16010,3350
16011,3670
16012,9999
16015,6726
16016,6726
16017,6726
16018,6726
16019,9999
16020,9999
16021,1041
16022,9999
16023,6726
16024,8092
16025,6726
16026,6726
16027,6726
16028,6726
16029,2645
16030,6552
16031,6726
16032,6726
16033,4931
16034,4911
16035,6726
16036,6726
16037,3990
16038,1111
16039,6726
16040,6726
16041,6726
16042,6798
16043,9999
16044,2819
16045,2640
16046,1210
16048,2086
16049,7372
16051,9999
16052,9999
16053,3914
16054,4511
16055,6726
16056,6726
16057,6726
16059,6726
16060,6726
16061,2110
16062,9999
16063,9999
16064,9999
16066,9999
16067,9999
16068,9999
16069,9999
16070,9999
16071,6719
16072,6726
16073,6799
16074,6733
16075,6726
16076,5031
16077,6719
16078,6726
16079,6726
16080,6726
16081,6722
16082,5083
16083,2131
16084,5147
16086,7514
16087,3823
16088,3636
16089,6281
16090,9999
16091,6726
16092,6726
16093,6726
16094,6726
16095,6726
16096,5311
16097,9999
16098,6726
16099,9999
16100,9999
16101,6726
16102,6726
16103,6726
16104,9999
16105,6726
16106,9999
16107,6726
16108,9999
16109,2099
16110,6726
16111,9999
16112,9999
16113,6726
16114,6726
16115,6726
16116,6726
16117,4941
16118,5051
16119,3441
16120,8299
16121,6726
16122,6726
16123,6726
16124,6726
16125,3660
16126,3699
16127,6726
16128,6726
16130,6726
16131,6726
16132,6726
16133,2910
16134,1380
16135,6726
16136,6798
16137,6726
16138,6726
16139,6726
16140,4812
16141,2531
16142,3580
16143,7359
16144,9999
16145,9999
16146,9999
16147,6726
16148,6726
16149,5431
16150,6726
16151,6726
16152,6726
16153,6726
16154,2834
16155,7379
16156,1041
16157,6726
16158,2621
16159,2834
16160,9999
16161,9999
16162,9999
16163,3678
16164,9999
16165,6726
16166,6726
16167,6726
16168,2910
16169,7310
16170,6035
16171,6331
16172,6726
16173,9999
16174,1311
16175,2026
16176,4910
16177,3661
16178,9999
16179,9999
16181,9999
16182,9999
16183,6036
16184,4110
16185,7372
16186,9999
16187,9999
16188,9999
16189,9999
16192,2110
16193,3670
16205,2911
16206,3310
16213,2910
16214,7372
16221,3930
16222,6711
16247,9999
16248,6710
16249,3845
16250,9999
16251,6726
16252,9999
16253,9999
16254,6726
16255,9999
16256,2711
16257,3573
16258,6726
16259,6726
16260,9999
16261,9999
16262,6726
16263,9999
16264,1500
16265,7370
16266,9999
16267,3824
16268,5719
16269,6726
16270,6726
16271,6726
16272,3251
16273,7372
16274,6726
16275,6722
16276,2821
16277,7374
16278,2759
16279,2813
16280,3714
16281,9999
16282,9999
16283,6726
16284,9999
16285,9999
16286,6726
16287,9999
16288,6726
16289,6726
16290,9999
16291,6726
16292,6726
16293,6726
16294,6726
16295,6726
16296,6726
16297,6726
16298,9999
16299,5310
16300,3660
16301,9910
16302,6726
16303,9999
16304,9999
16305,6726
16306,9999
16307,6726
16308,9999
16309,9999
16310,9999
16311,6726
16312,6726
16313,6726
16314,6726
16315,6726
16316,6726
16317,6726
16318,2844
16319,6022
16320,6726
16321,6726
16322,6726
16323,6726
16324,6726
16325,6726
16326,6726
16327,6726
16328,5621
16329,3679
16330,6726
16331,6726
16332,6733
16333,4922
16334,6726
16335,6726
16336,3714
16337,6722
16338,7538
16339,6021
16340,6798
16341,4911
16342,5531
16343,5812
16344,3211
16345,254
16346,6798
16347,3355
16348,9999
16350,6733
16352,7910
16353,2085
16360,2045
16361,3810
16376,9999
16377,9999
16378,6712
16379,6010
16380,5075
16381,9999
16382,9999
16383,9999
16384,9999
16385,9999
16386,9999
16387,6010
16388,2710
16392,9999
16393,9999
16394,6035
16395,6010
16396,6282
16397,9999
16398,9999
16399,9999
16400,9999
16401,9999
16402,9999
16403,9999
16408,6010
16409,3573
16416,6150
16417,6331
16424,3421
16425,1381
16429,9999
16431,2038
16432,3011
16433,1382
16434,3949
16435,4953
16436,1221
16437,5941
16438,6726
16439,6726
16440,6010
16441,6726
16442,1311
16443,6726
16444,6726
16445,6726
16446,6726
16447,6726
16448,1311
16449,7389
16450,4941
16451,2834
16452,4911
16454,4424
16457,6726
16458,9999
16459,6010
16460,3841
16461,6799
16463,7812
16464,9999
16465,9999
16466,7389
16467,6010
16468,920
16469,9999
16470,9999
16471,1389
16472,9999
16473,9999
16475,6010
16476,2761
16479,4911
16480,6726
16481,6726
16482,6726
16483,6010
16484,2851
16485,6726
16486,6726
16487,6726
16488,6726
16489,6726
16491,3720
16492,6052
16493,9999
16494,6722
16495,7812
16496,6311
16497,7389
16498,7011
16499,7011
16504,6010
16505,6022
16510,6726
16511,6726
16512,2661
16513,6023
16514,6726
16515,6799
16516,6726
16517,6726
16518,6726
16519,1321
16520,6010
16521,6711
16522,9999
16523,6726
16524,9999
16525,9999
16526,6726
16528,9999
16529,9999
16530,9999
16531,6726
16532,9999
16533,9999
16534,9999
16535,9999
16536,9999
16537,9999
16538,1389
16539,6010
16540,6711
16541,9999
16542,9999
16543,9999
16544,9999
16545,1081
16546,6726
16547,3430
16548,6022
16549,6726
16550,6726
16551,6726
16552,6726
16553,1311
16554,2431
16555,5159
16556,6711
16557,1389
16558,6722
16559,6726
16560,3711
16561,6726
16562,9999
16563,2020
16564,3577
16565,6726
16566,6726
16567,6726
16568,9999
16569,9999
16570,9999
16571,2022
16572,6711
16573,9999
16574,6726
16575,7389
16576,6726
16577,6531
16578,6726
16579,5031
16580,6726
16581,6531
16582,1311
16583,6726
16584,6726
16585,6798
16586,6726
16587,9999
16588,6726
16590,9999
16591,9999
16592,9999
16593,9999
16594,9999
16595,7371
16597,7373
16598,3357
16599,4911
16600,2066
16601,6023
16602,1389
16603,2253
16604,6726
16605,6726
16606,6726
16607,6726
16608,6726
16609,6726
16610,6726
16611,5621
16612,6726
16613,2833
16614,7371
16615,6722
16616,6726
16617,1382
16618,6726
16619,2052
16620,6023
16621,6726
16622,3841
16623,6726
16624,6799
16625,9999
16626,9999
16627,3710
16628,6022
16629,9999
16630,9999
16631,9999
16632,9999
16633,9999
16635,2910
16636,6710
16638,9999
16639,9999
16640,9999
16641,9999
16642,9999
16643,4011
16644,6020
16645,6726
16646,9999
16647,9999
16648,4213
16649,9999
16650,7374
16651,3531
16652,6020
16653,1222
16654,6021
16655,5521
16656,6719
16657,7371
16658,6726
16659,6141
16660,7389
16661,6726
16662,6726
16663,6726
16664,5713
16665,1311
16666,6726
16667,1389
16668,8731
16669,5139
16670,9999
16671,9999
16672,9999
16673,1382
16674,9999
16675,9999
16676,9999
16677,9999
16678,5411
16679,6710
16680,7389
16681,9999
16682,9999
16683,9999
16684,9999
16685,6726
16686,2721
16687,6711
16688,9999
16689,1221
16690,1311
16691,6162
16692,3564
16693,8741
16694,2110
16695,6712
16696,5012
16697,4841
16698,9999
16699,9999
16700,9999
16701,6726
16702,6726
16703,9999
16704,9999
16705,9999
16706,6726
16707,3296
16708,6710
16709,9999
16710,1000
16711,9999
16712,9999
16713,6726
16715,5159
16716,6711
16723,2621
16724,6022
16731,3273
16732,6711
16736,4911
16737,4412
16738,4925
16739,8299
16740,6726
16741,6726
16742,6726
16743,6726
16744,6726
16745,6726
16746,6531
16747,6726
16748,6726
16749,1094
16750,1389
16751,8731
16752,7375
16753,4813
16754,6722
16755,5961
16756,6022
16757,6726
16758,3613
16759,3573
16760,6726
16761,6726
16762,6726
16763,6726
16764,6798
16765,3842
16766,5310
16767,6711
16768,6798
16769,6726
16770,6519
16771,6722
16772,6726
16773,9999
16774,3710
16775,6711
16776,9999
16777,9999
16778,9999
16779,6531
16780,9999
16781,9999
16782,2038
16783,9999
16784,9999
16785,6726
16786,9999
16787,9999
16788,9999
16789,9999
16790,2210
16791,7389
16792,9999
16793,9999
16794,9999
16795,9999
16796,6726
16797,6726
16798,6726
16799,6726
16800,6726
16801,6726
16802,9999
16803,3411
16804,6311
16805,9999
16806,9999
16807,6726
16808,9999
16809,6798
16811,3430
16812,6023
16813,6798
16814,9999
16815,9999
16816,9999
16818,9999
16819,9999
16820,9999
16821,9999
16822,6726
16823,6726
16824,9999
16825,9999
16826,9999
16827,9999
16828,9999
16829,9999
16830,9999
16831,6726
16832,6726
16833,6726
16834,9999
16835,6726
16836,1081
16837,7011
16838,5710
16839,6710
16840,6726
16841,6726
16842,6726
16843,6726
16844,1081
16845,6726
16846,2020
16847,6711
16848,6726
16849,1081
16850,7371
16851,2821
16852,3670
16853,9999
16854,5330
16855,6711
16856,9999
16857,9999
16858,6726
16859,6726
16860,6726
16861,6726
16862,3811
16863,6710
16864,4953
16865,1041
16866,1389
16867,6726
16868,6726
16869,6726
16870,4924
16871,6726
16872,6726
16873,6726
16874,7929
16875,5169
16876,6726
16877,9999
16879,6726
16880,9999
16883,9999
16887,9999
16889,2110
16890,2752
16894,9999
16895,9999
16897,3660
16898,2731
16903,9999
16904,9999
16905,6211
16911,2752
16913,9999
16914,9999
16915,7382
16917,7372
16918,3310
16919,3531
16920,3634
16921,9999
16922,9999
16923,9999
16924,9999
16925,9999
16926,2211
16927,9999
16928,9999
16929,9999
16930,9999
16931,9999
16932,9999
16933,9999
16934,2270
16935,3562
16936,9999
16937,9999
16938,7372
16939,7371
16940,7623
16941,6726
16942,2110
16943,2085
16944,6726
16945,6726
16946,6726
16947,6726
16948,6726
16949,6726
16950,3140
16951,2834
16952,6726
16953,6726
16954,6726
16955,6726
16956,6722
16957,1381
16958,6726
16959,6726
16960,6726
16961,2819
16962,8299
16963,4724
16964,4789
16965,6531
16966,5712
16967,9999
16968,9999
16969,5311
16970,7372
16971,9999
16973,9999
16974,9999
16975,9999
16976,9999
16977,2870
16978,5172
16979,6726
16980,9999
16981,9999
16982,9999
16983,9999
16984,9999
16985,2893
16986,8734
16987,9999
16988,9999
16989,9999
16990,9999
16991,9999
16992,9999
16993,5310
16994,7810
16995,9999
16996,6726
16997,6726
16998,9999
16999,9999
17000,9999
17001,6726
17002,4612
17003,6726
17004,6722
17005,5912
17006,5944
17007,6726
17008,6726
17009,6726
17010,6726
17011,6726
17012,6726
17013,5961
17014,3494
17015,6726
17016,6726
17017,1389
17018,6726
17019,6719
17020,6726
17021,7830
17022,3911
17023,6719
17024,6726
17025,6726
17026,6726
17027,6726
17028,6726
17029,6726
17030,6726
17031,6733
17032,6799
17033,5052
17034,9999
17035,3589
17036,5812
17037,7372
17038,9999
17039,1222
17040,3714
17041,9999
17042,9999
17043,9999
17044,9999
17045,9999
17046,3674
17047,6531
17048,7813
17049,3662
17050,6733
17051,6726
17052,6726
17053,6726
17054,6726
17055,6726
17056,3433
17057,7372
17058,6719
17059,6726
17060,6726
17061,6726
17062,6726
17063,6726
17064,2390
17065,8062
17066,6726
17067,6726
17068,6726
17069,6726
17070,6726
17071,6726
17072,5311
17073,1389
17074,6726
17075,6726
17076,6726
17077,6726
17078,6726
17079,1389
17080,4910
17081,6726
17082,6722
17083,6726
17084,6726
17085,6726
17086,6726
17087,6726
17088,6719
17089,6726
17090,6799
17091,7311
17092,3241
17093,6712
17094,6153
17095,6726
17096,6726
17097,7374
17098,7371
17099,1211
17100,7379
17101,5090
17102,2024
17103,2834
17104,9999
17105,9999
17106,9999
17107,0
17108,6022
17109,9999
17110,9999
17112,6726
17113,9999
17114,9999
17115,9999
17116,9999
17117,9999
17119,6726
17120,9999
17121,9999
17122,9999
17123,6726
17124,6726
17125,9999
17126,9999
17127,9999
17128,2621
17129,6711
17130,9999
17131,9999
17132,6726
17133,9999
17134,9999
17135,9999
17136,3652
17137,2511
17138,6726
17139,9999
17140,9999
17141,9999
17142,6726
17144,2099
17145,2329
17146,9999
17147,9999
17148,9999
17149,9999
17150,9999
17151,9999
17152,2010
17153,3589
17154,9999
17155,9999
17156,6799
17157,9999
17160,1629
17161,3580
17178,7389
17179,2030
17180,1211
17181,6726
17182,1731
17183,6726
17184,6726
17185,6726
17186,6726
17187,5020
17188,6030
17189,6726
17190,6726
17191,6726
17192,6726
17193,6726
17194,6726
17195,4400
17196,6020
17197,6726
17198,6726
17199,6726
17200,2819
17201,3699
17202,6726
17203,6726
17204,6726
17205,6733
17206,6726
17207,6726
17208,3270
17209,2816
17210,6726
17211,6726
17212,6726
17213,6726
17214,6726
17215,6726
17216,2030
17217,5411
17218,6726
17219,6726
17220,6726
17221,1389
17222,9999
17223,7382
17224,2252
17225,2328
17226,6733
17227,7389
17228,6726
17229,6726
17230,6726
17231,6726
17232,5083
17233,1381
17234,3661
17235,6726
17236,6726
17237,6726
17238,6726
17239,6726
17240,3229
17241,6610
17242,6726
17243,6726
17244,6726
17245,6799
17246,6726
17247,6726
17248,6726
17249,6726
17250,1081
17251,1389
17252,3999
17253,6726
17254,7374
17255,2782
17256,9999
17257,6726
17258,9999
17259,3710
17260,5311
17262,9999
17263,9999
17264,6726
17265,6726
17266,9999
17267,2023
17268,7395
17269,9999
17270,9999
17271,9999
17272,9999
17273,1389
17275,6510
17276,1382
17277,4511
17278,5122
17279,2111
17281,3533
17282,6726
17283,2050
17284,1540
17285,6726
17286,4911
17287,6798
17288,6726
17289,6726
17290,6726
17291,5411
17292,5961
17293,6726
17294,6726
17295,6726
17296,6726
17297,6726
17298,6726
17299,6726
17300,6726
17301,3571
17302,6726
17303,6726
17304,5311
17305,6726
17306,1389
17307,6798
17308,5399
17309,2657
17310,6719
17311,9999
17312,2661
17313,9999
17315,9999
17316,9999
17317,9999
17318,9999
17320,5090
17321,0
17322,9999
17323,9999
17324,9999
17325,9999
17326,9999
17327,9999
17328,6726
17330,9999
17331,9999
17332,9999
17334,4813
17337,3312
17338,4923
17339,2282
17340,4511
17341,9999
17342,9999
17343,9999
17344,6799
17345,9999
17346,9999
17347,2279
17348,5013
17349,9999
17350,9999
17351,9999
17353,6726
17354,9999
17355,3690
17356,3573
17357,9999
17358,9999
17359,0
17360,9999
17361,9999
17362,9999
17363,4600
17364,2830
17365,9999
17366,9999
17367,9999
17368,9999
17369,9999
17370,9999
17371,2910
17372,9999
17373,9999
17374,8731
17375,6726
17376,6726
17377,6726
17378,7011
17379,6799
17380,6799
17381,2879
17382,7372
17383,6726
17384,6726
17385,6726
17386,6726
17387,6726
17388,6726
17389,6726
17390,6726
17391,6726
17392,6726
17393,6726
17394,6726
17395,6726
17396,6726
17397,6726
17398,1200
17399,5137
17400,3443
17401,4899
17402,6211
17406,6726
17407,6726
17408,6726
17409,6726
17410,6726
17411,6726
17412,6726
17413,6726
17414,6726
17415,6726
17416,6726
17417,6726
17418,6726
17419,6790
17420,5912
17421,6726
17422,6726
17423,6726
17424,6726
17425,6726
17426,6726
17427,3660
17428,4224
17429,6726
17430,6726
17431,6726
17432,6726
17433,6726
17434,6726
17435,2436
17436,6552
17437,6726
17438,6726
17439,6726
17440,6726
17441,6726
17442,6726
17443,7389
17444,3670
17445,6726
17446,6726
17447,6726
17448,6726
17449,6726
17450,6726
17451,2621
17452,3589
17453,6726
17454,6726
17455,6726
17456,6726
17457,6726
17458,6726
17459,6726
17460,6726
17461,6726
17462,6726
17463,6726
17464,6726
17465,6726
17466,6726
17467,6726
17468,6726
17469,6726
17470,6726
17471,6726
17472,6726
17473,6726
17474,6726
17475,6726
17476,6726
17477,6726
17478,6282
17479,6726
17480,6726
17481,6726
17482,6726
17483,6726
17484,6726
17485,6726
17486,2030
17487,5072
17488,6726
17489,6726
17490,6726
17491,6726
17492,6726
17493,6726
17494,3490
17495,5720
17496,6726
17497,6726
17498,6726
17499,6726
17500,6726
17501,6726
17502,6726
17503,6726
17504,6726
17505,6726
17506,6726
17507,1000
17508,6711
17509,6726
17510,6726
17511,6726
17512,6726
17513,6726
17514,6726
17515,2711
17516,3060
17517,6726
17518,6726
17519,6726
17520,6726
17521,6726
17522,6726
17523,3674
17524,6726
17525,6726
17526,6726
17527,6726
17528,6726
17529,6726
17530,6726
17531,3630
17532,1311
17533,6726
17534,6726
17535,6726
17536,6726
17537,6726
17538,6726
17539,6726
17540,6726
17541,6726
17542,6726
17543,6726
17544,6726
17545,6726
17546,6726
17547,6726
17548,6726
17549,6726
17550,6726
17551,6726
17552,6726
17553,6726
17554,6726
17555,6726
17556,6726
17557,6726
17558,5411
17559,1310
17560,6726
17561,6726
17562,6726
17563,6726
17564,6726
17565,6726
17566,3312
17567,6711
17568,6726
17569,6726
17570,6726
17571,6726
17572,6726
17573,6726
17574,2310
17575,6726
17576,6726
17577,6726
17578,6726
17579,6726
17580,6726
17581,6726
17582,3333
17583,6726
17584,6726
17585,6726
17586,6726
17587,6726
17588,6726
17589,6726
17590,2821
17591,6726
17592,6726
17593,6726
17594,6726
17595,6726
17596,6726
17597,6726
17598,6726
17599,6726
17600,6726
17601,6726
17602,6726
17603,3520
17604,1211
17605,6726
17606,6726
17607,6726
17608,6726
17609,6726
17610,6726
17611,5410
17612,2512
17613,6726
17614,6726
17615,6726
17618,6726
17619,6726
17620,6726
17621,6726
17622,6726
17623,6726
17624,6726
17625,6726
17626,6726
17627,6726
17628,6726
17629,6726
17630,6726
17631,6726
17632,6726
17633,6726
17634,6726
17635,6726
17636,6726
17637,6726
17638,6726
17639,2830
17640,6726
17641,6726
17642,6726
17643,6726
17644,6726
17645,6726
17646,3351
17647,6711
17648,6726
17649,6726
17650,6726
17651,6726
17652,6726
17653,6726
17654,3714
17655,1380
17656,6726
17657,6726
17658,6726
17659,6726
17660,6726
17661,6726
17662,3940
17663,8911
17664,6726
17665,6726
17666,6726
17667,6726
17668,6726
17669,6726
17670,5182
17671,5812
17672,3624
17673,7372
17674,6726
17676,6733
17677,6719
17678,9999
17679,9999
17680,9999
17683,9999
17684,9999
17685,9999
17686,6726
17688,9999
17689,3333
17690,9999
17691,9999
17692,9999
17693,9999
17694,9999
17695,9999
17696,9999
17697,3710
17698,1311
17699,6726
17700,7372
17701,5734
17702,6726
17703,6726
17704,6726
17705,6726
17706,6726
17707,6726
17708,6726
17709,6726
17710,6726
17711,6726
17712,6726
17713,6726
17714,6726
17715,6726
17716,6726
17717,6726
17718,3549
17719,3842
17720,6726
17721,6726
17722,6726
17723,6726
17724,6726
17725,6726
17726,3411
17727,2844
17728,6726
17729,6726
17730,6726
17731,6726
17732,6726
17733,6726
17734,3492
17735,2621
17736,6726
17737,6726
17738,6726
17739,6726
17740,6726
17741,6726
17742,3714
17743,6331
17744,6726
17745,6726
17746,6726
17747,6726
17748,6726
17749,6726
17750,2676
17751,2512
17752,6726
17753,6726
17754,6726
17755,6726
17756,6726
17757,6726
17758,6726
17759,6726
17760,6726
17761,6726
17762,6726
17763,6726
17764,6726
17765,6726
17766,6726
17767,6726
17768,6726
17769,3310
17770,4920
17771,6726
17772,6726
17773,6726
17774,6726
17775,6726
17776,6726
17777,2011
17778,6331
17779,6726
17780,6726
17781,6799
17782,4832
17783,5084
17784,9999
17785,4500
17786,2396
17787,6411
17788,9999
17789,6798
17790,9999
17791,6733
17792,7389
17793,3310
17794,7011
17795,9999
17796,1446
17797,9999
17798,0
17799,3841
17800,9999
17801,9999
17802,0
17803,9999
17805,6726
17806,3331
17807,3443
17808,9999
17809,9999
17810,6726
17811,9999
17812,9999
17813,9999
17814,3312
17815,2899
17816,9999
17817,9999
17818,6022
17819,9999
17820,9999
17821,9999
17822,3841
17823,2086
17824,9999
17825,9999
17826,9999
17827,6712
17828,6726
17829,6726
17830,3724
17831,2086
17832,7374
17833,6726
17834,6726
17835,6726
17836,6733
17837,6726
17838,6726
17839,6726
17840,6726
17841,6726
17842,6726
17843,6726
17844,6726
17845,6726
17846,6726
17847,6726
17848,6722
17849,6723
17850,6120
17851,6726
17852,6726
17853,6726
17854,9999
17855,7372
17856,6726
17857,2890
17858,3317
17859,3694
17860,6531
17861,6726
17862,6726
17863,6726
17864,5399
17865,3310
17866,5411
17867,781
17868,9999
17869,9999
17870,9999
17871,9999
17872,6726
17873,1000
17874,2281
17875,9999
17876,9999
17877,9999
17878,9999
17879,9999
17880,9999
17881,3524
17882,5541
17883,9999
17884,9999
17885,9999
17886,9999
17887,9999
17888,9999
17889,9999
17890,9999
17891,9999
17892,9999
17893,9999
17894,9999
17895,9999
17898,9999
17899,9999
17900,9999
17901,9999
17902,3532
17903,5912
17904,9999
17905,9999
17906,9999
17907,9999
17908,9999
17910,6723
17911,5960
17912,6726
17913,8299
17914,6726
17915,6726
17916,4953
17917,6726
17918,6726
17919,6798
17920,6799
17921,6726
17922,6726
17923,6726
17924,6726
17925,6726
17926,6726
17927,6726
17928,6726
17929,4932
17930,5411
17931,6726
17932,6726
17933,6726
17934,6726
17935,6726
17936,6726
17937,2710
17938,2052
17939,6719
17940,6726
17941,6726
17942,2086
17944,9999
17945,6733
17946,1311
17947,9999
17948,9999
17949,3674
17950,9999
17951,9999
17952,9999
17953,6711
17954,7391
17955,9999
17956,9999
17957,9999
17958,9999
17959,9999
17960,6726
17961,3714
17962,5122
17963,6726
17964,9999
17966,9999
17967,9999
17968,9999
17969,9999
17970,9999
17971,9999
17972,9999
17973,9999
17974,9999
17975,9999
17976,9999
17977,9999
17978,9999
17979,9999
17980,7372
17981,1311
17982,6726
17983,6726
17984,7379
17985,6726
17986,6726
17987,3679
17988,2830
17989,2750
17990,6726
17991,6726
17992,6726
17993,6726
17994,6726
17995,6726
17996,6010
17997,3442
17998,6726
17999,6726
18000,6726
18001,6726
18002,6726
18003,6726
18004,6726
18005,6726
18006,6726
18007,6726
18008,3690
18009,2833
18010,6552
18011,0
18012,6719
18013,3651
18015,6726
18016,2821
18017,3841
18018,6726
18019,6726
18020,6726
18021,6726
18022,6726
18023,6726
18024,3310
18025,2830
18026,6726
18027,6726
18028,6726
18029,6726
18030,6726
18031,6726
18032,2621
18033,8730
18034,6726
18035,6726
18036,1099
18037,6726
18038,6726
18039,6726
18040,2895
18041,8071
18042,0
18043,9999
18044,9999
18045,6726
18046,9999
18047,9999
18048,9999
18049,6021
18050,9999
18051,9999
18052,9999
18053,9999
18054,9999
18055,9999
18056,9999
18057,0
18058,9999
18059,6723
18060,3841
18061,9999
18062,2834
18063,7379
18064,9999
18065,3724
18066,6726
18067,3651
18068,6726
18069,6726
18070,6726
18071,7374
18072,6726
18073,6726
18074,6726
18075,3561
18076,8071
18077,7389
18078,6726
18079,6726
18080,6726
18081,6726
18082,6726
18083,7810
18084,7397
18085,8299
18086,6799
18087,6799
18088,6726
18089,3841
18090,6726
18091,3491
18092,3842
18093,6726
18094,6726
18095,6726
18096,8742
18097,9999
18098,9999
18099,9999
18100,9999
18101,6726
18102,9999
18103,9999
18104,5610
18105,2869
18106,9999
18107,9999
18108,9999
18109,9999
18110,6726
18111,6726
18112,1600
18113,9999
18114,9999
18115,9999
18116,9999
18117,6726
18118,6726
18119,6726
18120,3660
18121,3841
18122,6726
18123,6726
18124,9999
18125,9999
18126,9999
18127,9999
18128,9999
18129,9999
18130,9999
18131,9999
18132,9999
18133,9999
18134,9999
18135,9999
18136,7373
18137,9999
18138,2819
18139,6720
18140,3840
18141,7379
18142,5065
18143,2819
18144,3499
18145,3949
18147,3492
18148,8700
18149,9999
18150,4922
18151,2833
18152,6799
18153,6726
18154,6726
18155,3560
18156,2952
18157,6726
18158,6726
18159,6726
18160,6726
18161,6726
18162,6799
18163,2844
18164,3840
18165,6726
18166,6726
18167,6726
18168,6726
18169,6726
18170,6726
18171,3613
18172,3660
18173,6726
18174,6726
18175,6726
18176,6726
18177,6726
18178,6726
18179,6722
18180,6726
18181,6726
18182,6726
18183,7372
18184,2782
18185,7929
18186,6726
18187,6726
18188,6726
18189,6726
18190,9999
18191,9999
18192,9999
18193,9999
18194,9999
18195,9999
18196,6726
18197,9999
18198,8911
18199,7399
18200,4712
18201,6720
18202,9999
18203,9999
18204,9999
18205,9999
18206,9999
18207,9999
18208,9999
18209,9999
18210,9999
18211,9999
18212,9999
18213,9999
18214,9999
18215,9999
18216,6726
18217,8731
18218,6726
18219,2210
18220,2830
18221,6799
18222,6726
18223,6799
18224,1221
18225,6726
18226,6726
18227,3720
18228,3841
18229,6726
18230,6726
18231,6726
18232,6726
18233,6726
18234,6726
18235,4110
18236,3840
18237,6726
18238,6726
18239,6726
18240,6726
18241,6726
18242,6726
18243,3711
18244,5080
18245,6726
18246,1311
18247,3841
18248,2096
18249,9999
18250,9999
18251,3423
18252,7380
18253,9999
18255,9999
18256,6726
18257,9999
18258,6726
18259,9999
18260,9999
18261,9999
18262,9999
18263,0
18264,6726
18266,6726
18267,3571
18268,6726
18269,6726
18270,6726
18271,6726
18272,6726
18273,6726
18274,6726
18275,6726
18276,6726
18277,6726
18278,3143
18279,3841
18280,6726
18281,6726
18282,6726
18283,6726
18284,6726
18285,6726
18286,3000
18287,8730
18288,6726
18289,6726
18290,6726
18291,6726
18292,7389
18293,6722
18294,6720
18295,5086
18296,6726
18297,2611
18298,2834
18299,6719
18300,6726
18301,1381
18302,9999
18303,9999
18304,6726
18305,9999
18306,9999
18307,5750
18308,2830
18309,9999
18310,9999
18311,9999
18312,9999
18313,0
18314,9999
18315,1629
18316,3841
18317,9999
18318,6726
18320,9999
18321,9999
18322,9999
18323,1000
18324,5040
18325,9999
18326,7389
18327,9999
18328,6726
18329,6726
18330,6726
18331,3465
18332,6331
18333,6726
18334,6726
18335,6726
18336,6726
18337,6726
18338,6726
18339,6726
18340,6726
18341,6726
18342,6726
18343,6726
18344,5122
18345,6726
18346,6726
18347,6726
18348,6726
18349,6722
18350,6726
18351,6726
18352,6726
18353,6726
18354,6726
18355,6726
18356,9999
18357,9999
18358,3873
18359,5812
18360,9999
18361,9999
18362,6726
18363,9999
18364,9999
18365,9999
18366,3510
18367,1311
18368,9999
18369,9999
18370,9999
18372,9999
18374,3822
18375,1380
18376,9999
18377,9999
18380,6726
18381,6712
18382,2834
18383,0
18384,6726
18385,6726
18386,6726
18387,6726
18388,6726
18389,6722
18390,5311
18391,1620
18392,6726
18393,6726
18394,6726
18395,9999
18396,9999
18397,9999
18398,6726
18399,9999
18400,9999
18401,9999
18402,9999
18403,5311
18404,1041
18405,9999
18406,9999
18407,9999
18408,9999
18409,9999
18410,9999
18411,4911
18412,0
18413,3944
18414,9999
18415,9999
18416,9999
18417,6726
18418,9999
18419,2836
18420,9999
18421,9999
18422,9999
18423,9999
18424,2325
18425,7011
18426,4731
18427,9999
18428,2821
18429,6726
18430,6726
18431,6726
18432,6726
18433,6726
18434,6726
18435,6726
18436,6726
18437,6726
18438,3545
18439,3060
18440,6726
18441,6726
18442,6726
18443,6726
18444,6726
18445,6726
18446,3537
18447,3433
18448,6799
18449,6726
18450,6726
18451,6726
18452,9999
18453,9999
18454,2040
18455,2840
18456,9999
18457,9999
18458,9999
18459,9999
18460,9999
18461,9999
18462,3069
18463,3832
18464,9999
18465,9999
18466,9999
18467,9999
18468,9999
18469,6726
18470,5310
18471,6120
18472,6726
18480,9999
18481,6722
18482,7372
18483,9999
18484,9999
18485,7375
18489,4121
18490,7396
18497,6720
18498,270
18513,6726
18514,5084
18515,1311
18516,6726
18517,6726
18518,2830
18519,1311
18520,6726
18521,6726
18522,6726
18523,6726
18524,6726
18525,6726
18526,5310
18527,5084
18528,6726
18529,6719
18530,6726
18531,6726
18532,6726
18533,3714
18534,3710
18535,6726
18536,6726
18537,6726
18538,6726
18539,6799
18540,6726
18541,6726
18542,3531
18543,1040
18544,6799
18545,7371
18546,9999
18547,9999
18548,6726
18549,9999
18550,5311
18551,6710
18552,9999
18553,9999
18554,9999
18555,9999
18556,9999
18557,6726
18558,9999
18559,9999
18560,9999
18561,9999
18562,9999
18563,9999
18564,9999
18565,9999
18566,9999
18567,9999
18568,9999
18569,3011
18570,5810
18571,9999
18572,0
18573,0
18575,7373
18576,7389
18577,4930
18578,2399
18579,3826
18580,7372
18581,6726
18582,6726
18583,6726
18584,6726
18585,2731
18586,1311
18587,6726
18588,6726
18589,6726
18590,6726
18591,6726
18592,721
18593,2910
18606,3764
18607,1310
18614,5310
18615,3621
18622,6726
18623,2420
18630,6710
18631,1094
18642,9999
18643,9999
18644,9999
18645,9999
18646,9999
18647,9999
18648,9999
18649,4731
18650,3533
18651,6726
18652,0
18653,6726
18654,6726
18655,9999
18656,9999
18657,1500
18658,6711
18659,9999
18660,9999
18661,9999
18662,9999
18663,9999
18664,9999
18665,2810
18666,3841
18667,9999
18668,9999
18669,9999
18670,9999
18671,9999
18672,6726
18673,3554
18674,1521
18675,0
18676,0
18677,0
18678,9999
18679,6726
18680,6726
18681,3714
18682,6794
18683,6726
18684,6726
18685,6726
18686,6726
18687,6726
18688,6726
18689,6726
18690,6726
18691,6726
18692,6726
18693,6726
18694,6726
18695,6726
18696,6726
18697,6726
18698,6726
18699,6726
18700,6726
18701,6726
18702,5812
18703,6726
18704,6726
18705,6726
18706,6726
18707,6726
18708,6726
18709,3469
18710,6723
18711,7380
18712,6726
18713,6726
18714,6726
18715,6798
18716,6726
18717,6726
18718,6726
18719,3313
18720,6726
18721,6722
18722,6726
18723,6321
18724,5999
18725,7389
18726,9999
18727,5999
18728,9999
18729,2844
18730,1040
18734,7372
18735,9999
18736,5012
18737,2060
18738,1381
18739,6733
18740,6726
18741,6726
18742,6726
18743,6719
18744,6726
18745,5722
18746,1311
18747,6726
18748,6726
18749,6726
18750,6726
18751,6726
18752,6726
18753,6720
18754,7372
18755,6726
18756,5045
18757,6726
18758,6726
18759,6726
18760,6726
18761,6726
18762,3825
18763,1081
18764,6726
18765,6726
18767,3731
18768,2741
18769,9999
18770,9999
18771,9999
18772,9999
18773,9999
18774,9999
18775,9999
18776,9999
18777,9999
18778,9999
18779,9999
18780,9999
18781,9999
18782,9999
18783,9999
18784,9999
18785,9999
18786,6282
18787,7372
18788,2910
18789,9999
18790,9999
18791,6726
18792,6726
18793,6726
18794,6799
18795,6726
18796,2893
18797,2711
18798,9441
18799,6726
18800,6726
18801,6726
18802,8099
18803,6726
18804,6726
18805,6726
18806,3841
18807,8741
18808,8082
18809,6720
18810,6411
18811,6726
18812,6726
18813,6726
18814,6726
18815,4931
18816,6726
18817,3312
18818,7392
18819,6726
18820,6726
18821,6726
18822,6726
18823,6726
18824,1311
18825,3496
18826,1381
18827,1381
18828,6719
18829,9999
18830,9999
18831,9999
18832,9999
18833,1200
18834,3540
18835,9999
18836,9999
18837,9999
18838,9999
18839,9999
18840,9999
18841,3549
18842,6020
18843,6726
18844,9999
18845,9999
18846,9999
18847,9999
18848,6726
18849,6726
18850,6726
18851,0
18852,2782
18853,9999
18854,9999
18855,9999
18856,9999
18868,4930
18876,6510
18877,6711
18884,5311
18885,1021
18886,7372
18887,7389
18888,6726
18889,6726
18890,6726
18891,6726
18892,6210
18893,2082
18894,9999
18895,9999
18896,9999
18897,9999
18898,9999
18899,9999
18900,9999
18901,9999
18902,9999
18903,9999
18904,9999
18905,5912
18906,9999
18907,9999
18908,9999
18909,7372
18910,3843
18911,9999
18912,7372
18913,9999
18914,2640
18915,9999
18916,6726
18917,6726
18918,6726
18919,6726
18920,6726
18921,3353
18922,5050
18923,6726
18924,6726
18925,6726
18926,6799
18927,6726
18928,6726
18929,6726
18930,6726
18931,6726
18932,6726
18933,6726
18934,6722
18935,6726
18936,3714
18937,6799
18938,2834
18939,6799
18940,9999
18941,9999
18942,6726
18943,6726
18944,6726
18945,6726
18946,6726
18947,6726
18948,3714
18949,5141
18950,6726
18951,6726
18952,6726
18953,9999
18955,9999
18956,6726
18957,1381
18958,9999
18959,6726
18960,9999
18961,9999
18963,9999
18964,6726
18965,3531
18966,6726
18967,3556
18968,9999
18969,6722
18970,6726
18971,6726
18972,3090
18973,3993
18974,6726
18975,6726
18976,6726
18977,6726
18978,6726
18979,6726
18980,5081
18981,0
18982,6726
18983,6726
18984,6726
18985,6726
18986,6726
18987,6726
18988,6726
18989,6726
18990,6726
18991,6726
18992,6726
18993,6726
18994,8299
18996,9999
18997,9999
18999,3499
19000,6211
19001,9999
19002,9999
19003,6726
19004,9999
19005,9999
19007,9999
19008,9999
19010,6726
19011,9999
19012,9999
19013,6726
19014,9999
19015,9999
19016,9999
19017,9999
19018,9999
19019,3312
19020,5040
19021,9999
19022,9999
19024,9999
19025,9999
19026,9999
19027,2823
19028,1521
19029,9999
19031,0
19032,9999
19033,6798
19034,9999
19035,3873
19036,3829
19037,6798
19038,6726
19039,6726
19040,6726
19041,6726
19042,6726
19043,6025
19044,6726
19045,6726
19046,6726
19047,6726
19048,6726
19049,6726
19050,6726
19051,6311
19052,6711
19053,6726
19054,6726
19055,6726
19056,6726
19057,6726
19058,6022
19059,6726
19060,6726
19061,5043
19064,9999
19065,9999
19066,9999
19067,9999
19068,9999
19069,0
19070,9999
19071,9999
19072,9999
19073,9999
19074,9999
19075,9999
19076,9999
19077,9999
19078,1500
19079,1740
19080,9999
19081,9999
19082,9999
19083,9999
19084,7372
19085,6022
19086,3450
19087,7940
19088,6726
19089,6726
19090,6726
19091,6726
19092,6726
19093,6726
19094,2750
19095,4511
19096,6726
19097,6726
19098,1311
19099,6726
19100,6726
19101,6726
19102,6726
19103,6726
19104,6726
19105,6726
19106,6799
19107,5621
19108,3432
19109,6726
19110,6726
19111,6726
19112,6726
19113,7389
19114,6799
19115,2890
19116,2258
19117,6726
19118,6726
19119,6726
19120,6726
19121,6726
19122,6726
19123,2020
19124,6726
19125,6726
19126,6726
19127,6726
19128,1311
19129,0
19130,6726
19131,3275
19132,6726
19133,6726
19134,9999
19135,9999
19136,9999
19137,9999
19138,9999
19139,9999
19140,9999
19141,9999
19142,9999
19143,9999
19145,9999
19146,4922
19147,9999
19148,9999
19149,8731
19150,6733
19152,6726
19153,6726
19154,6726
19155,6726
19156,6726
19157,6726
19158,2253
19159,3562
19160,6726
19161,6726
19162,7389
19163,6719
19164,6726
19165,6726
19166,2812
19167,5063
19168,6513
19169,6726
19170,6726
19171,6726
19172,8742
19173,6799
19174,2011
19175,5080
19176,9999
19177,9999
19178,9999
19179,9999
19180,9999
19181,9999
19182,1000
19183,4953
19184,9999
19185,9999
19186,9999
19187,9999
19188,9999
19189,9999
19190,2844
19191,6711
19192,9999
19193,9999
19194,9999
19195,9999
19196,9999
19197,9999
19198,9999
19199,9999
19200,9999
19201,9999
19202,5712
19203,3724
19204,3171
19205,6726
19206,6726
19207,6726
19208,6722
19209,6726
19210,6726
19211,2621
19212,2392
19213,6726
19214,6726
19215,6726
19216,6726
19217,6726
19218,6726
19219,6726
19220,6726
19221,6726
19222,6726
19223,6726
19224,6799
19225,6722
19226,6722
19227,4210
19228,9999
19229,0
19230,9999
19231,9999
19232,9999
19233,9999
19234,9999
19238,3312
19239,6531
19246,2840
19247,7394
19249,9999
19250,9999
19251,9999
19252,9999
19254,1031
19255,5712
19256,6726
19257,9999
19262,2810
19270,2279
19271,2013
19272,6726
19273,6726
19274,6726
19275,6726
19276,6726
19277,6726
19278,6726
19279,6726
19280,6726
19281,6726
19283,3355
19284,4923
19285,3585
19286,3679
19287,5999
19288,6726
19289,3585
19290,2451
19291,4953
19292,6726
19293,6726
19294,6726
19295,7382
19296,6726
19297,7813
19298,4213
19299,6726
19300,6722
19301,6799
19309,7389
19310,9999
19311,9999
19312,6162
19313,9999
19314,9999
19315,9999
19316,7929
19317,8732
19318,3350
19319,6726
19320,6726
19321,6726
19322,6726
19323,6726
19324,6726
19325,6726
19326,2910
19327,1382
19328,6726
19329,6726
19330,6726
19331,8742
19332,6726
19333,7999
19334,3711
19335,3990
19336,6726
19337,6726
19338,7371
19339,6726
19340,6726
19341,6726
19342,3660
19343,7393
19344,6726
19345,6726
19346,6726
19347,6799
19348,9999
19349,9999
19350,3523
19351,3432
19352,9999
19353,9999
19354,9999
19355,9999
19356,9999
19357,6411
19358,9999
19359,6726
19360,6726
19361,6726
19362,6726
19363,6726
19364,6726
19365,6726
19366,6726
19367,6726
19368,6726
19369,3210
19370,3520
19371,6726
19372,6726
19373,6726
19374,6726
19375,6726
19376,6726
19377,6711
19378,6020
19379,6726
19380,6726
19381,6726
19382,6726
19383,6726
19384,6726
19385,2084
19386,6710
19387,6726
19388,2821
19389,6726
19390,6726
19391,8731
19392,9999
19393,2834
19394,1311
19395,9999
19396,9999
19397,9999
19398,9999
19399,9999
19400,9999
19401,9999
19402,9999
19403,9999
19404,7372
19405,9999
19406,3079
19407,4925
19408,9999
19409,3089
19410,9999
19411,6726
19412,6726
19413,5411
19414,2911
19415,6726
19416,6799
19417,6799
19418,6726
19419,6726
19420,6726
19421,6726
19422,2070
19423,6162
19424,6726
19425,6726
19426,6726
19427,6726
19428,6726
19429,6726
19430,2834
19431,1311
19432,6733
19433,1081
19434,6726
19435,6722
19436,6726
19437,6726
19438,6726
19439,6726
19440,6726
19441,6726
19442,6726
19443,6726
19444,6726
19445,6726
19446,6726
19447,6726
19448,6726
19449,1000
19450,6726
19451,6726
19452,6726
19453,6282
19454,6799
19455,6799
19456,6799
19457,6790
19458,2339
19459,6799
19460,9999
19461,9999
19462,9999
19463,9999
19464,9999
19465,3710
19466,6531
19467,9999
19468,6726
19469,9999
19470,9999
19471,6726
19472,9999
19473,2910
19474,2426
19475,9999
19476,9999
19477,9999
19478,9999
19479,9999
19480,9999
19481,6723
19482,8081
19483,9999
19484,9999
19485,9999
19486,9999
19487,9999
19488,9999
19489,9999
19490,9999
19491,9999
19492,9999
19493,6726
19494,9999
19495,7323
19496,9999
19497,6331
19499,9999
19500,9999
19501,9999
19502,5912
19503,6711
19504,9999
19505,9999
19506,9999
19507,6726
19508,6726
19509,6726
19510,5331
19511,3636
19512,6726
19513,6726
19514,4911
19515,7389
19516,6726
19517,6726
19518,6726
19519,6799
19520,6726
19521,3711
19522,6726
19523,6726
19524,6726
19525,6726
19526,6726
19527,1081
19528,6726
19529,3810
19530,2451
19531,6726
19532,6726
19533,3844
19534,8748
19535,6726
19536,6726
19537,3574
19538,6281
19539,6799
19540,9999
19541,9999
19542,9999
19543,9999
19544,9999
19545,4400
19546,1311
19547,9999
19548,9999
19549,9999
19550,6726
19551,9999
19552,6726
19553,2911
19554,3484
19555,9999
19556,9999
19557,6726
19558,9999
19559,9999
19560,9999
19561,3721
19562,7999
19563,9999
19564,9999
19565,9999
19566,9999
19567,9999
19568,9999
19569,9999
19570,9999
19571,6726
19572,9999
19573,9999
19574,9999
19575,9999
19576,9999
19577,6162
19578,9999
19579,9999
19580,2621
19581,7363
19582,3711
19583,6282
19584,9999
19585,9999
19586,2834
19587,6726
19588,1000
19589,5411
19590,6726
19591,6726
19592,7389
19593,3829
19594,6726
19595,6726
19596,4512
19597,3825
19598,6719
19599,3674
19600,6726
19601,6798
19602,6798
19603,6726
19604,6722
19605,8099
19606,6799
19607,6726
19608,6726
19609,3710
19610,6123
19611,6726
19612,6726
19613,6726
19614,6726
19615,3711
19616,6799
19617,4511
19618,6710
19619,9999
19620,9999
19621,9999
19622,9999
19623,9999
19624,9999
19625,3350
19626,6159
19627,9999
19628,9999
19629,9999
19630,9999
19631,9999
19632,9999
19633,6711
19634,5012
19635,9999
19636,9999
19637,6726
19638,0
19639,9999
19640,9999
19641,3312
19642,1081
19643,9999
19644,9999
19645,9999
19646,9999
19647,9999
19648,9999
19649,9999
19650,9999
19652,9999
19653,9999
19654,7371
19655,9999
19656,9999
19657,7372
19658,6531
19659,9999
19660,9999
19661,1381
19662,5944
19663,4813
19664,9999
19665,9999
19666,9999
19667,9999
19668,5320
19669,1041
19670,9999
19671,9999
19672,7390
19673,3570
19674,8713
19675,7379
19676,1382
19677,3679
19678,2834
19679,9999
19680,9999
19681,9999
19682,9999
19684,3714
19685,5311
19692,3996
19693,4213
19705,2840
19706,6552
19713,6711
19714,1521
19721,7389
19722,6280
19743,6719
19744,6799
19745,6726
19746,7379
19747,6733
19748,4222
19749,7311
19750,6726
19751,6799
19752,1382
19753,6726
19754,1081
19755,6726
19756,2033
19757,3532
19758,6726
19759,6726
19760,6726
19761,6726
19762,6726
19763,6726
19764,3340
19765,0
19766,6726
19767,7389
19768,6726
19769,6726
19770,6726
19771,6726
19772,2621
19773,3662
19774,6726
19775,6726
19776,6726
19777,6726
19778,2023
19779,7372
19780,3990
19781,2813
19782,6726
19783,6726
19784,6726
19785,6726
19786,6726
19787,7389
19788,7372
19789,6799
19790,6726
19791,6726
19792,6726
19793,6726
19794,7371
19795,3679
19796,6726
19797,6799
19799,3452
19800,3563
19801,3310
19802,2280
19803,8731
19804,6726
19805,6799
19806,6799
19807,3824
19808,9999
19809,9999
19810,9999
19811,9999
19812,9999
19813,9999
19814,9999
19815,6726
19816,6726
19817,6726
19818,9999
19819,9999
19820,6726
19821,9999
19822,9999
19823,9999
19824,9999
19825,9999
19826,9999
19827,9999
19828,5812
19829,7393
19830,9999
19831,9999
19832,9999
19833,9999
19834,9999
19835,9999
19836,5330
19837,9999
19838,9999
19839,9999
19840,9999
19841,6726
19842,6726
19843,9999
19844,2952
19845,2910
19846,9999
19847,9999
19848,9999
19849,9999
19850,9999
19851,9999
19852,3621
19853,4210
19854,9999
19855,6726
19856,7372
19857,9999
19858,9999
19859,6399
19860,2048
19861,0
19862,9999
19863,6726
19864,6726
19865,6726
19866,6726
19867,6799
19868,6726
19869,6726
19870,6726
19871,6722
19872,6726
19873,6726
19874,6726
19875,6799
19876,6726
19877,6726
19878,6726
19879,2653
19880,1623
19881,6726
19882,6726
19883,6726
19884,6726
19885,6726
19886,6799
19887,2060
19888,3670
19889,6726
19890,6726
19891,6799
19892,1081
19893,7822
19894,1044
19895,5111
19896,2512
19897,1041
19898,6162
19899,6719
19900,6726
19901,6726
19902,6726
19903,6726
19904,6726
19905,6726
19906,6726
19907,6726
19908,5330
19909,6020
19910,6719
19911,6799
19912,5331
19913,6726
19914,6726
19915,6726
19916,2085
19917,2870
19918,3841
19919,3621
19920,3699
19921,6726
19922,4813
19923,6726
19924,2010
19925,3446
19926,6726
19927,6159
19928,3674
19929,6799
19930,6799
19931,6799
19932,3511
19933,8734
19934,6799
19935,3577
19936,6799
19937,9999
19938,9999
19939,9999
19940,2085
19941,5080
19942,9999
19943,9999
19944,9999
19945,9999
19946,9999
19947,9999
19948,9999
19949,9999
19950,6512
19951,9999
19952,9999
19953,9999
19954,9999
19955,9999
19956,9999
19957,6726
19958,9999
19959,2060
19960,8610
19961,6726
19962,9999
19963,9999
19964,9999
19965,9999
19966,9999
19967,2082
19968,8070
19969,9999
19970,9999
19972,9999
19973,9999
19974,9999
19975,3312
19976,5081
19977,9999
19978,9999
19979,9999
19980,9999
19981,9999
19982,9999
19983,1041
19984,2840
19985,9999
19986,9999
19987,6726
19988,6726
19989,9999
19990,9999
19991,3560
19992,3448
19993,9999
19994,9999
19995,9999
19996,9999
19997,9999
19998,6726
19999,9999
20001,2834
20002,7360
20028,1200
20029,6120
20036,2621
20037,4899
20044,1200
20045,5611
20052,3312
20053,6022
20057,9999
20058,9999
20059,9999
20060,2850
20061,6711
20062,9999
20063,6726
20064,7359
20065,6712
20066,6726
20067,6799
20068,6799
20069,6799
20070,6726
20071,6282
20072,6799
20073,6726
20074,6726
20075,6726
20076,6726
20077,6726
20078,6799
20079,3622
20080,3662
20081,6799
20082,7389
20083,6799
20084,6726
20085,6726
20086,6726
20087,3549
20088,6022
20089,6726
20090,6726
20091,6726
20092,6726
20093,6726
20094,6799
20095,5311
20096,6711
20097,7389
20098,7389
20099,7389
20100,6726
20101,3829
20102,6726
20103,6726
20104,6726
20105,6726
20106,6799
20107,4813
20108,2640
20109,7810
20110,6726
20111,6726
20112,5999
20113,6799
20114,4725
20115,6799
20116,3662
20117,7374
20118,6799
20119,6799
20120,3714
20121,6799
20122,6799
20123,6799
20124,6035
20125,3660
20126,3721
20127,6799
20128,5734
20129,6799
20130,7372
20131,6799
20132,1442
20133,3842
20134,6799
20135,9999
20136,9999
20137,9999
20138,9999
20139,6726
20140,3873
20141,3841
20142,9999
20143,6799
20144,6726
20145,9999
20146,9999
20147,9999
20148,9999
20149,9999
20150,9999
20151,6726
20152,9999
20153,9999
20154,9999
20155,9999
20156,9999
20157,9999
20158,9999
20159,3630
20160,5141
20161,9999
20162,9999
20163,9999
20164,9999
20165,9999
20166,9999
20167,3275
20168,7379
20169,9999
20170,6726
20171,6799
20172,9999
20173,9999
20174,9999
20175,5712
20176,6711
20177,9999
20178,9999
20179,6799
20180,9999
20181,9999
20182,6726
20183,2911
20186,9999
20187,9999
20188,1311
20189,5963
20190,9999
20191,6798
20192,2833
20193,7372
20194,9999
20195,9999
20196,9999
20197,9999
20198,6726
20199,6726
20200,6726
20201,6726
20202,6726
20203,6726
20204,3492
20205,3660
20206,6726
20207,3721
20208,6726
20209,6799
20210,6726
20211,6726
20212,6790
20213,4830
20214,6726
20215,6726
20216,6726
20217,6726
20218,6726
20219,6726
20220,3546
20221,3569
20222,6726
20223,6726
20224,6726
20225,6726
20226,6726
20227,6726
20228,6726
20229,6726
20230,6726
20231,6726
20232,6726
20233,6726
20234,6726
20235,6726
20236,6726
20237,6726
20238,5199
20239,4922
20240,5651
20241,1081
20242,6726
20243,6726
20244,6726
20245,6726
20246,4924
20247,5074
20248,7384
20249,6726
20250,6726
20251,6726
20252,6726
20253,6799
20254,6726
20255,3523
20256,6726
20257,6726
20258,6726
20259,6726
20260,6726
20261,6726
20262,6726
20263,3634
20264,6320
20265,6726
20266,6726
20267,6726
20268,6799
20269,6282
20270,6799
20271,6140
20272,5961
20273,6799
20274,6799
20275,6799
20276,9999
20277,9999
20278,9999
20279,9999
20280,9999
20281,9999
20282,9999
20283,9999
20284,9999
20285,9999
20286,9999
20287,9999
20288,9999
20289,9999
20290,9999
20291,9999
20292,9999
20293,6726
20294,9999
20295,9999
20296,6726
20297,9999
20298,1311
20299,3823
20300,1311
20301,9999
20302,9999
20303,9999
20304,9999
20305,9999
20306,9999
20307,9999
20308,9999
20309,9999
20310,9999
20311,9999
20312,9999
20313,9999
20314,9999
20315,9999
20316,6726
20317,6726
20318,9999
20319,6150
20320,3570
20321,9999
20322,9999
20323,9999
20324,9999
20325,3433
20326,9999
20327,3999
20328,3560
20329,9999
20330,9999
20331,9999
20332,9999
20333,9999
20334,9999
20335,3312
20336,7373
20337,9999
20338,6799
20339,9999
20340,9999
20341,9999
20342,9999
20343,3631
20344,1531
20345,9999
20346,9999
20347,9999
20348,6726
20349,6726
20350,6726
20351,2060
20352,6726
20353,6726
20354,6799
20355,6799
20356,6799
20357,6799
20358,6799
20359,6726
20360,6726
20361,6726
20362,6726
20363,6726
20364,6726
20365,6799
20366,6726
20367,6726
20368,6726
20369,6726
20370,6726
20371,6726
20372,6726
20373,6719
20374,6726
20375,6726
20376,6726
20377,6726
20378,2060
20379,6726
20380,6726
20381,6799
20382,6719
20383,6726
20384,6799
20385,6722
20386,2661
20387,8059
20388,6799
20389,2111
20390,6799
20391,4941
20392,6726
20393,6799
20394,3519
20395,6022
20396,6799
20397,6799
20398,6799
20399,3761
20400,6799
20401,6799
20402,3555
20403,6799
20404,6331
20405,6799
20406,6719
20407,2033
20408,4833
20409,6799
20410,4412
20411,9999
20412,9999
20413,9999
20414,9999
20415,6211
20416,3792
20417,9999
20418,9999
20419,9999
20420,9999
20421,9999
20422,9999
20423,4789
20424,9999
20425,9999
20426,9999
20427,9999
20428,9999
20429,9999
20430,9999
20431,6149
20432,2869
20433,0
20434,9999
20435,9999
20436,9999
20437,9999
20438,9999
20439,9999
20440,9999
20441,9999
20442,9999
20443,9999
20444,9999
20445,9999
20446,9999
20447,9999
20448,9999
20449,9999
20450,9999
20451,9999
20452,9999
20453,6726
20454,9999
20455,9999
20456,9999
20457,6726
20458,1499
20459,8090
20460,9999
20461,9999
20462,9999
20463,6726
20464,6799
20465,7372
20466,3690
20467,5060
20468,9999
20469,9999
20470,8082
20471,9999
20474,3572
20475,4833
20482,2834
20483,7393
20490,4119
20491,6211
20503,3339
20504,5620
20511,2311
20512,7373
20519,6726
20520,6726
20521,6726
20522,4911
20523,6799
20524,7379
20525,6799
20526,6726
20527,6726
20528,6726
20529,6726
20530,6726
20531,6726
20532,6726
20533,6726
20534,6799
20535,6726
20536,6726
20537,6799
20538,3728
20539,2064
20540,6726
20541,6726
20542,6799
20543,6726
20544,6726
20545,6163
20546,2211
20547,3720
20548,6799
20549,6799
20550,6722
20551,6726
20552,8731
20553,4899
20554,3710
20555,3820
20556,6726
20557,6799
20558,5031
20559,6221
20560,2899
20561,6211
20562,3761
20563,9999
20564,9999
20565,9999
20566,9999
20567,9999
20568,9999
20569,9999
20570,3275
20571,2721
20572,9999
20573,9999
20574,9999
20575,9999
20576,9999
20577,9999
20578,9999
20579,9999
20580,9999
20581,9999
20582,9999
20583,9999
20584,9999
20585,9999
20586,9999
20587,9999
20588,9999
20589,3317
20590,0
20591,9999
20592,9999
20593,9999
20594,9999
20595,9999
20596,9999
20597,3843
20598,250
20599,7373
20600,9999
20601,9999
20602,9999
20603,9999
20604,9999
20605,9999
20606,6726
20607,9999
20608,9999
20609,9999
20610,9999
20611,9999
20612,9999
20613,9999
20614,9999
20615,9999
20616,9999
20617,9999
20618,3312
20619,5946
20620,9999
20621,9999
20622,6726
20623,9999
20624,9999
20625,9999
20626,2821
20627,2869
20628,9999
20629,9999
20630,9999
20631,6799
20632,9999
20633,9999
20634,2640
20635,0
20636,9999
20637,9999
20638,9999
20639,9999
20640,9999
20641,9999
20642,2640
20643,7372
20644,9999
20645,9999
20646,6321
20647,9999
20648,7389
20649,3589
20650,3490
20651,8740
20652,9999
20653,7372
20654,5499
20655,9999
20656,7371
20657,9999
20658,9999
20659,3651
20660,9999
20661,9999
20662,9999
20663,9999
20664,6726
20665,6799
20666,6799
20667,6726
20668,6726
20669,5530
20670,3663
20671,6799
20672,6726
20673,6726
20674,6733
20675,6799
20676,6799
20677,2211
20678,2830
20679,6799
20680,6719
20681,7371
20682,5961
20683,6799
20684,6726
20685,3720
20686,6799
20687,6726
20688,6799
20689,6726
20690,6726
20691,8299
20692,6726
20693,1044
20694,6111
20695,6726
20696,6726
20697,6726
20698,6726
20699,6726
20700,7389
20701,6726
20702,6726
20703,6726
20704,6726
20705,6726
20706,3149
20707,7948
20708,6726
20709,6726
20710,6726
20711,6726
20712,6799
20713,6799
20714,5611
20715,3599
20716,6799
20717,7389
20718,6726
20719,6726
20720,6726
20721,3699
20722,3790
20723,3660
20724,6799
20725,6726
20726,6799
20727,7372
20728,5411
20729,6726
20730,4832
20731,6799
20732,6726
20733,7372
20734,6726
20735,6726
20736,1311
20737,6719
20738,6799
20739,3441
20740,6799
20741,6799
20742,5072
20743,6799
20744,6799
20745,5085
20746,6799
20747,6799
20748,6799
20749,4832
20750,4941
20751,6799
20752,6799
20753,6799
20754,7389
20755,6799
20756,6799
20757,6723
20758,6311
20759,6799
20760,6799
20761,9999
20762,9999
20763,9999
20764,9999
20765,3812
20766,6711
20767,9999
20768,9999
20769,0
20770,9999
20771,9999
20772,9999
20773,2819
20774,1310
20775,9999
20776,9999
20777,9999
20778,9999
20779,9999
20780,9999
20781,3710
20782,3079
20783,9999
20784,9999
20785,9999
20786,9999
20787,9999
20788,9999
20789,9999
20790,9999
20791,9999
20792,9999
20793,9999
20794,9999
20795,9999
20796,9999
20797,9999
20798,9999
20799,9999
20800,9999
20801,9999
20802,3425
20803,3080
20804,9999
20805,9999
20806,9999
20807,9999
20808,9999
20809,9999
20810,1000
20811,5810
20812,9999
20813,9999
20814,9999
20815,9999
20816,9999
20817,9999
20818,9999
20819,9999
20820,9999
20821,9999
20822,9999
20823,9999
20824,9999
20825,9999
20826,9999
20827,9999
20828,9999
20829,2911
20830,7391
20831,9999
20832,6719
20833,9999
20834,9999
20835,9999
20836,9999
20837,2611
20838,9999
20839,9999
20840,9999
20841,9999
20842,9999
20843,9999
20844,9999
20845,3312
20846,9999
20847,9999
20848,9999
20849,9999
20850,9999
20851,9999
20852,9999
20853,4911
20854,2910
20855,9999
20856,9999
20857,9999
20858,9999
20859,9999
20860,9999
20861,2870
20862,1381
20863,9999
20864,9999
20865,9999
20866,9999
20867,9999
20868,9999
20869,9999
20870,9999
20871,9999
20872,9999
20873,9999
20874,9999
20875,9999
20876,9999
20877,9999
20878,9999
20879,9999
20880,9999
20881,9999
20882,9999
20883,9999
20884,9999
20885,9999
20886,9999
20887,9999
20888,3442
20889,2990
20890,9999
20891,9999
20892,9999
20893,8099
20894,9999
20895,9999
20896,1021
20897,3570
20898,9999
20899,9999
20900,9999
20901,7359
20902,9999
20903,6726
20904,6726
20905,6726
20906,6799
20907,6799
20908,6799
20909,3541
20910,3820
20911,6726
20912,6726
20913,1041
20914,6799
20915,6799
20916,7371
20917,1459
20918,2833
20919,6799
20920,7371
20921,6726
20922,6726
20923,7941
20924,6799
20925,2810
20926,7392
20927,6799
20928,6726
20929,6726
20930,6799
20931,7389
20932,7389
20933,5411
20934,6711
20935,6726
20936,6726
20937,6726
20938,6726
20939,6726
20940,6726
20941,2640
20942,8070
20943,6726
20944,6726
20945,6799
20946,6799
20947,6726
20948,6799
20949,6726
20950,6799
20951,6799
20952,6799
20953,6799
20954,6799
20955,6722
20956,6726
20957,6726
20958,6726
20959,6726
20960,6799
20961,6726
20962,6799
20963,6726
20964,6799
20965,6799
20966,6799
20967,6726
20968,2221
20969,6792
20970,6799
20971,6726
20972,7372
20973,6726
20974,6799
20975,7389
20976,4511
20977,2394
20978,6726
20979,6799
20980,6799
20981,6799
20982,6799
20983,6799
20984,4511
20985,0
20986,6799
20987,6799
20988,6799
20989,6799
20990,6799
20991,6799
20992,2813
20993,7374
20994,6799
20995,6799
20996,6799
20997,6799
20998,7933
20999,139
21000,6799
21001,6799
21002,6799
21003,6799
21004,4813
21005,3724
21006,6799
21007,6799
21008,6799
21009,6799
21010,6799
21011,9999
21012,2910
21013,3496
21014,9999
21015,9999
21016,9999
21017,9999
21018,9999
21019,9999
21020,4512
21021,7999
21022,6726
21023,9999
21024,9999
21025,9999
21026,9999
21027,9999
21028,9999
21029,9999
21030,9999
21031,9999
21032,6726
21033,9999
21034,9999
21035,9999
21036,9999
21037,9999
21038,9999
21039,5610
21040,2335
21041,9999
21042,9999
21043,9999
21044,9999
21045,9999
21046,9999
21047,2844
21048,3060
21049,9999
21050,9999
21051,9999
21052,9999
21053,7372
21054,9999
21055,5661
21056,9999
21057,9999
21058,9999
21059,9999
21060,9999
21061,9999
21062,9999
21063,4190
21064,1311
21065,9999
21066,9999
21067,9999
21068,9999
21069,9999
21070,9999
21071,2754
21072,9999
21073,9999
21074,9999
21075,9999
21076,9999
21077,9999
21078,9999
21079,9999
21080,9999
21081,9999
21082,9999
21083,9999
21084,9999
21085,9999
21086,5122
21087,9999
21088,9999
21089,9999
21090,9999
21091,9999
21092,9999
21093,9999
21094,9999
21095,9999
21096,9999
21097,9999
21098,1000
21099,9999
21100,3710
21101,1100
21102,6799
21103,9999
21104,9999
21105,9999
21106,9999
21107,9999
21108,9999
21109,9999
21110,9999
21111,9999
21112,9999
21113,9999
21114,9999
21115,9999
21116,9999
21117,9999
21118,9999
21119,3568
21120,9999
21121,7371
21122,9999
21123,7372
21124,2834
21125,8742
21127,3429
21135,2851
21143,3714
21144,3143
21151,2753
21152,3861
21178,3761
21179,3640
21186,2671
21193,7389
21194,6145
21195,6726
21196,6726
21197,6726
21198,1731
21199,1521
21200,6726
21201,6726
21202,6726
21203,6726
21204,6726
21205,6726
21206,6726
21207,1041
21208,7819
21209,6726
21210,2326
21211,6799
21212,6726
21213,6726
21214,6726
21215,3520
21216,8999
21217,6799
21218,6799
21219,1382
21220,6726
21221,7389
21222,3711
21223,4000
21224,0
21225,6726
21226,7389
21227,8399
21228,1081
21229,6799
21230,1081
21231,4924
21232,6159
21233,5961
21234,6726
21235,6726
21236,6726
21237,7371
21238,6726
21239,6726
21240,6726
21241,6726
21242,6726
21243,6726
21244,6726
21245,6726
21246,6726
21247,6726
21248,6726
21249,6411
21250,6726
21251,6726
21252,6726
21253,6799
21254,6799
21255,6799
21256,6799
21257,1381
21258,3316
21259,6799
21260,5961
21261,7373
21262,9999
21263,9999
21264,9999
21265,9999
21266,5023
21267,9999
21268,9999
21269,9999
21270,9999
21271,9999
21272,9999
21273,9999
21274,6711
21275,6710
21276,9999
21277,9999
21278,9999
21279,9999
21280,9999
21281,9999
21282,3732
21283,6030
21284,9999
21285,9999
21286,9999
21287,9999
21288,9999
21289,9999
21290,3764
21291,6310
21292,9999
21293,9999
21294,9999
21295,9999
21296,6798
21297,9999
21298,9999
21299,9999
21300,9999
21301,9999
21302,9999
21303,2087
21304,5812
21305,9999
21306,9999
21307,9999
21308,9999
21309,9999
21310,9999
21311,4820
21312,6711
21313,9999
21314,9999
21315,9999
21316,9999
21317,6726
21318,9999
21319,9999
21320,9999
21321,9999
21322,9999
21323,9999
21324,9999
21325,9999
21326,9999
21327,9999
21328,9999
21329,6726
21330,9999
21331,9999
21332,9999
21333,6726
21334,9999
21335,9999
21336,9999
21337,9999
21338,3714
21339,2851
21340,9999
21341,9999
21342,9999
21343,9999
21344,9999
21345,9999
21346,5411
21347,3693
21348,9999
21349,7372
21350,9999
21351,9999
21352,9999
21353,8742
21354,2819
21355,3841
21356,4922
21357,7371
21358,9999
21359,7539
21360,5999
21361,6411
21362,3310
21363,4890
21364,6726
21365,2836
21366,6726
21367,6798
21368,5999
21369,6324
21370,4911
21371,5122
21372,7372
21373,7389
21374,7389
21375,6726
21376,6726
21377,6726
21378,6726
21379,5961
21380,6726
21381,6726
21382,6726
21383,6726
21384,6726
21385,6726
21386,6726
21387,6726
21388,5052
21389,3462
21390,1381
21391,6726
21392,6726
21393,6726
21394,6726
21395,6726
21396,6726
21397,2435
21398,742
21399,6726
21400,6726
21401,6799
21402,6726
21403,6726
21404,6726
21405,6726
21406,6726
21407,6726
21408,6722
21409,6799
21410,6726
21411,6726
21412,3679
21413,6726
21414,6726
21415,7382
21416,7372
21417,8082
21418,3731
21419,0
21420,6726
21421,6726
21422,6726
21423,6726
21424,6722
21425,6726
21426,3660
21427,3693
21428,8299
21429,6411
21430,6141
21431,7373
21434,3996
21442,6723
21443,8081
21450,2911
21451,8081
21469,4011
21477,2090
21478,8051
21485,4511
21486,8080
21493,3569
21494,7221
21506,4011
21507,2335
21512,9999
21513,9999
21514,4923
21515,3144
21516,9999
21517,9999
21518,9999
21519,9999
21520,9999
21521,9999
21522,3715
21523,1311
21524,9999
21525,9999
21526,9999
21527,9999
21528,9999
21529,9999
21530,3312
21531,6799
21532,9999
21533,9999
21534,9999
21535,9999
21536,9999
21537,9999
21538,9999
21539,9999
21540,9999
21541,9999
21542,9999
21543,9999
21544,9999
21545,9999
21546,9999
21547,9999
21548,9999
21549,3999
21550,6799
21551,9999
21552,9999
21553,9999
21554,9999
21555,6726
21556,9999
21557,3532
21558,2844
21559,9999
21560,9999
21561,9999
21562,9999
21563,9999
21564,9999
21565,3690
21566,6792
21567,9999
21568,9999
21569,9999
21570,9999
21571,9999
21572,9999
21573,2621
21574,7032
21575,9999
21576,9999
21577,9999
21578,9999
21579,9999
21580,9999
21581,2830
21582,1040
21583,6726
21584,9999
21585,9999
21586,9999
21587,9999
21588,9999
21589,9999
21590,9999
21591,6726
21592,9999
21593,9999
21594,9999
21595,9999
21596,7372
21597,9999
21598,6282
21599,9999
21600,9999
21601,7371
21602,7810
21603,6552
21604,9999
21605,6411
21606,9999
21607,5099
21608,4789
21609,5621
21610,3560
21611,6331
21612,7372
21613,7371
21614,9999
21615,6726
21616,6726
21617,7374
21618,6726
21619,6799
21620,6726
21621,6726
21622,6726
21623,6726
21624,6162
21625,6799
21626,6726
21627,6726
21628,4522
21629,3433
21630,5111
21631,6726
21632,6726
21633,6726
21634,6726
21635,6726
21636,6726
21637,3720
21638,2271
21639,6726
21640,6726
21641,7991
21642,6726
21643,6726
21644,6799
21645,4411
21646,6149
21647,6726
21648,7372
21649,6726
21650,6726
21651,6726
21652,6726
21653,3322
21654,1382
21655,6726
21656,6726
21657,6726
21658,6726
21659,6726
21660,6726
21661,2060
21662,6711
21663,7041
21664,3861
21665,6799
21666,6726
21667,6726
21668,6726
21669,6726
21670,6726
21671,6799
21672,6726
21673,6726
21674,6726
21675,6726
21676,1382
21677,6726
21678,6726
21679,6726
21680,6726
21681,6726
21682,6726
21683,2389
21684,3639
21685,7991
21686,7389
21687,6799
21688,3660
21689,6123
21690,5148
21691,7372
21692,6719
21693,7375
21694,6719
21695,9999
21696,2754
21697,7394
21698,9999
21699,9999
21700,9999
21701,9999
21702,6726
21703,9999
21704,9999
21705,9999
21706,9999
21707,9999
21708,9999
21709,1311
21710,3651
21711,9999
21712,9999
21713,9999
21714,9999
21715,9999
21716,9999
21717,4000
21718,6794
21719,9999
21720,9999
21721,9999
21722,9999
21723,9999
21724,9999
21725,3710
21726,3537
21727,6726
21728,6726
21729,9999
21730,0
21731,9999
21732,9999
21733,3721
21734,3312
21735,9999
21736,9999
21737,9999
21738,6726
21739,9999
21740,9999
21741,4500
21742,5331
21743,9999
21744,9999
21745,9999
21746,9999
21747,9999
21748,9999
21749,9999
21750,9999
21751,9999
21752,9999
21753,9999
21754,9999
21755,9999
21756,9999
21757,9999
21758,9999
21759,9999
21760,9999
21761,9999
21762,9999
21763,9999
21764,9999
21765,9999
21766,9999
21767,9999
21768,1311
21769,7999
21770,9999
21771,9999
21772,9999
21773,9999
21774,9999
21775,9999
21776,4911
21777,6123
21778,9999
21779,9999
21780,9999
21781,9999
21782,9999
21783,9999
21784,3660
21785,2844
21786,9999
21787,9999
21788,9999
21789,3639
21790,9999
21791,9999
21792,4924
21793,5621
21794,6719
21795,6799
21796,6726
21797,6726
21798,6726
21799,2834
21800,6726
21801,6726
21802,6726
21803,6726
21804,6726
21805,2640
21806,2450
21807,6719
21808,6726
21809,6799
21810,7389
21811,6726
21812,6726
21813,3499
21814,6726
21815,6726
21816,6726
21817,6726
21818,6726
21819,6726
21820,2834
21821,4923
21822,6799
21823,7389
21824,6799
21825,6799
21826,6799
21827,6799
21828,9999
21829,9999
21830,9999
21831,9999
21832,9999
21833,9999
21834,9999
21835,9999
21836,9999
21837,9999
21838,9999
21839,9999
21840,9999
21841,9999
21842,9999
21843,9999
21844,9999
21845,9999
21846,9999
21847,9999
21848,3690
21849,1311
21850,9999
21851,9999
21852,9999
21853,9999
21854,9999
21855,9999
21856,2911
21857,7996
21858,9999
21859,9999
21860,9999
21861,9999
21862,9999
21863,9999
21864,4511
21865,2833
21866,9999
21867,9999
21868,6726
21869,6726
21870,6726
21871,9999
21872,3069
21873,6410
21874,9999
21875,9999
21876,9999
21877,9999
21878,6726
21879,9999
21880,4820
21881,3443
21882,9999
21883,9999
21884,9999
21885,9999
21886,9999
21887,9999
21888,9999
21889,9999
21890,5499
21891,9999
21892,9999
21893,9999
21894,7372
21895,9999
21896,7372
21897,9999
21898,7372
21899,5090
21900,4810
21901,3570
21902,4810
21903,2621
21904,9999
21905,5961
21906,9999
21907,9999
21908,9999
21909,9999
21910,9999
21911,9999
21912,9999
21913,9999
21914,9999
21915,9999
21916,9999
21917,6726
21918,6726
21919,6726
21920,9999
21921,9999
21922,9999
21923,9999
21924,9999
21925,9999
21926,9999
21927,9999
21928,4911
21929,2830
21930,0
21931,9999
21932,9999
21933,9999
21934,9999
21935,9999
21936,2834
21937,4810
21938,9999
21939,9999
21940,9999
21941,9999
21942,9999
21943,9999
21944,2210
21945,6145
21946,9999
21947,9999
21948,9999
21949,9999
21950,9999
21951,9999
21952,3580
21953,3079
21954,9999
21955,9999
21956,6726
21957,9999
21958,9999
21959,9999
21960,2631
21961,5172
21962,9999
21963,6726
21964,9999
21965,9999
21966,9999
21967,9999
21968,6799
21969,9999
21970,9999
21971,9999
21972,9999
21973,6726
21974,9999
21975,7389
21976,6726
21977,6726
21978,6726
21979,3679
21980,6020
21981,6726
21982,6726
21983,6726
21984,6726
21985,6726
21986,6726
21987,3452
21988,8071
21989,6726
21991,6733
21992,6726
21994,6726
21995,4011
21996,6125
21997,6726
21998,6726
21999,6726
22001,6726
22002,6726
22003,7372
22004,6726
22006,6726
22007,3532
22008,6711
22009,6726
22010,6726
22011,6726
22012,6726
22013,6726
22014,6726
22015,2060
22016,2830
22018,6726
22019,6726
22020,6726
22021,6726
22022,6726
22023,3541
22024,6711
22026,6726
22027,6311
22028,6726
22029,6726
22030,6726
22031,5310
22032,6710
22033,6726
22034,6726
22035,6726
22036,6726
22037,6726
22039,1081
22040,6726
22041,6726
22042,6726
22043,6726
22044,6726
22045,6726
22046,6726
22048,6726
22049,6726
22050,6726
22051,6726
22052,6726
22053,6726
22054,6726
22055,6726
22056,6726
22057,6726
22058,3569
22059,6711
22060,6726
22061,6726
22065,6726
22066,3646
22067,7374
22068,6726
22069,6799
22070,6799
22071,6799
22072,6799
22074,5411
22075,6711
22076,6799
22077,6719
22078,7389
22079,7997
22080,6798
22081,9999
22082,4923
22083,6710
22084,9999
22085,9999
22086,7372
22087,7372
22088,9999
22089,3949
22090,3452
22091,6798
22092,7374
22094,6726
22095,6726
22096,1389
22097,6799
22098,6733
22099,6799
22100,6726
22101,6726
22102,6726
22103,3491
22104,6726
22105,6726
22106,6726
22107,6726
22108,6726
22109,6726
22110,6726
22111,3841
22112,6711
22113,6726
22114,6726
22115,7389
22116,6726
22117,6726
22118,6726
22119,6726
22120,6726
22121,6726
22122,6726
22123,6726
22124,6726
22125,6726
22126,6726
22127,7389
22128,6798
22129,6726
22130,6726
22131,6726
22132,6799
22133,6726
22134,6726
22135,6726
22137,6726
22138,4011
22139,6711
22140,6722
22141,6726
22142,6726
22143,6726
22144,6726
22145,6799
22146,5010
22147,6711
22148,6799
22149,3841
22150,6726
22151,6726
22152,6726
22153,6726
22154,3949
22155,6712
22156,6726
22158,3843
22159,7373
22160,6726
22161,6552
22162,2221
22163,1311
22164,6726
22165,6726
22166,6799
22167,6799
22168,6799
22169,4899
22170,2865
22171,6030
22172,6799
22173,6799
22174,2821
22175,6799
22176,6726
22177,9999
22178,9999
22179,9999
22180,9999
22181,9999
22182,9999
22183,9999
22184,9999
22185,9999
22186,9999
22187,9999
22188,9999
22189,4511
22190,6711
22191,6726
22192,6799
22193,9999
22194,9999
22195,9999
22196,0
22197,2911
22198,6310
22199,9999
22200,9999
22201,9999
22202,9999
22203,9999
22204,9999
22205,9999
22206,9999
22207,9999
22208,6726
22209,9999
22210,9999
22211,9999
22212,9999
22213,9999
22214,9999
22215,6726
22216,9999
22217,9999
22218,4011
22219,7213
22220,9999
22221,9999
22222,9999
22223,9999
22224,9999
22225,9999
22226,5912
22227,6023
22228,9999
22229,9999
22230,6726
22231,6726
22232,9999
22233,9999
22234,2821
22235,6711
22236,9999
22237,9999
22238,9999
22239,9999
22240,9999
22241,9999
22242,3652
22243,6711
22244,9999
22245,9999
22246,6726
22247,6726
22248,9999
22249,6726
22250,2311
22251,1381
22252,9999
22253,9999
22254,9999
22255,9999
22256,9999
22257,9999
22258,9999
22259,9999
22260,9999
22261,9999
22262,9999
22263,9999
22264,6798
22265,9999
22266,9999
22267,9999
22268,5812
22269,4511
22270,5040
22271,9999
22272,9999
22273,9999
22274,9999
22275,9999
22276,9999
22277,2079
22278,6711
22279,9999
22280,9999
22281,9999
22282,9999
22283,6726
22284,9999
22285,5122
22286,9999
22287,9999
22288,9999
22289,9999
22290,9999
22291,9999
22292,9999
22293,3229
22294,2771
22295,9999
22296,9999
22297,9999
22298,9999
22299,9999
22300,6726
22301,9999
22302,9999
22303,9999
22304,9999
22305,9999
22306,3728
22307,1382
22308,0
22309,9999
22310,6726
22311,9999
22312,9999
22313,9999
22314,2910
22315,5111
22316,9999
22317,9999
22318,9999
22319,9999
22320,9999
22321,9999
22322,3861
22323,3841
22324,9999
22325,9999
22326,9999
22327,9999
22328,9999
22329,9999
22330,2062
22331,6552
22332,9999
22333,9999
22334,9999
22335,9999
22336,9999
22337,6726
22338,9999
22339,6799
22340,9999
22341,9999
22342,9999
22343,9999
22344,9999
22345,9999
22346,9999
22347,9999
22348,9999
22349,3490
22350,6025
22351,9999
22352,9999
22353,6726
22354,6726
22355,7389
22356,3751
22357,2311
22358,6531
22359,6799
22360,6798
22361,3842
22362,6733
22363,6726
22364,6726
22365,3569
22366,6552
22367,6726
22368,6726
22369,1081
22370,6799
22371,6726
22372,6726
22373,3312
22374,3290
22375,6726
22376,6726
22377,6726
22378,7389
22379,6726
22380,6799
22381,2083
22382,1620
22383,6726
22384,6799
22385,6726
22386,6726
22387,6726
22388,6722
22389,6726
22390,6799
22391,6726
22392,6726
22393,6726
22394,6726
22395,6799
22396,6722
22397,6726
22398,6726
22399,1081
22400,7374
22401,6726
22402,4011
22403,3570
22404,6726
22405,6726
22406,6726
22407,6726
22408,6726
22409,6726
22410,6711
22411,1381
22412,6726
22413,8748
22414,6726
22415,6726
22416,7373
22417,5961
22418,7371
22419,6799
22420,7389
22421,6799
22422,2899
22423,1311
22424,9999
22425,5049
22426,6799
22428,6726
22429,2051
22430,3670
22431,6726
22432,6726
22433,6726
22434,6726
22435,6726
22436,6726
22437,4931
22438,6410
22439,6799
22440,6799
22441,6726
22442,6726
22443,6726
22444,6726
22445,3465
22446,6726
22447,6799
22448,6726
22449,6726
22450,6726
22451,6726
22452,6726
22453,2250
22454,6726
22455,6726
22456,6726
22457,6726
22458,6726
22459,6726
22460,6726
22461,4411
22462,6726
22463,6726
22464,6726
22465,5149
22466,6726
22467,6726
22468,6726
22469,6726
22470,6799
22471,6726
22472,6726
22473,6726
22474,6799
22475,6726
22476,6726
22477,6726
22478,6726
22479,6726
22480,6799
22481,6726
22482,6726
22483,6726
22484,6726
22485,6726
22486,6726
22487,6726
22488,3651
22489,3673
22490,6726
22491,6726
22492,6726
22493,6726
22494,6726
22495,6726
22496,4911
22497,2830
22498,6726
22499,6726
22500,6799
22501,6799
22502,6799
22503,7389
22504,6799
22505,6799
22506,6799
22507,6799
22508,7389
22509,2851
22510,3660
22511,6799
22512,6799
22513,6799
22514,6799
22515,6719
22516,6719
22517,4911
22518,3841
22519,9999
22520,9999
22521,9999
22522,9999
22523,9999
22524,9999
22525,2834
22526,6711
22527,9999
22528,9999
22529,9999
22530,9999
22531,9999
22532,9999
22533,3585
22534,3720
22535,9999
22536,9999
22537,9999
22538,9999
22539,9999
22540,9999
22541,4911
22542,1382
22543,9999
22544,9999
22545,9999
22546,9999
22547,9999
22548,9999
22549,9999
22550,6726
22551,9999
22552,9999
22553,7372
22554,9999
22555,6726
22556,9999
22557,9999
22558,9999
22559,9999
22560,9999
22561,9999
22562,9999
22563,9999
22564,9999
22565,9999
22566,1629
22567,9999
22568,3691
22569,2084
22570,9999
22571,9999
22572,9999
22573,9999
22574,9999
22575,9999
22576,4000
22577,3442
22578,9999
22579,9999
22580,9999
22581,9999
22582,9999
22583,9999
22584,3690
22585,3590
22586,9999
22587,9999
22588,9999
22589,9999
22590,9999
22591,9999
22592,3841
22593,7513
22594,9999
22595,9999
22596,9999
22597,9999
22598,9999
22599,9999
22600,9999
22601,9999
22602,9999
22603,9999
22604,9999
22605,3079
22606,9999
22607,9999
22608,9999
22609,6726
22610,9999
22611,9999
22612,9999
22613,4931
22614,5944
22615,9999
22616,9999
22617,6726
22618,9999
22619,9999
22620,9999
22621,2752
22622,5060
22623,9999
22624,9999
22625,9999
22626,9999
22627,9999
22628,9999
22629,9999
22630,9999
22631,9999
22632,9999
22633,9999
22634,9999
22635,9999
22636,9999
22637,9999
22638,9999
22639,9999
22640,9999
22641,9999
22642,9999
22643,9999
22644,6726
22645,9999
22646,9999
22647,9999
22648,2086
22649,5311
22650,9999
22651,9999
22652,9999
22653,9999
22654,9999
22655,9999
22656,3630
22657,5211
22658,9999
22659,9999
22660,9999
22661,9999
22662,9999
22663,9999
22664,3310
22665,3679
22666,9999
22667,9999
22668,9999
22669,9999
22670,9999
22671,9999
22672,3090
22673,1310
22674,9999
22675,6726
22676,9999
22677,9999
22678,9999
22679,9999
22680,3559
22681,1310
22682,6726
22683,9999
22684,9999
22685,9999
22686,6726
22687,9999
22688,9999
22689,9999
22690,9999
22691,9999
22692,6726
22693,9999
22694,9999
22695,6726
22696,6726
22697,6726
22698,6726
22699,3069
22700,0
22701,3424
22702,7990
22703,1731
22704,6799
22705,6726
22706,6726
22707,6726
22708,6726
22709,6733
22710,6726
22711,6726
22712,6726
22713,6726
22714,6726
22715,6799
22716,6726
22717,6726
22718,6726
22719,6726
22720,6726
22721,6726
22722,7389
22723,6799
22724,6726
22725,6726
22726,6799
22727,6726
22728,2262
22729,279
22730,6726
22731,6799
22732,6726
22733,6726
22734,6726
22735,6726
22736,2910
22737,5141
22738,6799
22739,6726
22740,6726
22741,6726
22742,7389
22743,6726
22744,2030
22745,0
22746,6799
22747,1241
22748,6799
22749,6799
22750,6799
22751,6799
22752,2834
22753,5621
22754,6799
22755,6162
22756,6719
22757,9999
22758,9999
22759,9999
22760,2271
22761,7999
22762,9999
22763,9999
22764,9999
22765,0
22766,9999
22767,9999
22768,9999
22769,9999
22770,9999
22771,9999
22772,9999
22773,9999
22774,9999
22775,9999
22776,9999
22777,9999
22778,9999
22779,3663
22780,9999
22781,9999
22782,9999
22783,0
22784,9999
22785,0
22786,9999
22787,2869
22788,5812
22789,6726
22790,9999
22791,9999
22792,9999
22793,9999
22794,9999
22795,3612
22796,6711
22797,9999
22798,9999
22799,9999
22800,9999
22801,9999
22802,9999
22803,9999
22804,9999
22805,6726
22806,6726
22807,6726
22808,3549
22809,6020
22810,6231
22811,6799
22812,2023
22813,6726
22814,6726
22815,6726
22816,2032
22817,6711
22818,6726
22819,6726
22820,6726
22821,6726
22822,6726
22823,6799
22824,3523
22825,3841
22826,6726
22827,6726
22828,6726
22829,6726
22830,6726
22831,6726
22832,2911
22833,6311
22834,6722
22835,6726
22836,6726
22837,6726
22838,6726
22839,6726
22840,5461
22841,5812
22842,6726
22843,6726
22844,6726
22845,6726
22846,6726
22847,6726
22848,6726
22849,6726
22850,6726
22851,6726
22852,6726
22853,6726
22854,6726
22855,6726
22856,6726
22857,6798
22858,8399
22859,4931
22860,5812
22861,6726
22862,6726
22863,6726
22864,6726
22865,6726
22866,6726
22867,2851
22868,6552
22869,6726
22870,6726
22871,6726
22872,6726
22873,6799
22874,6799
22875,2270
22876,2231
22877,6799
22878,6799
22879,9999
22880,3548
22881,9999
22882,9999
22883,5611
22884,2231
22885,9999
22886,9999
22887,9999
22888,9999
22889,9999
22890,9999
22891,5311
22892,2231
22893,6726
22894,0
22895,9999
22896,6726
22897,9999
22898,9999
22899,9999
22900,9999
22901,9999
22902,9999
22903,9999
22904,4011
22905,2834
22906,9999
22907,9999
22908,9999
22909,9999
22910,9999
22911,9999
22912,4213
22913,2782
22914,9999
22915,9999
22916,9999
22917,6726
22918,6726
22919,6726
22920,2062
22921,3669
22922,6726
22923,6799
22924,6726
22925,7389
22926,6726
22927,6726
22928,1381
22929,6726
22930,6726
22931,6726
22932,6726
22933,6726
22934,1382
22935,6726
22936,6726
22937,7389
22938,6726
22939,5399
22940,1531
22941,6726
22942,6726
22943,6726
22944,6726
22945,6799
22946,6799
22947,4931
22948,2038
22949,6726
22950,6726
22951,6726
22952,6282
22953,1041
22954,6726
22955,4911
22956,5810
22957,6726
22958,6726
22959,4813
22960,6726
22961,6726
22962,6726
22963,5610
22964,782
22965,6726
22966,6726
22967,6726
22968,6799
22969,6799
22970,6722
22971,3560
22972,4953
22973,6719
22974,6799
22975,8731
22976,9999
22977,4924
22978,6726
22979,6726
22980,6726
22981,6726
22982,6726
22983,6726
22984,6726
22985,6726
22986,6726
22987,6726
22988,6726
22989,6726
22990,6726
22991,6726
22992,6799
22993,6726
22994,6726
22995,1081
22996,6726
22997,6726
22998,5712
22999,3728
23000,6726
23001,6726
23002,6726
23003,6726
23004,6726
23005,6726
23006,6726
23007,8742
23008,9999
23009,6726
23010,9999
23011,9999
23012,9999
23013,9999
23014,9999
23015,9999
23016,9999
23017,6726
23018,3651
23019,2830
23020,6726
23021,9999
23022,6726
23024,9999
23025,9999
23026,4911
23027,4953
23028,9999
23029,9999
23030,6726
23031,9999
23032,9999
23033,9999
23034,2341
23035,2295
23036,6726
23037,9999
23038,9999
23039,9999
23040,9999
23041,9999
23042,4911
23043,2869
23044,6726
23045,6726
23046,9999
23047,9999
23048,9999
23049,9999
23050,2821
23051,4210
23052,9999
23053,9999
23054,9999
23055,9999
23056,9999
23057,9999
23058,9999
23059,9999
23060,6726
23061,9999
23062,9999
23063,9999
23064,9999
23065,9999
23066,6726
23067,6726
23068,8711
23069,3312
23070,3559
23071,3851
23072,6726
23073,6726
23074,6726
23075,6726
23076,6726
23077,2033
23078,3714
23079,6726
23080,6726
23081,1081
23082,6726
23083,6726
23084,6726
23085,4911
23086,2869
23087,6726
23088,1479
23089,6726
23090,6726
23091,6726
23092,6726
23093,3310
23094,2810
23095,6726
23096,6726
23097,6726
23098,6726
23099,6726
23100,6029
23101,9999
23102,9999
23103,9999
23104,6726
23105,9999
23106,2082
23107,3140
23108,9999
23109,9999
23110,9999
23111,6726
23112,9999
23113,9999
23114,4911
23115,3640
23116,9999
23117,9999
23118,9999
23119,9999
23120,9999
23121,6726
23122,5611
23123,2321
23124,6726
23125,6726
23126,6726
23127,9999
23128,9999
23129,7389
23130,4011
23131,2430
23132,6726
23133,6726
23134,6726
23135,6726
23136,6726
23137,6726
23138,6726
23139,6726
23140,0
23141,6726
23142,6726
23143,6726
23144,6726
23145,6726
23146,6726
23147,1731
23148,6726
23149,3549
23150,7391
23151,6726
23152,6726
23153,6726
23154,6726
23155,6726
23156,6726
23157,4910
23158,1531
23159,6726
23160,6726
23161,6726
23162,6726
23163,6726
23164,6726
23165,2270
23166,6311
23167,6726
23168,6726
23169,1311
23170,9999
23171,9999
23172,9999
23173,2620
23174,6311
23175,6726
23176,9999
23177,9999
23178,9999
23179,9999
23180,6726
23181,4910
23182,4923
23183,9999
23184,9999
23185,9999
23186,9999
23187,9999
23188,9999
23189,9999
23190,9999
23191,9999
23192,6726
23193,9999
23194,9999
23195,9999
23196,9999
23197,9999
23198,9999
23199,9999
23200,9999
23201,0
23202,3574
23203,2890
23204,7389
23205,6726
23206,6799
23207,6726
23208,6726
23209,2844
23210,4911
23211,1311
23212,6726
23213,6726
23214,6726
23215,6726
23216,2834
23217,6726
23218,6726
23219,6726
23220,6726
23221,6726
23222,6726
23223,9999
23224,9999
23226,9999
23227,9999
23228,6726
23229,4931
23230,1311
23231,9999
23232,9999
23233,9999
23234,0
23235,9999
23236,0
23237,4011
23238,5810
23239,6726
23240,6726
23241,6726
23242,6726
23243,6726
23244,9999
23245,3873
23246,4011
23247,9999
23248,6726
23249,6726
23250,6726
23251,0
23252,9999
23253,3674
23254,7530
23255,9999
23256,9999
23257,9999
23258,9999
23259,9999
23260,9999
23261,2843
23262,5641
23263,6799
23264,9999
23265,0
23266,9999
23267,5722
23268,0
23269,9999
23270,9999
23271,9999
23272,9999
23273,9999
23274,6726
23275,6726
23276,6726
23277,6726
23278,6726
23279,6726
23280,6726
23281,6726
23282,781
23283,6726
23284,6726
23285,6726
23286,6726
23287,6726
23288,3580
23289,8351
23290,6726
23291,6726
23292,6726
23293,6726
23294,6726
23295,6726
23296,2211
23297,5812
23298,6726
23299,6726
23300,6722
23301,6726
23302,6726
23303,6726
23304,6719
23305,6726
23306,2830
23307,6726
23308,6726
23309,7011
23310,2721
23311,6726
23312,6726
23313,9999
23314,6726
23315,6726
23316,9999
23317,1311
23318,2830
23319,9999
23320,9999
23321,9999
23322,0
23323,6726
23324,6726
23325,2621
23326,6022
23327,9999
23328,6726
23329,9999
23330,6726
23331,6726
23332,6726
23333,3559
23334,2891
23335,6726
23336,6726
23337,6726
23338,6726
23339,6726
23340,6311
23341,2833
23342,3533
23343,7372
23344,1381
23345,6733
23346,6726
23347,6726
23348,6726
23349,6726
23350,6726
23351,6726
23352,5063
23353,6726
23354,6726
23355,6726
23356,6726
23357,6726
23358,6726
23359,6726
23360,6726
23361,6726
23362,6726
23363,6726
23364,6726
23365,6726
23366,6726
23367,6726
23368,3630
23369,6723
23370,6726
23371,6726
23372,7372
23373,6726
23374,6726
23375,3829
23376,3811
23377,3670
23378,6726
23379,6719
23380,7363
23381,3679
23382,6726
23383,6726
23384,3523
23385,6726
23386,6221
23387,6726
23388,6726
23389,6726
23390,6726
23391,6726
23392,2020
23393,2841
23394,6726
23395,2834
23396,9999
23397,9999
23398,6726
23399,6726
23400,6726
23401,6726
23402,6726
23403,6726
23404,6726
23405,4911
23406,3652
23407,6726
23408,9999
23409,6726
23410,6726
23411,9999
23412,6726
23413,2390
23414,6726
23415,9999
23416,9999
23417,6726
23418,9999
23419,6726
23420,6726
23421,2211
23422,1311
23423,9999
23424,9999
23425,9999
23426,9999
23427,9999
23428,9999
23429,6726
23430,9999
23431,9999
23432,9999
23433,7389
23436,6726
23437,6726
23438,6726
23439,9999
23440,6726
23441,6726
23442,6726
23443,6726
23445,9999
23446,9999
23447,9999
23448,4931
23451,9999
23452,6726
23453,6726
23454,6726
23455,6726
23456,3713
23457,1310
23458,6726
23459,6726
23460,6722
23461,6726
23462,6726
23463,6726
23464,3241
23465,6610
23466,5169
23467,6726
23468,6726
23469,3563
23470,6726
23471,6726
23472,2890
23473,6330
23474,6726
23475,6726
23476,6726
23477,6799
23478,6726
23479,6726
23480,2819
23481,3662
23482,6726
23483,6726
23484,6726
23485,6726
23486,7342
23487,6726
23488,6726
23489,6726
23490,6726
23491,6726
23492,6726
23493,6726
23494,6726
23495,6726
23496,6726
23497,2834
23498,6799
23499,4911
23500,7011
23501,4931
23502,7819
23504,6799
23505,6719
23506,6311
23507,6799
23508,6722
23509,9999
23510,9999
23511,9999
23512,9999
23513,9999
23514,9999
23515,9999
23516,9999
23517,9999
23518,0
23519,6726
23520,6726
23521,6726
23522,6726
23523,6726
23524,6726
23525,6726
23526,6726
23527,6726
23528,6149
23529,3573
23530,6726
23531,6726
23532,6726
23533,6726
23534,6726
23535,6726
23536,4911
23537,7371
23538,6726
23539,6726
23540,6726
23541,6726
23542,6726
23543,6726
23544,4941
23545,5999
23546,6726
23547,6726
23548,6726
23549,6726
23550,6726
23551,6726
23552,3585
23553,6723
23554,6726
23555,6726
23556,6726
23557,6726
23558,6726
23559,6726
23560,4000
23561,3494
23562,6726
23563,6726
23564,6726
23565,6726
23566,6726
23567,6726
23568,5211
23569,6282
23570,9999
23571,6726
23572,6726
23573,6726
23574,6726
23575,6726
23576,6726
23577,6726
23578,6726
23579,3721
23580,1321
23581,6726
23582,6726
23583,6726
23584,6726
23585,6726
23586,6726
23587,4011
23588,3840
23589,6726
23590,6726
23591,6726
23592,6726
23593,6726
23594,6726
23595,3999
23596,3660
23597,6726
23598,6726
23599,6726
23600,6726
23601,6726
23602,6726
23603,6726
23604,6726
23605,6726
23606,6726
23607,6726
23608,6726
23609,5944
23610,6799
23611,6799
23612,6726
23613,9999
23614,6726
23615,9999
23616,6140
23617,9999
23618,9999
23619,6726
23620,9999
23621,6726
23622,0
23623,9999
23624,3822
23625,9999
23626,6726
23627,9999
23628,9999
23629,9999
23630,1311
23631,6726
23632,2812
23633,6311
23634,6726
23635,6726
23636,1081
23637,6726
23638,6726
23639,6726
23640,6711
23641,3643
23642,6726
23643,6726
23644,6726
23645,6726
23646,6726
23647,6726
23648,6726
23649,6726
23650,6726
23651,6726
23652,6726
23653,1311
23654,6726
23655,6726
23656,6726
23657,9999
23658,9999
23659,5651
23660,2320
23661,9999
23662,9999
23663,9999
23664,9999
23665,6726
23666,9999
23667,4400
23668,3589
23669,9999
23670,9999
23671,9999
23672,6726
23673,9999
23674,9999
23675,4011
23676,3674
23677,9999
23678,9999
23679,9999
23680,6726
23681,9999
23682,6726
23683,2082
23684,6726
23685,6726
23686,6726
23687,6726
23688,6726
23689,6726
23690,6726
23691,6519
23692,6711
23693,6726
23694,6726
23695,6726
23696,6726
23697,6726
23698,6726
23699,6726
23700,6726
23701,6726
23702,6726
23703,6726
23704,3520
23705,6712
23706,6726
23707,6726
23708,6726
23709,6726
23710,6726
23711,6798
23712,4931
23713,6710
23714,6726
23715,9999
23716,9999
23717,9999
23718,6726
23719,9999
23720,4911
23721,4821
23722,9999
23723,9999
23724,9999
23725,9999
23726,9999
23727,0
23728,6726
23729,9999
23730,9999
23731,9999
23732,6726
23733,6726
23734,9999
23735,6726
23736,6726
23737,9999
23738,1481
23739,4011
23740,6123
23741,6726
23742,9999
23744,3812
23745,6726
23746,6726
23747,3510
23748,6122
23749,6726
23750,6726
23751,6726
23752,6726
23753,6726
23754,6726
23755,3585
23756,6710
23757,6726
23758,6726
23759,6726
23760,6726
23761,6726
23762,6726
23763,4830
23764,6726
23765,6726
23766,6726
23767,6726
23768,6726
23769,6726
23770,6799
23771,2750
23772,6730
23773,0
23774,4412
23775,9999
23776,9999
23777,9999
23778,6726
23779,9999
23780,6726
23781,6726
23782,9999
23783,9999
23784,9999
23785,9999
23786,6726
23787,6726
23788,0
23789,9999
23790,9999
23791,9999
23792,9999
23793,9999
23794,9999
23795,9999
23796,9999
23797,6726
23798,3690
23799,6321
23800,5311
23801,9999
23802,9999
23803,9999
23804,9999
23805,9999
23806,9999
23807,6726
23808,6726
23809,6726
23810,6726
23811,6726
23812,6726
23813,9999
23814,9999
23815,9999
23816,7929
23817,6726
23818,6726
23819,1389
23820,6123
23821,6726
23822,6726
23823,6726
23824,6726
23825,6726
23826,6726
23827,4911
23828,6123
23829,6798
23830,6726
23831,6726
23832,6726
23833,6726
23834,6726
23835,4911
23836,6710
23837,6726
23838,6726
23839,6726
23840,6726
23841,6726
23842,6726
23843,2620
23844,6022
23845,6726
23846,6799
23847,6726
23848,6726
23849,1311
23850,6726
23851,4911
23852,0
23853,9999
23854,9999
23855,6726
23856,9999
23857,9999
23858,9999
23859,6726
23860,9999
23861,9999
23862,6726
23863,9999
23864,6726
23865,6726
23866,9999
23867,9999
23868,9999
23869,9999
23870,9999
23871,9999
23872,9999
23873,9999
23874,9999
23875,1442
23876,2844
23877,3714
23878,1211
23879,4939
23880,9999
23881,9999
23882,9999
23883,9999
23884,9999
23885,9999
23886,3532
23887,4931
23888,6726
23889,3569
23890,6726
23891,6726
23892,6726
23893,6726
23894,3362
23895,6531
23896,6726
23897,6726
23898,6726
23899,6726
23900,6726
23901,6726
23902,6726
23903,6726
23904,6726
23905,6726
23906,6726
23907,5611
23908,6710
23909,6726
23910,6726
23911,6726
23912,7929
23913,6726
23914,6726
23915,2621
23916,6021
23917,6726
23918,6726
23919,6726
23920,6726
23921,6726
23922,6726
23923,6711
23924,6712
23925,6726
23926,6726
23927,6726
23928,6726
23929,6726
23930,6726
23931,4911
23932,6726
23933,6726
23934,6726
23935,6726
23936,9999
23937,9999
23938,9999
23939,9999
23940,9999
23941,5812
23942,9999
23943,9999
23944,3519
23945,6726
23946,6726
23947,6726
23948,6726
23949,6726
23950,6726
23951,8731
23952,6726
23953,6726
23954,6726
23955,6726
23956,6726
23957,6726
23958,3520
23959,1311
23960,6726
23961,6726
23962,6726
23963,6726
23964,6726
23965,6726
23966,2410
23967,6150
23968,6726
23969,6726
23970,1389
23971,6726
23972,6726
23973,6726
23974,3430
23975,3714
23976,6726
23977,6726
23978,5999
23979,6726
23980,6726
23981,6726
23982,3720
23983,3253
23984,6726
23985,6726
23986,6726
23987,6726
23988,6726
23989,6719
23990,2821
23991,2515
23992,6726
23993,6799
23994,6719
23995,6799
23996,9999
23997,9999
23998,9999
23999,9999
24000,9999
24001,6726
24002,4931
24003,6150
24004,6726
24005,6726
24006,6726
24007,6726
24008,6726
24009,9999
24010,4911
24011,3499
24012,9999
24013,6726
24014,6726
24015,6726
24016,9999
24017,9999
24018,6726
24019,6726
24020,6726
24021,6726
24022,9999
24023,9999
24024,6726
24025,6726
24026,6726
24027,6726
24028,6726
24029,1041
24030,6726
24031,6726
24032,6726
24033,6726
24034,6726
24035,6726
24036,6726
24037,3634
24038,1040
24039,6726
24040,6726
24041,6726
24042,6726
24043,6726
24044,6726
24045,6711
24046,4832
24047,6726
24048,6726
24049,6726
24050,6726
24051,4522
24052,6726
24053,4931
24054,1311
24055,6726
24056,6726
24057,6726
24058,6726
24059,6726
24060,6799
24061,4920
24062,6790
24063,3639
24064,9999
24065,9999
24066,6726
24067,6726
24068,9999
24069,9999
24070,9999
24071,9999
24072,9999
24073,6726
24074,9999
24075,9999
24076,6726
24077,9999
24078,9999
24079,9999
24080,9999
24081,6726
24082,6726
24083,9999
24084,9999
24085,9999
24086,6799
24087,5047
24088,6145
24089,3841
24090,3578
24091,9999
24092,9999
24093,9999
24094,9999
24095,9999
24096,4911
24097,8090
24098,9999
24099,9999
24100,9999
24101,9999
24102,9999
24103,6726
24104,6726
24105,6726
24106,6726
24107,6726
24108,6726
24109,4911
24110,2831
24111,6726
24112,6726
24113,6726
24114,9999
24115,5499
24116,9999
24117,4931
24118,3840
24119,6726
24120,6726
24121,6726
24122,6726
24123,6726
24124,6726
24125,1211
24126,5621
24127,6726
24128,6726
24129,6726
24130,6726
24131,6726
24132,6726
24133,2910
24134,3079
24135,6726
24136,6726
24137,6726
24138,6726
24139,6726
24140,6726
24141,4923
24142,5331
24143,6726
24144,6726
24145,6726
24146,6726
24147,6726
24148,6726
24149,6726
24150,6726
24151,6726
24152,6726
24153,6726
24154,6726
24155,6726
24156,6726
24157,6726
24158,6726
24159,9999
24160,9999
24161,9999
24162,9999
24163,9999
24164,9999
24165,6726
24166,6726
24167,6726
24168,4000
24169,3732
24171,7374
24172,9999
24173,5199
24174,3825
24175,2043
24176,7813
24177,6030
24178,6726
24179,6726
24180,6726
24181,6726
24182,1081
24183,6726
24184,4931
24185,3161
24186,6726
24187,6726
24188,6726
24189,6726
24190,6726
24191,6726
24192,4911
24193,5013
24194,6726
24195,6726
24196,6726
24197,6726
24198,6726
24199,6726
24200,6726
24201,6799
24202,6726
24203,6726
24204,6726
24205,4911
24206,3613
24207,6726
24208,6726
24209,6726
24210,6726
24211,6726
24212,6726
24213,3714
24214,4212
24215,6726
24216,6726
24217,6726
24218,6726
24219,6726
24220,6726
24221,4911
24222,6726
24223,6726
24224,6726
24225,6726
24226,6726
24227,6726
24228,6726
24229,6726
24230,6726
24231,6726
24232,6726
24233,6726
24234,6726
24235,6726
24236,6726
24237,6726
24238,6726
24239,6726
24240,6726
24241,6726
24242,6726
24243,6726
24244,6726
24245,6726
24246,7389
24247,3841
24248,4931
24249,6020
24250,9999
24251,9999
24252,9999
24253,6726
24254,6726
24255,6726
24256,4931
24257,6711
24258,9999
24259,9999
24260,6726
24261,9999
24262,6726
24263,9999
24264,3334
24265,6550
24266,6726
24267,6726
24268,6726
24269,9999
24270,9999
24271,9999
24272,5169
24273,2230
24274,9999
24275,9999
24276,6726
24277,6726
24278,9999
24279,9999
24280,3269
24281,6711
24282,6726
24283,9999
24284,6726
24285,9999
24286,9999
24287,9999
24288,9999
24289,6726
24290,9999
24291,9999
24292,6726
24293,6726
24294,6799
24295,1044
24296,3578
24297,6726
24298,6798
24299,4931
24300,1380
24301,4911
24302,3841
24328,1311
24329,3851
24336,3634
24344,6211
24352,4931
24360,4924
24378,9999
24379,4931
24380,6726
24381,6726
24382,6726
24383,6726
24384,6726
24385,6726
24386,6726
24387,3714
24388,2511
24389,6726
24390,6726
24391,6726
24392,6726
24393,6726
24394,6726
24395,4930
24396,6726
24397,6726
24398,6726
24399,6726
24400,6726
24401,6726
24402,6726
24403,6726
24404,6726
24405,6726
24406,6726
24407,6726
24408,3490
24409,7372
24410,6726
24411,6726
24412,6726
24413,6726
24414,6726
24415,6726
24416,4911
24417,3674
24418,6726
24419,6726
24420,6726
24421,6726
24422,1081
24423,1311
24424,4911
24425,3573
24426,6726
24427,6726
24428,6726
24429,6726
24430,6726
24431,6726
24432,4911
24433,3679
24434,6726
24435,7389
24436,6726
24437,6726
24438,6726
24439,6726
24440,4932
24441,1041
24442,6726
24443,6726
24444,6726
24445,6726
24446,6726
24447,6726
24448,6726
24449,6726
24450,6726
24451,6726
24452,6726
24453,6726
24454,6726
24455,6726
24456,6726
24457,6726
24458,6726
24459,7361
24460,7374
24461,6726
24462,6726
24463,5139
24464,9999
24465,9999
24466,9999
24467,4931
24468,3560
24469,9999
24470,6726
24471,9999
24472,9999
24473,9999
24474,6726
24475,5610
24476,3826
24477,9999
24478,9999
24479,6726
24480,6726
24481,6726
24482,9999
24483,5961
24484,9999
24485,9999
24486,9999
24487,9999
24488,9999
24489,9999
24490,6726
24491,4911
24492,6726
24493,9999
24494,9999
24495,9999
24496,9999
24497,6411
24498,6726
24499,6726
24500,6726
24501,6726
24502,6726
24503,6726
24504,6149
24505,3429
24506,6726
24507,7374
24508,9999
24509,9999
24510,9999
24511,9999
24512,2080
24513,6711
24514,9999
24515,3316
24516,6163
24517,2099
24518,6726
24519,6726
24520,1310
24521,5960
24522,6726
24523,6726
24524,6726
24525,6726
24526,6726
24527,6726
24528,6726
24529,6726
24530,6726
24531,6726
24532,6726
24533,6726
24534,6726
24535,6726
24536,6726
24537,6726
24538,6726
24539,2043
24540,6020
24541,6726
24542,6726
24543,6726
24544,6726
24545,6726
24546,6726
24547,6710
24548,2835
24549,6726
24550,6726
24551,6726
24552,6726
24553,6726
24554,6726
24555,2063
24556,3840
24557,6726
24558,6726
24559,6726
24560,6726
24561,6726
24562,6726
24563,4911
24564,6311
24565,6726
24566,9999
24567,6726
24568,6726
24569,6726
24570,6726
24571,2912
24572,3711
24573,6726
24574,6726
24575,6726
24576,9999
24577,9999
24578,9999
24579,6726
24580,6726
24581,6726
24582,6726
24583,6726
24584,9999
24585,6726
24586,6726
24587,6726
24588,6726
24589,9999
24590,9999
24591,9999
24592,6719
24593,6726
24594,6726
24595,2819
24596,6726
24597,6726
24598,3651
24599,2331
24600,3312
24601,6711
24602,6726
24603,6726
24604,4449
24605,6719
24606,6726
24607,6726
24608,6726
24609,6726
24610,6726
24611,6726
24612,6726
24613,6726
24614,6726
24615,6726
24616,6726
24617,6726
24618,6726
24619,3621
24620,6025
24621,6726
24622,6726
24623,6726
24624,6726
24625,6726
24626,8999
24627,6711
24628,6022
24629,6726
24630,6726
24631,0
24632,6719
24633,5172
24634,6726
24635,3334
24636,6711
24637,6726
24638,6726
24639,9999
24640,6726
24641,6726
24642,6726
24643,3355
24644,6726
24645,6726
24646,6726
24647,6726
24648,6726
24649,9999
24650,6726
24651,3743
24652,6025
24653,9999
24654,6726
24655,9999
24656,9999
24657,9999
24658,9999
24659,6726
24660,9999
24661,6726
24662,6726
24663,6726
24664,6726
24665,9999
24666,6726
24667,6726
24668,6726
24669,6726
24670,6726
24671,6726
24672,6726
24673,9999
24674,6726
24675,6726
24676,6726
24678,2834
24679,4924
24684,6726
24685,9999
24686,3429
24687,6321
24688,9999
24689,9999
24690,9999
24691,9999
24692,9999
24693,9999
24694,3613
24695,3693
24696,6726
24697,9999
24698,9999
24699,6726
24700,9999
24701,9999
24702,6726
24703,9999
24704,9999
24705,6726
24706,6726
24707,2211
24708,5812
24709,6726
24710,6726
24711,9999
24712,6726
24713,6726
24714,6726
24715,2812
24716,5710
24717,9999
24718,6726
24719,9999
24720,6726
24721,9999
24722,6726
24723,4911
24724,1311
24725,6726
24726,6726
24727,6726
24728,6726
24729,6726
24730,6726
24731,3674
24732,2085
24733,6726
24734,6726
24735,6726
24736,6726
24737,6726
24738,6726
24739,6726
24740,6726
24741,6733
24742,6726
24743,6726
24744,6726
24745,6726
24746,6726
24747,6726
24748,6726
24749,6726
24750,6726
24751,6726
24752,6726
24753,6726
24754,6726
24755,6726
24756,6726
24757,6726
24758,2879
24759,1041
24760,6726
24761,6726
24762,6726
24763,6726
24764,6726
24765,6726
24766,3812
24767,6711
24768,6733
24769,6726
24770,6726
24771,6726
24772,6726
24773,6726
24774,3720
24775,6790
24776,6726
24777,6726
24778,6726
24779,6726
24780,7389
24781,6726
24782,1310
24783,1382
24784,6722
24785,8741
24786,6726
24787,6726
24788,6799
24789,6726
24790,1311
24791,2631
24792,6726
24793,6726
24794,6726
24795,8711
24796,6726
24797,6726
24798,6726
24799,6726
24800,6726
24801,6726
24802,6726
24803,5411
24804,3573
24805,6726
24806,0
24807,7999
24808,3651
24809,6799
24810,2836
24811,3296
24812,6020
24813,0
24814,3999
24815,3663
24816,8731
24817,6798
24818,2211
24819,5411
24820,9999
24821,9999
24822,9999
24823,9999
24824,9999
24825,9999
24826,9999
24827,9999
24828,7371
24829,9999
24830,0
24831,9999
24832,6726
24833,6726
24834,6726
24835,6726
24836,6726
24837,6726
24838,4500
24839,5084
24840,6726
24841,6726
24842,6726
24843,6726
24844,6726
24845,6726
24846,3832
24847,6711
24848,6726
24849,6726
24850,6726
24851,6726
24852,6726
24853,6726
24854,3443
24855,6726
24856,6726
24857,6726
24858,6726
24859,6726
24860,6726
24861,6726
24862,3612
24863,6799
24864,6726
24865,6726
24866,6726
24867,6726
24868,9999
24869,6726
24870,4931
24871,1381
24872,6726
24873,6726
24874,6726
24875,9999
24876,2741
24877,3841
24878,4911
24879,6726
24880,6726
24881,6726
24882,7389
24883,6726
24884,6726
24885,6726
24886,6726
24887,6726
24888,6726
24889,2819
24890,2272
24891,6726
24892,6726
24893,6726
24894,6726
24895,6726
24896,6726
24897,3721
24898,4813
24899,6726
24900,6726
24901,6726
24902,6726
24903,6726
24904,6726
24905,6726
24906,6726
24907,6726
24908,6726
24909,6726
24910,6726
24911,6726
24912,6726
24913,6726
24914,6726
24915,6726
24916,6726
24917,6726
24918,3545
24919,1380
24920,6726
24921,6726
24922,6726
24923,6726
24924,6799
24925,6799
24926,2621
24927,3661
24928,0
24929,8741
24930,8011
24931,8741
24932,6726
24933,6726
24934,6399
24935,4510
24936,6726
24937,9999
24938,9999
24939,9999
24940,6726
24941,9999
24942,3812
24943,1382
24944,6726
24945,6726
24946,9999
24947,6726
24948,9999
24949,6726
24950,5310
24951,4812
24952,9999
24953,9999
24954,9999
24955,6726
24956,6726
24957,9999
24958,6726
24959,6726
24960,6726
24961,9999
24962,6726
24963,6726
24964,8741
24965,8734
24966,6719
24967,7371
24968,6726
24969,4911
24970,6711
24971,3728
24972,7374
24973,6726
24974,6726
24975,6726
24976,6726
24977,2890
24978,7392
24979,6726
24980,6726
24981,6726
24982,6726
24983,7359
24984,6726
24985,4911
24986,6311
24987,6726
24988,6726
24989,6726
24990,6726
24991,6726
24992,6726
24993,1477
24994,6723
24995,6726
24996,6726
24997,6726
24998,6726
24999,6726
25000,6726
25001,6726
25002,1021
25003,6726
25004,6726
25005,2819
25006,1542
25007,6726
25008,6726
25009,6726
25010,6726
25011,2911
25012,7389
25013,2834
25014,6726
25015,6726
25016,9999
25017,9999
25018,9999
25019,6726
25020,9999
25021,2389
25022,4840
25023,9999
25024,9999
25025,9999
25026,9999
25027,9999
25028,9999
25029,9999
25030,6726
25031,9999
25032,6726
25033,6726
25034,9999
25035,9999
25036,9999
25037,9999
25038,9999
25039,9999
25040,9999
25041,9999
25042,2834
25043,9999
25044,9999
25045,6331
25046,7389
25047,6719
25048,2819
25049,5730
25050,9999
25051,9999
25052,9999
25053,9999
25054,9999
25055,9999
25056,4924
25057,2711
25058,9999
25059,9999
25060,9999
25061,9999
25062,9999
25063,9999
25064,3291
25065,6799
25066,9999
25067,9999
25068,6726
25069,6726
25070,6726
25071,6726
25072,4953
25073,3661
25075,6726
25076,6726
25077,6726
25078,6726
25079,6726
25080,6552
25081,6021
25082,6726
25083,6726
25084,6726
25085,6726
25086,6726
25087,6726
25088,6726
25089,6726
25090,6726
25091,6726
25092,6726
25093,6726
25094,6726
25095,6726
25096,6726
25097,6726
25098,6726
25099,4931
25100,3662
25101,5812
25102,4520
25103,6726
25104,6726
25105,6726
25106,6726
25107,6726
25108,6726
25109,6726
25110,6726
25111,6726
25112,6726
25113,6726
25114,6726
25115,6726
25116,6726
25117,6726
25118,6726
25119,6726
25120,6726
25121,6726
25122,6726
25123,6726
25124,6726
25125,6726
25126,6726
25127,6726
25128,2879
25129,6711
25130,6726
25131,6719
25132,6726
25133,6726
25134,9999
25135,6726
25136,4810
25137,2731
25138,6726
25139,6726
25140,6726
25141,9999
25142,9999
25143,9999
25144,4911
25145,6711
25146,6719
25147,7389
25148,6726
25149,6726
25150,6726
25151,6726
25152,2911
25153,6711
25154,6726
25155,6726
25156,6726
25157,6726
25158,6726
25159,6726
25160,2621
25161,6710
25162,6726
25163,6726
25164,6726
25165,6726
25166,6798
25167,6726
25168,6726
25169,6726
25170,6726
25171,6726
25172,6726
25173,6726
25174,6726
25175,6726
25176,6726
25177,6726
25178,6726
25179,1310
25180,6023
25181,6531
25182,6726
25183,6726
25184,6726
25185,6726
25186,6726
25187,7810
25188,2750
25189,6726
25190,6726
25191,6726
25192,6726
25193,6726
25194,6726
25195,3241
25196,2030
25197,7389
25198,1311
25199,6726
25200,6726
25201,6726
25202,6726
25203,6726
25204,6726
25205,9999
25206,6726
25207,6726
25208,4931
25209,6711
25210,6726
25211,6726
25212,6726
25213,6726
25214,0
25215,9999
25216,2819
25217,3561
25218,6726
25219,9999
25220,9999
25221,6726
25222,6726
25223,6726
25224,3720
25225,6311
25226,6726
25228,9999
25229,9999
25230,6726
25231,6726
25232,4924
25233,6711
25234,9999
25235,6726
25236,6726
25237,9999
25238,9999
25239,9999
25240,2810
25241,4950
25242,9999
25243,9999
25244,9999
25245,8399
25246,6799
25247,6726
25248,6726
25249,6726
25250,6726
25251,6726
25252,8069
25253,6726
25254,6733
25255,6726
25256,6726
25257,6726
25258,6726
25259,2310
25260,6711
25261,1081
25262,6726
25263,6726
25264,6726
25265,6726
25266,6726
25267,1311
25268,6726
25269,6726
25270,6726
25271,6726
25272,6726
25273,6726
25274,6726
25275,3660
25276,6798
25277,6726
25278,6726
25279,6726
25280,6726
25281,6726
25282,6726
25283,4911
25284,4925
25285,6726
25286,6733
25287,6733
25288,6733
25289,6726
25290,6726
25291,6025
25292,5094
25293,6726
25294,6726
25295,6726
25296,6726
25297,6726
25298,6726
25299,6726
25300,6726
25301,6726
25302,6726
25303,6726
25304,7359
25305,6025
25306,6726
25307,6726
25308,6726
25309,6726
25310,4512
25311,6726
25312,3728
25313,4923
25314,6726
25315,7323
25316,6726
25317,6726
25318,6726
25319,6726
25320,2000
25321,6730
25322,6726
25323,6726
25324,0
25325,9999
25326,6726
25327,9999
25328,9999
25329,9999
25330,6726
25331,6726
25332,6726
25333,9999
25334,6726
25335,6726
25336,9999
25337,9999
25338,6726
25339,2082
25340,6030
25341,9999
25342,6726
25343,9999
25344,9999
25345,9999
25346,9999
25347,3699
25348,4813
25349,9999
25350,9999
25351,9999
25352,6726
25353,9999
25354,6726
25355,2640
25356,7832
25357,9999
25358,6726
25359,9999
25360,9999
25361,9999
25362,2834
25363,1310
25364,6726
25365,6726
25366,6726
25367,6726
25368,6726
25369,6726
25370,6726
25371,2631
25372,5063
25373,6726
25374,6726
25375,6726
25376,6726
25377,6726
25378,6726
25379,6726
25380,6726
25381,6726
25382,6726
25383,6726
25384,6726
25385,6726
25386,6726
25387,6726
25388,6726
25389,6726
25390,6726
25391,6719
25392,9999
25393,9999
25394,9999
25395,6726
25396,9999
25397,9999
25398,3662
25399,7370
25400,2621
25401,3662
25402,9999
25403,9999
25404,9999
25405,6726
25406,9999
25407,9999
25408,6726
25409,6726
25410,9999
25411,6726
25412,6726
25413,6726
25414,6726
25415,9999
25416,9999
25417,9999
25418,6726
25419,3639
25420,1731
25421,9999
25422,9999
25423,6726
25424,6726
25425,6726
25426,9999
25427,2621
25428,6023
25429,6726
25430,9999
25431,6726
25432,6726
25433,9999
25434,7389
25435,2080
25436,6711
25437,6512
25438,0
25439,6726
25440,6726
25441,1311
25442,6726
25443,4911
25444,6021
25445,6726
25446,6726
25447,6726
25448,6726
25449,6726
25450,6726
25451,3310
25452,3660
25453,6726
25454,6726
25455,6726
25456,6726
25457,6726
25458,6726
25459,6726
25460,6726
25461,6726
25462,6726
25463,6726
25464,6726
25465,6726
25466,0
25467,6726
25468,6726
25469,5411
25470,6726
25471,8731
25472,6726
25473,6726
25474,6726
25475,6726
25476,6726
25477,6726
25478,1041
25479,6710
25480,6726
25481,8748
25482,7389
25483,6726
25484,6726
25485,6726
25486,3732
25487,6531
25488,6726
25489,6726
25490,6726
25491,6726
25492,6726
25493,6726
25494,1310
25495,7370
25496,6726
25497,6726
25498,6726
25499,6726
25500,6726
25501,6726
25502,6726
25503,6726
25504,6726
25505,6726
25506,6726
25507,3316
25508,6720
25509,6726
25510,6726
25511,6726
25512,6726
25513,6726
25514,6726
25515,6552
25516,6726
25517,6726
25518,6726
25519,6726
25520,6726
25521,6726
25522,6726
25523,4911
25524,4910
25525,6726
25526,6726
25527,6726
25528,6726
25529,6726
25530,6726
25531,5099
25532,6726
25533,6726
25534,6726
25535,6726
25536,6726
25537,6726
25538,6726
25539,6726
25540,6726
25541,6726
25542,6726
25543,6726
25544,6726
25545,6726
25546,6726
25547,6799
25548,7389
25549,9999
25550,9999
25551,6726
25552,6726
25553,6726
25554,9999
25555,6726
25556,9999
25557,9999
25558,6723
25559,3820
25560,9999
25563,6726
25564,6726
25565,6726
25566,6159
25567,3070
25569,6726
25570,6726
25571,9999
25572,9999
25574,3585
25575,3677
25576,6726
25577,6726
25578,6726
25579,6726
25580,6726
25581,6726
25582,3812
25583,8063
25584,6726
25585,6726
25586,6726
25587,6726
25588,6726
25589,6726
25590,4924
25591,1521
25592,6726
25593,6726
25594,6726
25595,6726
25596,6726
25597,6726
25600,6726
25602,6726
25603,1021
25604,5060
25605,6726
25606,6726
25607,6726
25608,6726
25609,6726
25610,6726
25611,4832
25612,7372
25613,6726
25614,6726
25615,6726
25617,6726
25618,6726
25619,6726
25620,9999
25625,9999
25626,9999
25627,9999
25628,9999
25629,9999
25630,9999
25631,9999
25632,9999
25633,9999
25634,6726
25635,9999
25636,9999
25637,7538
25638,3568
25639,6311
25640,8351
25641,6726
25642,6726
25643,6726
25644,6726
25645,6726
25646,5122
25647,7392
25648,6726
25649,6726
25650,6726
25651,6726
25652,6726
25653,6726
25654,3499
25655,7370
25656,6726
25657,6726
25658,6726
25659,9999
25660,9999
25661,1531
25662,2823
25663,6726
25664,6726
25665,6726
25666,6726
25667,6726
25668,6726
25669,6726
25670,3313
25671,3574
25672,6726
25673,6712
25674,6726
25675,6726
25676,6726
25677,6726
25678,6726
25679,6726
25680,6726
25681,6726
25682,6798
25683,6726
25684,7999
25685,6726
25686,6726
25687,5045
25688,6726
25689,2211
25690,7392
25691,6726
25692,6726
25693,6726
25694,6726
25695,6726
25696,6726
25697,3841
25698,3573
25699,6726
25700,7389
25701,6726
25702,6726
25703,6726
25704,6726
25705,6726
25706,6726
25707,6726
25708,6726
25709,6726
25710,6726
25711,9999
25712,9999
25713,6726
25714,9999
25715,9999
25716,9999
25717,9999
25718,3556
25719,7299
25720,6726
25721,9999
25722,9999
25723,9999
25724,9999
25725,6726
25726,6723
25727,3570
25728,9999
25729,9999
25730,9999
25731,9999
25732,6726
25733,6726
25734,3310
25735,3573
25736,6726
25737,6726
25738,6726
25739,6726
25740,6726
25741,9999
25742,2030
25743,3573
25744,9999
25745,9999
25746,9999
25747,6726
25748,6726
25749,9999
25750,3721
25751,7374
25752,6726
25753,6726
25754,6726
25755,9999
25756,9999
25757,9999
25758,9999
25759,9999
25760,9999
25761,9999
25762,6726
25763,6726
25764,6726
25765,9999
25766,9999
25767,9999
25768,9999
25769,1311
25770,3570
25771,9999
25772,6726
25773,2086
25774,7389
25775,6726
25776,6726
25777,3830
25778,7372
25779,6726
25780,6726
25781,6726
25782,6726
25783,6726
25784,9999
25785,3711
25786,2833
25789,9999
25790,6726
25791,6726
25792,6726
25793,2816
25794,7379
25795,6726
25796,6726
25797,6726
25798,9999
25799,3949
25800,6726
25801,6726
25802,6726
25803,0
25804,9999
25805,9999
25806,2641
25807,3570
25808,9999
25809,6726
25810,6726
25811,6726
25812,6726
25813,6726
25814,3499
25815,5990
25816,9999
25817,9999
25818,6726
25819,7011
25820,9999
25821,6726
25822,2410
25823,8742
25824,6726
25825,6726
25826,6726
25827,6726
25828,6726
25829,7929
25830,4611
25831,5080
25832,1474
25833,0
25834,6726
25835,6726
25836,6726
25837,6726
25838,6726
25839,6726
25840,6726
25841,6726
25842,6726
25843,6726
25844,6726
25845,6726
25846,6726
25847,6726
25848,6726
25849,3622
25850,3573
25851,6726
25852,6726
25853,6726
25854,6726
25855,6726
25856,6726
25857,3690
25858,3693
25859,6726
25860,6726
25861,9999
25862,9999
25863,6726
25864,9999
25865,3275
25866,7374
25867,6726
25868,9999
25869,9999
25870,9999
25871,9999
25872,9999
25873,6711
25874,7372
25875,9999
25876,9999
25877,9999
25878,6726
25879,6726
25880,6726
25881,3079
25882,3573
25883,6726
25884,6726
25885,6726
25886,9999
25887,6726
25888,6726
25889,9999
25890,9999
25891,9999
25892,6726
25893,6726
25894,6726
25895,6726
25896,6726
25897,6726
25898,6726
25899,6726
25900,6726
25901,6726
25902,3229
25903,3573
25904,6726
25905,6726
25906,6726
25907,6726
25908,6726
25909,6726
25910,2032
25911,7379
25912,6726
25913,6726
25914,6726
25915,6726
25916,7371
25917,6726
25918,6726
25919,6726
25920,6726
25921,6726
25922,6726
25923,6726
25924,6726
25925,6726
25926,6726
25927,6726
25928,6726
25929,2329
25930,7394
25931,6726
25932,6726
25933,6726
25934,6726
25935,6726
25936,6726
25937,3144
25938,7372
25939,6726
25940,6726
25941,6726
25942,6726
25943,6726
25944,6726
25945,6790
25946,3677
25947,6726
25948,6726
25949,6726
25950,6726
25951,6726
25952,6726
25953,3585
25954,7374
25955,6726
25956,6726
25957,6726
25958,6726
25959,6726
25960,6726
25961,4841
25962,7399
25963,6726
25964,6726
25965,6726
25966,6726
25967,6726
25968,6726
25969,6726
25970,6726
25971,6726
25972,6726
25973,6726
25974,6726
25975,6726
25976,6726
25977,0
25978,9999
25979,9999
25980,9999
25981,9999
25982,6726
25983,6726
25984,6726
25985,6726
25986,6726
25987,6726
25988,2844
25989,7370
25990,9999
25991,6726
25992,6726
25993,6726
25994,0
25995,6726
25996,3570
25997,7379
25998,9999
25999,6726
26000,6726
26001,6726
26002,9999
26003,9999
26004,0
26005,9999
26006,0
26007,0
26008,3269
26009,3570
26010,9999
26011,0
26012,9999
26013,6726
26014,9999
26015,9999
26016,3634
26017,9999
26018,6726
26019,6726
26020,6726
26021,6726
26022,6726
26023,9999
26024,3546
26025,7374
26026,6726
26027,9999
26028,6726
26029,6726
26030,6726
26031,9999
26032,4920
26033,3573
26034,9999
26035,9999
26036,6726
26037,0
26040,1051
26041,7374
26059,3725
26060,7370
26067,5311
26068,7379
26075,4449
26076,7379
26083,1221
26084,7371
26091,3490
26092,3573
26104,4920
26105,3573
26112,4512
26113,7372
26120,1311
26121,5990
26139,3610
26140,7379
26147,3810
26148,4899
26155,3613
26156,7379
26163,4512
26171,3811
26172,7392
26198,2621
26199,7372
26200,2812
26201,3660
26219,3612
26220,3573
26227,3041
26228,0
26235,3679
26236,7933
26243,3313
26244,3573
26251,3811
26252,7371
26278,3931
26279,7372
26286,3241
26287,7370
26294,3812
26295,3570
26307,3573
26308,5812
26315,3350
26316,3841
26323,7819
26331,3523
26332,6099
26358,2830
26359,6723
26366,3559
26367,3350
26374,2844
26375,5082
26382,1221
26383,6711
26390,2834
26391,6311
26403,7996
26404,6711
26411,3250
26438,3861
26439,5540
26446,2649
26447,6025
26454,3541
26455,4941
26462,6531
26463,4941
26470,1382
26471,3660
26489,3811
26490,7372
26497,4213
26498,5631
26518,3851
26519,3769
26526,2026
26534,3531
26535,6790
26542,3523
26550,6021
26551,6790
26569,3312
26570,6513
26577,2821
26578,5093
26585,4911
26586,2621
26593,2741
26594,1311
26606,4911
26607,6719
26614,4911
26622,3694
26630,6149
26631,0
26649,6722
26650,6519
26657,5411
26658,5812
26665,3764
26666,5211
26673,3662
26681,2834
26682,6150
26702,6149
26703,6311
26710,6331
26711,4940
26729,3721
26737,4813
26738,3060
26745,2833
26746,2899
26753,3315
26754,6711
26761,3824
26762,6311
26788,4922
26789,6710
26796,3350
26797,6723
26809,3272
26810,8051
26817,5531
26818,3535
26825,2041
26826,6030
26833,3714
26834,8050
26841,5812
26868,2211
26876,4742
26877,7372
26884,3079
26892,5411
26905,3241
26906,3674
26913,3651
26914,2431
26921,3581
26922,6552
26948,3317
26949,8999
26956,2810
26957,3851
26964,4441
26965,7372
26972,2210
26973,3070
26980,3519
26981,6711
26999,3810
27000,6711
27019,3660
27020,3662
27027,2731
27028,5411
27035,3241
27036,3570
27043,3845
27044,3020
27051,3643
27052,1310
27078,3442
27086,7813
27087,5731
27094,3662
27095,6411
27107,3714
27108,5812
27115,6123
27116,3494
27123,3728
27124,2830
27131,1541
27158,2048
27166,3269
27167,3577
27174,2335
27175,1311
27182,3661
27183,1100
27190,3841
27203,3843
27204,3841
27211,5984
27212,2653
27238,3581
27239,3677
27247,7372
27254,6021
27255,3840
27262,2620
27263,6021
27270,3011
27271,1011
27289,5411
27290,5331
27297,6122
27318,3312
27319,6792
27326,3569
27327,3693
27334,2952
27335,6280
27342,3563
27343,3573
27350,5143
27369,3662
27370,3573
27377,5051
27378,5134
27385,4931
27386,2840
27393,5411
27394,2844
27406,1629
27407,3870
27414,4011
27415,7299
27422,1081
27423,1311
27430,3011
27431,6310
27449,3241
27450,5812
27457,3631
27458,2337
27465,1477
27466,6025
27473,3636
27474,2730
27481,2097
27482,4210
27502,3569
27503,5712
27510,2086
27511,6798
27529,2843
27530,2335
27537,2730
27538,1530
27545,3313
27546,1382
27553,2311
27554,5812
27561,4011
27562,5812
27588,5611
27589,3143
27596,6211
27597,3944
27609,3362
27610,2522
27617,6510
27618,6411
27625,4920
27626,6552
27633,7513
27634,7372
27641,3297
27642,8071
27668,3559
27669,6411
27676,5984
27677,1311
27684,5065
27685,1311
27692,6711
27693,1040
27705,3674
27706,3662
27713,3826
27714,6331
27721,3643
27722,7370
27748,4011
27749,3540
27756,1311
27757,3541
27764,3143
27765,2026
27772,3546
27773,5530
27780,3452
27781,5531
27799,3811
27800,5942
27801,6723
27802,1040
27828,3571
27829,2283
27836,2335
27837,6411
27844,6723
27845,3670
27852,2844
27860,3823
27861,5812
27879,2844
27880,6025
27887,3841
27888,6712
27895,4511
27896,5411
27908,4923
27909,2211
27916,2711
27917,1080
27924,2731
27925,3993
27932,5411
27940,6723
27959,4911
27960,3944
27967,3711
27968,7993
27975,6733
27983,3577
27984,3660
27991,4911
27992,5960
28003,3552
28004,7824
28011,2621
28012,5810
28038,3441
28039,3490
28046,7390
28047,3660
28054,3662
28055,2760
28062,2844
28063,3840
28070,2911
28071,7379
28089,3351
28090,3662
28097,3559
28098,3652
28118,3634
28126,2731
28127,6030
28134,3533
28135,3823
28142,1799
28143,7374
28150,3811
28151,3570
28169,3674
28170,3714
28177,6122
28178,3860
28185,3574
28186,6211
28193,2891
28206,5411
28207,2840
28215,2511
28222,2842
28223,2011
28230,2911
28231,8730
28249,3660
28250,5999
28257,3579
28258,7399
28265,6711
28266,8930
28273,6723
28274,8911
28281,5610
28282,3842
28302,2841
28303,5310
28310,2841
28311,5411
28329,2085
28330,5451
28337,3662
28338,3840
28345,1311
28346,3570
28353,2047
28354,1382
28361,5812
28362,1382
28388,6798
28389,1311
28396,3430
28409,6711
28410,0
28417,2834
28418,6122
28425,4811
28426,1382
28433,3241
28434,2830
28441,1731
28442,1541
28468,2211
28469,3851
28476,6144
28477,3542
28484,2911
28485,6711
28492,6711
28493,5949
28505,2834
28506,5390
28513,3331
28514,5271
28521,2611
28522,5910
28548,4832
28549,3661
28556,1311
28557,5133
28564,3672
28565,7379
28572,2754
28573,3570
28580,4832
28599,3423
28600,7374
28601,3334
28602,7372
28628,3592
28629,3570
28636,2649
28637,7372
28644,3714
28645,6711
28652,2830
28653,3573
28660,1311
28661,3079
28679,3041
28687,1511
28688,7374
28695,3714
28696,3670
28708,3315
28709,7372
28716,3069
28717,5081
28724,5084
28725,3570
28732,3769
28733,3651
28740,3728
28741,8911
28759,5661
28760,3860
28767,6144
28768,3573
28775,7523
28776,3832
28783,4011
28784,3660
28791,3312
28804,4512
28805,7379
28812,2281
28813,3679
28820,3443
28839,6552
28840,3840
28847,4512
28848,3570
28855,3011
28856,3573
28863,7813
28864,7370
28871,3679
28872,3570
28898,3660
28899,3573
28900,2621
28901,7819
28919,2385
28920,3573
28927,3330
28928,3570
28935,5013
28936,7379
28943,1311
28944,5080
28952,3823
28978,2752
28979,6710
28986,2731
28987,2844
28994,6145
28995,7379
29006,3610
29014,2621
29015,5042
29022,2298
29023,3589
29030,1389
29031,2013
29049,2911
29050,1380
29057,1031
29058,8090
29065,3499
29066,3643
29073,3679
29081,2911
29102,1381
29103,3751
29111,5620
29129,2087
29130,3441
29137,3999
29138,1311
29145,5091
29153,7390
29154,3820
29161,3662
29162,3662
29188,3861
29189,5990
29196,4923
29197,1380
29209,5045
29210,3670
29217,3499
29218,1300
29225,1311
29226,5411
29233,3620
29234,6794
29241,5141
29242,7374
29268,7391
29269,4213
29276,5065
29277,3573
29284,3351
29285,4924
29292,4011
29293,1380
29305,2892
29306,3443
29313,2060
29314,1381
29321,1021
29322,4441
29348,5651
29349,2512
29356,2250
29357,3829
29364,5722
29365,3573
29372,3941
29380,3651
29399,3661
29400,3660
29401,3429
29402,5086
29428,1211
29429,3843
29436,2211
29437,2840
29444,6552
29445,8021
29452,6711
29453,6512
29460,1311
29461,1311
29479,2311
29480,6711
29487,7393
29488,6712
29495,2869
29496,8071
29508,6722
29509,752
29516,6025
29517,3662
29524,1311
29525,5712
29532,5088
29533,3567
29540,1711
29541,3581
29559,3662
29560,3662
29567,3573
29568,3660
29575,2721
29576,2860
29583,2065
29584,4780
29591,1311
29592,4784
29604,1311
29605,4924
29612,5085
29613,6711
29620,5661
29621,1610
29639,5065
29640,1311
29647,4813
29648,6159
29655,3873
29656,8240
29663,7395
29664,1311
29671,2335
29698,5812
29699,3660
29700,3549
29701,3564
29719,2844
29720,3573
29727,5984
29728,2830
29735,2013
29736,2830
29743,5411
29744,2830
29751,2992
29752,3841
29778,2844
29779,3679
29786,3569
29787,8092
29794,7948
29795,1310
29807,4911
29808,1211
29815,3429
29816,2899
29823,3325
29824,1310
29831,4925
29832,2835
29858,2844
29859,8099
29866,2111
29867,2141
29874,2111
29875,3679
29882,4911
29890,2911
29903,3811
29904,3259
29911,2411
29912,3820
29938,2085
29939,3674
29946,2085
29947,3573
29954,2253
29955,7299
29962,6351
29963,1040
29970,3452
29971,3573
29989,3699
29990,3679
29997,3330
29998,3662
30007,6711
30008,7372
30015,5099
30016,7399
30023,3662
30024,3661
30031,4712
30032,3651
30058,5661
30059,3660
30066,110
30067,3660
30074,3531
30075,3573
30082,3660
30083,7372
30090,1311
30091,5080
30103,6799
30111,4911
30112,2013
30138,6411
30139,7393
30146,6331
30147,3820
30154,1041
30155,3679
30162,3731
30163,5065
30170,2051
30171,6552
30189,3241
30190,1311
30197,1310
30198,5141
30218,1311
30219,0
30226,1629
30227,3573
30234,1311
30235,3640
30242,1081
30243,8911
30250,3812
30251,3531
30269,1311
30270,3949
30277,1311
30278,5812
30285,6531
30286,8931
30293,1311
30294,3952
30306,6790
30307,3952
30314,6512
30315,3820
30322,6552
30323,8011
30330,4833
30331,2830
30349,3652
30350,5149
30357,2030
30358,3573
30365,2013
30366,2361
30373,2111
30374,1311
30381,3143
30382,5331
30402,5051
30403,3569
30410,7948
30411,4940
30429,2810
30430,6711
30437,6211
30438,2330
30445,3699
30446,6531
30453,1382
30454,1040
30461,3499
30462,4899
30488,7932
30489,5712
30496,1311
30497,6794
30509,3452
30510,1382
30517,1040
30518,4924
30525,4222
30526,1310
30533,3321
30534,1310
30541,7829
30542,7311
30568,5063
30576,3612
30577,3673
30584,3622
30592,3573
30593,1380
30605,3523
30606,5812
30613,3490
30614,2010
30621,1311
30622,3710
30648,3820
30649,2834
30656,2311
30657,2721
30664,3271
30665,2221
30672,1031
30673,7011
30680,3312
30681,7311
30699,6510
30700,3825
30701,5331
30702,6025
30728,4911
30729,3364
30736,3559
30737,5620
30744,7382
30752,3494
30753,7395
30760,2653
30761,3679
30779,3811
30780,2024
30787,3732
30788,3564
30795,1094
30796,1041
30808,6552
30809,5120
30816,1311
30817,6711
30824,3724
30825,3640
30832,7999
30833,5331
30840,3585
30841,5014
30859,6140
30867,3581
30868,3824
30875,2851
30876,5810
30883,4231
30884,7372
30891,2085
30892,3710
30904,2085
30905,3079
30912,6411
30913,6311
30920,2086
30921,6311
30939,2086
30940,3594
30947,2281
30948,5122
30955,6519
30963,3811
30964,8081
30971,2911
30972,7374
30998,1311
31018,5080
31019,3555
31026,5311
31027,5086
31034,3499
31035,2450
31042,2911
31043,3629
31050,5911
31051,3810
31069,1311
31070,7373
31077,3812
31078,3663
31085,3563
31086,3662
31093,2834
31094,1382
31106,2834
31107,3577
31114,3253
31115,7390
31122,6510
31123,6711
31130,3431
31131,3573
31149,1041
31150,5550
31157,2851
31158,3573
31165,5611
31166,7394
31173,6552
31174,7273
31181,2648
31182,3674
31202,6552
31203,7690
31210,3260
31211,3825
31229,1311
31230,1311
31237,3630
31238,6330
31245,2085
31246,3579
31253,5411
31254,1380
31261,2833
31262,6711
31288,1311
31289,5063
31296,3312
31297,3662
31309,2211
31310,3620
31317,2211
31318,2835
31325,2621
31326,3423
31333,3559
31341,3079
31342,3573
31368,3552
31369,1311
31376,3356
31377,2819
31384,5912
31385,7370
31392,1389
31393,3662
31405,3011
31406,5080
31413,2251
31414,2090
31421,3641
31422,1481
31448,1474
31449,2834
31456,1731
31457,2320
31464,3662
31465,3312
31472,7375
31473,6799
31480,3420
31481,6150
31499,4213
31500,6722
31501,3411
31528,6211
31529,3811
31536,3694
31537,1311
31544,2841
31552,3812
31553,2875
31560,3494
31561,3569
31579,3613
31580,3585
31587,2794
31595,3429
31596,5039
31608,3670
31609,3312
31616,3662
31617,7814
31624,3662
31625,4911
31632,3622
31640,3944
31659,4583
31667,3662
31668,5190
31675,3316
31676,6711
31683,2392
31691,3679
31692,8240
31704,2721
31705,6531
31712,3651
31713,1380
31720,2819
31721,7391
31739,1099
31740,5812
31747,3829
31748,5812
31755,3714
31756,3792
31763,2844
31764,4911
31771,5030
31772,0
31798,2810
31799,2834
31800,1211
31801,2834
31819,5441
31820,8299
31827,1311
31835,5311
31836,3452
31843,5065
31844,5311
31851,1311
31852,3423
31878,7813
31879,6025
31886,6025
31887,3573
31894,6552
31895,6411
31907,6123
31908,7370
31915,3811
31916,3790
31923,3310
31924,6211
31931,5331
31932,0
31958,2011
31959,3622
31966,3711
31967,5599
31974,6512
31975,3842
31982,7395
31983,3841
31990,1044
31991,3621
32002,5722
32003,2820
32010,3999
32011,3823
32029,1510
32030,3840
32037,2522
32038,7393
32045,2411
32046,7359
32053,5912
32054,3550
32061,3670
32062,3825
32088,2311
32089,3660
32096,2311
32097,3677
32109,4911
32110,3670
32117,3312
32118,3840
32125,3691
32126,3674
32133,1530
32134,3620
32141,6552
32142,5081
32168,3694
32169,7370
32176,5980
32177,3573
32184,2435
32192,5311
32193,7374
32205,5411
32206,5812
32213,1041
32221,3940
32222,4841
32248,5311
32249,6550
32256,2085
32264,7393
32265,2121
32272,3691
32273,5812
32280,2259
32281,4941
32299,1623
32300,2834
32301,2732
32302,6711
32328,5944
32329,5961
32336,3914
32337,0
32344,3446
32352,3069
32360,1382
32361,1311
32379,2819
32380,5812
32387,7933
32388,1380
32395,5040
32396,6411
32408,3728
32409,4742
32416,6723
32417,3693
32424,2032
32425,4511
32432,1311
32433,5651
32440,2851
32441,6324
32459,2851
32460,6331
32467,3792
32468,6311
32475,2731
32476,6025
32483,6552
32484,1311
32491,1311
32492,3951
32504,3679
32512,4899
32513,6331
32520,2011
32521,6331
32539,5060
32540,3577
32547,1629
32548,3714
32555,2399
32556,1311
32563,3536
32564,3999
32571,5699
32572,3999
32598,4911
32599,7372
32600,5063
32619,3592
32620,3810
32627,2752
32628,1310
32635,6552
32636,8730
32643,2011
32644,3664
32651,1041
32652,4930
32678,3724
32679,3820
32686,2844
32687,1311
32694,3452
32695,1311
32707,1381
32708,131
32715,5082
32716,5140
32723,3714
32724,3674
32731,3715
32732,5074
32758,5411
32759,1311
32766,3551
32774,3582
32775,3519
32782,3317
32783,7379
32790,1041
32791,1381
32803,5172
32804,1380
32811,3699
32838,5611
32839,3660
32846,6723
32847,1310
32854,1311
32855,5081
32862,1311
32863,2833
32870,2011
32889,5812
32890,1310
32897,5961
32898,7391
32918,3356
32926,3499
32927,6552
32934,3643
32935,0
32942,3699
32943,4924
32950,6799
32951,8999
32969,2253
32970,1310
32977,5399
32978,1380
32985,2911
32986,4924
32993,3699
32994,5080
33005,3714
33006,1311
33013,2011
33014,2640
33021,2410
33048,3621
33049,3820
33056,6321
33057,2051
33064,6531
33065,3662
33072,2819
33073,4925
33080,2111
33081,2741
33099,2911
33100,0
33101,2111
33102,5990
33128,4811
33129,3549
33136,3670
33137,2830
33144,6149
33145,3079
33152,1511
33153,3580
33160,6723
33161,3811
33179,2241
33187,1311
33188,3823
33195,2011
33196,7030
33208,6510
33209,8071
33216,6531
33217,7629
33224,6792
33225,6531
33232,2086
33233,3662
33240,2399
33241,7370
33259,3211
33260,3660
33267,3674
33268,6159
33275,4922
33276,7948
33283,8911
33284,3433
33291,5122
33292,3530
33304,5911
33305,6711
33312,6021
33313,6711
33320,6799
33321,6311
33339,3339
33340,6330
33347,5944
33348,6123
33355,3490
33363,3569
33371,1021
33372,6790
33398,3479
33399,7394
33400,5065
33401,1041
33419,2999
33420,1311
33427,3613
33428,5210
33435,1311
33436,3599
33443,1041
33451,2782
33452,3663
33478,2340
33479,2451
33486,5311
33487,3899
33494,5719
33495,6720
33507,7011
33508,8732
33515,6799
33516,7380
33523,2335
33524,3679
33531,3312
33532,3949
33558,3612
33559,6711
33566,1311
33567,3661
33574,3651
33575,4924
33582,1041
33583,2030
33590,3312
33591,2512
33603,3644
33604,6552
33611,3630
33612,3573
33638,3523
33639,5680
33646,6552
33647,1311
33654,5719
33655,2834
33662,3550
33663,0
33670,3647
33689,3520
33690,7372
33697,5013
33698,1382
33718,6552
33719,6331
33726,5611
33727,6711
33734,2292
33735,6711
33742,3648
33743,1311
33750,2819
33751,1311
33769,3541
33770,6794
33777,3873
33778,3823
33785,3679
33786,3832
33793,2031
33794,2833
33806,6711
33807,6711
33814,1311
33815,1311
33822,1031
33823,3490
33830,3662
33831,0
33849,3679
33850,3861
33857,7814
33858,3841
33865,3291
33866,6210
33873,5962
33874,3861
33881,4511
33882,6022
33902,1311
33903,4212
33910,3953
33911,3070
33929,1311
33930,6711
33937,6719
33945,2310
33953,3079
33954,5812
33961,3452
33962,7941
33988,3829
33989,7392
33996,3011
33997,3573
34008,5065
34009,5714
34016,3569
34017,5940
34024,2654
34025,3679
34032,3432
34033,3670
34040,3523
34041,7372
34059,3272
34067,3334
34068,7011
34075,2841
34076,7933
34083,3728
34091,4222
34104,2819
34112,2819
34113,1311
34120,2819
34121,2541
34139,2063
34140,1389
34147,3662
34155,3549
34156,2752
34163,6722
34171,6159
34172,3494
34198,5621
34199,5812
34200,5099
34201,8010
34219,6711
34220,6361
34227,3361
34228,8080
34235,4511
34236,5812
34243,2869
34244,3661
34251,2869
34278,3079
34279,2833
34286,3651
34287,4813
34294,3499
34295,3550
34307,1311
34308,3662
34315,2211
34316,6311
34323,4811
34324,6710
34331,2341
34332,5411
34358,7819
34359,5141
34366,3751
34367,2095
34374,3651
34382,6711
34383,6410
34390,5099
34391,6311
34403,2511
34404,3564
34411,3559
34438,5013
34439,2844
34446,2311
34447,5812
34454,2048
34462,5311
34463,3452
34470,7394
34471,6711
34489,2082
34490,5730
34497,2211
34498,6311
34518,3662
34519,6723
34526,3569
34527,6711
34534,1311
34535,1310
34542,7819
34550,3635
34551,7394
34569,3651
34570,6531
34577,4612
34578,3670
34585,5812
34586,1020
34593,2335
34594,2782
34606,2844
34607,3711
34614,2542
34615,8999
34622,3333
34623,3570
34630,3841
34631,6711
34649,5651
34650,6123
34657,5050
34658,6710
34665,3714
34666,8099
34673,3533
34674,6711
34681,2363
34682,6311
34702,1081
34703,6311
34710,4011
34711,3829
34729,3612
34730,5947
34737,2052
34738,3670
34745,3321
34746,6711
34753,1311
34754,6022
34761,4011
34788,1061
34789,0
34796,4511
34797,5141
34809,2850
34810,3079
34817,3441
34818,7336
34825,3678
34826,3670
34833,1311
34834,7379
34841,4581
34842,6711
34868,3644
34869,6530
34876,3955
34877,6281
34884,1021
34885,6162
34892,2111
34893,6711
34905,7312
34906,6124
34913,3069
34914,8411
34921,6723
34922,5190
34936,6794
34937,5060
34938,4812
34939,4812
34948,2325
34949,2869
34956,7832
34957,2066
34964,1499
34965,5961
34972,6711
34973,3570
34980,4811
34981,6282
34999,2992
35000,4511
35019,5099
35020,3820
35027,3494
35028,3660
35035,5411
35036,6711
35043,3523
35044,6022
35051,3569
35052,6711
35078,1311
35079,6025
35086,1311
35087,6025
35094,2899
35095,0
35107,3672
35108,6025
35115,3951
35116,6710
35123,3951
35124,7323
35131,1041
35132,6719
35158,3551
35159,7813
35166,3569
35167,6021
35174,6552
35175,6021
35182,5411
35183,6711
35190,5912
35191,6711
35203,3089
35204,6712
35211,2911
35238,5531
35239,6711
35246,2086
35254,2879
35255,1521
35262,7395
35263,6711
35270,2211
35271,6531
35289,3569
35297,5099
35298,6550
35318,1389
35319,6028
35326,3429
35327,5960
35334,3312
35335,6311
35342,3728
35343,6711
35350,3499
35351,6710
35369,3651
35370,6711
35377,3079
35378,6711
35385,4011
35386,6711
35393,3499
35394,6311
35406,3069
35407,6710
35414,5961
35415,6310
35422,2429
35423,6710
35430,3551
35431,6020
35449,3661
35450,2615
35457,3949
35458,6030
35465,2821
35466,7372
35473,2821
35474,6030
35481,6552
35482,6030
35502,6711
35503,6030
35510,6792
35511,6030
35529,2851
35530,6020
35537,2731
35538,6020
35545,2511
35546,7399
35553,6798
35554,6022
35561,6798
35562,6211
35588,1081
35589,6310
35596,3631
35597,6610
35609,5812
35610,6122
35617,4924
35625,4811
35626,6020
35633,2259
35634,6122
35641,3613
35668,1479
35669,6311
35676,4911
35677,6799
35684,3140
35685,6020
35692,6711
35693,6710
35705,3310
35706,7374
35713,6799
35714,6711
35721,2099
35722,6711
35748,5311
35749,6790
35756,2011
35757,6710
35764,6799
35765,6711
35772,6519
35780,7011
35781,6022
35799,3561
35800,6711
35801,4833
35802,6711
35828,2311
35829,6030
35836,6331
35837,6711
35844,3484
35845,6162
35852,3339
35853,6710
35860,3310
35861,6123
35879,3639
35880,6711
35887,3599
35888,6710
35895,5811
35896,6025
35908,5311
35909,6711
35916,5083
35917,6020
35924,1031
35925,6799
35932,9999
35933,6799
35940,5051
35941,6711
35959,6145
35960,6711
35967,4920
35968,1311
35975,3351
35976,6025
35983,3313
35984,6123
35991,2821
35992,6710
36003,7342
36004,6711
36011,3724
36012,6025
36038,6519
36039,6025
36046,7948
36054,1044
36055,6025
36062,3079
36063,6025
36070,2279
36071,6025
36089,6552
36097,6723
36098,6025
36118,2911
36119,6025
36126,3811
36127,6712
36134,3442
36135,5411
36142,3710
36150,3429
36151,6711
36169,2611
36177,3567
36178,6030
36185,2061
36186,6711
36193,1311
36194,6711
36206,3999
36207,6059
36214,2320
36215,6025
36222,5111
36223,6552
36230,3259
36231,6020
36249,5661
36250,6025
36257,2048
36258,6711
36265,7813
36266,6123
36273,1311
36274,6020
36281,2011
36282,6711
36302,5099
36303,6711
36310,4511
36311,6020
36329,2030
36330,6023
36337,3679
36338,6122
36345,5013
36346,6020
36353,6211
36354,6711
36361,1311
36362,6711
36388,3651
36389,6711
36396,7231
36397,6021
36409,3662
36410,6711
36417,3111
36418,4722
36425,3662
36426,6040
36433,3499
36441,4941
36442,6711
36468,2851
36469,6021
36476,2851
36477,6711
36484,5411
36485,6610
36492,2951
36493,6711
36505,3711
36506,6711
36513,3711
36514,6025
36521,3662
36548,3339
36549,6711
36556,1044
36557,6711
36564,3711
36565,6710
36572,5311
36573,6711
36580,1311
36581,1381
36599,3636
36600,6059
36601,2899
36602,6711
36628,3842
36629,6711
36636,2061
36637,2830
36644,6552
36645,5411
36652,3269
36653,1381
36660,5171
36661,6711
36679,6792
36680,6711
36687,3253
36688,5611
36695,5063
36696,3532
36708,5661
36709,2891
36716,7941
36717,6790
36724,2010
36725,6799
36732,3462
36740,5231
36741,5812
36759,1629
36760,3570
36767,1040
36768,2512
36775,3714
36776,3533
36783,3669
36784,5141
36791,3822
36792,3660
36804,3728
36805,4510
36812,1094
36813,4521
36820,3317
36821,0
36839,5099
36847,3693
36848,7380
36855,3311
36856,5064
36863,3714
36864,5031
36871,3661
36872,6711
36898,2821
36899,6025
36901,6711
36919,3714
36927,3714
36928,7399
36935,2329
36943,3569
36944,6030
36951,2085
36952,5030
36978,2653
36979,6799
36986,5411
36987,6799
36994,3443
36995,3273
37006,2834
37007,6711
37014,2342
37015,6610
37022,7342
37023,4931
37031,4811
37049,3271
37050,7391
37057,3499
37058,3550
37065,5411
37066,5261
37073,2844
37074,7832
37081,3559
37082,7390
37102,2834
37103,3089
37110,3651
37111,1311
37129,5211
37130,4511
37137,1629
37138,1311
37145,3964
37146,5812
37153,3964
37154,3840
37161,4911
37162,5812
37188,1521
37189,5411
37196,3629
37197,5411
37209,3662
37217,3829
37218,3270
37225,2641
37226,6331
37233,7819
37234,1311
37241,3999
37242,7370
37268,4833
37269,3272
37276,3811
37277,3421
37284,2911
37285,5541
37292,2911
37293,6711
37305,3714
37306,3566
37313,3661
37321,3531
37322,6710
37348,5411
37349,6310
37356,5411
37357,7380
37364,4511
37365,8060
37372,6799
37373,5812
37380,6799
37381,3161
37399,3731
37400,1311
37401,1091
37402,3310
37428,6149
37429,2833
37436,7395
37437,6311
37444,7814
37445,6610
37452,4111
37453,7814
37460,7377
37461,6711
37479,7011
37480,2221
37487,7011
37495,3650
37496,6150
37508,3357
37509,5999
37516,3423
37517,8740
37524,5311
37525,7311
37532,6162
37533,6711
37540,1311
37541,1040
37559,6145
37560,8361
37567,4731
37568,3620
37575,3728
37576,6711
37583,3292
37584,6282
37591,2649
37592,3662
37604,1310
37605,0
37612,2037
37613,2084
37620,241
37621,6799
37639,2241
37640,2013
37647,5199
37648,1041
37655,4011
37656,1522
37663,3569
37664,6124
37671,1311
37672,1094
37698,3031
37699,6022
37700,6159
37701,3670
37719,2449
37720,3679
37727,6552
37728,5812
37735,3579
37736,7372
37743,6411
37744,5812
37751,2037
37778,3079
37779,2339
37786,3694
37787,0
37794,5014
37795,1389
37807,2851
37808,6030
37815,8711
37816,2720
37823,3861
37824,2086
37831,3811
37832,4210
37858,1211
37859,5810
37866,2032
37867,3861
37874,2396
37875,2891
37882,3728
37883,2834
37890,2121
37891,7390
37903,2051
37904,115
37911,3462
37912,7996
37938,3690
37939,5812
37946,6519
37947,6550
37954,2511
37955,7210
37962,2311
37963,3519
37970,2842
37971,6730
37989,2335
37990,3662
37997,2621
38009,1094
38010,6711
38017,6042
38018,3573
38025,6799
38026,3652
38033,3140
38034,3841
38041,3564
38042,1380
38068,2631
38076,1389
38084,2300
38085,3820
38092,2833
38093,6411
38105,1311
38106,3840
38113,5311
38114,3999
38121,2642
38122,3573
38148,5090
38149,7372
38156,4922
38157,2833
38164,1623
38172,1311
38173,5812
38180,2321
38181,7993
38199,3555
38200,6025
38201,3060
38202,3499
38228,3589
38236,5331
38244,1041
38245,4213
38252,4214
38253,2335
38260,3497
38261,3911
38279,7948
38280,2834
38287,5944
38288,3721
38295,3634
38296,0
38308,1311
38316,2121
38317,3573
38324,2085
38325,5013
38332,3650
38333,3579
38340,2821
38359,3662
38360,1799
38367,3069
38368,1311
38375,2869
38376,7374
38383,6399
38384,7360
38391,2087
38392,1211
38404,2070
38412,3652
38413,3530
38420,2899
38421,8062
38439,3079
38440,5042
38447,5047
38455,5812
38456,1310
38463,3499
38464,3625
38471,3559
38472,3470
38498,2011
38500,3613
38501,6711
38519,2621
38520,8299
38527,7214
38528,1382
38535,3570
38536,6550
38543,3571
38544,8999
38551,7823
38552,3674
38578,3678
38579,3251
38586,3272
38587,3573
38594,5099
38595,6711
38607,4811
38608,2082
38615,2361
38616,752
38623,7519
38624,3840
38631,2731
38632,3829
38658,4931
38659,3710
38666,7342
38667,212
38674,2335
38675,6790
38682,2754
38683,6159
38690,8220
38691,2860
38703,6021
38704,3449
38711,2363
38712,3070
38738,2311
38739,6519
38746,6552
38747,3811
38754,2844
38755,1311
38762,4939
38763,6610
38770,2520
38789,3442
38790,1311
38797,3412
38798,1311
38818,3422
38819,1382
38826,2648
38827,2820
38834,5099
38835,6023
38842,2339
38843,6711
38850,2452
38851,2295
38869,3811
38877,3241
38878,3660
38885,2342
38886,1310
38893,4922
38894,3550
38906,7359
38907,8051
38914,8742
38915,6020
38922,3272
38923,6321
38930,6531
38931,6799
38949,3144
38957,6311
38958,1382
38965,3589
38966,0
38973,2086
38974,2782
38981,4213
38982,2770
39001,3662
39002,2952
39028,3964
39029,3662
39036,7393
39037,3273
39044,5944
39045,8910
39052,1311
39053,5812
39060,5331
39061,3832
39079,5812
39087,4813
39088,6711
39095,7513
39096,2511
39108,3662
39116,2331
39124,4811
39132,3955
39140,2399
39141,0
39159,3952
39167,3562
39168,3229
39175,5984
39176,4832
39183,3613
39184,6711
39191,3652
39192,6311
39204,7011
39205,6790
39212,7011
39213,5411
39220,3714
39221,2740
39239,3241
39240,1040
39247,2047
39248,1041
39255,6149
39256,1041
39263,2046
39271,5962
39272,8059
39298,3540
39300,3291
39301,1041
39319,6799
39327,2030
39328,2099
39335,4811
39336,1310
39343,4213
39344,2013
39351,5941
39352,8062
39378,3662
39379,1380
39386,7299
39387,1041
39394,4214
39395,1040
39407,3643
39415,6552
39416,5111
39423,3550
39424,2731
39431,3648
39432,3990
39458,5962
39459,5733
39466,3873
39474,2451
39475,3429
39482,3089
39483,3561
39490,1311
39491,5145
39503,5311
39504,6146
39511,6140
39512,6145
39538,3942
39539,6146
39546,7213
39547,6122
39554,5411
39555,2751
39562,7011
39570,2834
39571,3561
39589,2328
39590,3579
39597,2211
39598,3679
39618,1711
39626,3541
39627,7311
39634,5812
39635,5710
39642,3841
39643,2651
39650,3269
39651,2751
39669,7011
39670,2752
39677,3662
39678,7310
39685,3312
39686,4810
39693,3496
39694,3662
39706,3660
39707,6711
39714,3569
39715,4213
39722,2279
39723,7390
39730,3573
39731,4833
39749,5611
39750,3533
39757,3674
39758,1041
39765,5099
39766,6020
39773,7532
39774,6711
39781,1221
39782,6710
39810,5311
39829,6723
39830,1310
39837,3825
39845,3499
39846,1310
39853,2044
39854,1380
39861,3792
39862,1040
39888,3714
39889,6710
39896,1381
39909,5090
39910,6552
39917,2435
39925,5311
39926,6020
39933,2843
39941,3569
39942,1380
39968,4214
39969,6020
39976,3569
39977,6025
39984,2399
39985,5520
39992,2841
39993,7011
40002,3662
40003,6711
40010,2834
40011,6711
40029,3430
40030,6711
40037,3499
40045,2399
40053,5411
40054,3550
40061,3825
40062,2834
40088,3573
40089,2079
40096,3714
40097,7310
40109,3262
40110,1381
40117,3576
40118,3860
40125,7376
40126,3489
40133,3931
40134,3440
40141,5912
40142,3264
40168,3811
40169,3823
40176,2891
40184,3551
40185,0
40192,3559
40205,2911
40206,6722
40213,4911
40214,3732
40221,3944
40222,3570
40248,3429
40249,6711
40256,5043
40257,6020
40264,3569
40265,6320
40272,2869
40273,2842
40280,3589
40281,8051
40299,3317
40300,1531
40301,2661
40302,2640
40328,2030
40329,6711
40336,3643
40337,7393
40344,1311
40345,2844
40352,5311
40353,1311
40360,5411
40361,2220
40379,3430
40380,0
40387,4511
40388,8710
40395,2241
40396,4833
40408,6361
40409,4922
40416,2844
40417,1311
40424,7399
40425,4950
40432,2279
40440,3578
40441,5141
40459,5122
40467,3811
40468,6510
40475,7394
40476,1380
40483,7812
40484,7379
40491,4922
40492,6711
40504,5311
40505,3670
40512,2026
40513,6799
40520,2911
40521,8062
40539,5651
40540,3679
40547,6799
40548,6711
40555,3662
40556,1311
40563,2851
40564,0
40571,2842
40572,6159
40598,2032
40599,0
40600,2253
40619,3293
40620,2890
40627,2328
40628,3820
40635,2711
40636,3496
40643,3679
40644,3672
40651,4811
40678,2899
40686,5099
40687,3840
40694,3241
40695,7372
40707,179
40708,4923
40715,2211
40716,3811
40723,2731
40724,6552
40731,5411
40758,2511
40759,7370
40766,2844
40774,2841
40775,3448
40782,4924
40783,7392
40790,3531
40791,5812
40803,1311
40811,6351
40812,6711
40838,5311
40839,1382
40846,2844
40847,3670
40854,4832
40855,6711
40862,3546
40863,6311
40870,6711
40871,1311
40889,2599
40890,3483
40897,2431
40898,6610
40918,3499
40919,5211
40926,3576
40927,0
40934,2211
40935,6331
40942,5984
40943,3494
40950,2651
40951,5812
40969,2211
40970,1311
40977,7392
40985,3823
40986,2643
40993,4811
40994,3911
41005,4923
41013,5411
41014,4730
41021,6710
41022,6711
41048,7011
41049,7370
41056,3610
41057,3730
41064,4899
41065,3523
41072,7513
41073,1382
41080,3519
41081,6712
41099,2754
41100,6331
41101,5641
41102,1381
41128,3861
41136,3585
41137,8811
41144,2262
41145,2048
41152,5311
41153,6794
41160,2653
41161,2384
41179,2899
41180,2750
41187,6719
41188,3820
41195,2751
41196,5042
41208,133
41209,2542
41216,3679
41217,5021
41224,6163
41225,1522
41232,4924
41233,6711
41240,3559
41241,5160
41259,7394
41260,6030
41267,3940
41268,6711
41275,5661
41276,0
41283,2051
41284,8050
41291,2121
41292,7340
41304,3533
41305,8059
41312,7011
41320,3679
41321,0
41339,5912
41340,7372
41347,2819
41355,3593
41356,3840
41363,5090
41364,3841
41371,8731
41372,8081
41398,5043
41399,3840
41400,6711
41401,1382
41419,2451
41420,5210
41427,2211
41428,5210
41435,7311
41436,6145
41443,4813
41444,8742
41451,3676
41452,3634
41478,3551
41486,2451
41487,3550
41494,5099
41495,1311
41507,3251
41515,2099
41523,1311
41524,0
41531,3573
41532,3840
41558,4213
41559,6022
41566,3569
41567,1310
41574,3670
41575,2511
41582,2011
41583,1381
41590,2272
41591,6022
41603,5912
41604,6711
41611,3948
41612,6022
41638,5087
41646,3369
41647,6710
41654,3524
41655,6711
41662,5912
41663,3812
41670,3589
41671,3674
41689,3555
41690,2335
41697,3714
41718,6025
41719,3570
41726,7311
41727,2833
41734,3271
41742,3661
41743,3990
41750,5072
41751,2821
41769,3490
41770,3673
41777,6794
41778,0
41785,3357
41786,6711
41793,3567
41794,6023
41806,2511
41807,6021
41814,2337
41815,2834
41822,3841
41823,3820
41830,4213
41831,5499
41849,3144
41850,2511
41857,6123
41865,3661
41866,5311
41873,5099
41874,2860
41881,3810
41882,3841
41902,3660
41903,6210
41910,5311
41911,1310
41929,4213
41930,3330
41937,2834
41938,2272
41945,7372
41946,8072
41953,2869
41954,2522
41961,3662
41988,6122
41989,5030
41996,2241
41997,1381
42008,6153
42009,2830
42016,6331
42017,5812
42024,5111
42025,3570
42032,6711
42033,8911
42040,4011
42041,5199
42059,5411
42060,3496
42067,1799
42068,3425
42075,2731
42076,1522
42083,2844
42084,7370
42091,6799
42092,6711
42104,3961
42105,0
42112,4513
42113,0
42120,1620
42121,5812
42139,3714
42140,7990
42147,6144
42148,5311
42155,2621
42156,3832
42163,2621
42164,6552
42171,2761
42172,6711
42198,4911
42200,3845
42201,6710
42219,2051
42220,6020
42227,4833
42228,6310
42235,3564
42236,5311
42243,3444
42251,2311
42252,6122
42278,2879
42279,6030
42286,3143
42287,6123
42294,4511
42295,6030
42307,3312
42315,2011
42316,6122
42323,2082
42324,8060
42331,3312
42332,6723
42358,1311
42359,6035
42366,5714
42367,6311
42374,5411
42375,1311
42382,1629
42383,5211
42390,3824
42403,2335
42404,0
42411,3613
42412,1521
42438,5122
42439,2521
42446,3041
42447,5912
42454,8744
42455,8099
42462,5912
42463,1623
42470,2086
42471,3589
42489,5099
42490,5411
42497,5661
42498,6711
42518,5211
42519,4511
42526,5812
42527,8063
42534,2531
42535,2271
42542,3799
42543,0
42550,2869
42551,3861
42569,3443
42570,1044
42577,3679
42578,4420
42585,2033
42586,8099
42593,3661
42594,7392
42606,3541
42607,2676
42614,3812
42622,7813
42623,2335
42630,2085
42631,1522
42649,5912
42650,3448
42657,1021
42658,6711
42665,2337
42666,7394
42673,3069
42674,2451
42681,3843
42682,1380
42702,7392
42703,3731
42710,4911
42711,6710
42729,2311
42730,5311
42737,7523
42738,5311
42745,2211
42746,6020
42753,3442
42761,3312
42762,3825
42788,3579
42796,2721
42797,2046
42809,3546
42810,5122
42817,4931
42818,2621
42825,3564
42833,4931
42834,3820
42841,3069
42842,5812
42868,2042
42869,1542
42876,2330
42877,4213
42884,5411
42885,2834
42892,6711
42893,8731
42905,3842
42906,6020
42913,2331
42914,2253
42921,3662
42922,3540
42948,5600
42949,3714
42956,3069
42957,3622
42964,6711
42965,7011
42972,1311
42973,7011
42980,5631
42981,2830
42999,3662
43000,5999
43019,4213
43020,2830
43027,3931
43028,3149
43036,3430
43043,4441
43044,2834
43051,3822
43052,2821
43078,5611
43079,3999
43086,3259
43087,3569
43094,5084
43095,2833
43107,2651
43108,3832
43115,3728
43116,3851
43123,3317
43124,2873
43131,7351
43132,3537
43158,3944
43159,3660
43166,3312
43167,3670
43174,3662
43175,8249
43182,3728
43183,7380
43190,2721
43191,6020
43203,2254
43204,3660
43211,3341
43238,1011
43239,7379
43246,3312
43247,0
43254,5099
43255,5072
43262,6281
43263,3640
43270,6281
43271,3670
43289,4011
43290,2836
43297,2754
43298,7392
43318,4789
43319,3861
43326,2514
43327,3570
43334,3440
43335,3079
43342,3662
43350,3429
43351,6531
43369,2911
43370,6531
43377,2271
43378,6531
43385,6211
43393,6552
43394,8070
43406,5631
43407,3573
43414,2399
43415,6211
43422,2844
43423,3620
43430,7819
43431,2834
43449,5812
43450,3841
43457,3576
43458,3841
43465,3873
43466,6023
43473,7399
43474,3660
43481,3585
43482,2818
43502,3648
43503,3573
43510,3944
43529,5961
43530,2010
43537,3041
43538,3823
43545,3357
43546,4811
43553,2325
43554,3999
43561,3357
43562,3999
43588,3443
43589,2013
43596,3861
43597,3840
43609,2033
43610,2830
43617,6321
43618,2830
43625,6610
43626,2831
43633,3573
43634,2836
43641,6519
43668,4925
43669,8911
43676,3679
43677,1310
43684,1311
43685,8911
43692,3069
43693,0
43705,3069
43706,6022
43713,2385
43714,1381
43721,2819
43748,3341
43749,3840
43756,4511
43757,2830
43764,5983
43765,8730
43772,2671
43773,0
43780,6711
43781,5040
43799,4811
43800,6711
43801,5311
43802,6722
43828,5961
43829,6324
43836,6711
43837,6311
43844,3549
43845,6799
43852,7393
43853,6025
43860,2869
43861,6723
43879,3562
43880,6022
43887,2844
43888,6311
43895,7392
43896,6311
43908,3677
43909,6311
43916,3573
43924,3951
43925,6711
43932,3724
43940,3679
43941,6023
43959,5064
43960,6730
43967,6590
43968,6711
43975,3339
43976,6711
43983,3429
43984,4941
43991,6722
43992,3290
44003,6530
44011,3449
44012,1211
44038,4899
44039,1470
44046,1629
44054,2511
44055,3520
44062,2221
44063,1382
44070,3714
44071,7370
44089,3662
44090,7370
44097,2911
44098,3573
44118,3651
44119,7374
44126,3536
44127,7399
44134,3532
44135,3570
44142,4911
44143,7372
44150,3751
44151,1730
44169,3443
44170,3660
44177,2819
44178,3820
44185,2952
44186,0
44193,7394
44194,7372
44206,4924
44207,7370
44214,3559
44215,3079
44222,3811
44223,5390
44230,3540
44231,5611
44249,5063
44250,3060
44257,3312
44258,0
44265,7379
44266,1620
44273,2328
44274,1620
44281,3662
44282,0
44302,3662
44303,2721
44310,7394
44311,6280
44329,3841
44330,3840
44337,4511
44338,3832
44345,3110
44346,3851
44353,3452
44354,3674
44361,2231
44362,6360
44388,3811
44389,3670
44396,3679
44397,7372
44409,2813
44410,2830
44417,4511
44418,3829
44425,3581
44433,3493
44434,7372
44441,8299
44442,3674
44468,3356
44469,1311
44476,5065
44477,3670
44484,3553
44485,3660
44492,3621
44493,6221
44505,3541
44506,3670
44513,3679
44514,3679
44521,4213
44522,4810
44548,5311
44556,2339
44557,4811
44564,3841
44565,7371
44572,3567
44573,3570
44580,3651
44581,7370
44599,4911
44600,2795
44601,2672
44602,7399
44628,5621
44629,7011
44636,3931
44637,3661
44644,7374
44645,3810
44652,5912
44653,7372
44660,4511
44661,3660
44679,5411
44687,3425
44688,6022
44695,2342
44708,2327
44709,3662
44716,3496
44717,1382
44724,3317
44725,6310
44732,5984
44733,2499
44740,3663
44741,3573
44759,3321
44760,3573
44767,3662
44768,2270
44775,3679
44776,7372
44783,2851
44784,6711
44791,3524
44792,7373
44804,5261
44812,3842
44813,2834
44820,3662
44821,3490
44839,2821
44840,3570
44847,2426
44848,8059
44855,6723
44856,7370
44863,6320
44864,2421
44871,2911
44872,1041
44898,8050
44899,6711
44900,6723
44901,8071
44919,2011
44920,1041
44927,7379
44928,2830
44935,3564
44936,1311
44943,3674
44951,5411
44952,3672
44978,7362
44986,2731
44987,6610
44994,4832
45006,5411
45007,6022
45014,7011
45015,6022
45022,5065
45023,6552
45030,6723
45031,1380
45049,3949
45050,7810
45057,2834
45058,7390
45065,1311
45073,5311
45074,8071
45081,2082
45082,7379
45102,3560
45103,5810
45110,2844
45111,8999
45129,3646
45130,8911
45137,7381
45145,2819
45146,3573
45153,2520
45154,0
45161,6723
45162,6311
45188,3873
45189,5812
45196,3861
45197,7350
45209,3221
45217,5311
45225,2816
45226,8930
45233,3573
45234,6711
45241,2834
45242,3840
45268,4833
45269,0
45276,6799
45277,3999
45284,3711
45285,3560
45292,3317
45293,7372
45305,3316
45306,3663
45313,3914
45314,3840
45321,3743
45322,0
45348,3069
45349,3585
45356,5065
45357,4899
45364,3714
45365,3792
45372,8299
45373,3845
45380,3714
45381,8730
45399,1382
45400,1380
45401,3443
45402,6030
45428,1381
45429,3646
45436,5912
45437,4412
45444,4821
45452,7379
45460,3079
45479,3589
45480,7390
45487,2641
45495,1381
45496,7374
45508,5999
45509,7370
45516,5141
45517,4213
45524,3079
45525,3590
45532,3620
45540,3362
45559,6723
45560,3577
45567,2024
45568,3661
45575,3931
45583,8744
45584,3573
45591,5912
45592,3674
45604,2834
45605,3674
45612,3357
45613,6711
45620,5812
45621,0
45639,6723
45647,3670
45648,7920
45655,7363
45656,4213
45663,2065
45664,7391
45671,3663
45672,3585
45698,6552
45699,4710
45700,2771
45701,8249
45719,1021
45720,6711
45727,3312
45728,3842
45735,3559
45736,1311
45743,7396
45744,3820
45751,6411
45752,1382
45778,7379
45779,1111
45786,5962
45794,3533
45795,6711
45807,6531
45815,3720
45823,3144
45824,6311
45831,3825
45832,6311
45858,4911
45859,6311
45866,3832
45867,6711
45874,2899
45875,6710
45882,3699
45883,6552
45890,3559
45891,3572
45903,3080
45904,3563
45911,3674
45938,3661
45939,3652
45946,2451
45947,4930
45954,7948
45955,3674
45962,3569
45963,2731
45970,6711
45989,1621
45997,7392
46009,3843
46010,3791
46017,4931
46018,8099
46025,3679
46026,3660
46033,3949
46034,5080
46041,3142
46042,1310
46068,5075
46076,3021
46077,5063
46084,6711
46085,5310
46092,4924
46093,5311
46105,3661
46106,3496
46113,3341
46114,5812
46121,3728
46122,3660
46148,5661
46149,3531
46156,2211
46157,6799
46164,3825
46165,1310
46172,3728
46173,3432
46180,3660
46181,7993
46199,3679
46200,5812
46201,3714
46202,6311
46228,1381
46229,5065
46236,7349
46237,5310
46244,4511
46245,4830
46252,2011
46253,2085
46260,3674
46261,1381
46279,3841
46287,5661
46288,1731
46295,3792
46296,3494
46308,2257
46309,4511
46317,2257
46324,4215
46325,3832
46332,2210
46333,5014
46340,7389
46359,6120
46360,5080
46367,3679
46368,2824
46375,3573
46376,2328
46383,1311
46384,1311
46391,4923
46392,6211
46404,4922
46405,6711
46412,5812
46413,6711
46420,3559
46421,3273
46439,6145
46440,6311
46447,2844
46448,2630
46455,3569
46456,6311
46463,3442
46464,1382
46471,1629
46472,2840
46498,3962
46499,1380
46500,3728
46501,5090
46519,3829
46520,3631
46527,3443
46535,6025
46536,7999
46543,3635
46544,5812
46551,3944
46552,4523
46578,2842
46586,3811
46587,3679
46594,6711
46595,3531
46607,5099
46608,2834
46615,3949
46616,5142
46623,4931
46624,7390
46631,3728
46632,6531
46658,6321
46659,7389
46666,5086
46667,1731
46674,5013
46682,6711
46683,130
46690,2895
46691,7370
46703,6798
46704,3079
46711,4213
46712,6411
46738,3079
46739,4840
46746,5661
46747,4840
46754,8062
46755,3851
46762,3448
46763,2335
46770,3578
46771,6799
46789,2311
46790,7920
46797,7379
46798,5712
46818,7349
46819,3640
46826,2451
46827,2751
46834,7361
46835,5620
46842,6711
46843,3640
46850,6321
46851,5411
46869,3351
46870,3251
46877,3841
46878,3573
46885,6321
46886,3827
46893,2000
46894,8730
46906,3811
46907,3679
46914,3321
46915,3662
46922,5912
46923,1311
46930,1311
46931,3820
46949,6531
46950,2833
46957,3432
46958,7010
46965,6711
46966,5039
46973,3729
46974,7370
46981,3339
47001,4923
47002,5084
47028,8241
47029,2490
47036,5421
47037,6794
47044,3661
47052,4811
47053,5712
47060,2421
47061,4911
47079,6711
47080,2011
47087,3662
47088,6311
47095,4922
47096,4833
47108,5063
47109,2011
47116,3573
47124,1542
47125,5013
47132,2834
47133,5812
47140,3325
47141,1241
47159,6021
47160,0
47167,5411
47168,2361
47175,5064
47176,1311
47183,2844
47184,3842
47191,5044
47204,3823
47205,3562
47212,3662
47213,3079
47220,3144
47221,3570
47239,4469
47240,3149
47247,2645
47248,7375
47255,3812
47263,7011
47264,1311
47271,5141
47272,1311
47298,3573
47300,6331
47301,1629
47319,6145
47320,2782
47327,5733
47328,1382
47335,5712
47336,3490
47343,3724
47351,3861
47352,5812
47378,2842
47379,7361
47386,6145
47387,7361
47394,2841
47395,6311
47407,1799
47408,1382
47415,5411
47416,3660
47423,3140
47424,5722
47431,5411
47458,2899
47459,2321
47466,2711
47467,3589
47474,3361
47482,5811
47483,6311
47490,2253
47491,759
47503,3639
47504,6710
47511,2761
47512,0
47538,3579
47539,3993
47546,6552
47547,3811
47554,5812
47555,3830
47562,2082
47563,3670
47570,3714
47571,5020
47589,7394
47590,5122
47597,4511
47598,3820
47618,3714
47619,3573
47626,6331
47627,3310
47634,2211
47635,7374
47642,7389
47643,2646
47650,3662
47669,2651
47670,5912
47677,4813
47678,6722
47685,3569
47686,6723
47693,2531
47694,3241
47706,3711
47707,3080
47714,3651
47715,3930
47722,3443
47723,1311
47730,1731
47731,2510
47749,5399
47750,8351
47757,3728
47758,1041
47765,7213
47766,7999
47773,2842
47774,2033
47781,3533
47782,5411
47802,4833
47803,2321
47810,3411
47811,7814
47829,8071
47837,2834
47838,3678
47845,1381
47846,4833
47853,5086
47854,5812
47861,2300
47862,6210
47888,3559
47889,7523
47896,6021
47897,2082
47909,1381
47910,2451
47917,2833
47918,1310
47925,3691
47933,3714
47934,1040
47941,2711
47942,3651
47968,2335
47969,2540
47976,3411
47977,3563
47984,2341
47985,1310
47992,8051
48004,4210
48005,5211
48012,1061
48013,2026
48020,2341
48021,5661
48039,3442
48040,2097
48047,6711
48048,3710
48055,6123
48056,3585
48063,7261
48064,7361
48071,6711
48072,3651
48098,3662
48099,3823
48100,5311
48101,3720
48119,1094
48120,5120
48127,3792
48128,3950
48135,7394
48136,2752
48143,2258
48144,3560
48151,3651
48178,6794
48179,3662
48186,6028
48187,3640
48194,2311
48195,7374
48207,3442
48208,5810
48215,7370
48216,5945
48223,6025
48224,0
48231,2431
48232,5031
48258,6711
48259,8911
48266,3662
48267,3674
48274,4924
48275,6711
48282,3531
48283,6311
48290,2751
48291,3820
48303,5311
48304,3585
48311,2591
48312,8351
48338,2329
48346,3961
48347,2512
48354,6021
48362,1382
48363,3312
48370,4922
48371,2511
48389,4911
48390,1311
48397,6311
48398,0
48418,4832
48426,3564
48427,3961
48434,3942
48435,4941
48442,3622
48443,4953
48450,4423
48451,1111
48469,6799
48470,4911
48477,3931
48478,6023
48485,6311
48486,3559
48493,3949
48494,3140
48506,7323
48507,6310
48514,5045
48515,7311
48522,3662
48523,2030
48531,2052
48549,1381
48550,3840
48557,2834
48558,2451
48565,1531
48566,6531
48573,5714
48574,5949
48581,7011
48582,6030
48602,6711
48603,6552
48610,7313
48629,2641
48630,6711
48637,2231
48645,3811
48646,6711
48653,6321
48654,2511
48661,7394
48662,3573
48688,3490
48696,7373
48697,3840
48709,3586
48717,1521
48718,1382
48725,4011
48733,2270
48734,2037
48741,2911
48742,3732
48768,1311
48769,3830
48776,6552
48784,6711
48785,3810
48792,3499
48793,3840
48805,3561
48806,3670
48813,7391
48814,2750
48821,3339
48822,5065
48848,5631
48849,3662
48856,6799
48857,3670
48864,4833
48872,2283
48873,2752
48880,3231
48881,2721
48899,5911
48900,7810
48901,6330
48928,2641
48936,7394
48937,5712
48944,3825
48945,2514
48952,1731
48953,2035
48960,2711
48961,5080
48979,3911
48980,3398
48987,3631
48988,6711
48995,2335
48996,6522
49007,7392
49008,1040
49015,6311
49016,1040
49023,2011
49031,2051
49032,1311
49058,2341
49059,8240
49066,1311
49067,7379
49074,1629
49075,7379
49082,5661
49083,3570
49090,2431
49091,4213
49103,5311
49104,2830
49111,7372
49112,1040
49138,3724
49139,6210
49146,6799
49147,3944
49154,5331
49155,3482
49162,3144
49163,8051
49170,8059
49171,3711
49189,5940
49190,3914
49197,8711
49198,1531
49218,7392
49219,2834
49226,1500
49227,2873
49234,7370
49235,7374
49242,5411
49243,3731
49250,5710
49269,3679
49270,1311
49277,3568
49278,5031
49285,3533
49286,3670
49293,2421
49294,1311
49306,2844
49307,3573
49314,3792
49315,3572
49322,6798
49323,5130
49330,6798
49331,6030
49349,5136
49357,5010
49358,2451
49365,6411
49366,6025
49373,7291
49381,6799
49382,1311
49402,7011
49403,6711
49410,6123
49411,3580
49429,5311
49430,6311
49437,2061
49438,3490
49445,2514
49446,8091
49453,2421
49461,5086
49462,3841
49488,2873
49489,5999
49496,7832
49497,6311
49509,7349
49510,6410
49517,3612
49518,6311
49525,6144
49526,2830
49533,1021
49534,3663
49541,5651
49542,8051
49568,7395
49569,6310
49576,5631
49577,5411
49584,2251
49585,2851
49592,6146
49593,2650
49605,2731
49606,4832
49613,8911
49614,6153
49621,7011
49648,211
49649,6711
49656,6022
49657,6711
49664,2281
49665,6311
49672,5210
49673,6799
49680,3829
49681,1381
49699,1521
49701,3679
49702,6030
49728,7011
49729,4810
49736,5810
49737,2452
49744,2621
49745,3398
49752,3585
49753,3662
49760,6361
49761,3825
49779,7311
49780,2082
49787,2911
49795,2339
49796,3714
49808,6025
49809,2721
49816,5812
49817,3079
49824,1311
49825,2813
49832,5211
49833,4213
49840,6122
49841,3585
49859,3643
49860,7374
49867,2999
49868,3679
49875,8249
49876,7391
49883,3660
49884,7820
49891,2411
49892,0
49904,6799
49905,5651
49912,6159
49913,5411
49920,5812
49921,6030
49939,5311
49940,1381
49947,6799
49955,1041
49956,7370
49963,3564
49964,3861
49971,4924
49972,3573
49998,6723
49999,3825
50008,2253
50009,3573
50016,8062
50017,1311
50024,6025
50025,3569
50032,5411
50033,7390
50040,3569
50041,3840
50059,3460
50067,2645
50068,2082
50075,2759
50076,6025
50083,6145
50084,5812
50091,2952
50092,6798
50104,6792
50105,7393
50112,2046
50120,2046
50139,6552
50147,2731
50148,7948
50155,6711
50156,7372
50163,3631
50164,6311
50171,3811
50172,1311
50198,6799
50199,1310
50200,6021
50201,1310
50219,6160
50220,6311
50227,4011
50235,5099
50236,1040
50243,3728
50244,2711
50251,2911
50252,2851
50278,8711
50279,3070
50286,2711
50287,3841
50294,5999
50295,1090
50307,5099
50308,4210
50315,4213
50316,5134
50323,6211
50324,1310
50331,1311
50332,2542
50358,3031
50359,2834
50366,3670
50367,1310
50374,3792
50375,6611
50382,3452
50383,3662
50390,1623
50391,2431
50403,4830
50404,4810
50411,3398
50412,6310
50438,6162
50446,6711
50447,5311
50454,6723
50455,1311
50462,3471
50463,4899
50470,3730
50471,3540
50489,2085
50497,6513
50498,6160
50518,3873
50519,8070
50526,2391
50527,6711
50534,3357
50542,7311
50543,7372
50550,1542
50569,3069
50570,4213
50577,3960
50578,6711
50585,6531
50586,3674
50593,2451
50594,0
50606,4424
50607,2026
50614,6798
50615,5080
50622,3999
50623,3820
50630,2250
50631,4899
50649,3079
50650,5080
50657,5812
50665,2451
50666,2899
50673,3714
50681,6799
50682,3560
50702,6798
50703,3711
50710,4924
50711,4511
50729,2016
50737,3221
50738,2910
50745,6150
50753,4923
50754,3825
50761,2250
50762,5210
50788,3823
50789,4931
50796,2253
50797,3545
50809,1021
50817,6799
50818,1311
50825,5812
50833,2045
50834,3951
50841,3562
50842,4960
50868,5065
50869,8911
50876,2834
50877,4960
50884,4511
50885,6021
50892,5311
50905,2761
50906,3661
50913,3662
50914,3470
50921,3021
50922,3670
50948,3670
50949,3469
50956,6331
50957,3652
50964,3494
50965,3570
50972,4833
50973,3536
50980,7379
50981,0
50999,3612
51000,6711
51019,2017
51020,5331
51027,6799
51028,7512
51035,3949
51036,6710
51043,6111
51044,0
51051,5961
51052,3645
51078,3790
51079,6552
51086,3716
51087,3546
51094,5712
51095,2339
51107,8051
51108,1310
51115,2272
51123,4911
51124,7910
51131,6719
51132,2833
51158,5023
51159,1040
51166,2281
51174,5086
51175,4833
51182,5712
51183,3840
51190,174
51191,1380
51203,4923
51204,7372
51211,1382
51212,7372
51238,1521
51239,6311
51246,6799
51247,6311
51254,3053
51255,6311
51262,3533
51263,3537
51270,3811
51271,4213
51289,2430
51290,2328
51297,3792
51298,2335
51318,6552
51319,1311
51326,6552
51327,1382
51334,8062
51335,5271
51342,6799
51343,6023
51350,6163
51351,6710
51369,3825
51370,7372
51377,3674
51378,5013
51385,7392
51386,2731
51393,7373
51394,1080
51406,6799
51407,8911
51414,1442
51422,2271
51423,7011
51430,7392
51431,2335
51449,6552
51450,3580
51457,4412
51458,5621
51465,2033
51466,2790
51473,6162
51474,6023
51481,7011
51482,2869
51502,3662
51503,6711
51510,5199
51511,912
51529,6711
51530,1311
51538,921
51545,6799
51546,4411
51553,1311
51554,1311
51561,8062
51562,920
51588,6021
51589,4411
51596,4923
51609,5812
51610,6022
51617,4899
51618,6711
51625,7261
51626,8740
51633,4932
51634,3573
51641,1211
51642,1311
51668,2034
51669,1311
51676,6025
51677,3840
51684,6411
51685,5310
51692,5719
51693,5411
51705,6799
51706,6022
51713,6552
51714,3570
51721,4513
51722,2099
51748,6799
51756,6723
51757,2389
51764,6025
51765,5084
51772,6021
51773,2257
51780,3554
51781,6712
51799,2013
51800,3714
51801,6799
51802,5093
51828,2844
51829,7371
51836,1629
51837,6311
51844,2911
51845,3570
51852,6799
51853,3830
51860,2339
51861,1382
51879,3843
51880,7820
51887,5984
51888,3573
51895,5149
51896,7372
51908,6799
51909,3643
51916,6722
51917,5990
51924,3792
51925,6531
51932,2761
51933,5030
51940,6711
51941,3534
51959,6162
51960,3620
51967,3559
51968,6799
51975,5142
51976,6550
51983,6162
51984,5812
51991,7011
51992,6324
52003,5812
52004,5810
52011,5331
52012,5411
52038,5149
52039,1311
52046,6711
52054,3241
52055,0
52062,1521
52063,0
52070,3679
52071,3440
52089,3253
52090,2099
52097,5531
52098,0
52118,6162
52126,6799
52134,4899
52135,1311
52142,1311
52143,3562
52150,5912
52169,5912
52177,1520
52185,5013
52193,6552
52194,6711
52206,5411
52207,3321
52214,6798
52215,1311
52222,7832
52223,6311
52230,7363
52231,3829
52249,3523
52250,3531
52257,6799
52258,2830
52265,6022
52266,2647
52273,6711
52274,2830
52281,7392
52282,3820
52302,8051
52303,5086
52310,6122
52311,8399
52329,8711
52330,3841
52337,8062
52338,3573
52345,6726
52346,3840
52353,6799
52354,6711
52361,6798
52362,2436
52388,2834
52389,7814
52396,3714
52397,2721
52409,2011
52410,6799
52417,2011
52418,6519
52425,6798
52426,7392
52433,6025
52434,8011
52441,5141
52442,0
52469,3840
52476,7389
52484,8711
52485,3573
52492,5149
52493,8051
52505,6025
52506,8091
52513,7261
52514,8051
52521,3448
52522,5910
52548,6160
52549,3559
52556,4924
52557,5912
52564,2328
52565,7372
52572,3942
52580,6799
52581,3840
52599,8299
52600,3840
52601,1629
52602,2819
52628,3661
52629,8060
52636,6552
52637,2834
52644,5311
52645,7372
52652,8062
52653,8063
52660,2253
52661,8081
52679,6722
52680,5086
52687,2439
52688,8081
52695,5085
52696,7372
52708,1531
52709,1389
52716,3841
52717,3573
52724,6531
52725,3580
52732,2258
52733,7395
52740,5210
52741,181
52759,3272
52760,1382
52767,6711
52768,0
52775,1311
52776,6711
52783,6411
52784,3820
52791,7391
52792,3842
52804,2835
52805,7372
52812,6552
52813,7372
52820,6552
52821,6022
52839,3841
52840,6020
52847,5699
52848,6025
52855,6799
52856,6022
52863,6025
52864,6710
52871,6799
52872,6020
52898,4941
52899,6710
52900,3714
52901,4212
52919,6211
52920,6711
52927,3949
52928,6710
52935,2451
52936,6331
52943,2328
52944,6711
52951,5651
52952,6711
52978,3944
52979,6311
52986,1311
52987,1310
52994,2361
52995,0
53006,5311
53007,6711
53014,3949
53015,3663
53022,7379
53023,1629
53030,2711
53031,3259
53049,6799
53050,5611
53057,6799
53058,6552
53065,7311
53066,5311
53073,5331
53074,3840
53081,6311
53082,4512
53102,5812
53103,3573
53110,3824
53111,3911
53129,2041
53130,3714
53137,5961
53138,3499
53145,5945
53146,3299
53153,1521
53154,3390
53161,8062
53162,3545
53188,5271
53189,3675
53196,5949
53197,3678
53209,6021
53210,7394
53217,2250
53218,7374
53225,8299
53226,3820
53233,6799
53234,6020
53241,3842
53242,7330
53268,5013
53276,2211
53277,1521
53284,6799
53285,6122
53292,3484
53293,1320
53305,5944
53306,4510
53313,7813
53321,3841
53322,7349
53348,4712
53349,6025
53356,2342
53357,5310
53364,2911
53365,7523
53372,6798
53373,6210
53380,6711
53381,5945
53399,1622
53400,5271
53401,8063
53402,6711
53428,6711
53429,3660
53436,2452
53437,0
53444,6331
53445,5080
53452,1382
53453,3570
53460,5949
53461,3670
53479,6035
53480,7373
53487,1381
53488,3660
53495,6552
53496,5080
53508,3555
53509,3570
53516,3011
53517,6711
53524,4213
53525,3610
53532,3641
53533,3842
53540,2257
53541,2831
53559,3143
53560,3570
53567,5944
53568,3573
53575,3950
53576,3662
53583,3914
53584,5086
53591,3843
53592,5141
53604,3594
53605,5080
53612,5122
53613,3674
53620,2840
53621,7372
53639,3483
53640,3670
53647,5411
53648,8699
53655,3444
53656,3670
53663,4931
53664,3662
53671,2335
53672,6711
53698,6361
53699,1311
53700,5949
53701,4213
53719,8062
53720,6022
53727,3651
53728,6531
53735,3469
53736,2086
53743,3962
53744,5172
53751,2282
53752,6552
53778,3931
53779,6711
53786,4953
53787,6030
53794,5531
53795,4811
53807,8072
53815,4841
53816,3651
53823,3661
53824,4510
53831,1531
53832,6022
53858,6025
53859,4941
53866,5331
53867,6723
53874,2650
53875,6025
53882,3494
53883,1381
53890,1382
53891,6711
53903,6025
53904,6710
53911,2329
53912,1040
53938,6711
53939,4512
53946,6726
53947,6710
53954,2294
53955,3662
53962,6211
53963,1380
53970,7312
53971,0
53989,2099
53990,7549
53997,5064
53998,6711
54009,4011
54010,4922
54017,4213
54018,6311
54025,6552
54026,1311
54033,5411
54034,6311
54041,2033
54042,7372
54068,2843
54069,3390
54076,3433
54077,7948
54084,2221
54085,5065
54092,6552
54093,2090
54105,7394
54106,2352
54113,5311
54114,2520
54121,6552
54122,3440
54148,1531
54149,6799
54156,6552
54157,3144
54164,3951
54165,3573
54172,6211
54173,4810
54180,5411
54181,3826
54199,4941
54200,3990
54201,6552
54228,6722
54229,7941
54236,7392
54237,7372
54244,5812
54245,1310
54252,3511
54253,3842
54260,5812
54261,3944
54279,6035
54280,1310
54287,1522
54288,1094
54295,7392
54296,1040
54308,3494
54309,1040
54316,1542
54317,1094
54324,6798
54325,1040
54332,6552
54333,5411
54340,3430
54341,2890
54359,2331
54360,3570
54367,3949
54368,5714
54375,6552
54376,4924
54383,1311
54384,6361
54391,6211
54392,2840
54404,3585
54412,3271
54413,5812
54420,7011
54421,1040
54439,1531
54440,3551
54447,7011
54448,3949
54455,6711
54456,1540
54463,6711
54464,4922
54471,5141
54472,4511
54498,3559
54499,1311
54500,7395
54501,3670
54519,6531
54520,4911
54527,6552
54528,3714
54535,3949
54536,5810
54543,8742
54544,5311
54551,6153
54552,2051
54578,6331
54579,7380
54586,2328
54587,1311
54594,3724
54595,4830
54607,5712
54608,4830
54615,6711
54616,4830
54623,6162
54624,4920
54631,6726
54632,7033
54658,6730
54659,4953
54666,7999
54667,6311
54674,5139
54675,3820
54682,1310
54683,254
54690,7011
54691,6311
54704,3714
54711,6726
54712,3792
54738,6530
54739,1711
54746,6025
54747,2451
54754,2621
54755,3550
54762,2321
54763,2831
54770,2258
54771,8071
54789,6711
54790,0
54797,2542
54798,8730
54818,5411
54819,2830
54826,2253
54827,3670
54834,3426
54842,6552
54843,3940
54850,6552
54869,3843
54870,3714
54877,6799
54878,6711
54885,2253
54886,7370
54893,6211
54894,6310
54906,2086
54907,7372
54914,3841
54922,3662
54923,6611
54930,6799
54931,6280
54949,5912
54950,2010
54957,1311
54958,5122
54965,5411
54966,3823
54973,6726
54974,6510
54981,251
55001,3743
55002,7948
55028,3444
55029,6798
55036,1531
55037,2830
55044,3563
55052,3444
55053,3674
55060,5080
55061,2299
55079,1622
55080,1382
55087,4583
55088,6610
55095,3552
55096,6512
55108,1541
55109,3429
55116,3499
55117,6710
55124,6723
55125,3823
55132,3662
55133,3639
55140,5661
55141,6711
55159,6711
55160,3080
55167,2451
55168,2891
55175,6211
55183,2011
55191,1311
55192,6020
55204,4811
55205,1781
55212,3443
55213,5812
55220,6331
55221,6162
55239,7513
55247,6711
55248,6211
55255,6552
55256,2621
55263,6711
55264,3640
55271,7512
55272,3573
55298,5961
55299,3541
55300,3621
55301,5621
55319,6722
55320,3714
55327,3499
55328,7380
55335,7390
55336,6331
55343,2047
55344,6331
55351,5411
55352,3621
55378,7390
55379,5271
55386,3580
55387,6023
55394,5144
55395,6711
55407,6519
55408,1210
55415,3573
55416,0
55423,2649
55424,4833
55431,6123
55432,1381
55458,6411
55459,2834
55466,3541
55467,3440
55474,5311
55475,7372
55482,6311
55483,6711
55490,6799
55503,6552
55504,6799
55511,4922
55512,7948
55538,5949
55539,7948
55546,6531
55547,7391
55554,2435
55555,5030
55562,3494
55563,3944
55570,3713
55571,4213
55589,5411
55590,4469
55597,3339
55618,1311
55619,6799
55626,2294
55634,6798
55635,7922
55642,2515
55643,7922
55650,7011
55651,1382
55669,6723
55670,1310
55677,5812
55678,6510
55685,1311
55686,6311
55693,2092
55694,5013
55706,6552
55707,3944
55714,3442
55722,3273
55723,6711
55730,3841
55731,6710
55749,4213
55750,7370
55757,6550
55758,6020
55765,5031
55766,2342
55773,6611
55774,1211
55781,3011
55782,3570
55802,6711
55803,6512
55810,5086
55811,2241
55829,1311
55830,2721
55837,5311
55838,4231
55845,3949
55846,5099
55853,6799
55854,8060
55861,6123
55862,2830
55888,3070
55889,6711
55896,6740
55897,1380
55909,5812
55917,3942
55918,0
55925,3079
55926,4213
55933,5064
55934,8911
55941,6159
55968,1311
55969,1380
55976,5311
55977,5812
55984,6798
55985,5010
55992,2339
55993,3669
56004,2335
56005,2335
56012,5812
56013,6150
56020,2821
56021,5961
56039,1521
56040,5141
56047,3751
56048,6023
56055,3914
56056,5611
56063,2911
56064,5812
56071,4213
56072,8062
56098,2653
56099,6711
56100,6321
56101,6020
56119,2761
56120,6710
56127,2761
56128,6025
56135,2067
56136,3660
56143,2421
56144,6711
56151,6799
56152,2077
56178,7394
56179,6512
56186,8999
56187,7512
56194,5912
56195,7512
56207,1522
56208,6711
56215,6711
56216,6020
56223,2421
56224,6025
56231,2011
56232,6021
56258,5182
56266,6711
56267,7395
56274,2038
56275,6021
56282,2834
56290,6798
56291,6025
56303,8244
56304,1521
56311,2711
56312,8099
56338,6531
56339,8748
56346,1381
56347,3576
56354,5812
56355,7372
56362,4222
56363,7374
56370,6321
56371,4953
56389,2711
56390,5949
56397,6711
56398,5960
56418,6723
56419,5251
56426,3792
56427,8020
56434,7011
56435,8049
56442,5065
56443,8051
56450,6021
56469,6552
56470,7374
56477,3580
56478,2721
56485,3533
56486,2752
56493,6799
56494,8051
56506,1531
56507,5211
56515,3273
56522,3221
56523,2452
56530,5141
56531,3679
56549,5311
56550,8062
56557,5090
56565,6726
56566,6311
56573,3559
56574,3471
56581,6726
56602,2015
56603,4811
56610,6798
56611,6020
56629,3365
56630,5812
56637,7813
56638,6552
56645,6799
56646,0
56653,6726
56654,5041
56661,191
56662,6311
56688,7394
56689,6150
56696,6726
56697,6711
56709,2891
56710,6331
56717,5090
56718,7374
56725,6799
56726,5661
56733,3944
56734,7819
56741,3716
56742,6710
56768,3636
56769,0
56776,6723
56777,8730
56784,3241
56785,4811
56792,6711
56793,4231
56805,6711
56806,6025
56813,6726
56814,3498
56821,6799
56822,6311
56848,4511
56849,6711
56856,6798
56857,6311
56864,2082
56865,5070
56872,6799
56873,6799
56880,3499
56881,3460
56899,3675
56900,5420
56901,3523
56902,1310
56928,3949
56929,5940
56936,6311
56937,2834
56944,6723
56945,2833
56952,4924
56953,5812
56960,2761
56961,5961
56979,6726
56980,7399
56987,6726
56995,6799
56996,0
57007,173
57008,4213
57015,3273
57016,6711
57023,6799
57024,2869
57031,2731
57032,7311
57058,6123
57059,6531
57066,3589
57067,2731
57074,6722
57075,7391
57082,6726
57083,3674
57090,6723
57091,2834
57103,6726
57104,7370
57111,6723
57112,8110
57138,3499
57139,4899
57146,3275
57147,7390
57154,2621
57155,7370
57162,6552
57163,3562
57170,3523
57171,2841
57189,7513
57190,6020
57197,6311
57198,2830
57218,6799
57219,1040
57226,2272
57227,7391
57234,3662
57235,6723
57242,6162
57243,2030
57250,6712
57251,3820
57269,4931
57270,7810
57277,4931
57278,2732
57285,6799
57286,2761
57293,6726
57306,5912
57307,0
57314,6799
57315,2090
57322,3541
57323,6023
57330,5812
57331,4941
57349,2711
57350,6711
57357,3555
57358,6711
57365,6726
57366,6711
57373,2834
57374,6124
57381,4953
57382,7372
57402,6799
57403,4511
57410,6726
57429,3949
57430,7395
57437,2311
57438,2711
57445,2834
57446,6331
57453,6723
57454,8730
57461,1311
57462,2721
57488,2874
57489,1311
57496,6799
57497,4521
57509,1311
57510,6710
57517,6110
57518,2013
57525,6799
57526,6020
57533,6411
57534,3840
57541,2731
57542,3820
57568,3411
57569,1310
57576,6799
57577,5960
57584,6726
57592,3573
57605,6025
57606,3573
57613,2311
57614,1381
57621,6711
57622,1541
57648,6711
57649,7392
57656,1040
57657,7392
57664,6552
57665,3021
57672,2011
57673,1380
57680,8051
57681,3711
57699,3651
57700,3861
57701,1311
57728,1311
57729,1382
57736,3535
57744,4923
57745,2451
57753,5812
57760,3573
57761,2760
57779,4922
57780,5074
57787,7513
57795,3574
57808,3677
57809,3560
57816,1382
57817,5651
57824,7374
57825,1310
57832,4511
57840,2651
57841,1382
57859,1021
57860,1310
57867,5311
57868,3573
57875,3644
57876,7370
57883,1382
57884,5060
57891,6711
57892,1311
57904,6321
57912,5631
57913,5120
57920,5063
57921,6210
57939,2086
57940,1381
57947,5812
57948,6150
57955,4011
57963,5411
57964,6310
57971,2328
57972,4511
57998,2231
57999,3570
58018,5311
58019,3440
58026,5271
58034,2834
58035,6122
58042,1211
58043,4923
58050,3425
58051,6711
58069,3362
58070,8071
58077,6331
58078,6330
58085,1389
58086,6792
58093,6022
58094,6022
58106,3641
58107,3679
58114,6726
58115,4811
58122,2873
58130,3261
58149,3861
58150,6710
58157,3312
58158,2911
58165,3531
58166,6036
58173,5023
58174,6025
58181,8712
58182,6331
58202,4924
58203,4712
58210,4213
58211,7374
58229,1311
58230,6711
58237,1311
58238,6711
58245,8911
58246,6020
58253,6162
58254,8062
58261,5311
58262,1380
58288,6723
58289,7011
58296,2819
58297,3531
58309,7391
58310,3531
58317,5111
58318,3537
58325,5014
58326,8999
58333,5051
58334,4924
58341,6711
58342,0
58368,4000
58369,7819
58376,3662
58384,1382
58385,6711
58392,2077
58393,6311
58405,5912
58406,4931
58413,6798
58414,3241
58421,3312
58448,4011
58456,8059
58457,1381
58464,3572
58465,2834
58472,6711
58473,3840
58480,7011
58481,3589
58499,7374
58500,3820
58501,8742
58502,1041
58528,1731
58536,6361
58537,3820
58544,1711
58545,3820
58552,4924
58560,3811
58579,1521
58587,4911
58595,3452
58596,2844
58608,3442
58609,6552
58616,3221
58617,1081
58624,7011
58625,5122
58632,7311
58633,3692
58640,3661
58641,8740
58659,4922
58660,3693
58667,2426
58668,1311
58675,1381
58676,1311
58683,4512
58684,4720
58691,6123
58692,3550
58704,5211
58712,3841
58713,1499
58720,3561
58721,2080
58739,1311
58740,5499
58747,7813
58748,3840
58755,3621
58756,3810
58763,3443
58764,1310
58771,3621
58772,4410
58798,2335
58799,3360
58800,5021
58801,8060
58819,4931
58820,2320
58827,6711
58828,6740
58835,3585
58836,2330
58843,3429
58844,2331
58851,3714
58852,6711
58878,6025
58879,1311
58886,1311
58887,6531
58894,5812
58895,3570
58907,6025
58915,5812
58916,6330
58923,2761
58924,4511
58931,2339
58932,2092
58958,5013
58959,1311
58966,6145
58967,6711
58974,2011
58975,1389
58982,2051
58983,7391
58990,2711
59002,3490
59010,5651
59011,2451
59029,3721
59030,0
59037,1382
59038,7391
59045,4449
59053,2893
59061,2844
59062,2451
59088,8062
59089,1389
59096,3532
59097,7311
59109,6025
59110,1400
59117,6025
59118,6710
59125,1382
59126,6330
59134,6022
59141,5043
59142,3313
59168,2339
59169,2843
59176,6141
59177,1311
59184,2082
59185,2842
59192,6331
59193,1311
59205,5812
59206,1310
59213,2241
59214,1381
59221,6711
59222,3560
59248,2082
59249,1382
59256,2211
59264,2033
59265,1381
59272,6025
59273,2911
59280,5141
59281,1311
59300,6798
59301,5141
59302,0
59328,3679
59329,6711
59336,3662
59337,5960
59344,3321
59345,6022
59352,2891
59353,6311
59360,8911
59379,6021
59380,6711
59387,3496
59395,4924
59396,6351
59408,6029
59409,6710
59416,2082
59417,6799
59424,3651
59425,2342
59432,4213
59433,6211
59440,6331
59441,6711
59459,6331
59460,3080
59467,1220
59468,2082
59475,5411
59476,1381
59483,4213
59484,3471
59491,3573
59504,132
59505,3357
59512,2111
59513,8071
59520,6411
59521,3829
59539,3711
59540,3662
59547,5912
59548,8081
59555,3711
59556,8071
59563,7397
59564,3841
59571,1446
59572,3622
59598,3573
59599,0
59600,3560
59601,7372
59619,2099
59620,6711
59627,2500
59628,6798
59635,2834
59636,5812
59643,6311
59644,2834
59651,6711
59652,3851
59678,6711
59679,0
59686,1629
59694,3429
59695,3573
59707,3573
59708,3674
59715,1382
59723,3573
59724,6711
59731,5311
59758,3312
59766,3579
59767,3832
59774,3714
59775,3840
59782,6122
59783,3573
59790,3671
59791,4833
59803,3662
59804,7374
59811,7374
59812,3832
59838,1521
59839,3830
59846,3651
59847,6711
59854,7321
59855,3843
59862,3573
59863,6710
59870,4722
59871,3670
59889,1521
59890,2013
59897,3699
59898,3330
59918,5331
59919,3241
59926,8051
59927,6123
59934,6123
59935,4950
59942,3573
59943,7372
59950,6025
59969,6123
59970,6160
59977,6159
59978,3714
59985,5122
59993,3562
59994,3820
60003,3472
60004,2834
60011,7213
60012,7299
60038,3421
60039,0
60046,3573
60047,1382
60054,1381
60055,5941
60062,5311
60063,3569
60070,5946
60071,3630
60089,3811
60090,2835
60097,3842
60098,4911
60118,5961
60119,6711
60126,191
60127,1310
60134,6711
60135,4212
60142,7389
60143,3550
60150,7948
60169,4924
60170,4511
60177,3651
60178,0
60185,5812
60186,5047
60193,2514
60194,1382
60206,5251
60207,1311
60214,6711
60215,3811
60222,2328
60223,2645
60230,3694
60231,1310
60249,6122
60257,3351
60258,3840
60265,3079
60266,2279
60273,2522
60274,8999
60281,3728
60302,6711
60303,5040
60310,3728
60311,6794
60329,3533
60330,5141
60337,3573
60338,3622
60345,3448
60346,7220
60353,2522
60354,7372
60361,3432
60388,4512
60389,7372
60396,5074
60397,3679
60409,7392
60410,3710
60417,3489
60418,1311
60425,2451
60426,4811
60433,3573
60441,7999
60442,6021
60468,3563
60469,1382
60476,3569
60477,2643
60484,1311
60485,2079
60492,3462
60505,2821
60506,3711
60513,1381
60514,5812
60521,3494
60522,3442
60548,3564
60549,4832
60556,6211
60557,2323
60564,4511
60565,6711
60572,3573
60573,8051
60580,3524
60581,2891
60599,4812
60600,6711
60601,6025
60602,8062
60628,4513
60629,0
60636,2048
60644,8059
60652,1381
60653,2842
60660,6311
60661,0
60679,7513
60680,4411
60687,6411
60688,6710
60695,1311
60696,5148
60708,3621
60709,7999
60716,3811
60717,6711
60724,1311
60725,6552
60732,1381
60733,7512
60740,6711
60741,6531
60759,2211
60768,1044
60776,6162
60783,6711
60784,6711
60791,6711
60792,4810
60804,6799
60805,0
60812,6711
60813,7312
60820,2711
60821,6022
60839,6711
60840,3551
60847,3561
60855,3949
60856,7399
60863,6123
60864,6711
60871,3674
60872,4582
60898,7933
60899,4812
60900,3573
60901,8922
60919,7379
60920,1310
60927,7011
60928,2648
60935,3569
60936,3662
60943,2515
60944,3861
60951,5983
60952,1021
60978,5411
60986,3089
60987,6711
60994,7374
60995,6122
61006,6711
61007,2092
61014,5812
61015,0
61022,1311
61023,6311
61030,3499
61031,2810
61049,3079
61050,2711
61057,2327
61058,5810
61065,5945
61066,3840
61073,4011
61081,4730
61082,3448
61102,6552
61103,2340
61110,1311
61111,1311
61129,2834
61137,3662
61138,2834
61145,3915
61146,3578
61153,7011
61161,3465
61162,2065
61188,1389
61189,5060
61196,1311
61209,3728
61210,1311
61217,1311
61218,1311
61225,3728
61226,2331
61233,1389
61234,5650
61241,3674
61242,4833
61268,4511
61269,3460
61276,3573
61277,6723
61284,6711
61285,2013
61292,6711
61293,5311
61305,2641
61313,3564
61314,2451
61321,3079
61322,3679
61348,3536
61356,6023
61357,1310
61364,2831
61365,5140
61372,6512
61373,5140
61380,1311
61381,6711
61399,5211
61400,4722
61401,2420
61402,5812
61428,6790
61429,2099
61436,1611
61437,1310
61444,4922
61445,7399
61452,1382
61453,3662
61460,3661
61479,1382
61487,5172
61488,7380
61495,2328
61496,5030
61508,3826
61509,6710
61516,3826
61517,5172
61524,7377
61525,5620
61532,2911
61540,3944
61541,3861
61559,1382
61560,6020
61567,3728
61575,1381
61576,5031
61583,2676
61584,5912
61591,6162
61592,5912
61604,1381
61605,6059
61612,3861
61613,0
61620,3577
61621,8700
61639,2761
61640,7321
61647,3724
61648,5961
61655,7372
61656,2431
61663,2911
61664,6723
61671,4922
61672,8080
61698,6711
61699,5999
61700,3669
61701,2899
61719,1311
61720,1310
61727,2253
61728,1611
61735,6719
61736,5810
61743,2782
61744,3460
61751,6023
61752,6552
61778,3674
61779,6331
61786,1311
61787,3560
61794,7824
61795,6320
61807,3812
61815,1311
61816,3079
61823,5912
61831,6799
61832,1040
61858,1311
61859,1311
61866,3661
61867,6711
61874,2282
61875,6025
61882,4924
61883,6311
61890,4924
61891,3999
61903,3728
61911,4213
61912,6711
61938,6798
61939,3843
61946,4911
61947,1310
61954,3462
61955,1311
61962,1311
61963,4213
61970,2022
61989,5142
61990,6022
61997,3573
61998,1542
62009,3357
62010,4924
62017,3573
62018,1382
62025,6723
62026,7372
62033,3610
62034,3469
62041,3743
62042,2040
62068,6282
62069,4511
62076,2992
62084,6210
62085,6022
62092,3829
62093,6310
62105,3573
62106,6311
62113,1381
62114,5810
62122,2086
62148,4011
62149,7370
62156,6798
62157,1531
62164,3573
62165,7810
62172,3651
62173,2511
62180,3842
62181,3643
62199,3842
62200,5080
62201,6711
62202,5812
62228,3825
62229,3431
62236,6711
62237,0
62244,5499
62245,6020
62252,6331
62253,3570
62260,7372
62261,3810
62279,1311
62280,5999
62287,2672
62288,1311
62295,4941
62296,8350
62308,6311
62309,1381
62316,5961
62317,1381
62324,2761
62325,1311
62332,1381
62333,6519
62340,4922
62341,1310
62359,6792
62360,7350
62367,6798
62368,4520
62375,3663
62376,4520
62383,1531
62384,2890
62391,6792
62392,1310
62404,3674
62405,1380
62412,1311
62413,1311
62420,3613
62421,1382
62439,3731
62440,3530
62447,3660
62448,1380
62455,3910
62463,2253
62464,1382
62471,3662
62472,2830
62498,3069
62499,5120
62500,3670
62519,4481
62527,3494
62528,2834
62535,3533
62536,2834
62543,1311
62544,8070
62551,1311
62552,2830
62578,1311
62579,7372
62586,6552
62587,6311
62594,6719
62595,6710
62607,3661
62608,6711
62615,1311
62616,6711
62623,3559
62624,6162
62631,3531
62632,5063
62658,2041
62659,2821
62666,3341
62674,2834
62675,6150
62682,5141
62683,2065
62690,1311
62691,8999
62703,4922
62704,3670
62711,3563
62712,3840
62738,3559
62739,1311
62746,3662
62747,7360
62754,2841
62755,3661
62762,4811
62763,3861
62770,6022
62771,2640
62789,6311
62790,3578
62797,2822
62798,3861
62818,7011
62819,3811
62826,4810
62827,8999
62834,2819
62835,3832
62842,4941
62843,6330
62850,1311
62851,6350
62869,6711
62870,2892
62877,1311
62878,3841
62885,6531
62886,3840
62893,6711
62894,5331
62906,3949
62907,5812
62914,3851
62915,5949
62922,6733
62923,6710
62930,6722
62931,6330
62949,3674
62950,5812
62957,1311
62958,2033
62965,1382
62966,3679
62973,8911
62974,7011
62981,6799
62982,6610
63001,1311
63002,5499
63028,3671
63036,6711
63037,3570
63044,3533
63045,7393
63052,1381
63053,1382
63060,5812
63061,6030
63079,1381
63080,2044
63087,8911
63088,6280
63095,1541
63096,5191
63108,4011
63109,2399
63116,3573
63117,6711
63124,1382
63125,5060
63132,3728
63140,1311
63141,6311
63159,3713
63160,3430
63167,5082
63168,3444
63175,1311
63176,6711
63183,3356
63184,2082
63191,3469
63192,6711
63204,7399
63205,5812
63212,3589
63213,5812
63220,6211
63221,5812
63239,2731
63240,5172
63247,3841
63248,1311
63255,2052
63256,6311
63263,2834
63264,1311
63271,6025
63272,0
63298,5211
63299,6710
63300,3661
63301,0
63319,1311
63320,2899
63327,3811
63328,3272
63335,1381
63336,3079
63343,6711
63344,3550
63351,8082
63352,6710
63378,752
63379,2721
63386,3571
63394,3573
63395,2720
63407,1381
63415,1542
63423,4811
63424,1382
63431,1781
63432,2834
63458,6711
63459,5812
63466,1311
63467,6411
63474,3573
63475,5050
63482,7011
63483,7372
63490,4722
63491,6711
63503,4911
63504,3070
63511,6022
63538,3676
63539,2851
63546,3572
63547,2810
63554,2026
63555,2820
63562,1381
63563,7814
63570,3533
63571,3811
63589,3573
63590,6021
63597,5621
63618,3531
63619,3551
63626,5733
63627,6711
63634,0
63635,2830
63642,3573
63643,3634
63650,3949
63651,3041
63669,6711
63670,3494
63677,5013
63678,3530
63685,6711
63686,3560
63693,3573
63694,1099
63706,6792
63707,3731
63714,5912
63715,3820
63722,7374
63723,3692
63730,2751
63731,3822
63749,1311
63750,3610
63757,1381
63758,3530
63765,1311
63773,4812
63774,1381
63781,1382
63782,3494
63802,4899
63803,1311
63810,8091
63811,8111
63829,3679
63830,3324
63837,3629
63838,7819
63845,6411
63846,3324
63853,1380
63854,3841
63861,3494
63862,6210
63888,1382
63889,8090
63896,7391
63897,6311
63909,2099
63910,5146
63917,6711
63918,1311
63925,4212
63926,2649
63933,8062
63934,5990
63941,1382
63942,1041
63968,8062
63969,1041
63976,4911
63977,6310
63984,6711
63985,7299
63992,2821
63993,7380
64004,4581
64005,2643
64012,3840
64013,4213
64020,5812
64021,6023
64039,5311
64040,3433
64047,6122
64048,3573
64055,6711
64063,7363
64064,5140
64071,7375
64072,3570
64098,1381
64099,7813
64100,7394
64101,5812
64119,6711
64120,5812
64127,3823
64135,3999
64136,7399
64143,4922
64144,3660
64151,7379
64152,1310
64178,2834
64179,3573
64186,6324
64187,2261
64194,6799
64195,3573
64207,7372
64208,0
64215,3841
64216,211
64223,4899
64224,5080
64231,3679
64232,0
64258,2821
64259,4899
64266,7372
64267,7391
64274,6513
64275,6159
64282,5621
64283,4712
64290,4923
64291,1389
64303,3825
64304,2865
64311,4731
64312,8091
64338,5065
64339,6310
64346,3496
64347,8931
64354,3533
64355,8243
64362,7372
64370,6711
64371,7372
64389,1382
64390,6331
64397,5065
64398,7395
64418,4925
64419,6030
64426,6552
64427,3940
64434,8082
64435,3650
64442,5812
64450,4924
64451,6798
64469,6790
64470,6711
64477,4953
64478,3412
64485,6159
64486,6311
64493,3873
64494,5080
64506,3569
64507,3570
64514,6211
64515,6020
64522,5812
64523,6711
64530,3143
64531,6311
64549,2451
64550,6710
64557,4911
64558,6311
64565,6162
64566,4511
64573,6519
64574,8051
64581,7391
64582,6710
64602,6711
64610,7824
64611,7372
64629,3443
64630,3531
64637,3577
64638,6720
64645,1311
64646,4924
64653,6798
64654,3550
64661,3661
64662,0
64688,2648
64689,6710
64696,7011
64697,2511
64709,3143
64717,3949
64718,1382
64725,7372
64726,3661
64733,6799
64734,6552
64741,4960
64742,3580
64768,6711
64769,3841
64776,6711
64777,5411
64784,6711
64785,1799
64792,2499
64793,6722
64805,6792
64806,6023
64813,3661
64814,3670
64821,4511
64822,1311
64848,5171
64849,3443
64856,2834
64857,3573
64864,6799
64872,7011
64873,3650
64880,1629
64881,0
64899,2084
64900,3662
64901,3661
64902,4950
64928,4511
64929,2992
64936,1311
64937,2541
64944,8222
64945,8091
64952,6711
64953,2253
64960,3721
64961,7372
64979,5712
64980,3573
64987,3841
64988,3670
64995,6021
64996,2010
65007,4521
65008,3670
65015,1531
65016,1380
65023,5251
65024,3572
65031,1311
65032,3577
65058,6211
65059,5060
65066,7699
65067,3845
65074,7372
65075,2339
65082,3575
65083,3840
65090,7399
65091,7370
65103,7814
65104,3820
65111,6321
65112,5043
65138,6021
65139,3622
65146,6022
65154,3568
65155,3820
65162,8051
65163,3990
65170,8051
65171,2253
65189,5081
65190,2253
65197,3999
65198,7390
65218,3560
65219,6552
65226,3812
65227,5812
65234,3662
65235,3699
65242,3221
65243,6552
65250,2834
65251,3643
65269,6711
65270,7360
65277,2731
65278,6711
65285,1531
65293,2873
65294,6331
65306,7218
65307,2891
65314,8911
65315,2211
65322,2521
65323,3341
65330,6282
65331,4214
65349,1381
65350,3560
65357,6211
65358,6711
65365,3089
65373,2322
65374,2522
65381,4911
65402,3639
65403,3693
65410,3564
65429,6719
65430,5086
65437,1382
65438,3662
65445,6321
65446,7389
65453,3448
65461,6711
65462,4899
65488,6711
65489,5086
65496,3679
65497,3662
65509,4833
65510,5080
65517,5621
65518,3661
65525,6513
65526,3550
65533,7011
65534,4833
65541,3851
65542,1382
65568,1041
65569,6711
65576,3570
65577,2084
65584,6512
65592,1311
65593,3567
65605,2751
65606,6711
65613,6211
65614,1521
65621,6711
65622,3573
65648,6792
65649,1389
65656,3241
65657,5812
65664,4411
65665,6726
65672,3577
65673,7374
65680,1311
65681,7374
65699,3714
65700,3274
65701,2911
65702,7810
65728,6792
65729,7374
65736,5661
65737,1211
65744,5812
65752,7389
65753,2311
65760,5714
65761,3229
65779,3645
65780,3999
65787,2711
65788,7538
65795,5051
65796,7360
65808,2037
65809,3531
65816,3578
65817,3537
65824,3691
65825,3873
65832,2834
65833,2752
65840,7814
65859,4813
65860,3433
65867,6711
65875,4813
65883,4812
65884,2741
65891,6035
65904,5812
65905,6799
65912,6726
65913,6799
65920,1311
65921,2879
65939,6022
65940,3860
65947,6513
65948,1531
65955,6123
65956,4953
65963,3851
65964,3651
65971,1521
65972,3674
65999,3572
66018,4811
66026,4811
66027,2844
66034,2751
66035,3861
66042,7011
66043,6711
66050,3942
66051,7399
66069,1311
66070,5960
66077,7359
66078,5995
66085,7011
66086,3660
66093,4812
66094,3581
66106,5120
66107,5136
66114,2631
66115,1310
66122,4813
66123,3820
66130,2621
66149,3714
66157,6021
66158,1381
66165,6153
66166,1311
66173,3621
66174,7231
66181,5211
66182,4511
66202,6035
66203,8051
66210,6512
66211,8063
66229,2024
66230,3670
66237,7814
66238,2834
66245,1521
66246,3732
66253,7372
66254,6150
66261,5112
66262,6311
66288,1400
66289,2851
66296,6799
66297,5090
66309,6798
66310,3949
66317,4411
66318,8059
66325,6141
66326,3842
66333,2647
66334,1080
66341,6552
66342,7372
66368,8999
66369,3820
66376,5075
66377,0
66384,3572
66385,3660
66392,6798
66393,3840
66405,3679
66406,5060
66413,7832
66414,2328
66421,8062
66422,5013
66448,1381
66449,8062
66456,6035
66457,3792
66464,7011
66465,6311
66472,3679
66473,2070
66480,5961
66481,1310
66499,3661
66500,4214
66501,3845
66502,1389
66528,1311
66529,3660
66536,6146
66537,6711
66544,2751
66545,3560
66552,6122
66553,2830
66560,5632
66561,2099
66579,6036
66580,1311
66587,5063
66588,1090
66595,7391
66596,1623
66608,3613
66609,6531
66616,6726
66617,1311
66624,6311
66625,6790
66632,1041
66633,6790
66640,1623
66641,5812
66659,1221
66660,3841
66667,3663
66668,5810
66675,6162
66676,5812
66683,5082
66684,5810
66691,6711
66692,6513
66704,6711
66705,3590
66712,6711
66713,7380
66720,1211
66721,3944
66739,1311
66740,5490
66747,5812
66748,2821
66755,7372
66756,3324
66763,2046
66764,1622
66771,2046
66772,2451
66798,2046
66799,7373
66800,6331
66801,3570
66819,2391
66827,7699
66828,5712
66835,4813
66836,2830
66843,8051
66844,5411
66851,1311
66852,5060
66878,2452
66879,5311
66886,6711
66894,8071
66895,8999
66907,6122
66915,7814
66916,1311
66923,3825
66924,1311
66931,3711
66932,3861
66958,3555
66959,5041
66966,4511
66967,6020
66974,3149
66975,181
66982,6025
66983,0
66990,6799
66991,3610
67002,3470
67003,3573
67010,5065
67011,5810
67029,3663
67030,3634
67037,3845
67038,1381
67045,2451
67046,6020
67053,1311
67061,0
67062,6552
67088,1311
67089,3465
67096,6798
67097,2752
67109,3795
67110,6799
67117,8299
67118,3429
67125,4511
67126,7810
67133,4924
67134,2451
67141,6552
67168,2834
67169,2335
67176,5651
67177,3312
67184,1521
67185,3661
67192,7379
67193,3561
67205,8051
67206,3861
67213,6798
67214,3911
67221,3573
67222,1310
67248,6723
67249,4213
67256,3949
67257,3430
67264,6798
67265,6794
67272,811
67273,3573
67280,6531
67281,3679
67299,3860
67300,3679
67301,0
67302,6794
67328,2834
67329,3690
67336,6552
67344,5999
67345,3820
67352,752
67353,3662
67360,4931
67361,3764
67379,8081
67380,6720
67387,5699
67396,1381
67408,2911
67409,1380
67416,6711
67417,6610
67425,2340
67432,2511
67433,1040
67440,6211
67441,4924
67459,5632
67467,5331
67468,3546
67475,1311
67476,3573
67483,1311
67484,3570
67491,1311
67492,6794
67504,6711
67505,3715
67512,6711
67520,5122
67521,2992
67539,1041
67540,6411
67547,1081
67555,1521
67556,6310
67563,6035
67564,3079
67571,6162
67572,3561
67598,6798
67599,2282
67600,8081
67601,3769
67619,272
67620,5310
67627,5094
67628,5310
67635,6122
67636,1310
67643,3949
67651,1381
67652,2510
67678,5047
67679,5122
67686,3942
67687,3573
67694,3639
67695,3564
67707,8071
67708,6798
67715,5812
67716,3585
67723,6324
67724,3677
67731,6711
67732,2512
67758,6792
67759,1044
67766,2752
67774,4922
67775,2760
67782,4833
67783,5812
67790,6552
67791,1311
67803,5661
67804,5722
67838,5947
67846,8051
67847,6795
67854,6799
67855,6122
67862,6035
67863,5084
67870,2812
67871,4511
67889,1311
67897,6331
67898,2873
67918,6799
67919,0
67926,1311
67927,1380
67934,3829
67935,6711
67942,7379
67943,1041
67950,1522
67951,2834
67969,6311
67970,3560
67977,2087
67985,3573
67993,6211
67994,2065
68005,1521
68006,5812
68013,1041
68021,6798
68022,6411
68048,6723
68049,5812
68056,6711
68057,3851
68064,6799
68065,5611
68072,1311
68073,5014
68080,6798
68081,3532
68099,5812
68100,5072
68101,6799
68102,3660
68128,1311
68129,6411
68136,6025
68137,3079
68144,6021
68145,3670
68152,6211
68153,0
68160,1311
68161,3672
68180,5063
68187,6798
68188,5812
68195,5211
68196,6280
68208,1221
68209,3675
68216,1311
68217,3334
68225,5023
68232,6711
68233,3537
68240,6726
68241,5081
68259,6726
68260,7369
68267,6726
68268,1381
68275,6153
68276,2834
68283,3559
68284,3673
68291,6711
68292,6330
68304,6211
68305,7372
68312,6798
68313,8710
68320,3861
68321,5122
68339,6123
68340,2834
68347,3571
68348,0
68355,1041
68356,3573
68363,5651
68364,7311
68371,1311
68372,3573
68398,3571
68399,3662
68400,1311
68401,2731
68419,6719
68420,3811
68427,6722
68428,7389
68435,6711
68444,3566
68451,3711
68452,6320
68478,7813
68479,2761
68486,8051
68487,3231
68494,8741
68495,2672
68507,3944
68508,2752
68515,6798
68516,5311
68523,7363
68524,1381
68531,6711
68532,5311
68558,5812
68559,3670
68566,1311
68567,7011
68574,6122
68582,6211
68583,1041
68590,7824
68591,3845
68603,7392
68604,3324
68611,7372
68612,6513
68638,1311
68646,6611
68647,2272
68654,1622
68655,7510
68662,851
68663,6723
68670,7812
68671,3841
68689,2879
68690,3161
68697,1311
68698,3660
68718,2024
68719,6710
68726,6798
68727,6711
68734,5732
68742,1311
68743,5810
68750,6799
68751,3569
68769,6162
68778,7948
68785,6711
68786,6022
68793,6724
68806,3211
68807,3573
68814,3357
68815,1311
68822,6211
68823,3690
68830,2869
68831,1011
68849,6798
68850,2844
68857,4841
68858,5086
68865,7812
68866,1311
68873,5013
68874,4811
68881,1311
68882,4890
68902,6799
68903,7370
68910,4923
68929,6722
68930,4833
68937,7813
68938,2062
68945,5144
68946,6710
68953,6512
68954,6120
68961,6726
68962,6030
68988,1381
68996,5082
68997,1311
69008,6724
69016,6025
69017,3661
69024,7824
69025,3573
69032,6211
69033,3577
69040,3743
69041,3573
69059,6799
69060,2761
69067,6722
69075,4812
69076,3651
69083,6711
69084,7370
69091,1041
69092,5921
69104,1311
69105,4510
69112,1381
69120,5261
69121,2830
69139,6711
69140,3823
69147,6726
69148,5133
69155,2834
69156,2720
69163,2844
69164,2834
69171,2844
69172,5311
69198,4899
69199,2821
69200,3825
69201,5730
69219,6282
69220,3060
69227,3581
69228,0
69235,1521
69236,0
69243,4911
69244,3660
69251,6799
69252,3693
69278,6120
69279,7374
69286,9511
69287,3240
69294,9511
69295,3820
69307,7372
69308,8071
69315,7929
69316,3573
69323,7379
69324,3662
69331,6722
69332,7374
69358,7391
69359,7370
69366,6722
69374,6711
69382,6726
69383,7390
69390,6723
69391,3570
69403,2874
69404,0
69411,5311
69438,6799
69439,4899
69446,1044
69447,8730
69454,0
69455,8911
69462,6799
69463,6794
69470,8091
69471,2844
69489,5999
69497,6025
69518,6726
69519,4832
69526,7373
69527,3951
69534,173
69535,3579
69542,3670
69543,5812
69550,2834
69551,6552
69569,1521
69570,5812
69585,1041
69586,6021
69593,2711
69594,6711
69606,2911
69607,3572
69614,6162
69622,3612
69623,8990
69630,2329
69631,4460
69649,6211
69650,3860
69657,6726
69658,6711
69665,6799
69666,1311
69673,6711
69674,6022
69681,6719
69682,5411
69702,6798
69703,6710
69710,6711
69711,6711
69729,7399
69730,6025
69737,7374
69738,6144
69745,3585
69746,6311
69754,6310
69761,6029
69762,6711
69788,6211
69789,6311
69796,2084
69797,6711
69809,5137
69810,6711
69818,0
69825,5122
69826,6311
69834,6025
69842,6711
69868,5621
69877,3660
69884,6123
69885,3674
69892,1041
69893,3999
69905,1041
69906,6330
69913,7011
69914,1382
69921,6798
69922,5944
69949,7372
69957,7379
69964,0
69965,5060
69972,6411
69973,3675
69980,6722
69999,6722
70000,6711
70009,6723
70010,1311
70017,6726
70018,3669
70026,3810
70033,3751
70034,3679
70041,0
70042,3811
70069,7391
70076,5961
70077,5961
70092,1531
70093,7011
70106,7380
70113,2330
70114,1389
70121,6798
70122,1710
70148,2759
70149,2086
70156,7375
70157,6711
70164,4910
70165,1382
70172,6331
70173,2395
70180,0
70199,7812
70200,1380
70202,0
70228,1522
70229,7374
70237,1310
70244,8399
70245,3231
70252,6723
70253,2752
70260,5063
70261,6710
70280,2531
70287,6723
70288,3670
70295,6722
70296,6552
70308,5084
70316,7359
70325,3360
70332,1321
70333,4213
70340,8051
70359,2821
70360,2844
70367,6025
70375,7372
70376,5812
70383,6798
70384,5812
70391,7941
70392,6550
70405,5411
70413,5411
70420,4612
70421,5311
70439,6510
70440,3553
70447,2653
70448,6020
70455,7819
70456,6552
70471,4953
70499,1311
70500,2086
70501,3662
70519,6021
70520,1311
70527,0
70535,6722
70536,2836
70543,6281
70544,2869
70551,7379
70552,3070
70578,2841
70579,3679
70586,6025
70587,5541
70594,6512
70595,7390
70607,4841
70608,2810
70616,3660
70623,6035
70624,3674
70632,3550
70659,3674
70666,5094
70667,3670
70674,3081
70675,7370
70682,3251
70690,4222
70691,1040
70703,6798
70704,1481
70711,0
70739,6411
70747,3646
70754,6711
70755,7829
70762,4899
70763,4511
70770,6726
70771,7379
70789,7011
70790,3714
70797,6722
70798,4813
70818,6798
70819,5810
70826,6726
70827,3250
70835,5810
70843,5812
70850,3841
70851,4212
70869,7011
70870,1311
70878,3433
70885,6025
70886,3643
70893,7833
70894,5031
70907,3823
70914,5047
70915,2834
70923,2011
70930,5812
70931,2013
70949,5983
70950,7361
70957,6351
70958,6712
70965,2015
70966,6710
70974,6550
70981,3728
70982,4899
71001,3089
71002,7372
71028,7011
71029,7372
71037,7372
71045,7372
71053,3433
71061,3674
71079,6722
71080,7390
71087,3636
71088,3825
71095,3079
71096,5311
71108,6726
71109,7215
71116,8741
71117,1310
71124,5199
71125,3433
71133,0
71140,6790
71141,3433
71159,6722
71168,8710
71175,6321
71176,2631
71184,3111
71191,8711
71192,2084
71204,5169
71205,3483
71212,2051
71213,6030
71220,3648
71221,6311
71239,3661
71240,5146
71247,3669
71256,7399
71264,2086
71271,6331
71298,1041
71299,6711
71300,8091
71301,6331
71327,6726
71328,6710
71335,6726
71336,1380
71343,6726
71351,6799
71352,0
71378,6799
71379,6025
71386,6799
71387,7011
71394,6799
71395,4923
71407,6799
71408,4511
71415,6799
71416,1540
71423,6726
71424,6711
71431,6726
71432,6711
71458,6726
71459,2834
71467,6025
71475,4941
71483,2653
71491,5149
71504,6145
71512,2821
71538,3555
71539,5812
71547,5039
71554,3999
71555,1380
71562,1389
71563,6712
71571,1310
71589,4512
71590,7011
71598,6310
71627,6311
71635,1311
71643,6711
71651,6510
71678,2621
71685,3621
71686,6020
71694,4952
71715,6711
71722,6726
71723,1311
71731,7512
71750,2992
71765,4011
71766,7391
71774,7011
71782,4941
71803,5122
71810,6726
71811,4911
71830,6311
71837,8711
71838,6552
71845,1521
71846,1380
71854,6610
71862,6799
71888,2874
71889,6712
71897,4722
71909,6361
71910,3569
71918,3660
71926,3841
71933,5812
71934,4890
71942,3840
71969,3944
71976,3715
71977,7374
71984,2322
71985,3710
71992,4899
71993,1310
72005,3081
72013,3940
72021,1094
72040,2390
72048,3079
72055,2821
72056,3662
72063,6123
72064,3612
72072,3210
72098,7372
72099,7379
72100,3612
72101,3573
72119,3452
72120,4832
72128,3660
72135,6552
72136,3840
72144,3660
72152,3694
72179,2711
72195,3641
72207,6550
72208,3832
72216,3832
72224,3339
72231,6722
72232,3550
72259,5812
72267,8990
72274,6799
72275,3149
72283,7011
72291,7523
72304,3840
72311,5733
72312,3612
72338,8051
72339,7362
72371,1020
72389,5093
72390,3710
72398,7940
72427,4213
72442,0
72443,1311
72451,6311
72470,6311
72478,3670
72486,3670
72494,2761
72507,6711
72514,1311
72515,3542
72523,3760
72531,1799
72550,3991
72557,6723
72558,0
72566,8999
72574,1490
72581,762
72602,6531
72603,3693
72611,5530
72630,0
72638,3069
72646,3714
72654,4890
72661,6798
72662,3660
72688,6035
72696,1531
72697,6711
72710,5130
72718,5013
72725,6723
72726,6022
72733,3724
72741,3724
72742,1310
72768,5085
72769,6311
72776,6722
72777,6710
72785,3990
72792,5963
72793,5812
72813,6726
72814,3842
72822,2752
72849,3523
72857,5732
72864,6798
72872,5812
72873,3662
72881,7374
72900,1311
72902,5084
72928,5043
72937,5311
72945,3646
72953,2860
72961,3533
72980,6361
72988,2099
72996,6211
73008,3832
73016,7372
73024,1211
73032,2834
73059,1311
73067,6711
73075,3571
73083,5311
73091,2620
73104,5122
73112,1311
73139,3841
73147,2642
73155,2731
73163,5960
73171,5311
73198,5810
73219,3484
73227,1521
73235,5012
73243,0
73251,6711
73270,4899
73278,6030
73286,0
73294,3571
73315,6020
73323,2834
73331,5093
73350,5063
73358,6711
73366,8060
73374,5170
73382,1382
73403,6799
73411,6030
73430,3573
73438,3089
73446,6550
73462,0
73489,4832
73497,1380
73510,1382
73526,6711
73534,6311
73542,2010
73569,3433
73577,6710
73585,5331
73593,2615
73606,3444
73614,3842
73622,5410
73649,3621
73657,8999
73665,2041
73673,0
73681,3679
73700,2950
73702,5990
73729,2522
73737,6351
73745,8090
73753,8093
73761,8062
73780,3841
73788,1311
73796,3840
73809,6020
73817,8911
73825,2610
73833,1040
73860,3079
73868,5810
73884,2452
73892,3660
73905,7370
73913,3820
73921,3840
73940,3577
73948,3670
73956,2830
73964,2830
73972,6411
73999,3940
74019,3570
74027,3570
74035,3262
74043,5082
74051,7370
74070,3573
74078,3573
74086,8742
74094,7372
74107,7370
74115,7372
74123,3572
74131,0
74150,7379
74158,5190
74166,3570
74174,5122
74182,7372
74203,5013
74211,7374
74230,4840
74238,5039
74246,1311
74254,6711
74289,5812
74297,8740
74310,3660
74318,4213
74326,7372
74334,1752
74342,6711
74369,3490
74377,1311
74385,7814
74393,1380
74406,4955
74414,2810
74422,2842
74457,7390
74465,3829
74473,3573
74481,3820
74500,7376
74502,0
74529,3430
74537,5812
74545,5812
74553,5812
74561,5810
74580,2830
74588,3728
74596,0
74617,7372
74625,3570
74641,0
74660,1381
74668,0
74676,0
74692,3069
74721,7299
74740,3590
74756,6552
74764,6794
74772,2084
74801,3674
74820,5099
74828,7372
74836,3669
74844,0
74852,2721
74887,2833
74895,3662
74908,8062
74916,3660
74924,3570
74932,3585
74959,2873
74967,3660
74975,3662
74983,6531
74991,3555
75000,1731
75001,1041
75002,3312
75003,1311
75004,7011
75005,6799
75006,6799
75007,6799
75008,6799
75009,6799
75010,6799
75011,7394
75012,6799
75013,6799
75014,6799
75015,6799
75016,6799
75017,6799
75018,6799
75019,6799
75020,6799
75021,6799
75022,6799
75023,6799
75024,6799
75025,6799
75026,6799
75027,6799
75028,6799
75029,6799
75030,4841
75031,3221
75032,6726
75033,5065
75034,3533
75035,3535
75036,6726
75037,6726
75038,4841
75039,1311
75040,6798
75041,7996
75042,6799
75043,6035
75044,6025
75045,6711
75046,3660
75047,6726
75048,5411
75049,6719
75050,6122
75051,0
75052,7819
75053,2911
75054,4810
75055,2870
75056,6211
75057,5541
75058,1041
75059,6530
75060,6722
75061,6025
75062,3533
75063,5182
75064,2834
75065,6726
75066,5131
75067,5812
75068,8051
75069,6799
75070,5172
75071,8744
75072,5065
75073,6321
75074,2752
75075,6722
75076,6726
75077,4412
75078,6726
75079,0
75080,7812
75081,6723
75082,6722
75083,2752
75084,3083
75085,6552
75086,6723
75087,7011
75088,6282
75089,5810
75090,8621
75091,4953
75092,6726
75093,6722
75094,6211
75095,6512
75096,6798
75097,3662
75098,0
75099,8734
75100,5944
75101,3143
75102,6035
75103,6794
75104,4833
75105,6726
75106,5161
75107,3840
75108,7011
75109,6726
75110,3663
75111,1061
75112,6799
75113,6512
75114,6798
75115,6799
75116,6799
75117,6799
75118,7321
75119,6799
75120,6799
75121,6799
75122,6799
75123,6799
75124,6799
75125,6799
75126,7372
75127,6799
75128,6799
75129,6799
75130,6799
75131,6799
75132,6799
75133,6799
75134,4811
75135,6799
75136,6799
75137,6799
75138,6799
75139,6799
75140,6799
75141,6799
75142,4813
75143,6799
75144,6799
75145,6799
75146,6799
75147,6799
75148,6799
75149,1522
75150,3081
75151,5093
75152,6021
75153,2339
75154,4481
75155,5251
75156,6552
75157,6722
75158,6711
75159,6726
75160,6723
75161,6025
75162,6035
75163,2891
75164,2231
75165,6723
75166,6033
75167,1311
75168,6799
75169,7810
75170,5311
75171,6112
75172,3911
75173,3429
75174,5961
75175,6351
75176,6351
75177,7374
75178,2819
75179,5311
75180,6719
75181,1041
75182,3799
75183,6726
75184,7999
75185,0
75186,6211
75187,3589
75188,6399
75189,3555
75190,6162
75191,4833
75192,5812
75193,1311
75194,6723
75195,5712
75196,7362
75198,4833
75199,6799
75200,6799
75201,6799
75202,6799
75203,6799
75204,6799
75205,6799
75206,3661
75207,6799
75208,6799
75211,6799
75212,6726
75213,5023
75214,7394
75215,5932
75216,1531
75217,6531
75218,5411
75219,5064
75220,8999
75221,7374
75222,2821
75224,3714
75225,6723
75226,6726
75227,2011
75228,2834
75229,3999
75230,1522
75231,3640
75232,5961
75233,2111
75234,6723
75235,6726
75236,6799
75237,6036
75238,6722
75239,6722
75240,6726
75241,1311
75242,3841
75243,6726
75244,2321
75245,6723
75246,6282
75247,6552
75249,3662
75250,6025
75251,6798
75252,6726
75253,6162
75254,6723
75255,6021
75256,6712
75257,3661
75258,6723
75259,2874
75260,6722
75261,2711
75262,3312
75263,6722
75264,6726
75265,1731
75266,7359
75267,6211
75268,6726
75269,6798
75270,6711
75271,6552
75272,3620
75273,3578
75274,6722
75275,6726
75277,6726
75278,6282
75279,6726
75280,6726
75281,3841
75282,6026
75283,5142
75284,6798
75285,7363
75286,3641
75287,6726
75288,3231
75289,6722
75290,4911
75291,5142
75292,6726
75293,6726
75294,1041
75295,2631
75296,6726
75297,6726
75298,4924
75299,1311
75300,6711
75301,6021
75302,3660
75303,3143
75304,4923
75305,6726
75306,6722
75307,6726
75308,3312
75309,1040
75310,5410
75311,6726
75312,6726
75313,6726
75314,6798
75315,5812
75316,8999
75317,6726
75318,8049
75319,1731
75320,4812
75321,1542
75322,6726
75323,6726
75324,6726
75325,6726
75326,1221
75327,4412
75328,3312
75329,5084
75330,2813
75331,6726
75332,1041
75333,1311
75334,6726
75335,3325
75336,6722
75337,4830
75338,2822
75339,1041
75341,6798
75342,1521
75343,6331
75344,6712
75345,3570
75346,6726
75347,6726
75348,4832
75349,6726
75350,6726
75351,6798
75352,6726
75353,3660
75354,6722
75355,6726
75356,2254
75357,6726
75358,3083
75359,5141
75360,6798
75361,3661
75362,6798
75363,6798
75365,6726
75366,6726
75367,6722
75368,3443
75369,2231
75374,8011
75375,3555
75376,6726
75377,6726
75380,8911
75381,6021
75382,3339
75383,3829
75384,6726
75385,2295
75386,3312
75387,5311
75388,8051
75390,1311
75391,6726
75392,6722
75393,6726
75394,2741
75395,6726
75396,3499
75397,2325
75398,3531
75399,6726
75400,4813
75401,6726
75402,3354
75403,6726
75404,6726
75405,6722
75407,3241
75409,1310
75410,6798
75411,6726
75412,6722
75413,6726
75414,6726
75415,6722
75416,6798
75417,3433
75418,4812
75419,6798
75422,8071
75423,1382
75424,4813
75425,2038
75426,6726
75427,6726
75428,2844
75429,6726
75430,6726
75431,4512
75432,5812
75433,8099
75434,3550
75435,6552
75437,6710
75439,6726
75440,6722
75441,0
75443,6726
75444,2911
75445,3845
75446,6726
75447,3560
75448,3570
75449,3452
75450,6710
75451,3330
75452,1310
75453,6726
75454,4412
75455,6726
75456,3711
75458,6726
75459,6722
75460,3589
75461,6733
75462,4213
75464,6726
75465,6733
75466,6029
75467,8051
75469,3845
75470,3550
75471,3490
75472,6712
75473,1321
75474,6798
75475,6726
75476,4922
75477,3841
75478,1311
75479,6141
75480,6712
75481,6141
75482,6141
75483,4210
75484,4924
75485,6330
75486,6710
75487,3660
75488,1790
75489,5940
75490,4890
75491,4953
75492,5699
75493,5810
75494,3820
75495,5720
75496,7370
75498,3070
75499,6710
75500,7380
75501,6740
75502,6035
75503,2341
75504,3070
75505,8711
75506,3670
75507,8910
75508,3810
75509,6021
75510,7372
75511,4810
75512,3070
75513,3573
75514,6020
75515,6030
75517,4210
75518,8082
75519,6710
75520,6310
75521,3820
75522,7370
75523,5140
75524,2731
75526,8360
75527,2321
75528,7370
75529,6330
75530,6030
75531,6030
75532,2810
75533,8010
75534,7370
75536,6020
75538,7310
75539,4950
75540,3860
75541,7370
75542,6020
75543,8360
75544,2640
75545,3841
75546,6030
75547,3840
75548,7373
75549,2834
75550,6030
75551,6410
75553,2820
75554,5060
75555,6510
75556,6022
75557,1620
75558,3463
75559,2080
75560,4950
75561,1040
75562,6020
75563,5560
75564,1311
75565,8740
75566,3620
75567,6030
75568,3840
75569,7334
75570,3716
75571,3840
75572,6531
75573,5940
75574,3470
75575,6710
75576,4810
75577,3670
75578,2621
75579,2835
75580,2830
75581,3829
75582,1310
75583,7810
75584,3840
75585,3070
75586,7380
75587,4482
75588,1311
75589,1311
75590,7338
75591,3561
75592,2439
75593,7272
75594,2331
75595,6799
75596,3612
75597,3312
75599,1310
75600,6726
75601,3511
75602,5411
75603,3670
75604,5812
75605,6020
75606,3790
75607,7372
75608,3080
75609,8290
75610,6726
75611,4840
75612,4840
75613,6710
75614,7370
75615,5999
75616,6020
75617,2860
75618,2711
75619,3720
75620,6711
75621,5331
75622,6733
75623,6726
75624,4412
75625,3661
75626,6710
75627,1740
75628,3710
75629,4412
75630,6726
75631,6726
75632,1311
75633,2810
75634,7370
75635,3670
75636,3820
75638,6710
75640,6726
75641,6726
75642,6733
75643,3579
75644,3820
75645,3820
75646,2834
75647,2891
75648,2834
75649,3081
75650,3241
75651,4510
75652,2834
75653,6020
75654,3823
75655,5710
75656,6726
75657,8711
75658,6712
75659,5410
75660,1381
75661,2890
75662,6020
75664,8060
75665,1310
75666,8990
75667,2720
75670,1310
75671,8730
75672,6798
75673,6020
75674,3720
75675,3714
75676,3840
75677,3540
75678,3070
75679,3840
75680,3810
75681,7370
75682,2080
75683,6030
75684,7372
75685,3530
75686,2710
75687,1311
75688,4830
75689,2320
75690,1310
75691,3730
75692,5090
75693,2830
75694,2836
75695,6025
75696,2830
75697,7310
75698,5810
75699,3660
75700,3661
75701,1780
75702,6331
75703,6710
75704,7920
75705,1310
75706,3578
75707,3550
75708,1311
75709,1310
75710,3690
75711,2840
75712,3620
75713,4410
75714,3663
75716,6023
75717,4510
75718,6550
75719,6720
75721,5190
75722,3840
75724,1381
75725,4810
75726,2840
75727,1620
75728,5090
75729,3084
75730,2750
75731,2740
75732,1311
75733,5960
75734,1311
75735,3550
75736,3070
75737,7510
75738,2860
75739,7011
75740,3660
75741,8090
75742,7820
75743,4950
75744,2890
75745,7820
75746,5190
75747,3820
75748,2610
75749,6711
75750,2830
75751,5040
75752,3480
75753,7370
75754,7372
75755,5930
75756,7360
75757,3840
75758,7819
75759,5040
75760,3840
75761,8730
75762,5080
75763,4510
75764,5010
75765,6720
75766,6710
75767,1311
75768,6710
75769,4840
75770,6310
75771,3570
75772,4810
75773,6035
75774,3670
75775,1311
75776,3640
75777,2210
75778,1310
75779,5040
75780,3910
75781,4410
75782,8090
75783,1382
75784,3840
75785,8080
75786,7370
75787,6020
75788,1060
75789,6111
75790,8731
75791,1311
75792,2299
75793,8711
75794,1380
75795,6150
75796,7380
75797,6020
75798,5990
75799,6726
75800,7370
75801,3820
75803,6726
75804,2431
75805,6726
75806,6726
75807,4813
75808,2711
75809,6722
75810,6726
75811,6726
75812,0
75813,6726
75814,6726
75815,5812
75816,2851
75817,8031
75818,7370
75819,6798
75820,6712
75821,4820
75822,3840
75823,5122
75824,6711
75825,1311
75826,6726
75827,6726
75828,7372
75831,3577
75832,8099
75833,5810
75834,3570
75835,8060
75836,6720
75837,6722
75838,6726
75839,7399
75840,6726
75841,6726
75842,6726
75843,6726
75844,2873
75845,6726
75846,6519
75847,5311
75848,1799
75849,2834
75850,8099
75851,6030
75852,6710
75853,3670
75854,3670
75855,3586
75856,6036
75857,3672
75858,6141
75859,2830
75860,2830
75861,3531
75862,2330
75863,7391
75864,4410
75865,8090
75866,3840
75868,6361
75869,3570
75870,6710
75871,3433
75872,5130
75873,3570
75875,8050
75876,1040
75877,4580
75878,4813
75879,3670
75880,2673
75881,2911
75882,6726
75883,1041
75884,6726
75885,6726
75886,3652
75887,6726
75888,4923
75889,1311
75890,3442
75891,8299
75892,6798
75893,6162
75894,1311
75895,2821
75896,5912
75897,3021
75898,4961
75899,8711
75900,7993
75901,6020
75902,7372
75903,4810
75904,3690
75905,2380
75906,6030
75907,8080
75908,6150
75909,7290
75910,3570
75911,6710
75912,7372
75913,2320
75914,5810
75915,6710
75918,5080
75919,3070
75920,6710
75922,2830
75923,6710
75924,6710
75925,6030
75926,6020
75927,3430
75928,6020
75929,2834
75930,8090
75931,1311
75932,6710
75933,7370
75934,6726
75935,3398
75936,6552
75937,3851
75938,6722
75939,6726
75940,6726
75941,2819
75942,6726
75943,3440
75945,7372
75946,3669
75950,4931
75951,3541
75953,6550
75954,7810
75955,3840
75956,1530
75957,8049
75959,8010
75961,3660
75962,2834
75964,4950
75965,3670
75966,5810
75967,6530
75968,7373
75969,3650
75970,3070
75971,8090
75972,3845
75974,6710
75975,2330
75976,2830
75977,5120
75978,0
75979,6020
75980,5110
75981,7810
75983,3710
75984,5990
75985,6331
75986,2834
75988,1310
75989,8090
75990,8240
75991,3560
75992,3140
75993,3570
75994,2891
75995,8710
75996,7370
75998,6099
75999,1730
76000,2830
76001,7810
76002,5530
76003,5090
76004,2670
76005,7380
76006,6025
76007,6710
76008,2834
76009,1030
76010,3660
76011,4813
76012,5110
76013,3714
76014,6711
76015,3440
76016,4210
76017,4810
76018,7810
76019,4840
76020,3840
76021,3570
76022,5812
76023,3080
76024,5090
76025,3690
76026,4920
76027,3940
76028,6020
76029,2840
76030,5080
76031,6410
76032,7990
76033,6030
76034,3080
76035,7310
76036,3570
76037,6021
76038,3845
76039,5080
76040,6030
76041,3660
76042,1710
76043,3550
76044,7370
76045,6020
76047,2090
76048,6710
76049,5912
76050,6020
76052,2290
76053,2080
76054,8730
76055,6020
76056,2090
76057,2511
76058,780
76059,3840
76060,6022
76061,8730
76062,8099
76063,7820
76064,7380
76065,8999
76066,9511
76067,6320
76068,4810
76069,6020
76070,3540
76071,3811
76072,8090
76073,1311
76074,6030
76075,3841
76076,3674
76077,2860
76078,6710
76079,3629
76080,3660
76081,3716
76082,1311
76083,6722
76084,6722
76085,2731
76086,6722
76087,6726
76088,5171
76089,2082
76090,7999
76091,4922
76092,7374
76093,5084
76094,8051
76095,3844
76096,7370
76097,6282
76098,3570
76099,6311
76100,3845
76101,1389
76102,7033
76104,5960
76105,6710
76106,3560
76107,3250
76108,7330
76109,6710
76110,8082
76111,3660
76112,6726
76113,6726
76114,6722
76115,6722
76116,3312
76117,6726
76118,6722
76119,6722
76121,6726
76122,1311
76123,6531
76125,2836
76126,1310
76127,9511
76128,5060
76129,3674
76131,7381
76132,6320
76133,1380
76134,5040
76135,1629
76136,6331
76137,3679
76138,2531
76139,3663
76140,6120
76141,3660
76142,3578
76143,6726
76144,6726
76145,6726
76146,5961
76147,6726
76148,3356
76149,5411
76150,3564
76151,2086
76152,6726
76153,3661
76154,7393
76155,1731
76156,5085
76157,3241
76158,1311
76159,4212
76160,6726
76161,7513
76162,4953
76163,6022
76164,1311
76165,3660
76166,2830
76167,5060
76168,8070
76169,3570
76170,4950
76171,8062
76172,6710
76173,4953
76174,3840
76175,8090
76176,3630
76177,8099
76178,6726
76179,1031
76180,5072
76181,6726
76182,6726
76183,6726
76184,6726
76185,7372
76186,1311
76188,1310
76189,7372
76190,8062
76191,3585
76192,6710
76193,2060
76194,2830
76195,3149
76196,6790
76197,6020
76198,6710
76199,3660
76200,7340
76201,3670
76202,6035
76203,6710
76204,6710
76205,6030
76206,7370
76207,3970
76208,7822
76209,7996
76210,6710
76211,5060
76212,3340
76213,1389
76214,4210
76215,3144
76216,5960
76217,5650
76218,4841
76219,6331
76220,6726
76221,1081
76222,3564
76223,5810
76224,3672
76225,3911
76226,4833
76227,7370
76228,1540
76229,7310
76230,3810
76231,7373
76232,1310
76233,5064
76234,3670
76235,8070
76236,7372
76237,3670
76238,1311
76239,6726
76240,1389
76241,2431
76242,4813
76243,6726
76244,6726
76245,1311
76246,6726
76247,5088
76248,8093
76249,6798
76250,4812
76251,3993
76252,6552
76253,3840
76254,3728
76255,6726
76256,7370
76257,3840
76258,1311
76259,7372
76260,1060
76261,8730
76262,4510
76263,4011
76264,180
76265,3840
76266,6021
76267,7372
76268,7372
76269,8090
76270,8062
76271,3570
76272,1311
76273,6722
76274,6411
76275,6792
76276,5075
76277,1311
76278,8980
76279,1629
76280,3570
76281,3570
76282,5511
76283,6726
76284,6711
76285,6712
76286,5331
76289,3520
76290,3660
76291,2810
76292,2653
76293,2840
76294,6710
76295,2830
76296,2060
76297,5060
76298,3990
76299,6022
76300,6030
76301,7380
76302,2038
76303,7990
76304,3450
76305,3357
76306,2830
76307,5530
76308,6330
76309,8910
76310,1311
76311,5030
76312,6710
76313,3553
76314,2015
76315,5060
76316,5810
76317,3670
76318,5810
76319,7930
76320,7030
76321,3832
76322,2320
76323,7380
76324,6710
76325,7810
76326,8080
76327,7810
76328,8290
76329,6150
76330,7381
76331,6022
76332,7810
76333,7810
76335,3542
76336,5060
76337,3990
76338,6030
76339,6530
76340,1311
76341,3660
76342,2830
76343,8040
76344,3620
76345,4950
76346,3620
76347,7370
76348,3559
76349,1380
76350,6710
76351,1040
76353,2830
76354,5810
76355,4899
76356,6530
76357,1380
76358,2090
76359,8699
76360,5812
76361,3820
76362,2830
76363,7359
76364,5812
76365,3840
76366,4813
76367,3840
76368,4140
76369,8080
76370,6710
76371,3840
76372,7373
76373,6710
76374,2830
76375,5060
76376,6030
76377,5730
76378,7370
76379,1310
76380,6710
76381,5140
76382,6020
76383,2834
76384,5960
76385,5812
76386,4950
76387,8090
76388,3690
76389,5040
76390,5122
76391,2834
76392,3840
76393,3570
76394,2830
76395,5180
76396,7840
76397,5040
76398,6722
76399,3662
76400,4841
76401,2084
76402,2710
76403,3670
76404,2090
76405,1310
76406,6790
76407,2830
76408,8010
76409,5040
76410,2834
76411,6510
76412,7380
76413,7810
76414,3710
76415,6211
76416,7810
76417,6020
76418,7540
76419,7990
76420,1380
76421,8731
76422,6712
76423,3820
76424,1310
76425,8741
76426,3270
76427,3660
76428,6331
76429,5160
76430,5190
76431,5990
76432,1790
76433,7370
76434,5710
76435,6020
76436,1310
76437,8710
76438,1310
76439,5710
76440,7920
76441,6790
76442,3710
76443,6020
76444,5812
76445,6020
76446,4950
76447,4840
76448,3674
76449,6790
76450,3080
76452,1310
76453,4810
76454,6310
76455,1310
76456,7812
76457,2830
76458,6740
76459,7370
76460,1080
76461,3060
76462,2519
76463,7810
76465,1311
76471,3060
76472,5930
76473,3310
76474,6411
76475,1629
76476,6726
76477,3764
76478,3669
76479,6711
76480,6798
76481,1790
76482,7011
76483,3990
76484,6150
76485,3820
76486,7990
76487,6792
76488,1310
76489,3530
76490,6020
76491,3660
76492,4931
76493,6029
76494,6726
76495,1381
76496,6726
76497,6022
76498,5311
76499,7359
76500,6726
76501,6512
76502,6510
76503,6030
76504,6022
76505,8740
76506,6710
76507,3670
76508,2911
76509,6726
76510,7372
76511,7990
76512,4111
76513,6798
76514,8733
76515,4953
76516,5730
76517,6150
76518,3840
76519,6030
76520,4950
76522,5140
76523,1310
76524,6140
76525,8090
76526,6530
76527,6530
76528,6530
76529,6020
76530,1040
76531,7370
76532,1310
76533,6790
76534,6330
76535,4890
76536,1620
76537,4810
76538,3840
76539,5930
76541,3580
76542,6153
76543,3440
76544,3845
76545,7820
76546,7990
76547,6140
76548,7371
76549,3840
76550,7940
76551,6020
76552,3580
76553,3170
76554,6410
76555,2830
76556,6552
76557,6021
76558,6722
76559,3573
76560,0
76561,2830
76563,5311
76564,2830
76565,8062
76566,3674
76567,7370
76568,5810
76569,6726
76570,6726
76571,6726
76572,6726
76573,3494
76574,6022
76575,2621
76576,3599
76577,3670
76578,8062
76579,8090
76580,6330
76581,6030
76582,5010
76583,8730
76584,3670
76585,6320
76586,6331
76587,7372
76588,6320
76589,7370
76590,6020
76591,2835
76592,2085
76593,3825
76594,6726
76595,6726
76596,3842
76597,2052
76598,3317
76599,4626
76600,4626
76601,4626
76602,6798
76603,4626
76604,3079
76605,5531
76606,6726
76607,5311
76608,2023
76609,5961
76610,5961
76611,6020
76612,6552
76613,7372
76614,2830
76615,8099
76616,5411
76617,3570
76618,3670
76619,6324
76620,7370
76621,5990
76622,8099
76623,2750
76624,3670
76625,2830
76626,8399
76627,7372
76628,3570
76629,2731
76630,8080
76632,1311
76633,5812
76634,1311
76635,3691
76636,4813
76637,3479
76638,2337
76639,7363
76640,2873
76641,6726
76642,6726
76644,3312
76645,7359
76646,4939
76647,8000
76649,1311
76651,5310
76652,2830
76653,2834
76654,3570
76655,3711
76656,2830
76657,5531
76658,4960
76659,5110
76660,3842
76661,2834
76662,2830
76663,5940
76664,4010
76665,7370
76666,7370
76667,3561
76668,3669
76669,3560
76670,5411
76671,5621
76672,8071
76673,5311
76674,1311
76675,6726
76676,2869
76677,6331
76678,3711
76679,8071
76680,1041
76681,1311
76683,3570
76684,6022
76685,3824
76686,5070
76687,5990
76688,8080
76689,2330
76690,7311
76691,3080
76692,2830
76693,2830
76694,6710
76695,5810
76696,3660
76697,6324
76698,7370
76699,2830
76700,2830
76701,3843
76702,5812
76703,6321
76704,3570
76705,8990
76706,2830
76707,8099
76708,8299
76709,2830
76710,8090
76711,7231
76712,4911
76713,5260
76714,8331
76715,7310
76716,2830
76717,3949
76718,5810
76719,7395
76720,2830
76721,6324
76722,6330
76723,7370
76724,5060
76725,7010
76727,5013
76728,6030
76729,6020
76730,6710
76731,8090
76732,5812
76733,6036
76734,5040
76735,6515
76736,8730
76737,3670
76738,5730
76739,5940
76740,7372
76741,8070
76742,8060
76743,5530
76744,2830
76745,2051
76746,7990
76747,5620
76748,6510
76749,7370
76750,7530
76751,0
76752,7372
76753,2830
76754,3577
76755,8070
76756,6710
76757,6719
76758,2819
76759,2731
76760,4813
76761,6726
76762,2721
76763,6351
76764,5141
76765,6798
76766,5092
76767,4626
76768,3844
76769,1382
76770,4712
76771,7812
76772,8740
76773,2830
76774,5191
76775,6710
76776,2836
76777,8741
76778,3651
76779,6324
76780,3635
76781,3480
76782,2830
76783,6710
76784,6320
76785,8071
76786,6000
76787,5810
76788,8060
76789,6020
76790,5040
76791,7819
76792,7372
76793,3840
76794,1382
76795,3577
76796,5211
76797,3021
76798,6141
76799,4813
76801,4950
76802,6160
76803,3639
76804,6351
76805,1799
76806,8361
76807,3790
76808,0
76809,1041
76815,4923
76816,6726
76818,6726
76819,6726
76820,6726
76821,4626
76822,4626
76823,7510
76824,4626
76825,6798
76826,4626
76827,4626
76828,8011
76829,6141
76830,6712
76831,6711
76832,2834
76833,4626
76834,4626
76835,2048
76836,3942
76837,3841
76838,6351
76839,2086
76840,7530
76841,2836
76842,7372
76843,5040
76844,2670
76845,2830
76846,7370
76847,5310
76848,2830
76849,2830
76850,1381
76851,5410
76852,4950
76854,8050
76855,6160
76856,6141
76857,7920
76858,3960
76859,7810
76860,8011
76861,4950
76862,830
76863,3572
76864,1380
76865,8090
76866,1311
76867,6160
76868,3580
76869,7310
76870,6720
76871,3820
76872,1030
76873,4813
76874,1522
76875,6720
76876,4210
76877,6020
76878,3840
76879,3674
76880,2830
76881,5090
76882,5010
76883,3420
76884,3840
76885,1090
76886,3840
76887,4953
76888,1311
76889,2830
76890,5040
76891,5020
76892,6020
76893,3080
76894,1040
76895,3840
76896,4950
76897,6720
76898,1389
76899,4810
76900,2022
76901,7370
76902,2090
76903,3820
76904,6036
76905,7370
76906,6280
76907,4810
76908,3841
76909,3620
76910,2830
76911,3841
76912,2830
76913,6710
76914,3440
76915,3990
76916,8740
76917,5040
76919,4950
76920,7820
76921,3650
76922,1040
76923,5940
76924,1380
76925,3690
76926,2250
76927,1600
76928,4720
76930,1311
76931,3699
76932,4612
76933,8090
76934,5040
76935,7374
76936,3610
76937,2330
76938,7820
76939,1040
76940,1470
76941,4840
76942,3550
76943,3840
76944,8080
76945,7373
76946,3670
76947,2740
76948,7370
76949,5810
76950,200
76951,1311
76952,3840
76953,6790
76954,1380
76955,6160
76956,7370
76957,4950
76958,3679
76959,2760
76960,6020
76961,6719
76962,5080
76963,8731
76964,3990
76965,1090
76966,3840
76967,3220
76968,5090
76969,3566
76970,9990
76971,6160
76972,3660
76973,7360
76974,6710
76975,4812
76976,5090
76977,3660
76978,4911
76979,4810
76980,3840
76981,2830
76982,6710
76983,3560
76984,3840
76985,1040
76986,1040
76987,7319
76988,8082
76989,1382
76990,3840
76991,6140
76992,1380
76993,3840
76994,2740
76995,2020
76996,6790
76997,7372
76998,7370
76999,7372
77000,1041
77001,3570
77002,3826
77003,7810
77004,7389
77005,4830
77006,3620
77007,5961
77008,1310
77009,6311
77010,3810
77011,3661
77012,6552
77013,6510
77014,7330
77015,5411
77016,1311
77017,3610
77018,6321
77019,6710
77020,2830
77021,3710
77022,780
77023,5130
77024,6030
77025,3660
77026,5650
77027,8059
77028,7011
77029,6210
77030,7372
77031,5940
77032,8741
77033,3600
77034,5190
77035,7370
77036,3840
77037,4210
77038,4810
77039,3679
77040,5960
77041,6710
77042,3634
77043,6211
77044,2330
77045,7200
77046,6790
77047,3840
77048,6710
77049,3660
77052,6324
77053,6020
77055,5261
77056,740
77057,6798
77058,2033
77059,6722
77060,6531
77061,6719
77062,4833
77063,8051
77064,7299
77065,6726
77066,6726
77067,6726
77068,8331
77069,6733
77070,6726
77071,6726
77072,6726
77073,6726
77074,1531
77075,2899
77076,3711
77077,5331
77078,1311
77079,7359
77080,2329
77081,3585
77082,7372
77083,3840
77084,6799
77085,8070
77086,2836
77087,8090
77088,5810
77089,2830
77090,4813
77091,7370
77092,3990
77094,7370
77095,5810
77096,5010
77097,2830
77098,8080
77099,2836
77100,6320
77101,6210
77102,5810
77103,2830
77104,7370
77105,2092
77106,5010
77107,3650
77108,3820
77109,3840
77110,8090
77111,8040
77112,7380
77113,3940
77114,6141
77116,6726
77117,3715
77118,3678
77119,6331
77120,6311
77121,2891
77122,3443
77123,5411
77124,6726
77125,6726
77126,6726
77128,6726
77129,6798
77131,6733
77132,6726
77133,6726
77134,6726
77135,6726
77136,6726
77140,7512
77142,4131
77143,2435
77144,2335
77145,6726
77146,6726
77147,6726
77148,6711
77149,6726
77150,5047
77151,8062
77152,6722
77153,6726
77154,6726
77155,3714
77156,3952
77157,3221
77158,2833
77159,3490
77161,2835
77162,6162
77163,4810
77164,3662
77165,2068
77166,6798
77167,5130
77168,2090
77169,7372
77170,2830
77171,2836
77172,6120
77173,3674
77174,1380
77175,3670
77176,2860
77177,7370
77178,3663
77179,7374
77180,2836
77181,6022
77182,2834
77183,3570
77184,5960
77185,7370
77186,5990
77187,8710
77188,6030
77189,7370
77190,6710
77191,8710
77192,7812
77193,6798
77194,6798
77195,6798
77196,6798
77197,3840
77198,2830
77199,6710
77200,4213
77201,2655
77202,5700
77203,3050
77204,7372
77205,2835
77206,3940
77207,2834
77208,2834
77209,5130
77210,1623
77211,4813
77212,7370
77213,2740
77214,8740
77215,8731
77216,6710
77217,6211
77218,7810
77219,8071
77220,0
77221,2870
77222,5060
77223,2730
77224,2520
77225,6710
77226,5810
77227,3840
77228,3573
77229,3570
77230,3840
77231,3670
77233,3650
77234,7310
77235,3825
77236,1381
77237,8090
77238,7990
77239,6798
77240,3560
77241,1310
77242,7374
77245,5190
77246,130
77247,3660
77248,7370
77249,1310
77250,3570
77251,4010
77252,3670
77253,3580
77254,6799
77255,6726
77256,6020
77257,3577
77258,6710
77259,3842
77260,8041
77261,4830
77262,5080
77263,3830
77264,2830
77265,4812
77266,3840
77267,3550
77268,1520
77269,5120
77270,2860
77271,3840
77272,5330
77273,6030
77274,2830
77275,4213
77276,8010
77277,3840
77278,3620
77279,3840
77280,8730
77281,5411
77282,3840
77283,3840
77284,4810
77285,3080
77286,7030
77287,4811
77288,7370
77289,2830
77291,2830
77292,2830
77293,1310
77294,2830
77295,3714
77296,1380
77297,6153
77298,8730
77299,7380
77300,2873
77301,6726
77302,6726
77303,3861
77304,6162
77306,1041
77307,6331
77308,3452
77309,6722
77310,6331
77311,6722
77312,8051
77313,6726
77314,6726
77315,6726
77316,6733
77317,8748
77318,2671
77319,2410
77320,2830
77321,2870
77322,8090
77323,8051
77324,6740
77325,2830
77326,7373
77327,7371
77328,6710
77329,6160
77330,2830
77331,3670
77332,3840
77333,3650
77334,7010
77335,5410
77336,8050
77337,8050
77338,3823
77339,4210
77340,7389
77341,2870
77343,3660
77344,8060
77345,3570
77346,6020
77347,7330
77348,3820
77349,3570
77350,6030
77351,7110
77352,8740
77353,6150
77354,2730
77355,8090
77356,3820
77357,7370
77358,2230
77359,3651
77360,8090
77361,4810
77362,8731
77363,3660
77364,5530
77366,3949
77367,3564
77368,3484
77369,6733
77370,8062
77371,5736
77372,6153
77373,6331
77375,7392
77376,6794
77377,6282
77378,6020
77379,6020
77380,3840
77382,5912
77383,3860
77384,5160
77385,8010
77386,6710
77387,3840
77388,8711
77389,7990
77390,2650
77391,6711
77392,3840
77393,2836
77395,2490
77396,2890
77397,2870
77398,3670
77400,6021
77401,2780
77402,6710
77403,5310
77404,3949
77405,5810
77406,3990
77407,2830
77409,5810
77410,5990
77411,3590
77412,2329
77413,2830
77414,4840
77415,6020
77416,6162
77417,8050
77418,7313
77419,8080
77420,5330
77421,8090
77422,7370
77423,2830
77424,3820
77425,4210
77426,7374
77427,8090
77428,1521
77429,6710
77430,4950
77431,6710
77433,6030
77434,3840
77435,6030
77437,2836
77438,5995
77439,3520
77440,3660
77441,3840
77442,7372
77443,2200
77444,3570
77445,3550
77446,2060
77447,3840
77448,5810
77449,6710
77450,2821
77451,3577
77452,6311
77453,5812
77454,2731
77455,5541
77456,3699
77457,6282
77458,6722
77459,1521
77460,6733
77461,7313
77462,5311
77463,2430
77464,6159
77465,2211
77466,6722
77467,6799
77468,6726
77469,6211
77470,6722
77471,6711
77472,7311
77473,3519
77474,6726
77475,5962
77476,4011
77477,8990
77478,5621
77480,7373
77481,4922
77482,3679
77483,4810
77484,3663
77485,5047
77486,3679
77487,5047
77488,2670
77489,6726
77490,6020
77491,4953
77492,3672
77493,6030
77494,7370
77495,3670
77496,2273
77497,2830
77498,6162
77499,7370
77500,3080
77501,6719
77502,5040
77503,2290
77504,6020
77505,3663
77506,6710
77507,6035
77508,3940
77509,3728
77510,5010
77511,2830
77512,7373
77513,4210
77514,1310
77515,3670
77516,5611
77517,8080
77518,8990
77519,6021
77520,3523
77521,2512
77522,6160
77523,2090
77524,7370
77525,8050
77526,6029
77527,1381
77528,6020
77529,5940
77530,5311
77531,5730
77532,5310
77534,2020
77536,5190
77537,9370
77538,7370
77539,7920
77540,5331
77541,2211
77542,4810
77543,5810
77544,6331
77545,8711
77546,7374
77547,9511
77548,6722
77549,6726
77550,3663
77551,7948
77552,6726
77553,6726
77554,1310
77555,1311
77560,3221
77561,3940
77562,4840
77563,1040
77564,6410
77568,3845
77569,2830
77570,1041
77571,3850
77572,3820
77573,6722
77574,5330
77575,7374
77576,6140
77577,2260
77578,2640
77579,3843
77580,3840
77581,7372
77582,3690
77583,6550
77584,5651
77585,6020
77586,2834
77587,7372
77588,2211
77589,6726
77590,6726
77591,6733
77592,6726
77593,8980
77594,3944
77595,4213
77596,1310
77597,2830
77599,7372
77600,3840
77601,5810
77602,5990
77603,7370
77604,3661
77605,3841
77606,5311
77607,6722
77608,6211
77609,6726
77610,3575
77611,8741
77612,5990
77613,3820
77614,3570
77615,3577
77616,3840
77617,6160
77618,6310
77619,5990
77620,3990
77621,5060
77622,5810
77623,4454
77624,3674
77625,4940
77626,6060
77627,7372
77628,6159
77629,8049
77630,7372
77631,5810
77632,3820
77633,2621
77634,6153
77635,3621
77636,1000
77637,8742
77638,6733
77639,6726
77641,5912
77642,6029
77643,6021
77644,3661
77646,5088
77647,5088
77648,5810
77649,3841
77650,7820
77651,7290
77652,6710
77653,5812
77654,2320
77655,4810
77656,1310
77657,5610
77658,7372
77659,5700
77660,6141
77661,1531
77662,7373
77663,3570
77664,8040
77665,5047
77666,3660
77667,3840
77668,8093
77669,3949
77670,7350
77671,2030
77672,3840
77673,5080
77674,3573
77675,4830
77676,7370
77677,2740
77678,7370
77679,6030
77681,3620
77682,3820
77683,8071
77684,3660
77685,2290
77686,6030
77687,3710
77688,2211
77689,6726
77690,6726
77691,6726
77692,6726
77693,6726
77694,6726
77695,2671
77696,6710
77697,3550
77698,7370
77699,3629
77700,2820
77701,3820
77702,5810
77703,1310
77704,6710
77705,7997
77706,0
77708,2911
77710,3577
77711,3561
77712,8090
77713,3600
77714,8399
77719,1311
77722,3585
77723,5912
77725,1040
77729,1311
77730,2015
77733,6099
77735,2860
77738,8999
77739,3820
77740,3570
77741,3080
77746,4899
77753,6790
77754,6720
77755,6710
77756,8730
77757,7376
77758,6020
77759,2830
77760,6030
77761,3840
77762,3820
77763,1389
77764,6030
77765,6710
77766,6030
77767,2835
77768,2813
77769,7359
77770,5311
77771,3589
77772,3350
77773,2830
77774,7370
77775,6030
77776,6722
77777,6162
77778,6030
77779,6710
77780,5199
77781,3663
77782,6030
77783,6030
77784,5250
77785,3350
77786,3840
77787,3840
77789,6020
77790,6552
77791,6020
77792,6710
77793,3660
77794,3570
77795,7350
77796,5410
77797,3861
77798,4940
77799,5983
77800,6770
77801,5810
77802,3564
77803,7371
77804,6726
77805,6726
77806,6722
77807,6726
77808,6726
77809,6726
77810,6321
77811,4950
77812,9611
77813,3728
77814,6311
77815,6311
77816,6726
77817,6726
77818,6726
77819,3570
77820,3825
77821,7922
77822,6726
77823,4922
77824,6211
77826,3840
77827,6726
77828,6719
77829,3634
77830,2830
77831,3820
77832,7370
77833,5040
77834,6311
77835,6030
77836,6160
77837,7372
77838,6530
77839,3842
77840,5040
77841,7370
77842,6799
77843,5730
77844,8740
77845,5990
77846,7990
77847,3570
77848,3710
77849,2020
77850,7370
77851,3690
77852,6160
77853,8910
77854,8062
77855,2511
77856,4119
77857,6798
77858,7372
77859,7372
77860,6722
77861,2330
77862,1780
77863,2650
77864,2750
77865,3841
77866,5330
77867,3670
77868,3820
77869,3810
77870,8080
77871,7370
77872,3949
77873,7011
77874,3533
77875,6726
77876,5531
77877,8999
77878,6798
77879,3660
77880,7011
77881,3011
77882,7370
77883,8090
77884,6712
77885,1382
77886,4960
77887,5120
77888,3840
77889,6020
77890,6710
77891,6710
77892,3840
77893,5060
77894,6282
77895,6799
77896,8011
77897,7993
77898,6035
77899,5941
77900,3728
77901,7220
77902,5810
77903,2821
77904,6726
77905,6726
77906,6710
77907,6726
77908,6726
77909,6726
77910,6722
77911,6726
77912,6350
77913,8730
77914,8911
77915,7372
77916,6030
77917,8742
77918,3670
77919,3660
77920,6082
77921,6726
77922,3949
77923,6726
77924,6282
77925,6799
77926,2329
77927,1311
77928,2082
77929,6531
77930,5910
77931,8049
77932,8070
77933,7370
77949,6311
77957,3570
77962,6022
77964,3080
77965,6711
77967,2630
77968,3940
77969,3990
77970,7990
77971,3570
77972,6160
77973,6331
77974,6710
77975,5810
77976,7372
77977,3840
77978,5990
77979,3660
77980,6710
77981,6711
77982,8010
77983,3080
77984,2084
77985,2830
77986,6030
77987,7370
77988,2830
77989,4730
77990,8740
77991,8090
77992,5810
77993,3661
77994,6082
77995,3711
77997,6726
77998,6726
77999,6726
78000,2720
78001,3675
78002,2835
78003,3679
78004,6020
78005,6030
78006,8090
78007,8070
78008,7370
78009,6020
78010,6411
78011,6726
78012,6726
78013,6726
78014,6726
78015,2819
78016,6726
78017,6726
78018,6141
78019,3550
78020,2451
78021,7990
78022,7373
78023,7990
78024,6710
78025,8090
78026,4910
78027,3350
78028,0
78029,3660
78030,3990
78031,2835
78032,5199
78033,6331
78034,5990
78035,6710
78036,3450
78037,6726
78038,6351
78039,6311
78040,6726
78041,6282
78042,1531
78043,3670
78044,2281
78045,3714
78048,6710
78049,5722
78050,5940
78051,2834
78052,6725
78053,4810
78054,3577
78055,2250
78056,6722
78057,6722
78058,6726
78059,6282
78060,6726
78061,6722
78062,3620
78063,5311
78064,1310
78065,4011
78066,2834
78067,6710
78068,2510
78069,5810
78070,3570
78071,3841
78072,6030
78073,3699
78074,3714
78075,6798
78077,3554
78078,5120
78079,2673
78080,3570
78081,2834
78082,5941
78083,7370
78084,6726
78085,5194
78086,6726
78087,3732
78088,6726
78089,6798
78090,6733
78091,7330
78092,8731
78093,6726
78094,6726
78095,7363
78096,3990
78097,6030
78098,2320
78099,5810
78100,3720
78101,4710
78102,1311
78103,3575
78104,3570
78105,3842
78106,3669
78107,6726
78108,6310
78109,6726
78110,6726
78111,2834
78112,6090
78113,3149
78114,8080
78116,2830
78117,2631
78119,6710
78120,5310
78121,8090
78122,3580
78123,3830
78124,5051
78131,2830
78132,3441
78133,6030
78134,8730
78135,6020
78136,830
78137,4412
78139,7370
78140,7370
78145,7371
78146,5160
78147,7948
78148,6330
78150,5190
78151,6030
78152,5040
78154,1041
78155,5130
78156,7374
78157,4813
78158,6710
78159,1310
78161,8090
78163,8740
78164,7830
78165,6712
78166,6710
78167,6711
78168,7373
78170,1311
78171,4210
78172,7389
78175,0
78176,6330
78177,5220
78179,3674
78180,5960
78183,6711
78184,3660
78186,1321
78187,7810
78188,250
78189,4953
78191,6023
78192,3560
78193,3845
78194,7990
78195,6035
78197,8050
78198,5810
78200,3999
78201,7372
78202,3690
78203,5140
78204,6799
78207,3914
78208,3570
78209,8211
78210,8082
78211,6411
78212,3462
78213,3692
78214,7373
78215,4950
78216,2086
78217,3845
78219,3840
78220,2840
78221,5040
78222,3589
78223,1041
78225,1310
78226,0
78227,1310
78228,0
78229,6310
78230,1010
78231,1311
78232,0
78233,0
78234,0
78235,1040
78236,1081
78237,0
78238,0
78239,4924
78240,1310
78242,4911
78243,1380
78244,0
78245,0
78246,1010
78247,6025
78248,1380
78249,1310
78250,0
78252,1310
78254,1040
78255,6710
78256,0
78257,1040
78258,0
78259,6311
78261,1040
78263,6021
78264,1310
78265,0
78268,3661
78269,1040
78270,1310
78271,1040
78272,3290
78273,0
78274,1040
78275,0
78276,0
78277,1010
78280,1040
78283,1060
78285,0
78287,5810
78288,0
78289,4410
78290,4221
78291,1040
78293,0
78294,1040
78295,1310
78297,0
78298,3630
78299,1310
78300,1040
78301,1090
78302,1380
78303,8740
78304,1380
78305,3990
78307,2830
78308,1040
78309,1010
78310,0
78311,1040
78312,0
78313,1010
78314,0
78315,0
78316,1040
78317,0
78318,1040
78319,6711
78320,1310
78321,6720
78322,1310
78323,0
78325,1310
78327,1380
78329,1310
78330,3670
78332,1020
78333,1040
78334,1040
78335,6020
78336,1380
78337,3070
78338,1310
78339,1380
78340,1380
78341,1060
78342,7010
78343,7261
78344,1040
78345,1380
78346,0
78347,5810
78348,1040
78349,2830
78350,1310
78351,6552
78353,0
78354,0
78355,0
78356,2830
78357,0
78358,0
78360,1040
78361,3555
78362,1040
78363,1040
78364,1320
78365,1040
78366,1310
78369,0
78370,6552
78371,1310
78372,0
78373,1310
78374,1040
78375,1040
78377,6790
78378,7299
78379,1310
78380,0
78381,1310
78383,6030
78384,1080
78386,1310
78387,1310
78388,2299
78389,3410
78391,1040
78392,1310
78393,1310
78394,7830
78395,1041
78396,1380
78398,1310
78399,1310
78400,1310
78401,0
78402,0
78403,1310
78404,6550
78405,4841
78406,1040
78407,6711
78408,1040
78409,0
78410,1310
78411,6330
78412,1310
78413,1040
78414,1380
78415,6711
78416,1040
78417,1310
78418,2040
78419,1310
78420,1010
78421,0
78422,0
78423,6711
78425,3660
78426,1310
78427,0
78428,1030
78429,7990
78430,0
78431,6022
78432,3669
78433,3820
78434,1040
78435,0
78436,1040
78437,1310
78438,0
78439,1040
78441,8990
78442,1310
78443,1310
78444,7990
78446,1310
78447,2834
78448,3661
78449,6710
78450,6030
78451,6211
78452,1310
78453,7810
78454,7810
78455,1040
78456,3570
78457,0
78458,6710
78459,0
78461,1210
78462,1040
78463,0
78464,3580
78465,1040
78466,6711
78467,1040
78468,7373
78469,0
78472,2090
78473,1310
78474,6311
78476,1040
78477,1040
78478,1110
78480,1040
78481,1040
78482,4899
78486,1310
78487,1310
78489,1310
78490,1030
78491,1040
78492,1040
78493,6330
78494,1040
78495,1041
78498,4810
78499,1310
78500,1010
78501,1310
78502,0
78503,6711
78504,1040
78505,1040
78506,1310
78507,740
78508,1040
78509,2840
78510,1040
78511,6711
78512,0
78513,2510
78514,3820
78518,3660
78520,1010
78521,3660
78523,1380
78526,7370
78527,3823
78529,1040
78530,4924
78532,5940
78533,1040
78534,2640
78535,1020
78536,3670
78537,3570
78538,3633
78539,1040
78540,1020
78542,3660
78543,7370
78544,1040
78545,2830
78546,7374
78547,1310
78550,1040
78551,1310
78552,6720
78553,6790
78554,5080
78558,1041
78560,5040
78561,3570
78562,5013
78565,1620
78567,7370
78568,7370
78569,3820
78571,3710
78572,3570
78573,1480
78576,7010
78578,1380
78580,1310
78581,1010
78582,6720
78583,7370
78584,4840
78585,6320
78586,5040
78588,6720
78589,7370
78592,7810
78594,6330
78595,4810
78596,1040
78597,6710
78598,1040
78599,6720
78600,7370
78601,3530
78603,1310
78605,6790
78606,2830
78607,6790
78608,6790
78609,6150
78610,7374
78611,3660
78612,3660
78615,1380
78617,2080
78618,6331
78619,7370
78620,1041
78622,6720
78623,3870
78624,1040
78625,4830
78626,8240
78627,3550
78629,3443
78630,1040
78631,1040
78632,2750
78633,1040
78634,6020
78635,7370
78638,7370
78640,4890
78642,6711
78643,1380
78644,2630
78645,2080
78646,1040
78647,4410
78649,1040
78650,5730
78652,6150
78654,1380
78655,5310
78656,1040
78657,5810
78658,2490
78659,1380
78660,1040
78661,2610
78662,2750
78663,1310
78664,7372
78665,1040
78666,7370
78667,2840
78668,6720
78669,6531
78670,2640
78671,4410
78672,3660
78673,1040
78674,8730
78675,1380
78677,6710
78679,5010
78680,7370
78682,4940
78685,0
78686,1040
78687,1040
78688,2834
78689,7370
78690,7371
78691,1310
78692,1040
78693,6331
78694,7372
78695,1040
78696,1040
78698,2860
78699,1620
78701,1499
78702,1040
78703,1040
78704,2840
78705,3820
78706,6122
78708,2830
78709,3570
78711,3661
78712,5120
78713,8290
78714,6311
78716,7540
78717,5810
78718,1311
78719,3660
78720,1220
78721,1310
78723,1310
78724,8710
78725,7370
78726,1040
78727,3690
78728,1380
78729,7261
78730,3080
78731,1030
78732,1030
78733,3530
78734,7370
78736,5140
78737,7370
78738,3570
78741,1041
78743,3690
78744,2830
78745,3312
78746,2830
78749,2834
78751,2676
78752,7372
78753,3690
78754,3660
78756,3849
78758,6710
78759,7372
78760,6530
78763,2086
78764,6710
78765,6311
78766,7370
78767,2830
78769,2082
78771,1380
78772,7370
78773,6711
78774,1040
78775,3570
78776,2540
78777,5080
78780,7372
78781,0
78783,2830
78785,8099
78786,3443
78787,6311
78788,7011
78789,5122
78790,4841
78791,2241
78792,6726
78793,6726
78794,6726
78795,6282
78796,3312
78797,6726
78798,6726
78799,6726
78800,3599
78801,6726
78802,6711
78803,6726
78804,6141
78806,6726
78807,6726
78810,6726
78811,6726
78812,2830
78813,8090
78814,5060
78815,2830
78816,5990
78817,2830
78818,7371
78819,6510
78820,5810
78821,5331
78822,2840
78823,6330
78824,6550
78825,5400
78826,5013
78827,7360
78828,5040
78829,6020
78830,6035
78831,3820
78832,6020
78833,6030
78834,6030
78835,7370
78836,3841
78837,6025
78838,6320
78839,2830
78840,4833
78841,1311
78842,7990
78843,7370
78844,2650
78845,6710
78846,2830
78847,2010
78848,4210
78849,6550
78850,7381
78851,3531
78852,6799
78853,6711
78854,6722
78855,6726
78856,6726
78857,1389
78858,6792
78859,6331
78860,2399
78861,5311
78862,2834
78863,6324
78864,2086
78866,6790
78867,7993
78868,8082
78869,3669
78870,6030
78871,3711
78872,8990
78873,5730
78875,3674
78876,3841
78877,1311
78879,8730
78880,0
78881,3840
78882,6710
78883,8990
78884,6710
78885,6030
78886,6030
78887,7990
78888,1381
78889,1620
78890,7372
78891,2830
78892,3670
78893,7350
78894,7372
78895,3820
78896,6310
78897,8730
78898,2330
78899,7370
78900,5810
78901,3570
78902,6030
78903,6020
78904,6550
78905,3670
78906,1380
78907,7370
78908,3140
78909,0
78910,3670
78911,8730
78912,5912
78913,5180
78914,7370
78915,3650
78916,2834
78917,8999
78918,4810
78919,2510
78920,1521
78921,5810
78922,6310
78923,4953
78924,3570
78925,6311
78927,6798
78928,3144
78931,6798
78932,6726
78933,6310
78934,3840
78935,6726
78936,6282
78937,2371
78938,6726
78939,6726
78940,6726
78941,1711
78942,6726
78943,6726
78944,6722
78945,6726
78946,6211
78947,6798
78948,8299
78949,3824
78950,3523
78951,3560
78952,3570
78953,3661
78954,3690
78955,7372
78956,5940
78957,6794
78958,2060
78959,7372
78960,3339
78961,6720
78962,7370
78963,5621
78964,7370
78965,8731
78967,6160
78968,6711
78969,6030
78970,3572
78971,4890
78972,5641
78973,6060
78974,2720
78975,7370
78976,6711
78977,3089
78978,3820
78979,6020
78980,6159
78981,4210
78982,6020
78983,3840
78984,2751
78985,3669
78986,6030
78987,3670
78988,8090
78989,2830
78990,5621
78991,5411
78992,1531
78993,3580
78994,5251
78995,7200
78996,6320
78997,6710
78998,3570
78999,5610
79000,3580
79001,5030
79002,3840
79003,3840
79004,7370
79005,4830
79006,3663
79007,5660
79008,2450
79009,3651
79010,2631
79011,7820
79012,0
79013,6712
79014,6030
79015,3670
79016,7370
79017,4950
79018,5730
79019,6020
79020,6020
79021,3411
79022,2836
79023,8010
79024,7370
79025,2836
79026,7940
79027,3820
79028,4510
79029,8290
79030,1040
79031,6020
79032,6552
79033,4832
79034,6726
79035,6311
79036,6722
79037,5712
79038,6726
79039,1090
79040,6726
79041,8399
79042,5621
79043,5211
79045,6726
79046,6726
79047,1310
79048,6726
79049,6726
79050,6726
79051,6726
79052,6726
79053,2392
79054,6726
79055,2642
79057,6311
79058,6022
79059,2851
79061,6282
79062,3312
79063,0
79064,3713
79065,2090
79066,1311
79068,7372
79069,5092
79070,1311
79071,1311
79072,6020
79073,6020
79074,6210
79075,7370
79076,6030
79077,3720
79078,7370
79079,6140
79080,6020
79081,7370
79082,7380
79083,7370
79084,7549
79085,3570
79086,3599
79087,6030
79088,7370
79089,3873
79090,3724
79091,3580
79092,6550
79093,7372
79094,3672
79095,6030
79096,2820
79097,8732
79098,6711
79099,3670
79100,7372
79101,7370
79102,5999
79103,5531
79104,3840
79105,5630
79107,3080
79108,3672
79109,6020
79110,6710
79111,8090
79112,4810
79113,6020
79114,6170
79115,6790
79116,6020
79117,3990
79118,5172
79119,8090
79120,6710
79121,7370
79122,2834
79123,5700
79124,2834
79127,7290
79129,6798
79130,2329
79131,6021
79132,6726
79133,3089
79134,6726
79135,8010
79136,6726
79137,6719
79138,6726
79139,6722
79140,6726
79141,7373
79142,8742
79143,1311
79144,1752
79145,4724
79146,2431
79147,7810
79148,3660
79149,4520
79150,2836
79151,1040
79152,3572
79153,7990
79154,5210
79155,3220
79156,3674
79157,5960
79158,1310
79159,1311
79160,5250
79161,3670
79162,7330
79163,4832
79164,3570
79165,6030
79166,6020
79167,7380
79168,5430
79169,6160
79170,6710
79171,7993
79172,3990
79173,6030
79174,5040
79175,3663
79176,6324
79177,3820
79178,6025
79179,4810
79180,3330
79181,5210
79182,5090
79183,3670
79184,1382
79185,5300
79186,1310
79187,5090
79188,6160
79189,6020
79190,7372
79191,1389
79192,7993
79193,3825
79194,2750
79195,2320
79196,8010
79197,7372
79198,3312
79199,6020
79200,6036
79201,1530
79202,1310
79204,3149
79205,3550
79206,8060
79207,6311
79208,2086
79209,7359
79210,6311
79211,6036
79212,1311
79213,2599
79214,6726
79215,6726
79216,6726
79217,6726
79218,6726
79219,8711
79220,6719
79221,6726
79222,6722
79223,6513
79224,6726
79225,6726
79226,6726
79227,6726
79228,6726
79229,6726
79230,6726
79231,130
79232,6719
79233,6798
79234,3351
79235,6798
79236,6722
79237,1381
79238,6798
79239,6798
79240,3463
79241,8361
79242,6351
79243,7373
79244,3275
79245,2430
79246,1310
79247,3940
79248,5010
79249,7360
79250,3842
79251,5065
79252,5812
79253,6020
79254,6020
79255,131
79256,8070
79257,5130
79258,4811
79259,1311
79260,3570
79261,3429
79262,3550
79263,5040
79264,6030
79265,3810
79266,4720
79267,1311
79268,7374
79269,3840
79270,5962
79271,7819
79272,3312
79273,7370
79274,6710
79275,3950
79276,3820
79277,6030
79278,9990
79279,6030
79280,3670
79281,7990
79282,7033
79283,3990
79284,6030
79285,3660
79286,6020
79287,3640
79288,5040
79289,2080
79290,8050
79291,3990
79292,8040
79293,6030
79294,3310
79295,6030
79296,4810
79297,7990
79298,5812
79299,5810
79300,5990
79301,3420
79302,6140
79303,5110
79304,6030
79305,5120
79306,5710
79307,3460
79308,5090
79309,6030
79310,5140
79311,3820
79312,4210
79313,6030
79314,7990
79315,2330
79316,6020
79320,5990
79321,6710
79322,3670
79323,6331
79324,6798
79325,6726
79326,6719
79327,1531
79328,5023
79329,6726
79330,4830
79331,6029
79332,6798
79333,1521
79334,1311
79335,3312
79336,3229
79337,6351
79338,7373
79339,2493
79340,6726
79341,6726
79342,6726
79343,6726
79344,6726
79345,6726
79346,6710
79347,6726
79348,2047
79349,3825
79350,3621
79351,6798
79352,3714
79353,6726
79354,6022
79355,6726
79356,6726
79357,6726
79358,6726
79359,6726
79360,6733
79361,6726
79362,1382
79363,2834
79364,3751
79365,3845
79366,4510
79367,3690
79368,6030
79369,1310
79370,4210
79371,3660
79372,6710
79373,8220
79374,2090
79375,2330
79376,8742
79377,3670
79378,1380
79379,7372
79380,6510
79381,5170
79382,6035
79383,6030
79384,5040
79385,7370
79386,1310
79387,3540
79388,6020
79389,6519
79390,2836
79391,3639
79392,7840
79393,1623
79394,6710
79395,5140
79396,3710
79397,2040
79398,5810
79399,3550
79400,4810
79401,7370
79402,3670
79403,6710
79404,4213
79405,9990
79406,6020
79407,4953
79408,6330
79409,4840
79410,7210
79411,5990
79412,5980
79413,3570
79414,3860
79415,4830
79416,7830
79417,4100
79418,8092
79419,7370
79420,3710
79421,2730
79422,3710
79423,1520
79424,6719
79425,3570
79426,1380
79427,7373
79428,4840
79429,7370
79433,6020
79434,1311
79435,5411
79436,4832
79437,5712
79438,8399
79439,6799
79440,6799
79441,6799
79442,5051
79443,3672
79444,1382
79445,3011
79446,6726
79447,6726
79448,6722
79449,6798
79450,6726
79452,6798
79453,6726
79454,6726
79455,1311
79456,6726
79457,6733
79458,6726
79459,6726
79460,6726
79461,6722
79462,7359
79464,2911
79466,4810
79467,3674
79468,8050
79469,5960
79470,1380
79471,3840
79472,3825
79473,3670
79474,2086
79475,7320
79476,4810
79477,6311
79478,3670
79479,6710
79480,3840
79481,1380
79482,5812
79483,5730
79484,3840
79485,3559
79486,7360
79488,4830
79489,6030
79490,7011
79491,5932
79492,6710
79493,1542
79494,5140
79495,2390
79496,6330
79497,2830
79498,2270
79499,7371
79500,5141
79501,7370
79502,5812
79503,3670
79504,3570
79505,7372
79506,5051
79507,7993
79508,8399
79509,6331
79510,3270
79511,5730
79512,6020
79513,2510
79514,6162
79515,6410
79516,2836
79517,5141
79518,7372
79519,3317
79520,4840
79521,7389
79522,7390
79523,7371
79524,6798
79525,7359
79526,2752
79527,5040
79528,7370
79529,8748
79530,2430
79531,3570
79532,2211
79533,6320
79534,6798
79535,7822
79536,7812
79538,3650
79539,6030
79540,1221
79541,5912
79542,6798
79543,3713
79544,2834
79545,3714
79546,6798
79547,6798
79548,6798
79549,7390
79550,4731
79551,3663
79552,6726
79553,8732
79554,6726
79555,6726
79556,9531
79557,6162
79558,6798
79559,6798
79560,6726
79561,6722
79562,2450
79563,2670
79564,3663
79565,2721
79566,5620
79567,5010
79568,3550
79569,4830
79570,3990
79571,6021
79572,3940
79573,3669
79574,3570
79575,3652
79576,6710
79577,7372
79578,7330
79579,5040
79580,8011
79581,6711
79582,6710
79583,6710
79584,6021
79585,6020
79586,5075
79587,1310
79588,2095
79589,3440
79590,3070
79591,4213
79592,6030
79593,3652
79594,5810
79595,3620
79596,7370
79597,2670
79598,2835
79599,5810
79600,6711
79601,3310
79602,6150
79603,3510
79604,6030
79605,2590
79606,7990
79607,3711
79608,6030
79609,6710
79610,2835
79611,3873
79612,7370
79613,3716
79614,1310
79615,3910
79616,3660
79617,6330
79618,5812
79619,2450
79620,6710
79621,4830
79622,7900
79623,3670
79624,3660
79625,7370
79626,2711
79627,6030
79628,3550
79629,3825
79630,6020
79631,6282
79633,6719
79634,3351
79635,6020
79636,1041
79637,8062
79639,8099
79640,4512
79641,4512
79642,6722
79643,6722
79644,2086
79645,6025
79646,6722
79647,6726
79648,1311
79649,1382
79650,6726
79651,6726
79652,6021
79653,2830
79654,6798
79655,1611
79656,6726
79657,6726
79658,6726
79659,6726
79660,4922
79661,6020
79662,2086
79663,1479
79664,6719
79665,6722
79666,3100
79667,5942
79668,3357
79669,6282
79670,8711
79671,6726
79672,5944
79673,3540
79674,3325
79675,7371
79676,7370
79677,3580
79678,7370
79679,6710
79680,5940
79681,3790
79682,6020
79683,3825
79684,1520
79685,4810
79686,2389
79687,3630
79688,6710
79689,6799
79690,2910
79691,3570
79692,6030
79693,6030
79694,6710
79695,5944
79696,3440
79697,6710
79698,8732
79699,2860
79700,3646
79701,6282
79702,2834
79703,2834
79704,3825
79705,8090
79706,7370
79707,7990
79708,3710
79709,4911
79710,3580
79711,7990
79712,4841
79713,5999
79714,6020
79715,2080
79716,3820
79717,5621
79718,7370
79719,7350
79720,3710
79721,5080
79722,2490
79723,4950
79724,3341
79725,8732
79726,6331
79727,6030
79728,1311
79729,5810
79730,6321
79731,6022
79732,3089
79733,8090
79734,6030
79735,5210
79736,6710
79738,6030
79739,3080
79740,6350
79741,5812
79742,5730
79743,2050
79744,4840
79745,5210
79746,6020
79747,6022
79750,3711
79751,3711
79752,6798
79753,6512
79754,6726
79755,6163
79756,6726
79757,2835
79758,7011
79760,1311
79761,6798
79762,6726
79763,1522
79764,7011
79765,6726
79766,4922
79767,4911
79768,6710
79769,6726
79770,6798
79771,6726
79772,3645
79773,6022
79774,6726
79775,1041
79776,3840
79777,6798
79778,6798
79779,3792
79780,3691
79781,6311
79782,6798
79783,5311
79784,1210
79785,1531
79786,5147
79787,3570
79788,6726
79789,6710
79790,7990
79791,7990
79792,6711
79793,6710
79794,2830
79795,7990
79796,6035
79797,5065
79798,3670
79799,3670
79800,1040
79801,3940
79802,2721
79803,3940
79804,5810
79805,2830
79806,6710
79807,8730
79808,3357
79809,4840
79810,1380
79811,5311
79812,7810
79814,5150
79815,3490
79816,1040
79817,2830
79818,5130
79819,5960
79820,3651
79821,6711
79822,8090
79823,6531
79824,6020
79825,3940
79826,2090
79827,1310
79828,6020
79829,7370
79830,7370
79831,7929
79832,4520
79833,3720
79834,7380
79835,3570
79836,5090
79837,3060
79838,2730
79839,3570
79840,3661
79841,4730
79842,7360
79843,2360
79844,4410
79845,2022
79846,2869
79847,2830
79848,3670
79850,3999
79851,6020
79852,7370
79853,1081
79854,3570
79855,5080
79856,3660
79857,1381
79858,3560
79859,6036
79860,2220
79861,5710
79862,3310
79863,4010
79864,8911
79865,6020
79866,3310
79867,6790
79868,3060
79869,5940
79870,5190
79871,5960
79872,8710
79873,1380
79874,7812
79875,4510
79876,6710
79877,7370
79878,2421
79879,3674
79880,3660
79881,5650
79882,4840
79883,3580
79884,5550
79885,6036
79886,3670
79887,7370
79888,3334
79890,6798
79891,6726
79893,6798
79894,6798
79895,6029
79896,1541
79897,6798
79898,5084
79899,1040
79900,5621
79901,3690
79902,7832
79903,8742
79904,6722
79905,6799
79906,8731
79907,6726
79908,1311
79909,1531
79910,1381
79912,6726
79913,6726
79914,6799
79915,1382
79916,6726
79917,6726
79918,6722
79919,6798
79920,0
79921,6726
79922,5621
79923,6792
79924,4512
79925,4923
79926,6726
79927,6331
79928,7011
79929,3823
79930,6710
79931,3580
79932,3740
79933,3660
79934,3350
79935,3670
79936,3494
79937,4830
79938,5090
79939,1040
79940,3570
79941,4840
79942,5140
79943,3840
79944,6519
79945,5810
79946,6710
79947,6710
79948,1520
79949,4810
79950,5060
79951,3660
79952,6711
79953,4810
79954,2240
79955,3660
79956,6331
79957,8090
79958,3440
79959,7370
79960,7370
79961,5550
79962,3570
79963,6020
79964,6030
79965,6036
79966,6710
79967,6020
79968,3560
79969,4522
79970,6030
79971,3080
79972,4830
79973,3571
79974,4840
79975,6330
79976,7399
79977,2835
79978,6320
79979,6552
79980,2430
79981,7370
79982,6799
79983,2830
79984,5130
79985,6710
79986,6710
79987,1311
79988,6020
79989,8090
79990,6710
79991,7370
79992,7210
79993,3820
79994,5810
79995,6611
79996,4880
79997,1040
79998,6710
79999,4950
80000,8072
80001,5099
80002,6030
80003,5990
80004,2834
80005,7370
80006,2030
80007,6030
80008,6722
80009,7510
80010,6030
80011,5990
80012,3570
80013,5090
80014,6798
80015,7370
80017,3840
80018,4810
80019,3651
80020,3660
80021,6711
80022,6030
80023,2099
80024,6030
80025,6030
80026,7370
80027,5810
80028,3670
80029,6020
80030,2830
80031,6030
80032,8711
80033,6030
80034,3144
80035,7990
80036,4813
80037,8290
80038,7380
80039,3585
80040,0
80041,6150
80042,3080
80043,1060
80044,2830
80045,1490
80046,6150
80047,3350
80048,6711
80049,3670
80050,3080
80051,7370
80052,5060
80053,2830
80054,2099
80055,7370
80056,6030
80057,3570
80058,6280
80059,5070
80060,6710
80061,8040
80062,6331
80063,3870
80064,3593
80065,6020
80068,3630
80069,8731
80070,2911
80071,3555
80072,6021
80073,5088
80074,3061
80075,6798
80076,3949
80077,6798
80078,6726
80079,2899
80080,2869
80081,6726
80082,831
80083,2611
80084,6798
80085,1622
80086,1622
80087,5122
80088,6282
80089,4833
80090,6798
80091,6512
80092,6798
80093,3316
80094,4812
80095,6726
80096,6726
80097,6722
80098,5171
80099,6710
80100,6798
80101,6711
80102,6798
80103,4953
80104,1381
80105,7299
80106,1520
80107,6030
80108,2830
80109,5990
80110,1040
80111,3690
80112,6022
80113,4213
80114,6719
80115,6030
80116,4950
80117,7370
80118,4520
80119,3080
80120,3841
80121,6035
80122,6030
80123,5040
80124,6710
80125,6020
80126,4510
80127,6036
80128,3441
80129,6036
80130,6030
80131,6030
80132,3710
80133,1380
80134,1310
80135,7363
80136,6723
80137,7290
80138,5136
80139,6020
80140,3646
80141,8090
80142,6210
80143,7380
80144,0
80145,2830
80146,2830
80147,6020
80148,3690
80149,5060
80150,6030
80151,6030
80152,3494
80153,7990
80154,2060
80155,6030
80156,2050
80157,2060
80158,5090
80159,2670
80160,7360
80161,3710
80162,3320
80163,4813
80164,1040
80165,3663
80166,6030
80167,2099
80168,6111
80169,6111
80170,6799
80171,6799
80172,6726
80173,3221
80174,6726
80175,6722
80176,6798
80177,6726
80178,6798
80179,2721
80180,6798
80181,2911
80182,6798
80183,6798
80184,6719
80185,3661
80186,2676
80187,5088
80188,3559
80189,6311
80190,6798
80191,2821
80192,4822
80193,1531
80195,7370
80196,6726
80197,161
80198,6726
80199,7011
80200,6722
80201,6082
80202,6726
80203,6726
80204,1423
80205,6726
80206,6722
80207,6726
80208,6552
80209,6798
80210,6798
80211,6726
80212,6798
80213,6798
80214,6311
80215,5045
80216,1311
80217,6726
80220,4810
80221,5070
80222,7370
80223,6020
80224,1041
80225,7010
80226,4840
80227,1310
80228,4910
80229,6210
80230,7370
80231,2870
80232,3999
80233,3990
80234,7370
80235,3660
80236,8710
80237,3691
80238,3570
80239,5099
80240,7370
80241,6798
80242,7380
80243,5190
80244,3660
80245,5080
80246,1040
80247,3840
80248,4810
80249,2830
80250,7370
80251,6710
80252,7370
80253,2720
80254,7359
80255,8000
80256,5812
80257,3661
80258,2836
80259,2761
80260,4810
80261,8910
80262,7370
80263,2840
80264,7819
80265,7299
80266,3670
80267,3820
80268,5810
80269,3060
80270,8730
80271,3661
80272,7370
80273,4950
80274,3610
80275,3743
80276,3570
80278,7990
80279,7373
80280,3990
80281,1310
80282,7990
80283,2261
80284,6022
80285,4210
80286,5999
80287,5990
80288,3710
80289,4810
80290,3317
80291,3676
80292,7370
80293,8360
80294,4920
80295,5050
80296,7030
80297,4832
80298,4210
80299,1540
80300,2830
80301,5730
80302,5060
80303,3312
80304,8051
80305,3690
80306,2830
80307,2834
80308,5960
80309,1531
80310,2834
80311,7363
80312,6311
80313,5060
80314,5090
80315,5810
80316,7371
80317,5031
80318,6710
80319,6710
80320,5010
80321,3670
80322,3640
80323,2390
80324,2670
80325,3670
80326,6035
80327,5660
80328,6710
80329,3679
80330,6710
80331,5990
80332,3550
80333,6320
80334,7372
80335,2750
80336,6030
80337,7370
80338,6030
80339,2791
80340,6710
80341,3690
80342,5990
80343,3562
80344,5130
80345,4510
80346,4830
80347,3710
80348,7372
80349,2210
80350,3840
80351,5060
80352,5990
80353,8082
80354,6710
80355,5083
80356,6798
80357,3944
80358,7370
80359,5810
80360,5060
80361,2653
80362,5040
80363,3620
80364,6798
80365,7990
80366,3940
80367,7820
80368,7389
80369,6020
80370,3080
80371,1311
80372,3840
80373,2750
80374,6710
80375,5050
80376,2830
80377,3440
80378,5085
80379,2830
80380,3570
80381,6798
80382,3316
80383,8731
80384,6726
80385,6726
80386,6324
80387,5171
80388,6351
80389,6726
80390,7370
80391,4810
80392,2086
80393,3812
80394,6726
80395,6798
80396,5137
80397,6726
80398,1311
80399,6798
80400,6726
80401,6722
80402,2047
80404,3312
80405,6726
80406,6798
80407,1099
80408,6798
80409,4812
80410,1389
80411,0
80412,6798
80413,1021
80414,3577
80415,3241
80416,5945
80417,6798
80418,6552
80419,3570
80420,3581
80421,6726
80422,3714
80423,2821
80424,6798
80425,3621
80426,6726
80427,2830
80428,6722
80429,4813
80430,6722
80431,3440
80432,5611
80433,2836
80434,3020
80435,3662
80436,6710
80437,6030
80438,7010
80439,5060
80440,7620
80441,3674
80442,3660
80443,3550
80444,3940
80445,3660
80446,3533
80447,7380
80448,4840
80449,6020
80450,3650
80451,3550
80452,3841
80453,7372
80454,7375
80455,7380
80456,6710
80457,6030
80458,7990
80459,6020
80460,2522
80461,3743
80462,3670
80463,3570
80464,3820
80465,3600
80466,6030
80467,6030
80468,8080
80469,7372
80470,8730
80471,7370
80472,5810
80473,6513
80474,6030
80475,7370
80476,6020
80477,7370
80478,6035
80479,2320
80480,7010
80481,4822
80482,3580
80483,5810
80484,3660
80485,2834
80486,3840
80487,3820
80488,7370
80489,8730
80490,6280
80491,5070
80493,6030
80494,2819
80495,7011
80496,6030
80497,3710
80498,6022
80499,8090
80500,3570
80501,4510
80502,6710
80503,7371
80504,2711
80505,3660
80506,7370
80507,6531
80508,7370
80509,6710
80510,3490
80512,4210
80513,7370
80514,3840
80515,7372
80516,6020
80517,6020
80518,3650
80519,6710
80520,6720
80522,1310
80523,2830
80524,2834
80525,6150
80526,3570
80527,5148
80528,4510
80529,6710
80530,3690
80531,6710
80532,7376
80534,3823
80535,7990
80536,2840
80537,3670
80538,3550
80539,2830
80540,2731
80541,7370
80542,5800
80543,2631
80544,5610
80545,6030
80546,6030
80547,5800
80548,3990
80549,3140
80550,0
80551,7990
80552,7375
80553,3670
80554,3690
80555,7370
80556,4890
80557,1311
80558,3270
80559,2030
80560,2830
80561,3840
80562,6159
80563,7948
80564,3570
80565,4810
80566,3069
80567,7810
80568,5040
80569,6030
80570,8080
80571,5090
80572,5090
80573,7011
80574,7379
80575,8711
80576,3540
80577,2836
80578,5460
80579,7370
80580,1310
80581,3577
80582,6711
80583,5810
80584,6798
80585,2834
80587,8051
80588,7382
80589,6331
80590,6021
80591,6798
80592,2023
80593,2869
80594,5531
80596,6282
80597,2041
80598,8071
80599,6282
80600,3262
80601,6726
80602,3299
80603,6350
80604,8360
80605,7319
80606,3570
80607,6710
80608,3670
80609,6324
80610,2050
80611,1041
80612,3840
80613,3660
80614,5960
80615,7370
80616,6410
80617,8910
80618,7810
80619,1380
80620,6710
80621,2752
80622,6210
80623,6030
80624,3460
80625,6021
80626,6030
80627,6710
80628,5990
80629,2830
80630,6711
80631,7370
80632,7370
80633,6030
80634,1380
80635,3861
80636,5960
80637,6153
80638,4813
80639,2750
80640,2836
80641,6020
80642,6710
80643,4810
80644,6720
80645,5040
80646,3220
80647,5120
80648,5130
80649,3990
80650,4210
80651,3710
80652,3572
80653,6030
80654,5812
80655,3663
80656,6020
80657,2830
80658,8080
80659,3940
80660,3670
80661,4810
80662,3662
80663,2830
80664,7360
80665,6710
80666,8050
80667,5960
80668,4810
80669,5890
80670,4512
80671,7370
80672,6710
80673,6710
80674,5812
80675,5122
80676,6029
80677,6726
80678,6719
80679,3143
80680,6211
80681,6798
80682,5961
80683,6798
80684,6798
80685,6798
80686,4812
80687,4812
80688,6512
80689,0
80690,2834
80691,6798
80692,6798
80693,6726
80694,1041
80695,6798
80696,8090
80697,6711
80698,2844
80699,1311
80700,7370
80701,4810
80702,4890
80703,4812
80704,4510
80705,1041
80706,1041
80708,6160
80709,3250
80710,6350
80711,6798
80712,4911
80713,2221
80714,3714
80715,3651
80716,2086
80717,4931
80718,5812
80719,3743
80720,6726
80721,2621
80722,3312
80723,6798
80724,6321
80725,6726
80726,5411
80727,7557
80728,6726
80729,3312
80730,2834
80731,3100
80732,6710
80733,4840
80734,3690
80735,5390
80736,5810
80737,6020
80738,8092
80739,3640
80740,2830
80741,7810
80742,7814
80743,3670
80744,2840
80745,3710
80746,6140
80747,6798
80748,3840
80749,7990
80750,2830
80751,3940
80752,4832
80753,2450
80754,6030
80755,6140
80756,3650
80757,7370
80758,1221
80759,3366
80760,3570
80761,7363
80762,6030
80763,3663
80764,6030
80765,6710
80766,3660
80767,2670
80768,6030
80769,5090
80770,2821
80771,7010
80772,3840
80773,5730
80774,8744
80775,3272
80776,6030
80777,3699
80778,4512
80779,6798
80780,3713
80781,8742
80782,6798
80783,3585
80784,6726
80785,2011
80786,6324
80787,4911
80788,2052
80789,4941
80790,6798
80791,3661
80792,6150
80793,3940
80794,1790
80795,8080
80796,2759
80797,7361
80798,3530
80799,7230
80800,6030
80801,7010
80802,3320
80803,3660
80804,5040
80805,8050
80806,3823
80807,7370
80808,6021
80809,5130
80810,3670
80811,8730
80812,3648
80813,6020
80814,4210
80815,1040
80816,6030
80817,6710
80818,3050
80819,6020
80820,7375
80821,6030
80822,3442
80823,1620
80824,8090
80825,7990
80826,6710
80827,7370
80828,3713
80829,2873
80830,6710
80831,7840
80832,3940
80833,2830
80834,6030
80835,6530
80836,7380
80837,6021
80838,6513
80839,4810
80840,6410
80841,2330
80842,7810
80843,3660
80844,6030
80845,7370
80846,7514
80849,0
80850,7380
80851,3710
80852,3465
80853,2030
80854,5120
80855,8240
80856,6030
80857,5411
80858,7371
80859,6036
80861,3357
80862,6726
80863,4813
80864,5051
80865,3841
80866,6722
80867,6722
80868,1221
80873,2451
80881,2830
80900,2836
80902,5136
80912,1382
80913,7374
80914,3670
80915,7380
80916,7200
80917,1380
80918,8730
80919,4210
80920,6710
80921,7370
80922,5640
80923,6710
80924,4832
80925,5110
80926,1382
80927,4840
80928,2077
80929,2834
80930,5250
80931,6140
80932,3790
80933,3240
80934,3840
80935,3660
80936,8730
80937,6710
80938,2542
80939,5810
80940,7990
80941,6350
80942,3570
80943,3550
80944,6798
80945,2819
80946,7363
80947,8071
80948,6020
80949,8040
80950,5990
80951,5065
80952,3640
80953,6710
80954,5710
80955,2080
80956,5120
80957,7372
80958,6020
80959,6030
80960,6035
80961,1311
80962,4830
80963,4812
80964,6030
80965,4100
80966,6720
80967,5250
80968,3840
80969,4213
80970,7370
80971,5399
80972,7261
80973,3710
80974,6710
80975,7370
80976,7370
80977,6710
80978,6710
80979,6030
80980,6799
80981,6020
80982,8040
80983,6030
80984,3940
80985,6710
80987,4213
80988,6162
80989,6710
80990,6021
80991,7370
80992,6030
80993,3670
80994,3730
80995,8070
80996,1311
80997,3577
80999,6030
81001,5040
81002,2830
81003,3660
81004,3620
81005,5940
81006,3840
81007,3550
81008,8299
81009,7360
81010,3577
81011,5990
81012,2830
81013,3670
81014,1310
81015,8070
81016,7820
81017,1730
81018,3660
81019,6020
81020,3714
81021,4213
81022,6726
81023,5812
81024,5080
81025,3365
81027,6282
81028,3568
81029,3568
81030,2741
81031,4813
81032,7814
81033,6726
81034,6726
81035,6722
81036,6726
81037,3312
81038,4911
81039,7349
81040,4911
81041,6726
81042,4813
81043,4813
81044,3312
81045,6798
81046,2731
81047,3499
81048,7991
81049,2084
81050,6371
81051,8059
81052,1311
81053,6029
81054,6029
81055,6021
81056,3351
81057,3149
81058,4941
81059,4813
81060,7011
81061,5122
81062,4922
81063,5943
81064,5941
81065,6798
81066,2836
81067,4922
81068,6550
81069,7370
81070,7810
81071,6020
81072,3560
81073,6719
81074,3750
81075,5084
81076,3540
81077,3570
81078,3550
81079,7990
81081,3143
81082,6330
81083,2834
81084,2869
81085,8062
81086,3560
81087,6798
81088,3560
81089,3669
81090,5812
81091,3570
81092,1040
81093,7010
81094,6020
81095,6036
81096,3670
81097,4833
81098,3861
81099,8090
81100,3840
81101,7990
81102,3670
81103,1310
81104,3550
81105,6035
81106,3660
81107,5060
81108,7990
81109,3663
81110,4210
81111,5010
81112,6140
81113,4890
81114,4840
81115,3660
81116,3559
81117,3840
81118,5990
81119,4830
81120,6029
81121,4833
81122,9511
81123,2411
81124,3651
81125,5731
81126,3841
81127,6798
81128,8221
81129,1542
81131,3663
81132,3674
81133,4813
81134,3511
81135,4810
81136,4810
81137,7372
81138,8200
81139,3675
81140,7373
81141,7381
81142,3661
81143,2284
81144,5040
81145,7999
81146,7376
81147,8071
81148,6030
81149,6030
81150,6710
81151,3650
81152,8090
81153,1311
81154,2836
81155,3940
81156,7290
81157,4810
81158,7010
81159,6030
81160,5090
81161,4830
81162,3670
81163,3573
81164,8070
81165,7359
81166,7370
81167,6020
81169,7380
81170,8070
81171,3660
81172,8021
81173,1099
81174,7370
81175,6798
81176,7996
81177,4890
81178,7372
81179,6020
81180,6030
81181,4812
81182,7948
81183,710
81184,3312
81185,3714
81186,3861
81187,4930
81188,4841
81189,3699
81190,7363
81191,2052
81192,4911
81193,2711
81194,1623
81195,7361
81196,3570
81197,5040
81198,5139
81199,7370
81200,6030
81201,3826
81202,5040
81203,6710
81204,6022
81205,7990
81206,6030
81207,6710
81208,7349
81209,5940
81210,6710
81211,6030
81212,7371
81213,3570
81214,6210
81215,3942
81216,5010
81217,3660
81218,3840
81219,3660
81220,5045
81221,8730
81222,7359
81223,6510
81224,3710
81225,3545
81226,5812
81227,3310
81228,2830
81229,4830
81230,7370
81231,6030
81232,3550
81233,8730
81234,5390
81235,6711
81237,3660
81238,2890
81239,7363
81240,5060
81241,3559
81242,7990
81243,3570
81244,6030
81245,7370
81246,1711
81247,7948
81248,7373
81249,4810
81250,6030
81251,3161
81252,7380
81253,8200
81254,6211
81255,3670
81256,3670
81257,1310
81258,7380
81259,6030
81260,6030
81261,6030
81262,8082
81263,6030
81264,7830
81265,3670
81266,5960
81267,4210
81268,6030
81269,8740
81270,2330
81271,7370
81272,7389
81273,6030
81274,6030
81275,3550
81276,6799
81277,3670
81278,3714
81279,7370
81280,2835
81281,7372
81282,7372
81283,3570
81284,6021
81285,3585
81286,5090
81288,3996
81289,3823
81290,3851
81291,6035
81292,7948
81293,7829
81294,2992
81295,1381
81296,5411
81297,6022
81298,6712
81299,6722
81300,8090
81301,6282
81307,6799
81309,3572
81310,6510
81311,4813
81323,6711
81331,2342
81350,2731
81358,3532
81366,5390
81382,3592
81403,5411
81411,8051
81430,3670
81438,3143
81446,5311
81454,5060
81462,7813
81469,4810
81470,3670
81471,6710
81472,3559
81473,6030
81474,6030
81475,3350
81476,7370
81477,3670
81478,7990
81479,1200
81480,7372
81481,5331
81482,3663
81483,7370
81484,3670
81485,4810
81486,4833
81487,2670
81488,6030
81489,3573
81490,6030
81491,3575
81492,7380
81493,4920
81494,5411
81495,6030
81496,7370
81497,3079
81498,2720
81499,6720
81500,6030
81501,7373
81502,3663
81503,3570
81504,4210
81505,4810
81506,7370
81507,5990
81508,2040
81509,3670
81510,7372
81511,6030
81512,3820
81514,7370
81515,7370
81516,7370
81517,2870
81518,3622
81519,7370
81520,4840
81521,5541
81522,2621
81523,5112
81524,6712
81525,3663
81526,6122
81527,7311
81528,6021
81529,3663
81530,6351
81531,1311
81532,1311
81533,6035
81534,2611
81535,4813
81536,6140
81537,3520
81538,5010
81539,3670
81540,5122
81541,6035
81542,2241
81543,3530
81544,6030
81545,2326
81546,6036
81547,8299
81548,5045
81549,6030
81550,3570
81551,3840
81552,3350
81553,5940
81554,6710
81555,6030
81556,6030
81557,6140
81558,4911
81559,4840
81560,6035
81561,1311
81562,3577
81563,5960
81564,6036
81565,6036
81566,5961
81567,3660
81569,4924
81570,7370
81571,3440
81572,8050
81573,7370
81574,4410
81575,7372
81576,2830
81577,6035
81578,3660
81579,6020
81580,6030
81581,5810
81582,7370
81583,3310
81584,7389
81585,2254
81586,6331
81587,4810
81588,5060
81590,6030
81591,1520
81592,7370
81593,6035
81594,4923
81595,5137
81596,2830
81597,3550
81598,5191
81599,3660
81600,6320
81601,6030
81602,7370
81604,4920
81605,8970
81606,4922
81607,8220
81608,8090
81609,7322
81610,4940
81611,1040
81612,4810
81613,3840
81614,3560
81615,7380
81616,7370
81618,5710
81619,5940
81620,3540
81621,3660
81622,3911
81623,7370
81624,3829
81625,7370
81626,5810
81627,8980
81629,7370
81630,6140
81631,3660
81632,3570
81633,3670
81634,3820
81635,8090
81636,2834
81637,3650
81638,2810
81639,7372
81640,3060
81641,5310
81642,3690
81643,4840
81644,3570
81645,4700
81646,5190
81647,6022
81648,4810
81649,4953
81650,3663
81651,3823
81652,6020
81653,2741
81654,5942
81655,5812
81656,8741
81657,3639
81658,2869
81659,6726
81660,6798
81661,3645
81662,5231
81663,0
81665,5084
81666,4512
81667,6719
81668,8011
81669,4812
81670,3728
81671,7011
81672,6726
81673,6711
81674,3531
81675,6798
81676,7993
81677,3743
81678,3540
81679,1623
81680,5960
81681,3825
81682,8010
81683,7370
81684,7370
81685,2450
81686,2522
81687,3411
81688,6020
81689,3645
81690,6550
81691,7372
81692,3625
81693,3530
81694,6210
81695,5812
81696,4841
81697,7370
81698,7370
81699,7370
81700,3690
81701,7372
81702,2621
81703,7370
81704,6030
81705,3826
81706,6030
81707,6798
81708,6030
81709,6030
81710,6030
81711,6710
81712,7370
81713,4812
81714,7810
81715,7370
81716,3840
81717,3540
81718,6030
81719,1041
81720,4810
81721,3840
81722,3570
81723,6020
81724,8730
81725,7370
81726,6030
81727,3660
81728,5190
81729,3679
81731,6030
81732,4810
81733,2830
81734,1044
81735,3670
81736,3841
81737,2720
81738,5810
81739,5960
81740,4833
81741,3571
81742,7370
81743,2830
81744,6030
81745,3825
81746,6710
81747,7389
81748,7360
81749,7010
81750,7370
81751,3840
81752,2750
81753,5074
81754,3660
81755,8721
81756,3674
81757,1380
81758,7372
81759,7373
81760,3840
81761,5065
81762,7350
81763,6020
81764,3940
81765,3310
81766,1499
81767,5112
81769,6552
81770,4931
81771,6282
81772,6798
81773,1041
81774,1021
81775,2631
81776,3674
81778,7011
81779,5411
81780,5065
81781,4813
81782,4813
81783,6035
81784,4412
81788,0
81796,2720
81809,1382
81825,6211
81833,3325
81841,3590
81848,7370
81849,7370
81850,7370
81851,6710
81853,6710
81854,3570
81855,6022
81856,8710
81857,3533
81858,7370
81859,1310
81860,7299
81861,3080
81862,3840
81863,6710
81864,1311
81865,6030
81866,1381
81867,6710
81868,5411
81869,7372
81870,6020
81871,7370
81872,3820
81873,6510
81874,3840
81875,4841
81876,3825
81877,7370
81878,3220
81879,4810
81880,3650
81881,6020
81882,3840
81883,6140
81884,3430
81885,5120
81886,7370
81887,3550
81888,5090
81889,1520
81890,3575
81891,3570
81892,5944
81893,5961
81894,5810
81895,8740
81897,6150
81898,3570
81899,5122
81900,7011
81901,5130
81902,4840
81903,3670
81904,3710
81905,3560
81906,7370
81907,7380
81908,6710
81909,1499
81910,6282
81911,3845
81912,3675
81913,1040
81914,2873
81916,5949
81917,6798
81918,6035
81919,6022
81920,3851
81921,2510
81922,3825
81923,6035
81924,4513
81925,3624
81940,6211
81948,2752
81956,3444
81964,7361
81999,1381
82019,2435
82027,1311
82035,1311
82043,4213
82051,6790
82070,6799
82086,1041
82094,2254
82107,6020
82115,6552
82123,6710
82155,4700
82156,2836
82157,4512
82158,6020
82159,7370
82160,5130
82161,8050
82162,5085
82163,2834
82164,4890
82165,7361
82166,6211
82167,3820
82168,7372
82169,2620
82170,7370
82171,5194
82172,7370
82173,3670
82174,6331
82175,5410
82176,2082
82177,7380
82178,7370
82179,2836
82180,6030
82181,8742
82182,6711
82183,6140
82184,3724
82185,2090
82186,2840
82187,4841
82188,7380
82189,7920
82190,3730
82191,3663
82192,7840
82193,3820
82194,6510
82195,7370
82196,1382
82198,1040
82199,7370
82200,7370
82201,2836
82202,3660
82203,8999
82204,7370
82205,5040
82206,8741
82207,3679
82208,4210
82209,7370
82210,5820
82211,1041
82212,7363
82213,6798
82214,7370
82215,3674
82216,8730
82217,6798
82218,8731
82219,3660
82220,6030
82221,6140
82222,2840
82223,1700
82224,6021
82225,740
82226,3570
82227,7370
82228,6140
82229,6720
82230,0
82231,8093
82232,2911
82233,1311
82234,3861
82235,4512
82236,7011
82237,2086
82238,7363
82241,6726
82242,3585
82243,7011
82244,2830
82245,4510
82246,1382
82247,3660
82248,7371
82249,8090
82250,7310
82251,6020
82252,3710
82253,3624
82254,6030
82255,8721
82256,5045
82257,3840
82258,2830
82259,5960
82260,6020
82261,3600
82262,3728
82263,6030
82264,1310
82265,3570
82266,2670
82267,3660
82268,3570
82269,3080
82270,7380
82271,3670
82272,8011
82273,6020
82274,2820
82275,7370
82276,6331
82277,4950
82278,7310
82279,2033
82280,7370
82281,7372
82282,5040
82283,4890
82285,4813
82286,4830
82287,3571
82288,7380
82289,1041
82290,6320
82291,3670
82292,6331
82293,3661
82294,6035
82295,7389
82296,3851
82297,4923
82298,1381
82299,6282
82300,3171
82301,5621
82302,4911
82303,6331
82304,4813
82305,6035
82306,1520
82307,8092
82308,1311
82309,4813
82310,3662
82311,6719
82326,5060
82334,3679
82342,1311
82369,1311
82377,6162
82393,1311
82406,6311
82414,7011
82422,6311
82449,2013
82457,2911
82465,4840
82466,5730
82467,3820
82469,6020
82470,7993
82471,7380
82472,4880
82473,4840
82474,8059
82475,7370
82476,4959
82477,6020
82478,8990
82479,6710
82480,6020
82481,2760
82482,5810
82483,6020
82484,7370
82485,3670
82486,6410
82487,7370
82488,3670
82489,3550
82490,7310
82491,6140
82492,5690
82493,2830
82494,3089
82495,3750
82496,6030
82497,6030
82498,100
82499,3310
82500,2879
82501,6036
82502,4953
82503,6030
82504,3820
82505,7370
82506,1041
82507,1620
82508,8731
82509,3571
82510,3650
82511,1711
82512,6020
82513,2830
82514,5910
82515,5090
82516,6790
82517,2080
82518,5810
82520,7370
82521,3674
82522,3550
82523,6030
82524,8090
82525,3840
82526,2834
82527,7370
82528,3660
82529,7820
82530,3559
82531,6320
82532,6710
82533,2761
82534,4510
82535,7372
82536,3660
82537,6720
82538,4840
82539,4520
82540,1241
82541,3660
82542,4789
82543,4510
82544,2731
82545,4521
82546,7280
82547,3670
82548,6350
82549,3670
82550,7370
82551,7370
82552,6140
82553,4521
82554,7389
82555,3620
82556,8710
82557,4215
82558,2890
82559,3840
82560,7370
82561,6022
82562,7370
82563,5090
82564,7370
82565,7359
82566,7360
82567,2834
82568,5960
82569,3840
82570,4950
82571,6162
82572,6320
82573,6030
82574,7370
82575,6036
82576,2830
82577,3840
82578,4830
82579,8080
82580,3149
82581,5047
82582,3630
82583,7370
82584,6280
82585,7372
82586,7370
82587,3550
82588,8350
82589,7370
82590,6719
82591,3570
82592,7372
82593,3840
82594,8910
82595,2330
82596,7810
82597,8010
82598,3572
82599,3310
82600,5810
82601,5090
82602,3350
82603,3840
82604,2830
82605,3559
82606,7810
82607,8730
82608,3670
82609,8911
82610,2830
82611,7370
82612,7370
82613,7372
82614,7370
82615,4210
82616,3670
82617,5311
82618,3570
82619,3670
82620,3661
82621,3843
82622,1380
82623,7370
82624,4213
82625,6162
82626,6140
82627,2080
82628,3560
82631,6029
82632,2754
82633,6711
82634,2082
82635,2611
82637,1311
82638,8361
82639,6162
82640,2721
82641,6281
82642,2844
82643,3577
82644,6331
82646,4822
82647,2834
82648,6282
82649,2621
82650,0
82651,3826
82652,3663
82653,2790
82654,6719
82655,7372
82656,1389
82657,5942
82658,0
82659,6531
82660,2231
82661,7810
82662,1310
82663,3640
82664,3559
82665,6030
82666,7370
82667,3663
82668,7900
82669,7372
82670,2833
82671,3710
82672,3674
82673,3670
82675,5810
82676,8060
82677,3840
82678,2810
82679,7380
82680,6030
82681,3670
82682,6324
82683,7350
82684,1040
82685,3570
82686,7370
82687,6190
82688,3840
82689,6311
82690,6720
82691,7370
82692,5812
82693,7372
82694,1731
82695,2830
82696,3670
82697,4730
82698,7370
82699,5122
82700,8730
82701,6710
82702,5122
82703,4840
82704,7372
82705,5140
82706,6310
82707,8080
82708,6710
82709,5310
82710,2080
82711,5990
82712,7372
82713,5995
82714,6030
82715,8350
82716,7374
82717,3840
82718,6280
82719,7370
82720,8290
82721,3944
82722,3820
82723,7370
82724,8700
82725,6720
82726,3940
82727,7372
82729,8090
82730,5090
82731,1542
82732,7370
82733,6020
82734,8731
82735,6030
82736,3840
82737,4920
82738,7900
82739,8050
82740,8099
82741,3570
82742,6020
82743,2911
82744,3570
82745,3270
82746,8730
82747,3761
82748,3711
82749,7370
82750,4820
82751,7011
82752,4412
82753,7370
82754,5810
82755,3660
82757,8050
82758,6530
82759,7372
82760,3660
82761,4510
82762,3661
82763,3571
82764,3241
82765,1390
82766,3670
82767,7370
82768,3663
82769,7011
82770,6719
82771,6552
82772,1311
82773,3589
82774,7011
82775,6331
82776,3661
82777,5084
82779,2836
82780,3334
82781,6022
82782,6719
82783,4212
82784,2752
82791,6162
82792,5812
82793,6798
82794,1311
82795,6331
82797,1221
82799,3714
82800,1021
82801,8249
82802,0
82803,2721
82804,7376
82805,4833
82806,3840
82807,3670
82808,2080
82809,6020
82810,7374
82811,7997
82812,6035
82813,6020
82814,6030
82815,1380
82816,3714
82817,3840
82818,5040
82819,3599
82820,2032
82821,7380
82822,1540
82824,2836
82825,8010
82826,6710
82827,5650
82828,7370
82829,1790
82830,3570
82831,8731
82832,4810
82833,7370
82834,7363
82835,8090
82836,1310
82837,8730
82838,7920
82839,3674
82840,7370
82841,7350
82843,4213
82844,3660
82845,5810
82846,3827
82847,5060
82848,2836
82849,6030
82850,4890
82851,5070
82852,4511
82853,3840
82854,1041
82855,4911
82856,6798
82857,2320
82858,7011
82859,2844
82860,5984
82861,3569
82862,4813
82863,3690
82887,7379
82895,3160
82908,2831
82916,2731
82924,2731
82932,2731
82959,2621
82967,7948
82975,5082
82983,6311
82991,6740
83003,5120
83011,5719
83030,6712
83038,5311
83046,2011
83054,4213
83062,7370
83089,2060
83097,6552
83106,6020
83107,1040
83108,8040
83109,3550
83110,1381
83111,2830
83112,5150
83113,3845
83114,3560
83117,8090
83118,3679
83119,7380
83120,3530
83121,2830
83122,7379
83123,3840
83124,8721
83125,8350
83126,0
83127,4841
83128,7372
83129,3577
83130,7370
83131,7319
83132,4810
83133,6150
83134,7372
83135,3010
83136,3660
83137,7350
83138,7370
83139,8093
83140,7370
83141,8070
83142,3621
83143,4226
83144,3670
83145,3840
83146,2830
83147,7200
83148,2821
83149,3225
83150,5910
83151,2833
83152,5812
83153,6020
83154,3840
83155,6020
83156,4810
83157,7370
83158,7370
83159,6141
83160,7370
83161,4812
83162,8092
83163,3674
83164,6331
83165,6510
83167,7370
83168,3660
83169,3645
83170,5190
83171,7370
83172,1380
83173,5040
83174,3570
83175,4820
83176,3840
83177,6311
83178,7370
83179,2796
83180,4830
83181,7373
83183,7370
83184,2830
83185,3670
83186,7374
83188,1094
83189,7381
83190,1311
83191,3678
83193,7389
83194,6726
83195,6726
83196,6726
83197,6726
83198,6726
83199,6726
83200,6726
83201,6726
83202,2051
83203,6022
83204,7389
83205,3271
83206,1311
83207,2679
83208,6726
83209,6726
83210,6726
83211,6726
83212,6726
83213,6726
83214,5331
83215,6726
83216,6726
83217,6726
83218,6726
83219,6726
83220,6726
83221,6726
83222,6726
83223,6726
83224,6726
83225,6726
83226,6035
83227,5812
83228,5812
83229,7374
83230,3559
83231,3826
83232,7374
83233,2449
83234,5040
83235,7370
83236,5160
83237,2090
83238,3842
83239,6035
83240,2080
83241,5070
83242,3840
83243,6710
83244,3350
83245,6030
83246,2830
83247,7373
83248,2830
83249,6552
83250,6030
83251,3820
83252,7370
83253,7370
83254,1389
83255,2840
83256,3670
83257,7319
83258,5120
83259,7380
83260,6030
83261,6030
83262,3840
83263,7370
83264,2449
83265,4811
83266,7370
83267,2830
83268,2670
83269,3560
83270,3572
83271,7372
83272,4730
83273,7370
83274,7370
83275,4813
83276,3840
83277,3840
83278,7370
83279,6330
83280,8740
83281,7929
83282,8080
83283,7370
83284,3825
83285,7370
83286,7372
83289,7370
83290,7370
83291,7372
83292,3820
83293,5040
83294,3470
83295,6140
83296,4810
83297,3670
83298,7373
83299,5940
83300,3361
83301,6035
83302,6311
83303,7380
83304,8721
83305,7370
83306,7370
83307,7389
83308,5090
83309,7372
83310,3670
83311,5810
83312,6330
83313,7330
83314,7940
83315,3840
83316,7374
83317,2830
83318,4950
83319,3440
83320,3660
83321,7370
83322,7370
83323,3550
83324,3660
83325,2821
83326,2821
83327,6726
83329,6799
83330,5411
83331,6798
83332,3661
83333,5661
83334,5065
83335,3711
83336,3711
83337,4920
83338,6036
83339,6035
83340,5912
83341,6321
83342,4899
83343,6719
83344,4010
83345,1311
83346,5010
83347,7380
83348,7370
83349,7336
83350,6030
83351,7370
83352,1470
83353,4712
83354,4810
83355,2840
83356,6020
83357,3840
83358,7370
83359,5065
83360,3710
83361,3714
83362,5810
83363,6030
83364,1060
83365,5331
83366,3291
83367,7370
83368,3840
83370,7370
83371,6790
83372,6710
83373,6035
83374,3560
83375,6020
83376,6030
83377,2067
83378,8730
83379,3840
83380,6531
83381,8080
83382,7375
83383,3840
83384,7370
83386,7370
83387,5031
83388,3670
83389,3570
83390,3810
83391,7373
83392,7375
83393,7510
83394,6030
83395,3590
83396,5211
83397,7370
83398,4841
83399,3357
83400,7312
83401,3670
83402,6036
83403,5812
83404,3840
83405,3660
83406,7370
83407,3820
83408,6022
83409,6030
83410,8741
83411,1311
83412,2830
83413,7370
83414,6020
83415,5810
83416,3674
83417,4833
83418,3660
83419,3660
83420,6710
83421,2026
83422,7376
83423,7370
83424,6030
83425,1310
83426,7370
83427,6799
83428,7370
83429,7360
83430,7370
83431,7370
83432,3820
83433,3610
83434,6030
83435,7375
83436,3990
83437,2834
83438,2834
83439,6282
83440,6141
83441,5311
83442,5048
83443,6331
83444,6035
83445,1044
83446,5137
83447,3663
83448,8051
83449,2819
83450,4011
83452,5331
83453,7389
83454,2835
83455,1311
83456,3452
83457,2297
83458,7993
83459,6512
83460,0
83461,3661
83462,3089
83463,3554
83464,7011
83465,6140
83466,3840
83467,4512
83468,0
83469,4940
83470,3080
83471,7370
83472,7370
83473,3840
83474,6510
83475,8730
83476,7372
83477,6710
83478,2830
83479,7990
83480,4810
83481,5460
83482,3840
83483,5810
83484,6610
83485,3690
83486,7373
83487,2830
83488,6150
83489,3570
83490,3840
83491,3650
83492,3070
83493,3290
83494,8350
83495,2830
83496,3651
83497,7370
83498,2840
83499,5040
83500,3840
83501,6020
83502,3080
83503,3840
83504,6035
83505,7941
83506,1521
83507,1380
83508,6020
83509,8742
83510,3720
83511,5040
83512,5990
83513,7331
83514,3710
83515,3820
83516,3840
83517,7372
83518,6030
83519,3840
83520,3942
83521,7372
83522,9500
83523,7370
83524,5620
83525,2080
83526,5944
83527,2834
83528,7372
83529,7999
83530,7370
83531,2834
83532,1499
83533,3674
83534,8730
83535,5040
83536,3660
83537,3570
83538,7370
83539,7370
83540,6311
83541,2830
83542,7370
83543,2830
83544,7370
83546,2741
83547,6020
83548,6311
83549,2520
83550,3230
83551,6022
83552,3670
83553,3663
83554,7370
83555,2830
83556,0
83557,7010
83558,8361
83559,7370
83560,7370
83561,8010
83562,1520
83563,2110
83564,5999
83565,6159
83566,4513
83567,3550
83568,4400
83569,4810
83570,4142
83571,3660
83572,0
83573,6020
83574,8070
83575,3840
83576,7360
83577,2830
83578,7840
83579,7370
83580,7370
83581,4810
83582,3650
83583,6324
83586,8731
83587,4899
83588,5084
83589,6311
83590,6029
83591,4833
83592,3841
83593,6021
83594,3429
83595,5137
83596,7373
83597,7374
83598,9511
83599,2831
83600,6099
83601,3316
83602,3695
83603,7011
83604,4899
83605,7331
83606,2121
83607,3663
83608,2721
83609,5051
83610,3624
83611,6162
83612,3826
83613,3844
83615,2834
83616,8731
83618,7370
83619,4731
83620,2396
83621,7370
83622,3845
83623,3670
83624,5810
83625,4810
83626,2830
83627,5010
83628,6020
83629,7370
83630,7373
83631,6020
83632,8731
83633,3841
83634,5130
83635,6140
83636,6150
83637,3550
83638,2830
83639,7370
83640,7370
83641,6020
83642,6021
83643,6030
83644,3551
83645,3840
83646,6020
83647,7372
83648,1520
83649,2830
83650,3229
83651,2836
83652,1521
83653,5040
83654,3841
83655,5810
83656,2834
83657,3661
83658,3840
83659,1070
83660,2834
83661,4011
83662,7940
83663,2390
83664,7389
83665,7389
83666,3840
83667,6160
83668,7370
83669,5010
83670,7810
83671,7363
83672,6030
83673,4841
83674,4810
83675,6030
83676,7370
83677,5961
83678,3840
83679,5172
83680,6160
83681,4810
83682,6030
83683,6030
83684,4890
83685,3570
83686,2836
83687,3462
83688,7371
83689,1310
83690,5511
83691,6000
83692,3840
83693,7370
83694,4210
83695,8059
83696,4810
83697,2830
83699,3341
83700,3560
83701,4010
83702,5550
83703,5520
83704,7372
83705,7370
83706,3820
83707,2830
83708,1311
83709,3660
83710,6030
83711,6710
83712,4890
83714,1311
83715,4011
83716,2869
83717,6022
83718,6798
83719,2678
83720,1731
83721,6331
83722,2833
83723,6022
83724,2392
83725,3564
83726,7375
83727,3661
83728,6411
83729,6020
83730,6280
83731,7950
83732,7372
83733,2290
83734,8742
83735,5090
83736,2835
83737,6150
83738,7389
83739,4480
83740,3660
83741,6020
83742,7370
83743,7370
83744,7370
83745,2891
83746,1380
83747,7990
83748,6030
83749,2673
83750,3820
83751,6160
83753,6150
83754,6030
83755,3660
83756,2830
83757,7380
83758,6211
83759,3570
83760,6020
83761,3714
83762,2834
83763,3443
83764,6030
83765,8070
83766,4810
83767,3861
83768,8360
83769,8730
83770,7389
83771,6030
83773,7370
83774,6030
83775,1389
83776,7370
83777,7370
83778,7370
83779,7372
83780,4810
83781,7370
83782,3840
83783,3494
83784,7380
83785,3570
83786,2911
83787,6710
83788,4840
83789,7360
83790,7372
83791,5990
83792,5810
83793,5810
83794,7372
83795,7370
83796,6150
83797,7360
83798,7370
83799,8221
83800,7213
83801,5130
83803,7310
83804,1310
83805,6410
83806,1700
83807,2835
83808,7370
83809,3660
83810,7210
83811,1310
83812,7372
83813,3570
83814,6020
83815,6030
83816,8361
83817,5411
83818,7011
83819,2121
83820,3253
83821,2841
83822,5641
83823,6211
83824,1061
83825,1311
83827,6500
83828,7374
83829,8062
83830,3826
83831,6022
83832,3931
83833,6726
83834,1389
83835,6021
83836,2830
83837,5130
83838,3669
83839,0
83840,2830
83841,7371
83842,3810
83843,8360
83844,7370
83845,6710
83846,6020
83847,3699
83848,1040
83849,3840
83850,7380
83851,2120
83852,7370
83853,7370
83854,5650
83855,3861
83856,7261
83857,1380
83858,7374
83859,2830
83860,3710
83861,4215
83862,6211
83863,3670
83864,5940
83865,5810
83866,6350
83867,2740
83868,6020
83869,3530
83870,8090
83871,5990
83872,5060
83873,4410
83874,3840
83875,8742
83876,6790
83877,7370
83878,7990
83879,7312
83880,5390
83881,3570
83882,1041
83883,8099
83884,4899
83885,3827
83886,6020
83887,7370
83888,3840
83889,7373
83890,5810
83891,8740
83892,6160
83893,6030
83894,3540
83895,7360
83896,3841
83897,6022
83898,6030
83899,3570
83900,7620
83901,7011
83902,3660
83903,6021
83904,3940
83905,2672
83906,4950
83907,5060
83908,5065
83909,1044
83910,3577
83911,4810
83912,7370
83913,7350
83914,3660
83915,7380
83916,7389
83917,7370
83918,8071
83919,4930
83920,7330
83921,2080
83922,2830
83923,919
83924,6030
83925,4820
83926,3560
83927,3469
83928,3550
83929,5812
83930,161
83931,7370
83932,1730
83933,5130
83934,6020
83935,5311
83936,4010
83937,3850
83938,6030
83939,5990
83940,7370
83941,7370
83942,7372
83943,8360
83944,4810
83945,7311
83946,7372
83947,3569
83948,5810
83950,8730
83951,5611
83952,5120
83953,3840
83954,6030
83955,7370
83956,7371
83957,5070
83958,7380
83959,7375
83960,3750
83961,3690
83962,7359
83963,7372
83964,6022
83965,7363
83966,7370
83967,3840
83968,6030
83969,5088
83970,7372
83971,5000
83974,6020
83975,4512
83976,5611
83977,8093
83978,6720
83979,1711
83980,6282
83981,4911
83982,4832
83983,5511
83985,5661
83986,5812
83987,5047
83988,2819
83989,4833
83990,4499
83991,1311
83992,6029
83993,3523
83994,2026
83995,2821
83996,6726
83998,8732
83999,5944
84000,3826
84001,4833
84002,7000
84003,6030
84004,4830
84005,3651
84006,1111
84007,6162
84008,3661
84009,7370
84010,2833
84011,5190
84012,0
84013,7323
84014,2011
84015,6798
84016,6798
84017,6726
84018,2844
84019,7011
84020,7374
84021,5411
84022,6211
84023,8744
84024,3842
84025,5411
84026,7948
84027,6211
84028,3721
84029,6798
84030,3577
84031,7372
84032,3594
84033,6798
84034,3829
84036,7375
84037,6331
84038,6798
84039,7372
84040,3357
84041,3728
84042,5511
84043,7380
84044,3570
84045,7372
84046,8090
84047,3660
84048,6710
84049,6552
84050,3290
84051,2830
84052,2830
84053,3570
84054,7370
84055,5090
84056,2830
84057,7370
84058,6020
84059,1040
84060,2830
84061,8080
84062,5810
84063,6030
84064,2830
84065,1310
84066,5960
84067,2834
84068,7370
84069,4810
84070,7380
84071,4810
84072,1041
84073,6331
84074,7370
84075,8200
84076,8220
84077,2830
84078,4820
84079,6030
84080,6150
84081,6711
84082,1040
84083,6552
84084,5941
84085,7010
84086,3820
84087,8060
84088,3820
84089,8050
84090,3860
84091,7370
84092,7370
84093,3570
84094,4520
84095,2670
84096,7390
84097,8093
84098,7389
84099,3840
84100,3570
84101,7370
84102,6211
84103,8742
84104,6022
84105,7200
84106,4890
84107,6141
84108,6035
84109,4820
84110,4925
84111,5490
84112,4840
84113,7372
84114,3578
84115,8730
84116,6030
84117,4841
84118,5810
84119,5730
84120,7371
84121,7810
84122,6020
84123,7370
84124,7370
84125,7370
84126,4890
84127,3620
84128,5040
84129,6021
84130,3570
84131,6030
84132,5651
84133,8740
84134,7370
84135,7370
84136,2830
84137,3670
84138,3660
84139,7370
84140,6022
84141,3840
84142,7010
84143,4920
84144,7370
84145,2731
84146,7373
84147,4810
84148,7372
84149,7900
84150,7370
84151,3840
84153,7370
84154,6030
84155,1381
84157,4813
84158,1389
84159,7372
84160,6726
84161,3820
84162,6712
84163,4812
84164,6163
84165,4812
84167,1311
84168,5045
84169,5719
84170,1311
84172,2844
84173,4812
84174,3861
84175,7359
84176,2711
84177,1381
84178,1381
84179,3523
84180,3670
84181,4011
84182,6141
84183,3660
84184,7372
84185,2339
84186,3840
84187,7371
84188,3674
84189,5120
84190,6798
84191,4812
84192,2830
84193,6720
84194,3820
84195,7840
84196,8090
84197,5040
84198,6531
84199,6030
84200,4210
84201,5810
84202,7010
84203,5812
84204,6020
84205,6160
84206,6719
84207,3812
84208,3690
84209,2010
84210,7389
84211,6210
84212,6720
84213,7390
84214,6020
84215,6030
84216,5810
84217,6159
84218,3571
84219,7370
84220,4810
84221,8090
84222,7370
84223,7372
84224,7371
84225,2834
84226,7940
84227,5031
84228,2020
84229,7371
84230,5990
84231,5110
84232,7370
84233,3820
84234,6159
84235,6160
84237,8111
84238,7320
84239,7373
84240,7310
84241,7372
84242,1310
84243,3710
84244,3575
84245,6020
84246,5700
84247,4810
84248,5140
84249,6030
84250,7941
84251,5010
84252,2250
84253,7370
84254,7370
84255,3663
84256,7360
84257,3840
84258,6330
84259,2220
84260,7376
84261,7370
84262,3310
84263,7230
84264,2840
84265,7370
84266,3670
84267,7380
84268,7370
84269,7990
84270,3660
84271,3570
84272,4890
84273,4890
84274,2830
84275,5149
84276,6330
84277,8290
84279,2830
84280,7373
84281,2830
84282,3570
84283,7389
84284,0
84285,3080
84286,5460
84287,3720
84288,3570
84289,5110
84290,3660
84291,3714
84292,0
84293,6030
84294,5399
84295,6030
84296,7370
84297,4810
84298,3710
84299,6350
84300,7372
84301,5960
84302,3679
84303,4840
84304,5900
84305,0
84306,7370
84307,7370
84308,5940
84309,6020
84310,5060
84311,5172
84312,3661
84313,6030
84314,3460
84315,7389
84316,2040
84317,3660
84318,5190
84319,5511
84320,7370
84321,7389
84322,7941
84323,8080
84324,7373
84325,2096
84326,8240
84327,3572
84328,3480
84329,7372
84330,3663
84331,6030
84332,6030
84333,5960
84334,2080
84335,3940
84337,1380
84338,3533
84339,1310
84340,0
84341,7363
84342,7363
84343,3430
84344,7370
84345,4930
84346,2830
84347,7370
84348,3660
84349,3840
84350,7370
84351,6035
84352,3845
84356,0
84358,4899
84360,3312
84361,7374
84362,6022
84363,1321
84364,8731
84365,2421
84366,6512
84367,6282
84368,7812
84369,3312
84370,6211
84371,6141
84372,3575
84373,8071
84374,2121
84375,3714
84376,2823
84377,5111
84381,3621
84382,2865
84383,3731
84384,5047
84385,8742
84386,6021
84387,3089
84388,3312
84389,6022
84390,6035
84391,6162
84392,6798
84393,2070
84394,5251
84395,6399
84396,6324
84397,6020
84398,6726
84399,5081
84400,4922
84401,1321
84402,4810
84403,3728
84404,6030
84405,3660
84406,6311
84407,4510
84408,6020
84409,3810
84411,8099
84412,5730
84413,2830
84414,2830
84415,7371
84416,5960
84417,6030
84418,4820
84419,3672
84420,2835
84421,2590
84422,710
84423,1520
84424,7370
84425,6510
84426,4899
84427,7380
84428,7370
84429,7370
84430,6140
84431,4812
84432,7373
84433,7812
84434,3845
84435,6030
84436,7370
84437,7010
84438,3492
84439,6020
84440,7370
84441,3663
84442,6020
84444,0
84452,0
84479,0
84487,0
84495,0
84508,6140
84509,3577
84510,3570
84511,2834
84512,5040
84513,8740
84514,3820
84516,6020
84517,8740
84519,3661
84520,8010
84521,2836
84522,6020
84523,7379
84524,0
84525,3663
84526,7370
84527,7370
84528,3660
84529,3845
84530,1310
84531,7372
84532,0
84533,4810
84534,3720
84535,7810
84536,3562
84537,8090
84538,6020
84539,2082
84540,7372
84542,7370
84543,8070
84544,7370
84545,7371
84546,8011
84547,3660
84548,7372
84549,3840
84550,2810
84551,4810
84552,3810
84553,1311
84554,6330
84555,3572
84556,6410
84559,8734
84560,7370
84561,7372
84562,8011
84563,3411
84564,3310
84565,7819
84566,4400
84567,0
84568,6550
84569,3850
84570,3660
84571,8742
84572,8731
84573,5961
84575,1021
84576,4512
84577,5521
84578,6022
84579,3825
84580,2121
84581,6798
84582,8059
84583,3221
84584,2066
84585,3669
84586,3823
84587,4119
84588,7011
84589,2220
84590,3570
84591,8099
84592,7011
84593,2830
84594,5000
84595,7380
84596,1000
84597,6211
84598,3570
84599,7371
84600,7948
84601,5074
84603,191
84604,2834
84605,3840
84606,6099
84607,3670
84608,3660
84609,8010
84610,5090
84611,2740
84612,3570
84613,7870
84614,4810
84615,8740
84616,5731
84617,3577
84618,3690
84619,2340
84620,2830
84621,3577
84622,7370
84623,6030
84624,7829
84625,3670
84626,3530
84627,2440
84628,8010
84629,1040
84630,3670
84631,3570
84632,3820
84633,2710
84634,3710
84635,2850
84636,6020
84637,5040
84638,3944
84639,3840
84640,7011
84641,1382
84642,2911
84644,6311
84645,2329
84646,1382
84647,0
84648,1041
84649,3312
84650,3357
84651,1629
84652,2621
84653,6150
84654,6062
84656,3714
84657,3663
84658,6798
84659,6798
84660,2086
84661,2086
84662,3357
84663,7514
84664,5088
84666,7373
84668,2873
84669,6022
84671,0
84672,1221
84673,7011
84690,0
84718,3670
84719,0
84720,8980
84721,7370
84722,3840
84723,4925
84724,5990
84725,6020
84726,3550
84727,3573
84728,3720
84729,3910
84730,3571
84731,7370
84732,5690
84733,6030
84734,6035
84735,6331
84736,6022
84737,3440
84738,6030
84739,5410
84740,6030
84741,7370
84742,7373
84743,0
84744,6160
84745,6090
84746,3827
84747,3570
84748,1490
84749,6022
84750,7370
84751,5983
84752,3661
84753,7380
84754,6030
84755,7370
84756,6030
84757,3577
84758,7370
84759,6030
84760,8090
84761,7370
84762,3840
84763,4925
84765,2750
84766,6099
84767,6531
84768,8361
84769,3678
84770,0
84771,8021
84772,8711
84774,6722
84775,2111
84776,5099
84777,6798
84778,6311
84779,2711
84780,2521
84781,6722
84782,5411
84784,2099
84785,2834
84786,0
84787,6798
84788,7370
84789,2830
84790,8710
84791,7370
84792,1310
84793,8360
84794,1311
84795,3750
84796,4110
84797,6190
84798,2676
84799,3840
84800,3650
84801,5090
84802,3550
84803,1380
84804,7370
84805,6150
84806,6020
84807,1099
84808,1389
84809,6030
84810,7370
84811,7320
84812,5140
84813,3570
84814,6710
84815,3450
84816,8050
84817,7370
84818,7300
84819,5065
84820,6029
84821,2750
84822,1040
84823,7372
84824,6798
84825,6036
84826,1311
84827,3670
84828,4512
84829,3570
84830,6410
84831,1040
84832,3670
84833,5149
84834,5651
84836,4890
84837,4226
84838,6411
84839,3845
84850,2451
84903,0
84911,2844
84930,2411
84946,0
84954,0
84997,8730
84998,3420
84999,7370
85000,2830
85001,7370
85002,2834
85003,8740
85004,7370
85005,3840
85006,1310
85007,7370
85008,6030
85009,1041
85010,7370
85011,7372
85012,7372
85013,3825
85014,4810
85015,1730
85016,5190
85017,4810
85018,3570
85019,2899
85020,6305
85021,3820
85022,3660
85023,7372
85024,6020
85025,6798
85026,7372
85027,7370
85028,3820
85029,3089
85030,7380
85031,7379
85032,4813
85033,4813
85034,5090
85035,3670
85036,7372
85037,720
85038,7373
85039,1380
85040,7373
85041,3570
85042,7363
85043,4810
85044,6550
85045,7373
85046,3670
85047,6022
85048,4210
85049,3620
85050,6020
85051,4953
85055,6411
85057,2821
85058,6798
85059,1731
85060,5650
85061,1041
85062,6726
85063,1311
85064,4911
85065,3559
85066,7922
85067,8742
85068,7372
85069,3823
85071,5064
85072,2321
85073,6021
85074,2086
85075,6531
85076,7390
85077,7374
85078,3589
85079,7389
85080,1381
85081,6719
85082,6798
85084,5090
85085,4813
85092,6311
85105,3690
85113,7362
85121,3990
85156,2110
85157,3620
85158,5045
85159,4840
85160,7370
85161,2830
85162,3660
85163,3750
85164,3829
85165,8730
85166,7372
85167,5180
85168,1389
85169,6030
85170,5810
85171,2720
85172,6719
85173,3578
85174,8050
85175,3820
85176,5080
85177,4813
85178,6030
85179,6020
85180,1389
85181,6030
85182,3670
85183,6030
85184,8740
85185,6740
85186,5040
85187,2836
85188,7370
85189,4810
85190,5160
85191,8740
85192,8011
85193,8021
85194,6030
85195,7370
85196,6035
85197,2211
85198,6022
85199,7370
85200,7370
85201,6331
85202,6030
85203,7370
85204,5136
85205,2834
85206,3669
85207,7372
85208,3844
85209,6020
85210,1791
85211,1321
85212,3840
85213,710
85214,5810
85215,4810
85216,4210
85217,4700
85218,7372
85219,2830
85220,7310
85221,4890
85222,5810
85223,2741
85224,7380
85225,3840
85227,8200
85228,6022
85231,3663
85232,5331
85233,7812
85234,6798
85235,4512
85236,6030
85237,4911
85238,6798
85239,7374
85240,1389
85241,7382
85242,5912
85243,5812
85244,5122
85245,7371
85246,6531
85247,5051
85248,6726
85249,4225
85250,2834
85251,1481
85252,3660
85253,1311
85254,2082
85255,7373
85256,3674
85257,3823
85258,7832
85259,6282
85260,6531
85261,3313
85264,6798
85265,6798
85266,2819
85267,4833
85268,4953
85269,2911
85270,7389
85271,6159
85272,3825
85273,5140
85274,4581
85275,2840
85276,8350
85277,4810
85278,4920
85279,2030
85280,1310
85281,3520
85282,3590
85283,7370
85284,3080
85285,3845
85286,1380
85287,7810
85288,7020
85289,8740
85290,7370
85291,3660
85292,7363
85293,2830
85294,7372
85295,1380
85296,2830
85297,3660
85298,8730
85299,6020
85300,2830
85301,1380
85302,7370
85303,3660
85304,3850
85305,2030
85306,7370
85307,7900
85308,6710
85309,8740
85310,2120
85311,7389
85312,3660
85313,2830
85314,7372
85315,3840
85316,6210
85317,6020
85318,7380
85319,7370
85320,7379
85321,4841
85322,4813
85323,6550
85324,6710
85325,6020
85326,2830
85327,5947
85331,7514
85332,6712
85333,3572
85334,1311
85335,2834
85336,5080
85337,2015
85338,6726
85339,6722
85340,6722
85341,2869
85342,4931
85343,8732
85344,8732
85346,4499
85347,2341
85348,5812
85349,3714
85350,3625
85351,3820
85352,3670
85353,7372
85354,2731
85355,4812
85356,5651
85357,7021
85358,3679
85359,2710
85360,7370
85361,7380
85362,4840
85363,8020
85364,6790
85365,3940
85366,2820
85367,1311
85368,7370
85370,6020
85371,8220
85372,3820
85373,6710
85374,4833
85375,6799
85376,2834
85377,7370
85378,5810
85379,4550
85380,7370
85381,3940
85382,8730
85383,6310
85384,4830
85385,7370
85386,7010
85387,3690
85388,4813
85389,6020
85390,5641
85391,7390
85392,7370
85393,7370
85394,5900
85395,7370
85396,4810
85397,3577
85398,3940
85399,2330
85400,3850
85401,2834
85402,5812
85403,4841
85404,5990
85405,3440
85406,6020
85408,7810
85409,4830
85410,6798
85411,2090
85412,4810
85413,6162
85414,6798
85415,5961
85416,6029
85417,2211
85418,6021
85419,8051
85420,6798
85421,4813
85422,1382
85423,5411
85424,3533
85425,4813
85426,6798
85427,5511
85429,2671
85431,6512
85432,7215
85433,6798
85434,2835
85435,2835
85436,2721
85437,7381
85439,2810
85440,3714
85441,5411
85442,3674
85444,6798
85445,3577
85446,1221
85447,6712
85449,5148
85450,7330
85451,3490
85452,5990
85453,6021
85454,5080
85455,6710
85456,2080
85457,8730
85458,7370
85459,4731
85460,6020
85461,8730
85462,7370
85463,2830
85464,4950
85465,1520
85466,3650
85467,7370
85468,6030
85469,3820
85470,6790
85471,5990
85472,6798
85473,4810
85474,5080
85475,4210
85476,3570
85477,7372
85478,3640
85479,4899
85480,4810
85481,3674
85482,8734
85483,7370
85484,2520
85485,7370
85486,7372
85487,8740
85488,3827
85489,7360
85490,3660
85491,6030
85492,6331
85493,1310
85494,2836
85495,5120
85496,3670
85498,2030
85499,8090
85500,3281
85501,4810
85502,3577
85503,6020
85504,7370
85505,4810
85506,6020
85507,1620
85508,3140
85509,5090
85510,5051
85511,8730
85512,2320
85513,7370
85514,5080
85515,2830
85516,3679
85517,7011
85518,8090
85519,8091
85520,3840
85521,3670
85522,3674
85523,3949
85524,8741
85525,5810
85526,3821
85527,6351
85528,6020
85529,5720
85530,2833
85531,8350
85532,5910
85533,5050
85534,6710
85535,3861
85536,4210
85537,6790
85538,7370
85539,3915
85540,3060
85541,8740
85542,7380
85543,1311
85544,4820
85545,4810
85546,6150
85547,6160
85548,5812
85549,8731
85550,7380
85551,6036
85552,1311
85553,5990
85554,5812
85555,7310
85556,3660
85557,7350
85558,3310
85559,6021
85560,7370
85561,7370
85562,6150
85563,5990
85564,8734
85565,3390
85566,7360
85567,3820
85568,7530
85569,6330
85570,700
85571,2830
85572,3845
85573,7371
85574,4700
85575,5943
85576,7372
85577,6410
85578,3840
85579,7370
85581,4810
85582,800
85583,5040
85584,6150
85585,4510
85586,5810
85587,6020
85588,3660
85589,5090
85590,3842
85592,6798
85593,6282
85594,4810
85596,7011
85597,7948
85598,1381
85599,6153
85600,6512
85602,3312
85603,2211
85604,6798
85606,1711
85607,1620
85608,2051
85609,1521
85610,3724
85611,3578
85612,3533
85613,2032
85614,6163
85615,5910
85616,4512
85617,4899
85618,2514
85619,7011
85620,7812
85621,3596
85622,3714
85623,5810
85624,6798
85625,3691
85626,7372
85627,5511
85629,6531
85630,1623
85631,7370
85632,2841
85633,1044
85634,6029
85635,1311
85636,6029
85638,2874
85639,6798
85640,8051
85641,4832
85645,2046
85646,3694
85647,7514
85648,4812
85649,6022
85650,3460
85651,5411
85652,6021
85653,6162
85654,2435
85655,8732
85656,6021
85658,3812
85659,6531
85660,7311
85661,6035
85662,3827
85663,7359
85666,3570
85668,2836
85669,6020
85670,5190
85671,2835
85672,8730
85673,7372
85674,7530
85675,8011
85676,8090
85677,2390
85678,6020
85679,6022
85680,6020
85682,6799
85683,7370
85684,6280
85685,3826
85686,2834
85687,4810
85688,6320
85689,7370
85690,3840
85691,4899
85692,3660
85693,6030
85694,5120
85695,7370
85696,7380
85697,2250
85698,3550
85699,2830
85700,4510
85701,4810
85702,7340
85703,6022
85704,7370
85705,6141
85706,2835
85707,1382
85708,6030
85709,5120
85710,3674
85711,6798
85712,7940
85713,8990
85714,6020
85715,3674
85716,7373
85717,6030
85718,5990
85719,7370
85720,6160
85721,6030
85722,7370
85723,4924
85724,8200
85725,6020
85726,5810
85727,8050
85728,6020
85729,5941
85730,6710
85731,6030
85732,4581
85733,4720
85734,7011
85735,2220
85736,6020
85737,6020
85738,3670
85739,7373
85740,6030
85741,6021
85742,1730
85743,7370
85744,3845
85745,7810
85746,6710
85747,4950
85748,6020
85749,6030
85750,2840
85751,6036
85752,6030
85753,7372
85754,2621
85755,8742
85756,6720
85757,7359
85758,2086
85759,1382
85760,6799
85761,6798
85762,6025
85763,6798
85765,6726
85766,6798
85767,3585
85768,1731
85769,2052
85770,5013
85771,6798
85772,6798
85773,2899
85774,1382
85775,3715
85776,5131
85777,4911
85778,7389
85779,2520
85780,1382
85781,4813
85782,8361
85785,6726
85786,5912
85787,4953
85789,6022
85790,6726
85791,6162
85792,1731
85793,4812
85795,8093
85796,2522
85797,6711
85798,6022
85799,3677
85800,7363
85801,6411
85802,3670
85803,3670
85804,8741
85805,8090
85806,6790
85807,7380
85808,5730
85809,6210
85810,6710
85811,7320
85812,7370
85813,6740
85814,5961
85815,7370
85816,7310
85817,3710
85818,4215
85819,7370
85820,5310
85821,6150
85822,8742
85823,4720
85824,7375
85825,5060
85826,3573
85827,4813
85828,6160
85829,6030
85830,7290
85831,7370
85832,6020
85833,3840
85834,2842
85835,1310
85836,7370
85837,2835
85838,7822
85839,2830
85840,6330
85841,6020
85842,7373
85843,6030
85844,4480
85845,5960
85846,5660
85847,3080
85849,5810
85850,3980
85851,2830
85852,5810
85853,4810
85854,7373
85855,2830
85856,2830
85857,6022
85858,3851
85859,6160
85860,6030
85861,6030
85862,7379
85863,5130
85864,8730
85865,6022
85866,7375
85867,7372
85868,2650
85869,1041
85870,7372
85871,7370
85872,8050
85873,6020
85874,6030
85875,6020
85876,6030
85877,8081
85878,3670
85879,7372
85880,3460
85881,3820
85882,1521
85883,6020
85884,5110
85885,5130
85886,5961
85887,5940
85888,2834
85889,2891
85890,8730
85891,6790
85892,7370
85893,2024
85894,3570
85895,2048
85896,6798
85897,6798
85898,2911
85899,6035
85900,5013
85901,7373
85902,7948
85903,3699
85904,4931
85905,6722
85906,5040
85908,2819
85909,6211
85910,6798
85913,7011
85914,3679
85915,6726
85916,6722
85917,6722
85918,6722
85919,3829
85921,5072
85922,6020
85923,7371
85924,3661
85925,7389
85926,2821
85927,7382
85928,8093
85929,7011
85930,2035
85931,6211
85932,1221
85933,8062
85934,2411
85935,6798
85936,6159
85937,1311
85938,1389
85939,7011
85941,6798
85942,6722
85943,6036
85944,6211
85945,3724
85946,2834
85947,6798
85948,6030
85949,8070
85950,6036
85951,2077
85952,2834
85953,7372
85955,5084
85956,2721
85957,3840
85958,3634
85959,8090
85960,6311
85961,3674
85962,7372
85963,3670
85964,7370
85965,3312
85966,6022
85967,5040
85968,6030
85969,2750
85970,6790
85971,4813
85972,8748
85973,7310
85974,7370
85975,8299
85976,6020
85977,3080
85978,6022
85979,3577
85980,6030
85981,5093
85982,181
85983,6030
85984,5130
85985,3841
85986,1389
85987,5731
85988,7350
85989,3530
85990,3910
85991,4813
85992,7370
85993,7370
85994,6036
85995,3820
85996,6022
85997,6280
85998,8740
85999,6211
86000,3940
86001,6798
86002,7922
86003,3840
86004,6020
86005,6020
86006,6160
86007,6798
86008,4813
86009,6021
86010,4832
86011,6798
86013,6798
86016,3732
86017,3499
86018,6153
86020,6020
86021,3812
86022,7832
86023,6733
86025,7359
86026,2800
86027,6798
86028,6531
86030,2834
86033,6722
86034,3594
86036,5120
86037,2061
86038,4813
86039,6159
86041,7311
86042,3272
86043,7370
86044,4899
86045,5080
86046,6790
86047,3674
86048,8748
86049,4950
86050,7380
86051,3674
86052,3357
86053,6160
86054,7372
86055,7372
86056,6020
86057,8730
86058,8200
86060,7370
86061,2590
86062,7372
86063,7374
86064,7370
86065,5960
86066,6020
86067,6022
86068,6020
86069,1310
86070,4810
86071,7370
86072,8713
86073,7380
86074,3674
86075,6020
86076,6020
86077,4813
86078,2820
86079,7290
86080,2836
86081,1310
86082,6030
86083,7389
86085,6160
86086,6020
86087,3570
86088,5980
86089,7370
86090,8730
86091,6022
86092,7372
86093,7540
86094,4890
86095,4890
86096,7370
86097,4953
86098,7373
86101,7370
86102,6282
86103,8062
86104,6792
86105,1311
86106,4619
86107,7374
86108,2320
86109,7319
86110,1623
86111,6798
86112,2051
86113,4953
86115,3672
86116,1040
86117,6722
86118,6361
86120,5137
86121,2259
86122,8711
86123,6099
86124,6020
86125,783
86127,6726
86128,5551
86130,1311
86131,2992
86132,2790
86133,6211
86134,6311
86135,2834
86136,4932
86137,7359
86138,4513
86139,6163
86140,5013
86142,7372
86143,6733
86144,7374
86145,4412
86146,4789
86147,7370
86148,7370
86149,5140
86150,5621
86151,6030
86152,2830
86153,7940
86154,3570
86155,4830
86156,3730
86157,6021
86158,7370
86159,3820
86160,6020
86161,6726
86162,6712
86163,6030
86164,4700
86165,2869
86166,5990
86167,5812
86168,3021
86169,6790
86170,8712
86171,180
86172,7370
86173,7370
86174,7370
86175,7372
86176,2834
86177,3840
86178,3720
86179,2750
86180,3674
86181,8730
86182,7370
86183,5812
86184,6060
86185,7350
86186,5110
86187,5719
86188,7372
86189,5310
86190,1389
86191,3840
86192,4813
86193,5734
86194,4810
86195,8740
86196,7370
86197,3080
86198,2830
86199,6020
86200,2750
86204,6710
86207,7371
86208,5040
86209,5940
86210,2020
86211,7372
86212,7810
86213,7370
86214,4840
86215,6030
86216,1790
86217,4922
86218,4899
86219,7389
86221,6726
86222,6726
86223,4922
86224,4899
86225,4725
86226,7011
86227,7353
86228,4953
86230,7372
86233,1799
86234,7373
86235,2836
86236,7372
86237,3949
86238,4830
86239,3312
86240,6035
86241,7370
86242,3670
86243,5500
86244,7370
86245,6020
86246,3661
86247,6799
86248,5810
86249,5182
86250,6020
86251,7389
86252,4830
86253,6030
86254,8730
86255,6021
86256,5730
86257,7380
86258,5330
86259,5730
86260,7371
86261,6020
86262,4813
86263,7331
86264,6020
86265,8740
86266,5510
86267,2020
86268,6030
86269,6030
86270,4899
86271,4833
86272,2731
86273,8200
86274,7370
86275,4910
86276,2650
86277,6030
86278,8090
86279,6020
86280,5060
86281,3572
86282,7372
86283,4813
86284,2830
86285,7372
86286,6030
86287,6020
86288,6531
86289,4730
86290,3559
86291,2834
86293,6020
86294,6030
86295,6030
86296,3650
86297,7370
86298,5730
86299,6030
86300,6035
86301,2080
86302,6020
86303,2869
86304,6021
86305,8999
86306,6726
86307,2731
86308,1311
86309,7359
86310,8062
86311,2721
86312,6035
86313,6531
86314,6351
86315,6020
86316,6411
86317,6280
86318,4810
86319,3674
86320,3840
86321,6310
86322,7373
86323,7370
86324,7371
86325,7370
86326,4813
86327,7313
86328,7310
86329,3840
86330,7372
86331,2330
86332,6021
86333,2830
86334,7370
86335,3570
86337,3660
86338,7310
86339,6798
86340,5511
86341,1044
86342,7379
86343,1382
86344,2721
86345,6552
86346,6798
86347,6726
86348,6726
86349,7359
86350,6324
86351,6020
86352,6020
86353,4812
86354,6361
86355,3482
86356,7389
86357,1310
86358,7370
86359,4210
86360,4812
86361,3840
86362,3674
86363,4813
86365,6726
86366,6719
86367,6798
86368,1311
86369,6733
86370,6122
86371,3663
86372,7371
86374,6726
86375,6726
86376,4813
86377,4812
86379,6798
86380,6799
86381,3711
86382,6022
86383,3812
86384,6020
86385,6030
86386,3660
86387,1710
86388,5511
86389,6513
86390,7370
86391,6020
86392,6030
86393,6030
86394,7810
86395,7373
86396,6020
86397,6030
86398,6021
86400,6552
86401,4833
86402,2041
86403,4813
86404,2111
86405,6029
86407,3693
86408,7812
86411,6311
86412,7812
86413,2611
86414,4813
86415,8740
86416,6722
86417,1731
86418,5040
86419,6020
86420,2830
86421,5990
86422,4813
86423,2771
86424,5140
86425,7389
86426,2836
86427,6211
86428,8740
86429,6020
86430,7370
86431,3651
86432,6022
86433,6030
86434,6311
86435,6331
86436,7310
86437,6022
86438,6020
86439,4810
86440,6020
86441,3672
86442,6726
86443,6513
86444,3826
86445,4832
86446,7999
86447,7011
86448,5172
86449,6726
86450,4911
86451,6726
86452,6726
86453,6726
86454,6726
86455,6726
86456,6726
86457,6726
86458,6726
86459,6035
86460,7033
86461,6726
86462,6722
86463,6722
86464,6722
86465,6726
86466,4890
86467,6726
86468,6726
86469,6726
86470,6726
86471,6726
86472,6726
86473,6726
86474,3678
86475,6726
86476,6726
86477,6726
86478,6726
86479,6726
86480,6726
86481,6726
86482,6710
86483,6726
86484,6726
86485,6726
86486,6726
86487,4810
86489,2515
86496,3674
86497,6022
86498,7370
86499,6020
86501,7370
86503,6710
86511,3490
86512,6022
86514,5960
86515,6020
86516,6020
86519,7310
86520,7370
86521,3581
86522,7370
86523,3940
86525,7370
86526,6035
86527,3670
86528,6030
86529,6030
86530,8911
86531,6020
86532,5140
86533,6036
86534,5810
86535,3710
86536,3750
86537,6030
86538,3670
86539,7375
86540,3670
86541,6719
86542,7374
86543,6035
86544,7373
86546,2830
86547,3714
86548,2841
86549,6726
86550,6726
86551,6726
86552,6722
86553,6726
86554,3570
86555,6726
86556,6726
86557,6726
86558,6726
86560,4832
86562,4950
86563,6733
86564,2834
86565,7370
86566,6020
86567,6020
86568,6030
86569,4813
86570,6020
86572,7372
86573,6030
86574,6021
86575,6020
86576,6020
86577,2099
86578,7999
86579,7370
86580,3670
86581,2834
86582,6021
86583,6211
86584,6030
86585,7372
86586,3660
86587,7370
86589,3693
86590,2033
86591,3714
86592,7371
86593,6282
86594,7361
86595,6159
86596,6726
86597,7372
86598,6726
86599,6726
86600,6726
86601,6726
86602,7373
86610,5945
86626,8350
86634,3841
86642,4210
86669,7370
86677,3670
86685,6021
86693,6711
86706,6710
86709,2833
86710,6361
86711,4890
86712,5300
86713,3670
86714,6035
86715,8249
86716,6020
86717,7370
86718,8299
86719,6020
86720,8742
86721,7374
86722,7999
86723,6310
86724,7370
86725,2836
86726,7370
86727,7311
86728,2833
86729,7370
86730,4841
86731,7370
86732,5730
86733,7370
86734,6030
86735,7370
86736,4840
86737,8730
86738,7319
86739,7370
86740,4813
86741,7370
86742,3661
86743,4180
86744,2721
86745,3663
86746,4813
86747,4813
86748,5199
86749,7990
86750,3751
86751,6081
86753,6726
86754,6722
86755,6726
86756,2086
86757,6720
86758,2711
86759,1311
86760,5984
86761,6036
86762,2721
86763,2721
86764,4833
86765,7384
86766,7540
86767,2842
86768,7389
86769,4720
86770,4220
86771,3151
86772,8099
86773,6030
86774,5030
86775,4810
86776,7371
86777,2721
86778,3820
86779,7370
86780,7370
86781,3670
86782,7370
86783,7389
86784,5960
86785,3660
86786,3810
86787,7370
86788,6020
86789,3820
86790,5190
86791,3559
86792,7370
86793,6022
86794,8220
86795,7370
86797,3674
86798,7372
86799,1311
86800,3560
86801,2819
86802,6733
86803,3842
86804,6211
86806,3826
86807,1311
86808,2819
86809,6321
86810,2421
86811,4812
86812,3444
86813,8090
86814,6020
86815,7370
86816,7370
86817,7372
86818,6211
86819,6141
86820,6035
86821,3690
86822,3570
86823,6030
86824,6035
86826,6020
86827,7360
86828,6210
86829,2834
86830,7370
86831,3089
86832,7370
86833,7370
86834,7370
86835,4840
86836,7370
86837,7993
86838,7370
86839,3577
86840,3670
86841,7370
86842,7372
86843,2080
86844,7370
86845,6021
86846,7361
86847,5961
86848,7370
86849,5990
86850,4841
86853,6711
86858,5810
86859,6020
86860,7372
86861,6035
86862,4899
86863,4220
86864,5810
86865,6719
86866,5710
86867,6282
86868,6211
86869,4812
86870,6726
86871,6726
86872,6726
86873,6798
86875,6799
86876,5063
86877,7370
86878,5961
86879,7310
86880,6711
86881,3572
86882,4810
86883,7370
86884,7370
86885,3661
86886,5630
86887,2741
86888,4810
86889,7991
86890,7370
86891,5940
86892,5311
86893,7310
86894,7380
86895,7389
86896,6021
86897,3660
86898,7370
86899,6324
86900,3670
86901,7380
86902,8732
86903,7370
86904,7370
86905,4810
86906,7380
86907,6140
86908,7370
86909,3840
86910,7372
86911,8730
86912,6160
86913,7370
86914,3570
86915,3270
86916,4832
86917,7371
86918,7370
86919,7372
86920,7370
86921,4922
86922,7370
86923,8093
86924,2711
86925,4899
86926,4813
86927,4810
86928,7370
86929,3663
86930,5730
86931,7370
86932,5040
86933,8911
86934,8740
86935,5810
86936,7380
86937,4941
86938,6512
86940,7372
86941,3571
86942,6726
86943,6711
86944,6726
86945,7372
86946,2111
86947,2631
86948,6411
86949,3149
86950,6211
86951,4899
86952,5980
86953,7370
86954,7370
86955,7370
86956,4953
86957,7370
86958,7370
86959,3661
86960,6799
86961,6160
86962,3560
86963,6030
86964,7372
86965,6020
86966,6030
86967,7311
86968,7370
86969,3577
86970,2836
86971,1310
86972,7370
86973,7010
86974,7370
86975,3841
86976,6311
86977,7380
86978,7380
86979,3577
86980,7370
86981,6210
86982,3570
86983,4822
86984,6710
86985,7370
86986,7389
86988,7371
86989,7310
86990,7372
86991,7370
86992,6311
86993,5411
86994,3900
86995,7370
86996,4899
86997,7380
86998,7370
86999,8690
87000,5960
87001,7370
87002,6020
87003,3620
87004,8090
87005,7990
87006,2830
87007,7370
87008,2830
87009,6211
87010,3663
87011,5940
87012,3560
87013,7370
87014,6020
87015,7373
87016,7389
87017,7371
87018,4810
87019,4810
87020,6020
87021,181
87022,7370
87023,2830
87024,6020
87026,6798
87027,3411
87028,3841
87029,1311
87030,8741
87031,2834
87033,6035
87034,3585
87035,3826
87036,6321
87037,4481
87038,7812
87039,6020
87040,2015
87041,8093
87043,3572
87044,3572
87046,4813
87047,6710
87048,7389
87049,3999
87050,7370
87051,5942
87052,3577
87053,3651
87054,1311
87055,5330
87056,2830
87057,2836
87058,8710
87059,7372
87060,3550
87061,4822
87062,7372
87063,5732
87064,4950
87065,3660
87066,7373
87067,6021
87068,7370
87069,6036
87070,6030
87071,8742
87072,5961
87073,7371
87074,7389
87075,4822
87076,7372
87077,6153
87078,7372
87079,6330
87080,4813
87081,7370
87082,4810
87083,7380
87084,6794
87085,4899
87086,7370
87087,7373
87088,6020
87089,8299
87090,6011
87091,7373
87092,7370
87093,8710
87094,7370
87095,7373
87096,4810
87097,7370
87098,6020
87099,7371
87100,7380
87101,7370
87102,7373
87103,7370
87104,4810
87105,5910
87106,7372
87107,4810
87108,3572
87109,7380
87110,4840
87111,7370
87113,6330
87114,6020
87115,3650
87116,8090
87118,7372
87119,2890
87121,4832
87122,7380
87123,7370
87124,7999
87126,7370
87127,1021
87128,4812
87129,7379
87130,4612
87131,6211
87132,6726
87133,6726
87134,5945
87135,5812
87137,1311
87138,3679
87139,3674
87140,6211
87141,6726
87142,6726
87143,3810
87144,6726
87145,6726
87146,4911
87147,4813
87148,3841
87149,5137
87150,1429
87151,5411
87152,6798
87153,7370
87154,4220
87155,7370
87156,7812
87157,5730
87158,7370
87159,7372
87160,7370
87161,4810
87162,5990
87163,7370
87164,7370
87165,2731
87166,7360
87167,7389
87168,7375
87169,7370
87170,3841
87171,7370
87172,7389
87173,7372
87174,7370
87175,6160
87176,7310
87177,4840
87178,8741
87179,7370
87180,3660
87181,7370
87182,7370
87183,6411
87184,7372
87185,6531
87186,2720
87187,7370
87188,1790
87189,3669
87191,7370
87192,6150
87193,7372
87194,6510
87195,2752
87197,7370
87198,1220
87199,7370
87200,6020
87202,3751
87203,3829
87204,3241
87205,5411
87206,5411
87207,7371
87208,6798
87209,3944
87210,6159
87211,4813
87212,6411
87213,6726
87214,4813
87215,7011
87216,5912
87218,6710
87219,4833
87220,5940
87221,3674
87222,7370
87223,3420
87224,7370
87225,7310
87226,7380
87227,7371
87228,7370
87229,3674
87230,8742
87231,3840
87232,5960
87233,4813
87234,5140
87235,5040
87236,7374
87237,3660
87238,4810
87239,7310
87240,3420
87241,7372
87242,7372
87243,2740
87244,7990
87246,7370
87247,7376
87248,4810
87249,7380
87250,6025
87251,3570
87252,4890
87253,7372
87254,1311
87255,4840
87256,7370
87257,8742
87258,7310
87259,7370
87260,3570
87261,7370
87263,7372
87264,7372
87265,7370
87266,3570
87267,6282
87268,3492
87269,6022
87270,6722
87271,6726
87272,3674
87274,6020
87275,6029
87276,6726
87277,2721
87278,6726
87279,6029
87280,4922
87281,5311
87282,4810
87283,5311
87284,6282
87285,6722
87286,3086
87287,6159
87288,6022
87289,6798
87292,2673
87293,4924
87294,4841
87295,4813
87296,2821
87297,2834
87298,7372
87299,7372
87300,4841
87301,3661
87302,7372
87303,3660
87304,7370
87305,7380
87306,5620
87307,3674
87308,8732
87309,7370
87310,3570
87311,3820
87312,7370
87313,7370
87314,7371
87315,7373
87316,4813
87317,3570
87318,6020
87319,5961
87320,6030
87321,7389
87322,7370
87323,6530
87324,6030
87325,5960
87326,4810
87327,7370
87328,7373
87329,3670
87330,5120
87331,8700
87332,3660
87333,7372
87334,7380
87335,4832
87336,5912
87337,3629
87338,4810
87339,4810
87340,6035
87341,7300
87342,4832
87343,3661
87344,7370
87345,3674
87346,5810
87347,3570
87348,6211
87349,4812
87350,7371
87351,4830
87352,7370
87353,3572
87354,3670
87355,5490
87356,7812
87357,4899
87358,6798
87359,7372
87360,7372
87361,7372
87362,7363
87363,7370
87364,3674
87365,2740
87366,7372
87367,7389
87368,4813
87373,4813
87374,6030
87375,7372
87376,8742
87377,7373
87378,4840
87379,7380
87380,3570
87381,4813
87382,3560
87383,3660
87384,4813
87385,7310
87386,5122
87387,7380
87388,4700
87389,7813
87390,7371
87391,7389
87392,4813
87393,7370
87394,3570
87395,4813
87396,7311
87397,2091
87399,7370
87400,7372
87401,3550
87402,7370
87403,7372
87404,7373
87405,7372
87406,7370
87407,4830
87408,2830
87409,4890
87410,1499
87411,7370
87412,7370
87413,6020
87414,7389
87415,3823
87416,3670
87417,5940
87418,8731
87419,7372
87420,5049
87421,6030
87422,7990
87423,4812
87424,8742
87425,7375
87426,3714
87427,3670
87428,7380
87429,6210
87430,4899
87431,8900
87432,3826
87433,6726
87434,3660
87435,6726
87436,7812
87437,5087
87438,4911
87439,7372
87440,5046
87441,6021
87442,3620
87443,6726
87444,3842
87445,3679
87446,3651
87447,4215
87448,3841
87449,3634
87450,8200
87451,3845
87452,7370
87454,7380
87455,3661
87456,7370
87457,5060
87458,4841
87459,3670
87460,4911
87462,4812
87463,7373
87464,5030
87465,7374
87466,6021
87467,1311
87468,8741
87469,5082
87470,6022
87471,1311
87472,3089
87473,7370
87474,3660
87475,7370
87476,6022
87477,6120
87478,3820
87479,7370
87480,4840
87482,7370
87483,7380
87484,7361
87485,6020
87486,5940
87487,7372
87488,6020
87489,7380
87490,5940
87491,7370
87492,8999
87493,6712
87494,8740
87495,4830
87496,7299
87497,7370
87498,7373
87499,8730
87500,7371
87501,6710
87502,7389
87503,5490
87504,3674
87505,6021
87506,6025
87507,7380
87508,7372
87509,7370
87510,7389
87511,1310
87512,7372
87513,2830
87514,3724
87515,3660
87516,4810
87517,7370
87518,4820
87519,1061
87520,3050
87521,7372
87522,5812
87523,7372
87524,4810
87525,6035
87526,7372
87527,7372
87529,4922
87531,2834
87532,6035
87533,6035
87534,1521
87535,7372
87536,6311
87538,5947
87539,3443
87540,1311
87541,2631
87549,3660
87557,7380
87558,3691
87559,7370
87560,7371
87561,7370
87562,3660
87563,7310
87564,4832
87565,7390
87566,2830
87567,7812
87568,3670
87569,7370
87571,3840
87572,7370
87573,3570
87574,5960
87575,6030
87576,3570
87577,4813
87578,1311
87579,3663
87580,2834
87581,3490
87582,2911
87583,2836
87584,2830
87585,4813
87586,7370
87587,7310
87588,3674
87589,4832
87590,7380
87591,5730
87592,7372
87593,4810
87594,7373
87595,7372
87596,4810
87597,4810
87598,7372
87599,8299
87600,3810
87601,8731
87602,7373
87603,7389
87604,3661
87605,7372
87606,3570
87607,4810
87608,7370
87609,7370
87610,4890
87611,7370
87612,3674
87613,2024
87614,6710
87615,7372
87616,7370
87617,8299
87618,4840
87619,7999
87620,3570
87621,7372
87622,7370
87623,4812
87624,7370
87625,7372
87626,5040
87627,7380
87628,7380
87629,3679
87630,8299
87631,7389
87632,8731
87633,7380
87634,3663
87635,6282
87636,6163
87637,8071
87638,3660
87639,3820
87640,7372
87641,7370
87642,7370
87643,5961
87644,7372
87645,5064
87646,7370
87647,4813
87648,7372
87649,7372
87650,7370
87651,7372
87652,6710
87653,3580
87654,5990
87655,3670
87656,2834
87657,3842
87658,3674
87659,2844
87660,3533
87661,6310
87662,6029
87663,7521
87664,3674
87665,7375
87666,6311
87667,7375
87668,3672
87680,6710
87696,3674
87709,7390
87717,4731
87725,3441
87733,3810
87748,3820
87749,7370
87750,2830
87751,5735
87752,7372
87753,7372
87754,7370
87755,3669
87756,7372
87757,2870
87758,4810
87759,3861
87760,6790
87761,7389
87762,7999
87763,8740
87764,5045
87765,7370
87766,7379
87767,8740
87768,7380
87769,2833
87770,4813
87771,8080
87772,4810
87773,7370
87774,6710
87775,5410
87776,6020
87777,2834
87778,3080
87779,7379
87780,1520
87782,3670
87783,2750
87784,3840
87785,2836
87786,2620
87787,2620
87788,7370
87789,8730
87790,7371
87791,7370
87792,6710
87793,7370
87794,1530
87795,3571
87796,4810
87797,7389
87798,2830
87799,7370
87800,3570
87801,6020
87802,7370
87803,7370
87804,3670
87805,6310
87806,7389
87807,7370
87808,4899
87809,6030
87810,4812
87811,6210
87812,3670
87813,6020
87814,7372
87815,7275
87816,2111
87817,7370
87818,4810
87819,7370
87820,2720
87821,6710
87822,4700
87823,4899
87824,7370
87825,3661
87826,7370
87827,7372
87828,2869
87829,3570
87830,7370
87831,4813
87832,3842
87833,2045
87834,7375
87835,6726
87836,6021
87837,6211
87838,2836
87839,3841
87840,6710
87841,3826
87842,6311
87843,6021
87844,1311
87845,7372
87856,6211
87864,6324
87872,6710
87899,6710
87901,6710
87920,6020
87936,6030
87944,6122
87952,6712
87979,6710
87987,6710
87995,6710
88007,6030
88015,6020
88023,6710
88031,2086
88050,6020
88066,6710
88074,3560
88082,4511
88103,6799
88111,1380
88130,6710
88146,6023
88148,2834
88149,3674
88150,3577
88151,6022
88152,3291
88153,7372
88154,6710
88155,3672
88156,6162
88157,7372
88158,5735
88159,8731
88160,6153
88161,4813
88162,6020
88163,7371
88164,4899
88165,4812
88166,7319
88167,8299
88168,7374
88169,7373
88170,6700
88171,7371
88172,5461
88173,8731
88174,7389
88175,3220
88176,3663
88177,2834
88178,7372
88179,7389
88180,7372
88181,3827
88182,3674
88183,6022
88184,7361
88185,3845
88186,3826
88187,7379
88188,6035
88189,6122
88190,2834
88191,4813
88192,3651
88193,7372
88194,7363
88195,8731
88196,7372
88197,6020
88198,7372
88199,2836
88200,6021
88201,4813
88202,3661
88203,7373
88204,3661
88205,3390
88206,7373
88207,7319
88208,2834
88209,4813
88210,7810
88211,4833
88212,7372
88213,7372
88214,6726
88215,6726
88216,6726
88217,6726
88218,6726
88219,6726
88220,6726
88221,6726
88222,6726
88223,6726
88224,6726
88225,6726
88226,3540
88227,6726
88228,6726
88229,6726
88230,6799
88231,4899
88232,4911
88233,2834
88234,3840
88235,1382
88236,6726
88237,7359
88238,4899
88239,6021
88240,2834
88241,3570
88242,4940
88243,7372
88244,7372
88245,7371
88246,4841
88247,8742
88248,3661
88249,2834
88250,2834
88251,4841
88252,4813
88253,3674
88254,3674
88255,2835
88256,8731
88257,6022
88258,3690
88259,3674
88260,3674
88261,2731
88262,3674
88263,3842
88264,3661
88265,7372
88266,3663
88267,4822
88268,8700
88269,3944
88270,4812
88271,2835
88272,4813
88273,3751
88274,7372
88275,3625
88276,5090
88277,6020
88278,7389
88279,2819
88280,6022
88281,8734
88282,4812
88283,5961
88284,8062
88285,3570
88287,2321
88288,2329
88289,7375
88290,6726
88291,6726
88292,6726
88293,1530
88294,6726
88295,6726
88296,6726
88297,6726
88298,6726
88299,6726
88300,6726
88301,6726
88302,6726
88303,6726
88305,6798
88306,3810
88307,6799
88308,3679
88309,4899
88310,6719
88311,6726
88312,7371
88313,6282
88314,6720
88315,3674
88316,7389
88317,6726
88319,3714
88320,3577
88321,5065
88322,3310
88323,7510
88324,3827
88325,5122
88326,1520
88327,1711
88328,7389
88329,7371
88330,7372
88331,3826
88332,3629
88333,7372
88334,3674
88335,2834
88336,7311
88337,7375
88338,7389
88339,7372
88340,3825
88341,6021
88342,8742
88343,6021
88344,7389
88345,7370
88346,3821
88347,3571
88348,6035
88349,7390
88350,4833
88351,2834
88352,3842
88353,7373
88354,7822
88355,3826
88357,7372
88358,3674
88359,3577
88360,3674
88361,7812
88362,7379
88363,4813
88364,3661
88365,6720
88366,1389
88367,6000
88368,6712
88369,7372
88370,3577
88371,7379
88372,4832
88373,6798
88374,5013
88375,3674
88376,1311
88377,3674
88378,7389
88379,7299
88380,3669
88381,2010
88382,4813
88383,4812
88384,6712
88385,7371
88386,4813
88388,4813
88391,1311
88392,3721
88393,3589
88396,6726
88397,6726
88398,6726
88399,6726
88400,5540
88401,6726
88402,6726
88403,6726
88404,6726
88405,6726
88406,6726
88407,6726
88409,6211
88410,2834
88411,4813
88412,5045
88413,6794
88414,5065
88415,3663
88416,6022
88417,3559
88418,8731
88419,4812
88420,8731
88421,8731
88422,3674
88423,3570
88424,3577
88425,7372
88426,7370
88427,3827
88428,4899
88429,8361
88430,3661
88431,7372
88432,8731
88433,6035
88434,2834
88435,3873
88436,2834
88437,3670
88439,3089
88440,7375
88441,8731
88442,6022
88443,8731
88444,5311
88445,2050
88446,3826
88447,7389
88448,7389
88449,2800
88450,7372
88451,8731
88452,7999
88453,3573
88454,7300
88455,7389
88456,7389
88457,3572
88458,3674
88459,7371
88460,6021
88461,6790
88462,2834
88463,3845
88464,7370
88465,7373
88466,3672
88467,7379
88468,7389
88469,3825
88470,7372
88471,3826
88472,7389
88473,3661
88474,3663
88475,3841
88476,8731
88477,7371
88478,7379
88479,2836
88480,6711
88481,3674
88482,2890
88483,2851
88484,3829
88485,4833
88486,7389
88487,6719
88488,6726
88489,4813
88490,1311
88492,7389
88493,2836
88494,4813
88495,4724
88496,6720
88497,3629
88498,2834
88499,3842
88500,7370
88501,3700
88502,4813
88503,3576
88504,3826
88505,5045
88506,7371
88507,8731
88508,3674
88509,3652
88510,5812
88511,2836
88512,7371
88513,4813
88514,2834
88515,8731
88516,8731
88517,4810
88518,7372
88519,4813
88520,3610
88521,2834
88522,7372
88523,7371
88524,3663
88525,7379
88526,3663
88527,8731
88528,7372
88529,3620
88530,4813
88531,7373
88532,2834
88533,6720
88534,3812
88535,2834
88536,3661
88537,1311
88538,2833
88539,3861
88540,2834
88541,3630
88542,3570
88543,3572
88544,8743
88545,2834
88546,7371
88547,2711
88548,2711
88549,3674
88550,7373
88551,4813
88552,7389
88553,7372
88554,3661
88555,2040
88556,3672
88557,6022
88558,7375
88559,7372
88560,8050
88561,3663
88562,7372
88563,8731
88564,8731
88565,7389
88566,7372
88567,7371
88568,5140
88569,8731
88570,7372
88571,7372
88572,8731
88573,3674
88574,4813
88575,3674
88576,8080
88577,3674
88578,2834
88579,3661
88580,3674
88581,3841
88582,1731
88583,3559
88584,3690
88585,3679
88586,3674
88587,3661
88588,1381
88589,6141
88590,8999
88591,8742
88592,8060
88593,6719
88595,2731
88596,7371
88597,2821
88598,7311
88599,7372
88600,6726
88601,4911
88602,4731
88603,2621
88604,6726
88605,8011
88606,6726
88607,6726
88608,6726
88609,6726
88610,6726
88611,6726
88612,3674
88613,3843
88614,3357
88615,5047
88616,3949
88617,7373
88618,7371
88620,8731
88621,8081
88622,3570
88623,3845
88624,7372
88625,8731
88626,2834
88627,2879
88628,3661
88629,6035
88630,8742
88631,2834
88632,7371
88633,7311
88634,3533
88635,6021
88636,3663
88637,7372
88638,7372
88639,6211
88640,6030
88641,4812
88642,3629
88643,5411
88644,7371
88645,3674
88646,3572
88647,6311
88648,3672
88649,8200
88650,6022
88651,7373
88652,7372
88653,7372
88654,7373
88655,7370
88656,3411
88657,6311
88658,4813
88659,6159
88660,1311
88661,3199
88663,4011
88664,7373
88665,6021
88666,4931
88667,3841
88668,2879
88669,1311
88670,4899
88671,4481
88672,6123
88673,2015
88674,6321
88675,8731
88676,2833
88677,6726
88678,6726
88679,4931
88680,3651
88681,8742
88682,1311
88683,7371
88699,212
88701,5730
88717,4813
88718,3661
88719,6022
88720,2451
88721,3661
88722,7372
88723,7373
88724,4813
88725,8731
88726,7371
88727,3663
88729,3629
88730,2834
88731,2836
88732,1311
88733,8731
88734,8731
88735,4813
88736,6020
88737,4812
88738,3661
88739,3661
88740,2834
88741,7389
88742,4813
88743,7372
88744,1522
88745,3577
88746,8742
88747,7389
88748,1389
88749,6036
88750,3825
88751,3357
88752,5810
88779,3570
88783,3825
88784,2834
88785,3845
88786,3674
88787,1311
88788,6512
88789,7389
88790,8071
88791,4911
88792,6035
88793,3825
88794,7372
88795,3679
88796,3577
88797,6021
88798,8071
88799,3674
88800,4813
88801,2834
88802,3823
88803,7373
88804,3674
88806,4812
88807,4812
88808,7390
88809,3674
88810,8731
88811,2834
88812,3590
88813,3674
88814,4731
88815,6411
88816,3795
88817,1311
88818,1311
88819,4911
88820,6798
88821,3843
88822,721
88824,3661
88825,4813
88826,4813
88827,6726
88828,6351
88829,1731
88830,3629
88831,7371
88832,7373
88835,3674
88836,2834
88837,6722
88838,2836
88839,3826
88840,2836
88841,8742
88842,4813
88845,6324
88846,8731
88847,6552
88848,6712
88849,3845
88850,3699
88851,3353
88852,831
88853,1629
88854,6726
88855,8071
88856,6211
88857,4941
88858,6513
88859,6710
88860,3843
88861,7373
88862,7372
88863,8731
88864,3312
88865,6022
88866,4412
88867,2830
88868,2095
88869,1311
88871,1311
88872,6726
88873,7374
88875,8080
88876,6726
88877,6726
88878,6726
88879,6726
88880,6726
88881,6726
88882,1311
88883,2834
88884,4810
88885,4813
88886,2000
88888,1311
88890,7372
88891,6020
88892,6799
88893,6726
88894,6726
88895,3732
88896,6726
88897,3533
88899,7372
88900,2834
88901,4612
88902,2830
88903,6719
88904,4520
88905,3841
88906,1311
88907,6022
88908,6021
88909,6021
88910,7389
88911,3572
88912,6022
88913,3674
88914,3669
88915,2836
88916,6726
88917,7371
88919,4841
88922,1311
88923,1522
88924,2051
88925,7011
88926,2834
88927,6726
88929,6726
88930,6211
88931,6726
88932,6726
88933,6726
88934,6726
88935,3825
88936,7371
88937,3652
88938,4412
88939,7372
88940,5812
88941,6021
88942,6022
88943,6036
88944,6021
88945,1311
88946,2836
88947,2750
88948,7389
88949,2836
88950,3556
88951,6021
88952,7379
88953,6719
88954,4931
88955,7814
88957,2834
88958,5411
88960,4612
88961,6726
88962,6022
88963,6331
88964,6035
88965,6022
88966,3821
88967,4899
88968,6141
88969,7372
88970,1310
88971,5120
88972,8093
88973,5812
88974,6035
88975,6021
88976,4832
88977,6211
88978,5945
88979,6022
88980,7372
88981,7371
88982,5812
88983,3661
88984,6011
88985,1311
88986,6282
88987,3568
88988,4813
88989,4612
88990,3674
88991,1221
88992,4911
88993,6726
88994,3841
88995,7371
88996,6798
88997,6798
88998,6798
88999,3317
89000,5074
89001,4812
89002,7323
89003,7389
89004,3533
89005,5172
89006,2000
89007,6331
89008,6311
89009,6722
89010,8070
89011,6282
89012,6282
89013,1382
89014,3728
89016,1311
89017,8742
89018,4412
89019,8731
89021,6022
89022,6022
89023,5940
89025,3674
89026,4811
89027,4813
89028,3674
89029,3674
89030,8299
89031,3480
89032,1389
89033,8071
89034,3570
89035,8062
89036,3845
89037,6021
89038,6021
89039,7372
89040,8062
89041,5122
89042,6281
89043,5984
89044,7379
89045,6021
89046,3842
89047,4959
89048,8070
89049,6722
89050,6733
89051,6726
89052,6726
89053,6726
89056,6029
89057,6726
89058,6726
89059,6726
89060,6726
89061,6726
89062,6726
89063,6331
89064,3272
89066,4813
89067,8011
89068,4911
89069,3674
89070,3842
89071,8742
89077,3990
89085,3999
89093,3321
89098,3669
89099,3572
89100,6022
89102,5812
89103,6159
89104,3714
89105,3532
89106,1530
89108,6331
89109,6022
89110,3571
89114,2860
89122,5080
89125,4011
89126,4412
89127,7011
89128,1222
89129,6726
89130,4813
89131,4813
89132,3826
89133,5995
89134,1382
89138,6719
89139,6719
89141,3644
89142,4813
89143,6022
89144,7389
89145,7389
89147,7370
89148,8731
89149,7819
89150,3559
89151,5111
89152,6726
89154,6159
89155,2099
89156,3621
89157,3840
89158,6726
89159,6726
89160,6726
89161,6726
89162,6726
89163,6726
89165,7372
89166,4911
89167,7363
89168,6035
89169,3841
89170,3845
89172,7372
89173,4820
89174,8082
89175,2834
89176,6035
89177,3841
89179,6321
89181,7370
89182,6726
89183,6726
89184,6726
89185,6726
89186,6733
89187,6726
89188,6726
89189,6726
89190,6726
89191,3272
89192,4813
89194,4922
89195,6321
89196,1389
89197,6211
89198,4953
89199,6029
89200,7370
89201,1021
89202,6022
89203,8732
89204,6324
89205,7372
89206,3841
89207,8051
89208,7372
89210,6719
89211,6022
89212,7370
89213,742
89215,7361
89216,3648
89217,5531
89218,6798
89221,6726
89223,3728
89224,3842
89225,4841
89227,5043
89229,6311
89230,5047
89231,6726
89232,6726
89233,6726
89234,6726
89235,6726
89236,6712
89237,6022
89238,6712
89239,4899
89240,6722
89241,6726
89242,6726
89243,3841
89244,7299
89245,3820
89246,3334
89247,8742
89249,6331
89250,6726
89252,8051
89253,3660
89254,4412
89255,4213
89256,6719
89257,6722
89258,6311
89259,3599
89260,3448
89261,7379
89262,6035
89263,6021
89264,6022
89265,2834
89266,7261
89267,3826
89268,6022
89269,6324
89270,6022
89271,7372
89272,6022
89273,3841
89274,8731
89275,3577
89276,7372
89277,2834
89278,6022
89279,6022
89280,6280
89281,6726
89282,6722
89283,6726
89284,6029
89286,6726
89288,6162
89289,5651
89290,3679
89291,6022
89292,6022
89293,6021
89295,6726
89296,3710
89297,4813
89298,6282
89300,7372
89301,5734
89302,3812
89303,2111
89304,4922
89305,2048
89306,8051
89307,8741
89308,6021
89309,6020
89310,5999
89311,7374
89312,2835
89313,2836
89315,2710
89317,6798
89319,7372
89320,6022
89321,4725
89322,3841
89323,6022
89325,8110
89326,7373
89327,5511
89328,4911
89329,5148
89330,4911
89331,5023
89332,7999
89333,3827
89335,4812
89336,6733
89337,6726
89338,6726
89339,6726
89340,6726
89341,6020
89342,6726
89343,6726
89344,6726
89345,4832
89346,6331
89347,1531
89348,6722
89349,1311
89350,3851
89351,6081
89352,2834
89353,4512
89354,4813
89355,6035
89356,4412
89357,3661
89358,6722
89359,6282
89360,6021
89361,6726
89362,6726
89363,6726
89364,6282
89365,6726
89366,6211
89367,4512
89368,6798
89369,2834
89370,7361
89371,1041
89372,6722
89374,2911
89375,5122
89376,8060
89378,5812
89379,6798
89381,1311
89382,7371
89383,7372
89384,7330
89385,4812
89386,7830
89387,7389
89388,2329
89389,2834
89390,3841
89391,3399
89392,7922
89393,7841
89394,5961
89395,6021
89396,3845
89397,7373
89398,3674
89399,5641
89400,3674
89401,6726
89402,2834
89403,4941
89404,1311
89405,7810
89406,3053
89407,4833
89408,1311
89409,7832
89410,7371
89411,2834
89413,5941
89414,3844
89415,7389
89416,2510
89417,8731
89418,8711
89419,4731
89420,7372
89421,3931
89422,7372
89423,6035
89424,6021
89425,6022
89426,5048
89428,6021
89429,6726
89431,8742
89432,6411
89434,2051
89435,6726
89436,6722
89437,6726
89438,6722
89440,6022
89441,2851
89442,7373
89443,6282
89444,2741
89445,2834
89446,4813
89447,700
89448,3841
89449,5999
89450,5621
89451,3089
89452,3714
89453,5812
89454,1041
89455,5511
89456,3640
89457,2082
89458,6726
89459,6733
89460,6726
89461,6726
89462,3699
89463,6159
89464,2020
89466,6726
89467,6726
89468,6726
89469,6726
89470,6726
89471,3944
89472,4925
89474,6726
89475,2834
89476,6726
89477,6726
89478,6726
89479,6726
89480,6726
89481,6022
89482,6021
89483,6022
89484,6021
89485,8063
89486,6022
89488,6726
89489,6722
89490,6722
89491,6722
89492,6411
89493,6163
89495,6331
89496,6798
89497,7389
89498,6022
89499,3556
89500,6331
89501,6790
89502,8731
89503,6022
89504,6022
89505,2834
89506,4213
89507,1311
89508,5521
89509,1311
89510,7372
89511,6726
89512,6726
89513,6722
89514,6726
89515,6726
89516,6726
89517,6726
89518,6726
89519,6726
89520,6790
89521,6162
89522,6035
89523,7372
89524,6022
89525,4841
89526,6021
89527,6022
89528,4810
89529,6022
89530,6022
89531,6035
89532,6411
89533,7990
89534,6726
89535,6726
89536,7380
89537,6726
89538,6726
89539,2086
89540,5941
89541,1311
89542,6726
89543,6726
89544,6510
89545,6726
89546,1389
89547,1221
89548,6798
89549,2034
89550,6282
89551,6722
89552,2834
89553,6282
89554,6726
89555,7378
89556,6411
89557,6331
89558,6331
89559,2835
89560,6726
89561,6726
89562,6726
89563,6726
89564,8711
89565,4841
89566,3089
89567,5812
89568,6035
89569,7372
89570,4449
89571,3674
89572,3674
89573,6022
89574,6153
89575,6331
89576,6022
89577,7373
89578,6022
89579,6311
89580,3559
89581,4813
89582,6726
89583,6726
89584,6726
89585,6726
89586,6726
89587,2452
89588,6726
89589,6726
89590,6726
89591,6726
89592,6726
89593,6726
89594,6726
89595,2452
89596,6726
89597,3949
89598,6411
89599,6726
89600,6726
89601,6726
89602,6726
89603,6722
89604,6726
89605,6726
89606,3480
89607,6324
89608,7810
89609,3841
89610,1310
89611,2834
89612,6022
89613,2834
89614,6035
89615,6022
89616,2452
89617,4813
89618,4412
89619,4841
89620,6021
89621,4813
89622,8082
89623,4813
89624,3079
89625,4612
89626,6200
89627,6331
89628,6726
89629,6282
89630,1041
89631,2834
89632,7040
89634,6726
89635,6722
89636,1311
89637,3312
89638,4911
89639,3331
89640,1041
89641,3572
89642,6022
89643,6021
89644,4813
89645,6021
89646,6720
89647,1531
89648,1041
89649,6722
89650,8742
89651,7011
89652,1041
89653,6035
89654,6030
89655,3674
89659,3661
89667,6160
89675,3312
89678,7372
89679,6022
89680,2835
89681,6331
89682,3572
89683,2810
89684,6162
89685,4812
89686,2341
89687,6726
89688,6722
89689,6722
89690,6726
89691,4890
89692,1041
89693,1021
89694,6331
89695,1311
89696,2621
89697,6022
89698,7360
89699,2657
89700,5093
89701,6022
89702,8711
89704,7011
89705,2621
89706,2082
89707,6722
89708,6722
89709,6726
89710,4813
89712,6710
89713,4813
89714,4813
89715,2060
89716,6022
89726,6722
89727,1311
89728,4499
89729,6712
89730,6726
89731,1531
89732,6726
89733,6722
89734,6726
89735,6029
89736,6022
89737,6099
89738,6022
89739,4833
89740,6021
89741,6021
89742,4813
89743,6411
89744,6726
89745,6722
89746,6722
89747,5730
89748,6726
89749,6726
89750,5015
89751,1381
89752,7389
89753,3825
89754,6021
89755,8740
89756,4899
89757,5331
89758,6021
89759,6798
89760,1221
89761,3714
89763,7376
89764,6722
89765,6726
89766,6411
89767,8741
89768,6798
89769,5051
89770,3674
89771,2830
89772,6726
89773,6726
89775,4813
89776,6726
89777,6733
89778,4812
89779,1041
89780,6722
89781,8011
89782,6722
89783,6722
89784,6282
89785,7389
89786,6726
89787,6726
89788,6722
89789,6331
89790,1311
89792,2541
89793,3651
89794,6141
89795,7382
89796,7389
89797,7372
89798,6035
89799,6022
89800,3661
89801,6022
89802,1041
89803,6798
89805,6159
89806,4832
89807,6726
89808,6722
89809,6733
89810,2631
89811,6726
89812,6798
89813,5912
89814,6722
89815,3829
89816,6726
89817,4813
89818,2086
89819,6150
89820,6022
89821,6022
89822,6331
89823,6798
89824,8322
89825,6022
89826,6021
89827,4833
89828,6036
89829,3221
89830,3674
89831,3674
89832,6035
89833,2834
89834,5947
89835,3674
89836,3661
89837,4841
89838,2834
89839,6282
89840,6726
89841,6311
89842,6722
89843,5060
89844,6726
89845,1041
89846,6726
89847,2835
89848,6726
89849,2711
89850,6411
89851,7990
89852,6726
89853,2834
89854,6719
89855,6722
89856,6712
89857,1311
89858,4612
89859,2834
89860,2834
89861,6022
89862,2032
89863,2834
89864,7373
89865,2836
89866,5015
89867,3661
89868,2834
89869,6726
89870,8740
89871,4213
89872,7372
89873,6282
89874,3312
89875,2836
89876,5641
89877,6141
89878,6798
89879,6722
89880,6726
89881,6722
89882,6726
89883,3241
89884,4899
89885,1311
89886,5999
89887,6035
89888,6411
89889,7379
89890,5999
89891,3841
89892,6733
89893,6722
89894,3573
89895,6726
89896,5949
89897,6726
89898,4499
89899,4213
89900,5045
89901,1311
89903,1041
89904,5812
89905,7372
89906,6022
89907,3710
89908,5722
89909,5947
89910,8051
89911,1081
89912,6036
89913,7359
89914,2834
89915,5510
89916,4833
89917,7372
89918,2834
89919,4512
89920,4213
89921,6726
89922,3674
89923,2329
89924,8742
89925,3661
89926,4213
89927,7389
89928,7380
89929,2834
89930,3714
89931,2834
89932,4812
89933,7372
89934,6331
89935,2834
89936,4812
89937,3825
89938,6022
89939,4700
89940,5961
89941,2700
89942,6331
89943,2834
89944,7372
89945,6021
89946,6311
89947,6726
89948,1311
89949,6311
89950,8080
89951,1041
89952,1479
89953,6798
89954,4899
89956,4231
89957,3312
89958,8200
89959,6726
89960,3083
89961,6552
89962,6798
89963,3949
89964,6141
89965,1041
89966,8090
89967,4789
89968,6211
89969,6726
89970,6722
89971,2519
89973,8249
89974,3670
89975,6162
89976,1041
89977,6331
89978,7812
89979,8999
89980,6726
89981,6726
89982,6798
89983,1521
89984,6722
89986,3812
89987,6798
89988,6726
89989,4412
89990,6722
89991,6726
89992,6726
89993,6726
89994,6726
89995,6726
89996,6726
89997,6726
89998,6726
89999,6726
90000,6726
90001,6726
90002,6726
90003,6726
90004,6726
90005,6726
90006,6035
90007,6036
90008,2834
90009,4813
90010,3578
90011,8060
90012,5912
90013,3743
90014,7373
90015,7041
90016,6035
90017,1311
90018,7810
90019,3570
90020,6153
90021,3571
90022,3674
90023,3826
90024,5661
90025,2834
90026,3679
90027,7390
90028,7389
90029,2836
90030,7371
90031,2834
90032,2834
90033,8011
90034,3674
90035,6510
90036,6022
90037,6719
90038,6411
90039,6331
90040,1041
90041,6726
90042,6733
90043,6790
90044,3842
90045,4151
90046,2834
90047,6726
90048,1041
90049,2834
90050,6722
90051,3841
90052,3714
90053,3679
90054,4899
90055,1381
90056,6799
90057,6282
90058,6712
90060,7375
90061,1099
90062,6726
90063,6720
90064,6798
90065,6719
90066,6722
90067,1389
90068,6733
90069,1099
90070,3650
90071,4911
90072,6726
90073,6722
90074,1041
90075,6726
90076,3674
90077,6211
90078,7389
90079,2834
90080,6036
90081,3845
90082,6022
90083,3672
90084,3674
90085,6035
90086,6020
90087,7374
90088,7389
90090,6022
90091,7372
90092,8051
90093,6022
90094,7810
90095,7374
90096,2834
90097,3674
90098,2834
90099,3674
90100,1499
90101,2834
90102,6798
90103,6722
90105,6722
90107,3540
90108,6726
90109,6726
90110,2834
90111,6726
90112,6726
90113,1311
90114,6722
90115,7990
90116,1041
90117,6726
90118,1081
90119,6726
90120,6351
90121,6211
90122,2834
90123,6030
90124,7372
90125,2834
90126,2834
90127,5940
90128,3826
90129,6141
90131,6030
90132,6021
90133,8731
90134,6331
90135,3812
90136,6022
90137,2835
90150,7372
90157,4522
90158,3661
90159,7372
90160,8062
90161,6733
90162,6399
90163,1381
90164,6211
90165,1623
90166,7372
90167,1021
90168,4813
90169,2834
90170,2834
90171,6022
90172,6726
90173,6726
90174,3577
90175,4789
90176,5099
90177,2834
90178,2834
90179,3841
90180,1311
90182,3990
90183,2834
90184,6022
90187,5944
90188,3841
90189,6798
90190,3842
90191,6331
90192,4512
90193,7371
90194,7510
90196,3690
90197,5012
90198,8243
90199,6531
90200,5941
90201,1522
90202,6722
90203,3861
90204,1311
90205,6722
90206,6798
90207,5065
90208,6798
90209,7291
90210,7997
90211,3577
90212,8731
90213,7389
90214,6798
90215,7372
90216,6712
90217,6798
90218,7900
90219,4412
90220,7372
90221,6022
90222,3646
90223,3845
90224,5712
90225,6035
90226,2834
90227,4841
90228,4841
90229,3674
90230,3842
90231,2834
90232,3672
90233,2836
90234,7372
90236,3669
90237,8011
90238,8731
90239,2836
90240,4813
90241,4953
90242,3572
90243,2836
90244,6722
90245,4911
90246,2450
90247,2741
90248,5149
90249,3691
90250,6726
90251,3674
90252,6798
90253,5171
90254,3570
90255,6798
90256,6726
90257,6726
90258,6726
90259,6726
90260,6726
90261,6726
90262,170
90263,6726
90264,6726
90265,6726
90266,3679
90267,6722
90268,6798
90269,6722
90270,4619
90271,1321
90272,6324
90273,6331
90274,6712
90275,2834
90276,7372
90277,3532
90278,6141
90279,2834
90280,2834
90281,7371
90282,7374
90283,2869
90284,4813
90285,2834
90286,5812
90287,3674
90288,3841
90289,1796
90290,7389
90291,6726
90292,6099
90293,4812
90294,8742
90295,6011
90296,4813
90297,7390
90298,7389
90299,3674
90300,6798
90301,6798
90302,6733
90303,6282
90304,1041
90305,4225
90306,6722
90307,6798
90308,4522
90309,7372
90310,3660
90311,5122
90312,2821
90313,3711
90314,3714
90315,5961
90316,3845
90317,6022
90318,6712
90319,7375
90320,5090
90321,2834
90322,6022
90323,7372
90324,6022
90325,3845
90326,6025
90327,7812
90328,2082
90329,6531
90331,6022
90333,2834
90334,6020
90335,3599
90336,6798
90337,5945
90338,4911
90339,1311
90340,6722
90341,8734
90342,3570
90343,1041
90344,6726
90345,6726
90346,3711
90347,6726
90348,6726
90349,6726
90350,6726
90351,6282
90352,4931
90353,5033
90354,3674
90355,4822
90356,7373
90357,8200
90358,6021
90359,6022
90360,7371
90361,7361
90362,5912
90363,7371
90365,6798
90366,7389
90368,6712
90369,6331
90370,7372
90371,5945
90372,2834
90373,6798
90374,7812
90375,6798
90376,6722
90377,3829
90378,6513
90379,5734
90380,3312
90381,7389
90382,4813
90383,6726
90384,3312
90385,6712
90386,2874
90387,5621
90388,6798
90389,6722
90390,6722
90391,6726
90392,6722
90393,2834
90394,7011
90395,4412
90396,4225
90397,2834
90398,6726
90399,6035
90400,2890
90401,6798
90402,5961
90403,2834
90404,6211
90405,2836
90406,6026
90407,3841
90408,2015
90409,8742
90410,3845
90411,7389
90412,7389
90413,7373
90414,7990
90415,7389
90416,6035
90417,6035
90418,7389
90419,5172
90420,7389
90421,6035
90422,7370
90423,2834
90424,7373
90425,6531
90426,6331
90427,5812
90428,3845
90429,6798
90430,2836
90431,4812
90432,6029
90433,1041
90434,6726
90435,3674
90436,2836
90437,7372
90438,4813
90439,3841
90440,2621
90441,2711
90442,2711
90443,1041
90444,4911
90445,6726
90446,6726
90447,8200
90448,6726
90449,7393
90450,4412
90451,4922
90452,3714
90453,4899
90454,6211
90455,3674
90456,6726
90457,8060
90458,4931
90459,3674
90460,8731
90461,3360
90462,6331
90463,2875
90464,4812
90465,7390
90466,6531
90467,6036
90468,2835
90469,7389
90470,6021
90471,6020
90472,3841
90473,6025
90474,6021
90475,6021
90476,1531
90477,3841
90478,3825
90479,3728
90480,6712
90481,8111
90482,6036
90483,7389
90484,7372
90485,8731
90486,3851
90487,6035
90488,3841
90489,6531
90490,6022
90491,7011
90492,1311
90493,6141
90494,1311
90495,6733
90496,5031
90497,6726
90498,6798
90499,6722
90500,4510
90501,1221
90502,1311
90503,5074
90504,6311
90505,7011
90506,6798
90507,5172
90508,6798
90509,1382
90510,6722
90511,6726
90512,6726
90513,1041
90514,6798
90515,3842
90516,5122
90517,7372
90518,6726
90519,1041
90520,2819
90521,6726
90522,6726
90523,6726
90524,6798
90525,6726
90526,6726
90527,1041
90528,3365
90529,5190
90530,6726
90531,6159
90532,7372
90533,1311
90534,6712
90535,6099
90536,6211
90537,1381
90538,1221
90539,7372
90540,6331
90541,6211
90542,2834
90543,6331
90544,6021
90545,6798
90546,8731
90547,1221
90548,7336
90549,6726
90550,3651
90551,6798
90552,6722
90553,1380
90554,7389
90555,4813
90556,4813
90557,1041
90558,2821
90559,6324
90560,6712
90561,6710
90562,2082
90563,6722
90564,2834
90565,4899
90566,3317
90567,4813
90568,3537
90569,7389
90580,5140
90588,6022
90589,4412
90590,6712
90591,6712
90592,7372
90593,6798
90594,2836
90595,7371
90596,1040
90597,1311
90598,7374
90599,2834
90600,6035
90601,6200
90602,5944
90603,6022
90604,2834
90605,4213
90606,1041
90607,6722
90608,7379
90609,7370
90610,6726
90611,6726
90612,6722
90613,6231
90614,3341
90615,6726
90616,4899
90617,2024
90618,6726
90619,6726
90620,6726
90621,6726
90622,6726
90623,6726
90624,6726
90625,5990
90626,2834
90627,6726
90628,6022
90629,1311
90630,7389
90631,3559
90632,2834
90633,6020
90634,6035
90635,6022
90636,6035
90637,6036
90638,4813
90639,3851
90640,4899
90641,8080
90642,2835
90643,3714
90644,1381
90645,1422
90646,6722
90647,6726
90648,6722
90649,6726
90650,5051
90651,6726
90652,6726
90653,4922
90654,1021
90655,4813
90656,2834
90657,3578
90658,2099
90659,3827
90660,3860
90661,6712
90662,6712
90663,3629
90664,3841
90665,6035
90666,6021
90667,7319
90668,6022
90669,6331
90670,1220
90671,2812
90672,3743
90673,7381
90674,7389
90675,6722
90676,5812
90677,1311
90678,1311
90679,2095
90680,6798
90681,1311
90682,3086
90683,6726
90684,1040
90685,6722
90686,4812
90687,1311
90688,6726
90689,6722
90690,8011
90691,6726
90692,5410
90693,1021
90694,6726
90695,1041
90696,3669
90697,6726
90698,5171
90699,8999
90700,2221
90701,6282
90702,4899
90703,8611
90704,7389
90705,3663
90706,5600
90708,6282
90709,6712
90710,6153
90711,6712
90712,3674
90713,3830
90714,7371
90715,5600
90716,4513
90717,8099
90718,6035
90719,6021
90720,2421
90721,2360
90722,6712
90723,2834
90724,4412
90725,3841
90726,6712
90727,4812
90729,6159
90730,6035
90731,6799
90732,7372
90733,4813
90734,8082
90735,8200
90736,3841
90737,6719
90738,1389
90739,8200
90740,2360
90741,2011
90742,3571
90743,4412
90744,3674
90745,6022
90746,4412
90747,2300
90748,2834
90749,6798
90750,5122
90751,5611
90752,6798
90753,6726
90754,6726
90755,6798
90756,3711
90757,1041
90758,2834
90759,3841
90760,6199
90761,6726
90762,6722
90763,7375
90764,7350
90765,6726
90766,6726
90767,6726
90768,6726
90769,6726
90770,6726
90771,6726
90772,1310
90773,6726
90774,3845
90775,2032
90776,6029
90777,1311
90778,4899
90779,2911
90780,2834
90781,1041
90782,6726
90783,2087
90784,1311
90785,1021
90786,4911
90787,6798
90788,3663
90789,5311
90790,6798
90791,2621
90792,1731
90793,1311
90794,1311
90795,6770
90796,5094
90797,6726
90798,6726
90799,7372
90800,2834
90801,3568
90802,3310
90803,4813
90804,3841
90805,4841
90806,4841
90807,2090
90808,4833
90809,6153
90810,7311
90811,6021
90812,5940
90813,4412
90814,3674
90816,3663
90817,6726
90818,6035
90819,4412
90820,3080
90821,6022
90822,1389
90823,6021
90824,6712
90825,5112
90826,5960
90827,6733
90828,2879
90829,2873
90830,2711
90831,3511
90832,4612
90833,7389
90834,6726
90835,6726
90836,3840
90837,6726
90838,3728
90839,6722
90840,3915
90841,2421
90842,1241
90843,6722
90844,5990
90845,6726
90846,2891
90847,2097
90848,6211
90849,2819
90850,8711
90851,4922
90852,4950
90853,4412
90854,3674
90855,2836
90856,3841
90857,7370
90858,1381
90859,3841
90860,2834
90861,4813
90862,6021
90863,3690
90864,6331
90865,5812
90866,4841
90867,5047
90868,3430
90869,2834
90870,3562
90871,5812
90872,6331
90873,7373
90874,2300
90875,7389
90876,7372
90877,4832
90878,6726
90879,6324
90880,7389
90881,8742
90882,6722
90883,6726
90884,6726
90885,7389
90886,5541
90887,6710
90888,2834
90889,6719
90890,6726
90891,6726
90892,6726
90893,4512
90894,2834
90895,6160
90896,5810
90897,6022
90898,3841
90899,2833
90900,8071
90901,3661
90902,5065
90903,6331
90904,6021
90905,2834
90906,6021
90907,2834
90908,2090
90909,5941
90910,7372
90911,7011
90912,7374
90913,2750
90914,7375
90915,7359
90916,6531
90917,2834
90918,6726
90919,6726
90920,6211
90921,6798
90922,6722
90923,6726
90924,3823
90925,6361
90926,2834
90927,6722
90928,6726
90929,6726
90930,6726
90931,6726
90932,3070
90933,6726
90934,6726
90935,6726
90936,6726
90937,3651
90938,1321
90939,2819
90940,7359
90941,6726
90942,3841
90943,4412
90944,6035
90945,2834
90946,4492
90947,6022
90948,6022
90949,6021
90950,4412
90951,1381
90952,6712
90953,6036
90954,3674
90955,3841
90956,7373
90957,3845
90958,3990
90959,6710
90960,4400
90961,6035
90962,3674
90963,6331
90964,6022
90965,4412
90966,4813
90967,7510
90968,2834
90969,5941
90970,6021
90971,8731
90972,2080
90973,3674
90974,7350
90975,6710
90976,762
90977,3674
90978,3674
90979,2329
90980,1381
90981,3674
90982,7373
90983,6025
90984,7372
90985,2834
90986,5944
90987,4922
90988,8059
90989,7312
90990,1411
90991,6150
90992,7371
90993,6231
90994,1221
90995,1041
90996,2834
90997,6798
90998,6722
90999,1381
91000,6029
91001,6726
91002,6726
91003,3662
91004,6726
91005,6726
91006,6726
91007,6726
91008,6726
91009,6726
91010,6726
91011,6022
91012,2816
91013,3842
91014,5961
91015,6035
91016,6022
91017,6021
91018,5149
91019,6331
91020,3845
91021,3841
91022,3651
91023,4412
91024,4899
91025,6035
91026,3674
91027,3669
91028,3840
91029,3674
91030,6020
91031,7310
91032,7373
91033,7372
91034,1382
91035,7371
91036,3559
91037,1311
91038,1081
91039,1311
91040,1389
91041,7389
91042,6770
91043,1311
91044,4922
91045,4119
91046,2730
91047,6726
91048,1031
91049,1499
91050,7372
91051,7371
91052,6726
91053,6726
91054,5812
91055,6726
91056,6726
91057,6726
91058,6798
91059,7372
91060,6726
91061,3674
91062,7379
91063,4841
91064,2836
91065,4512
91066,4841
91067,1311
91068,5812
91069,1382
91070,7997
91071,4911
91072,6726
91073,2911
91074,2836
91075,3743
91076,2911
91077,6022
91078,2834
91079,3990
91080,7350
91081,1311
91082,7371
91083,6712
91084,1311
91085,7310
91086,2836
91087,6331
91088,3841
91089,6020
91090,3021
91091,6794
91092,7372
91094,2834
91095,7389
91096,7011
91097,4960
91098,8090
91099,4813
91100,1311
91101,2834
91102,6211
91103,4512
91104,2834
91105,5065
91106,6733
91107,1311
91108,7299
91109,1382
91110,7390
91111,5171
91112,4581
91113,6324
91114,5169
91115,4613
91116,1311
91117,5812
91118,6726
91119,6798
91120,7389
91121,2000
91122,6726
91123,6726
91124,6726
91125,3312
91126,2650
91127,3670
91128,1310
91129,6726
91130,6726
91131,6726
91132,6726
91133,6021
91134,6020
91135,1311
91136,2389
91137,6726
91138,6722
91139,6531
91140,2741
91141,6700
91142,6710
91143,6231
91144,6726
91145,6726
91146,6726
91147,6726
91148,6726
91149,6726
91150,3531
91151,5812
91152,3728
91153,2816
91154,2834
91155,6022
91156,3011
91157,7389
91158,3825
91159,3663
91160,7383
91161,2860
91162,4812
91163,3674
91164,5094
91165,4812
91166,2819
91167,6035
91169,4511
91170,2330
91171,6022
91172,3670
91173,7372
91174,2834
91175,7372
91176,6035
91177,2731
91178,2836
91179,4412
91180,3661
91181,6726
91182,6726
91183,6351
91184,2834
91185,6552
91186,2834
91187,6035
91190,3674
91191,1041
91192,2085
91193,3679
91194,6726
91195,1389
91196,1041
91197,6726
91198,6726
91199,4731
91200,3585
91201,7359
91202,6726
91203,6770
91204,4911
91205,2515
91206,2830
91207,7011
91208,6221
91209,6726
91211,1311
91212,5812
91213,6726
91214,3079
91215,2911
91216,7389
91217,6726
91218,4813
91219,6770
91220,6726
91221,6726
91222,6726
91223,6726
91224,6726
91225,6726
91226,6726
91227,6726
91228,6726
91229,6726
91230,9999
91231,5070
91232,6726
91233,7389
91234,3491
91235,6726
91236,4931
91237,4813
91249,7370
91257,6030
91262,4522
91263,1221
91264,1799
91265,6321
91266,6021
91267,3841
91268,4941
91269,3692
91270,2834
91271,6733
91272,6035
91273,3570
91274,6022
91275,4841
91276,4841
91277,4841
91278,4841
91279,2834
91280,3845
91281,3823
91282,6211
91283,1311
91284,3842
91285,6162
91286,7363
91287,6282
91288,2869
91289,6712
91290,6726
91291,6726
91292,6726
91293,6726
91294,6726
91295,6726
91296,6726
91297,6726
91298,6726
91299,7359
91300,3840
91301,6798
91302,5651
91303,1311
91304,6726
91305,1311
91306,1081
91307,6726
91308,6726
91309,6726
91310,6726
91311,6726
91312,6726
91313,6726
91314,6726
91315,6726
91316,6726
91317,6726
91318,6726
91319,6726
91320,6726
91321,1081
91322,4939
91323,1041
91324,6726
91325,6726
91326,6726
91327,6726
91328,6726
91329,6020
91330,6726
91331,6726
91332,6726
91333,6726
91334,6726
91335,6726
91336,6726
91337,6710
91338,6726
91339,6726
91340,6726
91341,6726
91342,6726
91343,6726
91344,6726
91345,6323
91346,6726
91347,2869
91348,3841
91349,7997
91350,4833
91351,6331
91352,7389
91353,4950
91354,5940
91355,8742
91356,6712
91357,5063
91358,6531
91359,8731
91360,6022
91361,6799
91362,7372
91363,3442
91364,7900
91365,2834
91366,7371
91367,7372
91369,6022
91370,3674
91371,3845
91372,3825
91373,6162
91374,6722
91375,8082
91376,1311
91377,6798
91378,6726
91379,1382
91380,3021
91381,6726
91382,2834
91383,6726
91384,6726
91385,6726
91386,6726
91387,6726
91388,6531
91389,4612
91390,8741
91391,4813
91392,7011
91393,6331
91394,6770
91395,8731
91396,3635
91397,6036
91398,6211
91399,6022
91400,6712
91401,1311
91402,3443
91403,3334
91404,6035
91405,6035
91406,6035
91407,6035
91408,6022
91409,7510
91410,4613
91411,1311
91412,3674
91413,6211
91414,6722
91415,6770
91416,2253
91417,270
91418,1061
91419,1311
91420,3674
91421,1041
91422,1094
91423,6726
91424,6726
91425,7810
91426,7359
91427,6351
91428,3674
91429,5122
91430,6021
91431,6021
91432,2790
91433,7814
91434,2836
91435,4899
91436,6726
91437,1311
91438,6798
91439,6726
91440,6726
91441,6030
91442,6726
91443,6726
91444,6726
91445,6726
91446,6022
91447,6726
91448,6726
91449,6726
91450,6726
91451,6726
91452,6726
91453,7359
91454,6211
91455,3841
91456,6282
91457,4832
91458,6726
91460,6790
91461,6099
91462,2844
91463,7372
91464,7371
91465,4899
91466,3841
91467,4899
91468,8742
91469,6022
91470,6021
91471,2834
91472,6712
91473,6726
91474,6726
91475,6726
91476,5812
91477,6726
91478,6726
91479,6726
91480,6726
91481,6726
91482,6726
91483,6726
91484,7372
91485,3661
91486,7384
91487,2834
91488,8093
91489,1311
91490,1311
91491,2834
91492,3829
91493,3661
91494,1311
91495,2834
91496,5651
91497,7371
91498,6411
91499,1311
91500,7389
91501,6035
91502,7011
91503,3841
91504,3674
91505,6530
91506,3571
91507,5411
91508,6021
91509,2834
91510,4922
91511,4412
91512,6163
91513,4899
91514,6035
91515,8090
91516,3646
91517,8052
91518,5812
91519,6798
91520,4412
91521,3551
91522,1623
91523,6331
91524,2711
91525,6726
91526,1061
91527,8999
91528,3845
91529,6726
91530,6726
91531,3292
91532,6726
91533,6726
91534,6726
91535,6726
91536,6726
91537,6726
91538,6726
91539,6726
91540,1620
91541,6726
91542,6726
91543,6726
91544,6726
91545,6726
91546,6726
91547,7373
91548,8711
91549,6726
91550,6726
91551,6726
91552,6726
91553,6726
91554,6726
91555,6726
91556,5650
91557,6726
91558,6726
91559,6726
91560,4412
91561,6351
91563,1041
91564,7690
91565,6726
91566,6726
91567,6722
91568,6722
91569,7389
91570,6722
91571,2834
91572,8090
91573,1041
91574,6770
91575,7359
91576,2741
91577,6726
91578,6211
91579,1629
91580,1031
91581,1411
91582,6719
91583,6211
91584,1381
91585,6726
91586,6726
91587,6726
91588,6726
91589,6726
91590,6726
91591,6726
91592,6726
91593,6726
91594,3724
91595,6726
91596,6726
91597,6726
91598,1311
91599,7330
91600,6331
91601,6020
91602,7359
91603,6411
91604,3577
91605,8221
91606,2834
91607,3674
91608,6021
91609,6035
91610,2844
91611,3674
91612,4899
91613,3842
91614,5169
91615,8731
91616,3674
91617,4581
91618,4899
91619,7373
91620,3560
91621,4899
91622,6022
91623,3845
91624,5411
91625,8711
91626,6722
91627,8051
91628,1311
91629,6733
91630,1629
91631,6726
91632,6726
91633,6726
91634,6726
91635,6798
91636,7010
91637,6726
91638,7359
91639,3491
91640,1311
91641,6726
91642,6726
91643,6726
91644,6726
91645,6726
91646,6726
91647,6726
91648,6726
91649,4213
91650,4923
91651,6726
91652,6710
91653,3674
91654,5063
91655,5172
91656,4412
91657,2834
91658,3568
91659,4512
91660,2834
91661,2844
91662,7372
91663,3315
91664,3081
91665,1600
91666,7372
91667,3140
91668,3674
91669,3572
91670,6726
91671,7371
91672,2834
91673,7011
91674,6159
91675,2834
91676,3312
91677,3674
91678,5812
91679,8093
91680,2860
91681,6022
91682,4512
91683,5999
91684,6726
91685,1311
91686,4923
91687,7993
91688,6411
91689,1044
91690,6282
91691,6722
91692,6519
91693,6726
91694,6726
91695,3953
91696,6726
91697,6726
91698,6726
91699,6726
91700,6726
91701,6726
91702,6726
91703,6726
91704,6726
91705,6726
91706,6726
91707,1311
91708,2830
91709,6726
91710,6726
91711,6726
91712,6726
91713,6726
91714,6726
91715,6726
91716,4830
91717,6726
91718,6726
91719,6726
91720,6726
91721,6726
91722,6726
91723,6726
91724,7810
91725,6726
91726,6770
91727,5541
91728,6141
91729,2911
91730,5047
91731,6035
91732,6280
91733,3721
91734,4412
91735,3795
91736,6036
91737,3621
91738,8731
91739,1311
91740,6500
91741,6035
91742,3841
91743,6712
91744,6035
91745,6726
91746,4899
91747,6726
91749,6722
91750,6282
91752,1311
91753,6726
91754,8742
91756,6770
91757,6722
91758,6726
91759,3670
91760,6726
91761,6726
91762,6726
91763,6726
91764,6726
91765,6726
91766,6726
91767,3820
91768,6726
91769,6726
91770,6726
91771,6726
91772,6726
91773,6726
91774,6726
91775,5712
91776,6726
91777,6726
91778,6726
91779,6726
91780,6726
91781,6726
91782,6726
91783,3570
91784,6726
91785,6726
91786,6726
91787,6726
91788,6726
91789,6726
91790,6726
91791,3650
91792,6726
91793,6726
91794,6726
91795,6726
91796,6726
91797,6726
91798,6726
91799,6798
91800,6770
91801,6798
91803,6770
91804,1382
91806,6726
91807,6726
91808,6726
91809,6726
91810,6726
91811,6726
91812,1380
91813,4812
91814,3841
91815,5199
91816,3669
91817,6700
91818,6331
91819,3674
91820,2834
91821,3674
91822,7319
91823,4922
91824,2834
91825,3674
91826,5531
91827,6726
91828,6726
91829,2834
91830,4813
91831,7372
91832,2834
91833,2834
91834,6726
91835,3841
91836,3663
91837,2023
91838,1311
91839,6799
91840,3621
91841,6331
91842,1311
91843,2834
91844,6726
91845,1382
91846,7374
91847,6799
91848,6722
91849,7374
91850,4924
91851,6770
91852,6726
91853,6726
91854,2621
91855,6020
91856,6722
91857,6726
91858,6211
91859,6531
91860,6770
91861,6726
91862,6726
91863,2834
91864,6726
91865,6726
91866,6726
91867,6726
91868,6726
91869,6726
91870,6726
91871,7372
91872,6282
91873,6726
91874,6726
91875,6726
91876,6726
91877,6726
91878,6726
91879,6726
91880,6726
91881,6726
91882,6726
91883,4841
91884,2834
91885,9999
91886,6726
91887,6331
91888,3577
91889,3663
91890,6710
91891,3357
91892,4899
91893,2873
91894,6331
91895,4412
91896,7389
91897,6022
91898,6221
91899,7375
91900,7371
91901,3674
91902,3310
91903,3510
91904,3670
91905,4400
91906,3841
91907,3571
91908,6022
91909,5090
91910,7389
91911,6022
91912,4899
91913,6099
91914,6722
91915,7812
91916,6726
91917,6726
91918,6726
91919,8730
91920,6726
91921,6726
91922,6726
91923,6726
91924,6726
91925,6726
91926,4512
91927,5730
91928,1094
91929,4911
91930,6726
91931,6726
91932,6726
91933,6726
91934,6726
91935,7820
91936,6770
91937,4812
91938,6722
91939,6726
91940,6770
91941,7313
91942,2834
91943,6030
91944,6726
91945,6726
91946,3310
91947,6221
91948,6726
91949,6726
91950,6726
91951,6020
91952,6726
91954,3663
91955,6022
91956,6035
91957,3822
91958,1389
91959,6712
91961,3910
91962,2834
91963,4412
91964,4911
91965,2834
91966,6726
91967,2023
91968,6712
91969,7373
91970,6710
91971,2834
91972,6162
91973,5039
91974,6726
91975,8711
91976,1041
91977,2013
91978,6733
91979,6282
91980,6770
91981,6726
91982,6770
91983,5045
91984,1041
91985,1311
91986,5440
91987,6770
91988,6726
91989,6726
91990,6726
91991,6722
91992,6726
91993,6726
91994,5990
91995,6726
91996,6726
91997,6726
91998,6726
91999,6726
92000,6726
92001,6726
92002,6726
92003,6726
92004,6726
92005,6726
92006,2830
92007,6726
92008,6726
92009,919
92010,6211
92011,6726
92012,1311
92013,4512
92014,5910
92015,3663
92016,6733
92017,6726
92018,7359
92019,6726
92020,8051
92021,7371
92022,5960
92023,6726
92024,6726
92025,6726
92026,6726
92027,6726
92028,6770
92029,3690
92030,6552
92031,3661
92032,2834
92033,2834
92034,3674
92035,4932
92036,3674
92037,4833
92038,7389
92039,2834
92040,2834
92041,6331
92042,3826
92043,6211
92044,2621
92045,7372
92046,2834
92047,2869
92048,1311
92049,5030
92050,3841
92051,2899
92052,7389
92053,3845
92054,4899
92055,2834
92056,6726
92057,3573
92058,6726
92059,6726
92060,6726
92061,6726
92062,6726
92063,6726
92064,6726
92065,5410
92073,3310
92081,3570
92086,5200
92087,3674
92088,7389
92089,1531
92090,6726
92091,7372
92092,3572
92093,6211
92094,6021
92095,3661
92096,2834
92097,7389
92098,4911
92099,4899
92100,2032
92101,2835
92102,7389
92103,3674
92104,3663
92105,2631
92106,6770
92107,6770
92108,6282
92109,3411
92110,6726
92111,7389
92112,2834
92113,6726
92114,6726
92115,6726
92116,6726
92117,6726
92118,4911
92119,6726
92120,6722
92121,6022
92122,6726
92123,6722
92124,6726
92125,6726
92126,3674
92127,6726
92128,6722
92129,6710
92130,2834
92131,1099
92132,2899
92133,6726
92134,6726
92135,6726
92136,6726
92137,3710
92138,6726
92139,6726
92140,6726
92141,6726
92142,6726
92143,7371
92144,4922
92145,6710
92146,3331
92147,6770
92148,6726
92149,6722
92150,1381
92151,6770
92152,6726
92153,6030
92154,3674
92155,3691
92156,3841
92157,5065
92158,6770
92159,7301
92160,6726
92161,3670
92162,6726
92163,6726
92164,6726
92165,6726
92166,6726
92167,6726
92168,6726
92169,6726
92170,6722
92171,6722
92172,7389
92173,6722
92174,7372
92175,6770
92176,6726
92177,5731
92178,1041
92179,6770
92180,4520
92181,1081
92182,3571
92183,4724
92184,5912
92185,7389
92186,2834
92187,6726
92188,3711
92189,6726
92190,6211
92191,6371
92192,3661
92193,3841
92194,7372
92195,6035
92196,5440
92197,3990
92198,6021
92199,2099
92200,2834
92201,6036
92202,4581
92203,5600
92204,7389
92205,1311
92206,4610
92207,3661
92208,6022
92209,8290
92210,7371
92211,3571
92212,6799
92213,2835
92214,7372
92215,1382
92216,200
92217,7370
92218,8742
92219,7374
92220,3845
92221,7389
92222,2836
92223,7819
92224,4412
92225,8070
92226,2834
92227,2000
92228,2800
92229,7371
92230,3674
92231,3714
92232,3341
92233,3660
92234,6770
92235,9999
92236,6726
92237,6726
92238,6726
92239,1311
92240,6722
92241,6163
92242,7389
92243,7389
92244,6531
92245,1389
92246,6726
92247,6726
92248,1081
92249,6726
92250,9999
92251,6726
92252,2836
92253,1021
92254,1081
92255,4922
92256,2721
92257,7372
92258,2834
92259,2062
92260,7814
92261,8742
92262,1081
92263,7359
92264,6726
92265,6710
92266,8741
92267,6726
92268,6282
92269,1311
92270,6726
92271,6726
92272,6726
92273,6726
92274,6726
92275,6726
92276,2660
92277,6726
92278,6726
92279,6726
92280,6726
92281,6726
92282,7371
92283,6726
92284,6140
92285,6726
92286,6726
92287,6726
92288,6726
92289,6726
92290,6726
92291,6726
92292,1381
92293,3572
92294,1099
92295,4911
92296,7389
92297,8742
92298,7389
92299,6712
92300,8200
92301,6411
92302,7372
92303,6022
92304,3851
92305,3650
92306,3911
92307,8071
92308,6712
92309,6282
92310,2834
92311,3841
92312,6211
92313,4833
92314,4899
92315,1311
92316,2834
92317,3541
92318,6020
92319,3841
92320,4813
92321,1311
92322,5999
92324,3691
92326,2911
92327,7372
92328,7382
92329,6726
92330,7372
92331,6798
92332,3312
92333,6770
92334,6770
92335,9999
92336,6726
92337,6726
92338,7371
92339,7374
92340,3670
92341,4813
92343,6798
92344,7372
92345,2834
92346,1221
92347,6726
92348,6726
92349,6726
92350,6726
92351,6726
92352,6726
92353,6726
92354,6282
92355,6719
92356,2850
92357,6726
92358,6726
92359,6726
92360,6726
92361,6726
92362,6726
92363,6726
92364,3825
92365,6726
92366,6726
92367,6726
92368,6726
92369,6726
92370,6726
92371,6726
92372,3570
92373,6726
92374,6770
92375,1311
92376,4812
92377,6726
92378,2842
92379,7359
92380,9999
92381,2834
92382,6726
92383,6726
92384,6159
92385,6798
92386,5912
92387,6726
92388,4922
92389,4955
92390,6726
92391,6726
92392,6726
92393,7389
92394,7363
92395,3589
92396,6726
92397,6726
92398,6726
92399,3613
92400,5031
92401,3660
92402,7389
92403,6726
92404,4412
92405,6282
92406,6722
92407,6726
92408,6726
92409,6726
92410,6726
92411,6726
92412,6726
92413,6726
92414,6726
92415,6726
92416,6726
92417,6726
92418,6726
92419,6770
92420,7370
92421,1311
92422,7312
92423,1061
92424,3572
92425,1011
92426,4412
92427,7311
92428,8221
92429,1311
92430,2834
92431,3841
92432,8051
92433,3845
92434,6035
92435,3826
92436,2080
92437,6726
92438,6726
92439,6726
92440,6726
92441,6726
92442,7389
92443,6712
92444,7370
92445,2835
92446,7372
92447,1311
92448,3674
92449,2086
92450,7371
92451,7372
92452,3693
92453,2990
92454,4813
92455,8090
92456,2834
92457,7389
92458,8200
92459,2834
92460,3674
92461,6022
92462,7363
92463,3674
92464,7374
92465,3674
92466,3646
92467,1629
92468,7372
92469,3663
92470,4412
92471,5080
92472,7311
92474,6798
92475,3253
92476,6726
92477,6798
92478,6531
92479,4953
92480,6770
92481,6021
92482,1011
92483,6035
92484,4512
92485,2869
92486,4899
92487,5490
92488,6726
92489,6726
92490,6726
92491,6726
92492,6726
92493,8211
92494,6770
92495,6590
92496,6726
92497,7372
92498,6726
92499,6726
92500,6726
92501,6726
92502,6531
92503,8741
92504,6726
92505,2819
92506,6324
92507,6799
92508,5530
92509,6221
92510,7371
92511,6726
92512,6726
92513,6726
92514,6726
92515,3533
92516,5143
92517,6552
92518,4412
92519,4939
92520,8200
92521,3663
92522,6712
92523,6036
92524,3911
92525,6022
92526,7990
92527,8090
92528,2711
92529,6726
92530,4931
92531,9511
92532,3430
92533,6726
92534,6726
92535,4911
92536,1081
92537,6726
92538,6726
92539,6726
92540,1499
92541,3669
92542,6726
92543,6719
92544,7389
92545,1311
92546,6770
92547,7011
92548,1311
92549,4922
92550,6719
92551,4941
92552,7372
92553,1000
92554,8731
92555,6712
92557,7310
92558,3842
92559,6720
92560,3310
92564,3873
92565,6770
92566,6726
92567,7823
92568,6726
92569,6726
92570,3714
92571,1311
92572,6726
92573,6726
92574,6726
92575,2710
92576,6726
92577,6726
92578,6770
92579,6770
92580,6221
92581,6726
92582,7372
92583,3559
92584,6719
92585,6726
92586,6726
92587,8090
92588,4955
92589,3711
92590,4841
92591,3570
92592,4841
92593,6022
92594,8731
92595,6726
92596,4822
92597,3559
92598,6726
92599,6726
92600,6726
92601,1311
92602,2111
92603,6726
92604,3560
92605,6726
92606,6726
92607,1041
92608,6726
92609,3341
92610,6770
92611,7389
92612,8010
92613,6770
92614,4941
92615,6770
92616,8299
92617,6726
92618,2086
92619,1382
92620,6798
92621,1474
92622,6726
92623,6726
92624,6726
92625,6726
92626,6726
92627,6726
92628,6726
92629,4813
92630,6726
92631,6726
92632,6726
92633,6726
92634,6726
92635,3272
92636,4911
92637,6221
92639,4953
92640,3714
92641,6726
92642,6726
92643,1311
92644,6726
92645,3711
92646,6700
92647,6120
92648,3441
92649,6726
92650,6726
92651,6726
92652,6726
92653,6726
92654,6726
92655,6324
92656,6726
92657,6726
92658,1311
92659,6726
92660,6726
92661,6726
92662,6726
92663,6035
92664,6726
92665,7812
92666,6726
92667,6726
92668,6726
92669,1081
92670,2621
92671,1040
92672,4922
92673,6726
92674,6726
92675,6726
92676,6726
92677,6726
92678,6726
92679,4412
92680,9999
92681,1520
92682,2752
92683,2834
92684,6331
92685,6036
92686,7389
92687,8711
92688,9999
92689,742
92690,6515
92692,6035
92693,6726
92694,6726
92695,6726
92696,3691
92697,7389
92698,6726
92699,6726
92700,6726
92701,6726
92702,6726
92703,6726
92704,6726
92705,6726
92706,6726
92707,6726
92708,6726
92709,4841
92710,4812
92711,4812
92712,6726
92713,6726
92714,6726
92715,4412
92716,6021
92717,9999
92718,6726
92719,6030
92720,6726
92721,6726
92722,9999
92723,6726
92724,6726
92725,6726
92726,7389
92727,4890
92728,8299
92729,3556
92730,6726
92731,6726
92732,6726
92733,6726
92734,1311
92735,7372
92736,6726
92737,6726
92738,6726
92739,6726
92740,6726
92741,6726
92742,6726
92743,4890
92744,6726
92745,6726
92746,6726
92747,1094
92748,4499
92749,4841
92750,3826
92751,3650
92752,200
92753,9999
92754,6726
92755,6726
92756,6726
92757,3537
92758,3674
92759,3711
92760,3564
92761,7311
92762,6726
92763,1381
92764,6726
92765,7373
92766,6726
92767,9999
92768,5640
92769,3620
92770,2952
92771,9999
92772,9999
92773,1623
92774,9999
92775,9999
92776,6220
92777,9999
92778,4841
92779,7812
92780,6411
92782,9999
92783,6726
92784,6726
92785,6726
92786,1380
92787,6726
92788,9999
92789,6726
92790,6726
92791,3674
92792,6726
92793,1311
92794,7330
92795,6726
92796,6726
92797,7361
92798,6726
92799,6311
92800,6799
92801,7381
92802,9611
92803,6726
92804,6726
92805,2834
92806,1400
92807,6021
92808,9999
92809,6035
92810,9999
92811,6726
92812,6726
92813,6726
92814,6726
92815,7372
92816,6726
92817,6726
92818,6726
92819,6726
92820,6726
92821,3841
92822,6726
92823,6720
92824,6726
92825,6726
92826,6726
92827,6726
92828,6726
92829,6726
92830,6726
92831,6025
92832,6726
92833,6726
92834,6726
92835,6726
92836,6726
92837,6726
92838,6726
92839,6726
92840,6726
92841,6726
92842,6726
92843,6726
92844,6726
92845,6726
92846,6726
92847,6726
92848,6726
92849,6726
92850,4410
92851,6035
92852,9999
92853,6726
92854,2631
92855,6726
92856,6726
92857,6726
92858,6726
92859,6726
92860,6726
92861,6029
92862,6726
92863,6726
92864,6726
92865,6726
92866,3663
92867,6726
92869,9999
92870,6021
92871,6282
92872,9999
92873,6712
92874,3690
92875,1000
92876,6726
92877,6726
92878,9999
92879,6726
92880,6726
92881,6726
92882,3570
92883,6726
92884,6726
92885,6726
92886,6726
92887,6726
92888,6726
92889,6726
92890,2023
92891,6722
92892,6726
92893,1044
92894,9999
92895,7812
92897,2879
92898,6726
92899,3651
92900,6726
92901,6722
92902,8221
92903,3823
92904,6726
92905,6726
92906,6726
92907,6726
92908,6722
92909,6722
92910,6722
92911,6710
92912,6726
92913,7372
92914,6726
92915,6726
92916,6726
92917,2836
92918,9999
92919,6022
92920,6022
92921,9999
92922,6726
92923,4899
92924,4899
92925,6726
92926,6726
92927,6733
92928,6726
92929,6726
92930,3714
92931,7372
92932,4729
92933,6726
92934,9999
92935,3842
92936,7310
92937,5040
92938,3580
92939,6726
92940,9999
92941,9999
92942,7819
92943,2819
92944,1311
92945,6798
92946,6531
92947,3589
92948,6798
92949,4953
92950,6726
92951,6798
92952,6726
92953,6726
92954,3573
92955,6726
92956,6726
92957,6726
92958,6726
92959,6726
92960,6726
92961,6726
92962,5990
92963,6726
92964,6726
92965,6726
92966,6798
92967,6722
92968,6726
92969,6726
92970,8299
92971,6726
92972,6726
92973,6726
92974,6726
92975,6726
92976,6798
92977,6726
92978,6726
92979,6726
92980,6722
92981,9999
92982,8742
92983,9999
92984,9999
92985,6726
92986,9999
92987,9999
92988,3841
92989,5730
92990,3651
92991,3999
92992,7389
92993,6726
92994,6726
92995,6726
92996,6726
92997,5990
92998,5065
92999,6798
93001,2621
93002,9999
93003,9999
93004,2834
93005,9999
93006,9999
93007,9999
93009,6390
93010,6726
93011,6726
93012,2099
93013,2082
93014,6798
93015,6282
93016,2834
93017,6330
93018,6798
93019,6798
93020,6726
93021,6726
93022,6726
93023,6726
93024,6726
93025,4950
93026,6722
93027,6726
93028,6726
93029,6726
93030,5052
93031,1321
93032,6726
93033,6790
93034,6726
93035,8093
93036,6221
93037,9999
93038,9999
93039,1700
93040,6022
93041,1040
93042,9999
93043,6022
93044,9999
93046,9999
93047,7389
93048,7299
93049,9999
93050,6726
93051,6726
93052,4931
93053,6311
93054,6021
93055,6726
93056,2033
93057,6726
93058,6726
93059,6726
93060,6023
93061,6726
93062,6726
93063,6726
93064,6726
93065,8711
93066,6726
93067,1311
93068,4011
93069,7389
93070,6798
93071,5961
93072,3842
93073,9999
93074,9999
93075,9999
93076,3070
93077,9999
93078,9999
93079,9999
93080,8200
93081,6021
93082,9999
93083,1400
93084,6710
93085,9999
93086,9999
93087,6500
93088,9999
93089,9999
93090,6799
93091,7374
93092,6711
93093,4813
93094,1382
93095,1221
93096,5331
93097,3555
93098,7011
93099,6726
93100,6726
93101,3714
93102,6726
93103,6726
93104,6726
93105,6022
93106,1381
93107,6726
93108,6726
93109,6726
93110,6726
93111,3081
93112,6726
93113,6711
93114,6726
93115,6726
93116,6726
93117,6722
93118,7011
93119,6726
93120,6722
93121,5810
93122,6722
93123,8099
93124,7379
93125,9999
93126,1700
93127,3110
93128,9999
93129,9999
93130,1000
93131,6712
93132,9999
93133,9999
93134,6726
93135,9999
93136,7819
93137,6726
93138,4841
93139,4841
93140,1040
93141,5600
93142,6726
93143,6726
93144,6726
93145,6726
93146,6726
93147,6726
93148,6726
93149,5600
93150,6021
93151,6726
93152,1321
93153,6719
93154,6726
93155,6726
93156,5310
93157,6726
93158,6726
93159,1381
93160,6726
93161,6726
93162,6726
93163,6726
93164,4511
93165,6726
93166,6726
93167,6726
93168,6726
93169,6726
93170,6726
93171,6726
93172,6711
93173,6726
93174,5012
93175,2822
93176,6726
93177,7389
93178,6798
93179,2015
93180,6726
93181,6726
93182,6726
93183,6726
93184,2090
93185,7363
93186,6726
93187,1382
93188,9999
93189,9999
93190,9999
93191,6799
93192,9999
93193,9999
93194,9999
93195,3691
93196,6726
93197,7373
93198,2676
93199,1530
93200,6798
93201,6231
93202,4911
93203,6726
93204,6726
93205,6726
93206,6726
93207,6726
93208,6726
93209,6531
93210,6722
93211,6726
93212,6726
93213,6726
93214,6726
93215,6726
93216,6726
93217,6726
93218,6726
93219,6726
93220,5040
93221,6726
93222,6311
93223,8742
93224,9999
93225,9999
93226,6726
93227,9999
93228,6726
93229,6726
93230,9999
93231,6726
93232,6726
93233,4841
93234,9999
93235,3840
93236,2834
93237,8731
93238,1041
93239,5199
93240,8742
93241,6726
93242,6726
93243,6726
93244,1311
93245,6726
93246,3621
93247,3085
93248,6726
93249,6722
93250,6726
93251,6798
93252,3433
93253,6726
93254,6726
93255,6726
93256,6726
93257,6726
93258,6726
93259,6726
93260,6726
93261,6798
93262,6726
93263,1000
93264,9999
93265,9999
93266,9999
93267,9999
93268,6726
93269,6726
93270,9999
93271,9999
93272,4899
93273,3297
93274,7311
93275,6726
93276,6726
93277,6726
93278,6726
93279,5812
93280,6726
93281,6726
93282,6726
93283,6726
93284,6726
93285,1041
93286,6726
93287,3570
93288,6726
93289,3663
93290,2834
93291,6726
93292,6726
93293,6726
93294,6726
93295,3691
93296,5531
93297,4412
93298,4412
93299,4613
93300,9999
93301,9999
93302,2082
93303,6726
93304,9999
93305,6282
93306,9999
93307,9999
93308,3662
93309,6726
93310,9999
93311,4813
93312,9999
93313,2834
93314,7011
93315,6798
93316,5060
93317,5049
93318,6726
93319,6726
93320,6726
93321,6726
93322,6726
93323,5051
93324,4310
93325,6722
93326,6726
93327,6726
93328,6726
93329,4922
93330,6311
93331,6726
93332,6726
93333,6726
93334,6726
93335,6726
93336,6726
93337,4812
93338,1381
93339,9999
93340,9999
93341,6726
93342,6726
93343,6726
93344,2834
93345,9999
93346,2650
93347,1000
93348,3089
93349,9999
93350,9999
93351,9999
93352,9999
93353,9999
93354,9999
93355,3572
93356,9999
93357,6282
93358,9999
93359,6726
93360,6726
93361,6726
93362,6726
93363,6726
93364,6726
93365,6726
93366,6726
93367,6726
93368,6710
93369,8741
93370,6722
93371,2834
93372,3531
93373,5621
93374,6361
93375,6726
93376,6726
93377,6726
93378,6726
93379,6726
93380,3674
93381,4922
93382,3334
93383,6726
93384,4731
93385,6726
93386,6726
93387,3674
93388,6726
93389,9999
93390,9999
93391,2800
93392,9999
93393,9999
93395,7389
93396,9999
93397,9999
93398,1311
93399,9999
93400,9999
93401,9999
93402,9999
93404,6153
93405,3674
93406,6799
93407,6726
93408,6726
93409,6726
93410,6726
93411,6726
93412,6726
93413,6726
93414,6726
93415,6722
93416,6726
93417,6726
93418,7389
93419,6798
93420,1321
93421,6726
93422,1311
93423,7389
93424,6221
93425,6221
93426,3676
93427,3826
93428,9999
93429,6211
93430,7372
93431,9999
93432,7389
93433,9999
93434,9999
93435,6163
93436,9999
